# Blender 5.0.1
# www.blender.org
o tripo_node_f9ba7b3b-8c7a-4ba0-bb30-d77f83096a50
v -0.273193 0.001953 0.260498 0.0392 0.0431 0.0471
v -0.254150 0.000000 0.260498 0.0392 0.0392 0.0471
v -0.389893 0.253906 0.313721 0.1608 0.1647 0.1725
v -0.386963 0.253418 0.313721 0.4784 0.4784 0.4863
v -0.384033 0.253906 0.313721 0.6276 0.6236 0.6236
v -0.426514 0.214844 0.282471 0.1020 0.1020 0.1098
v -0.418701 0.208984 0.282471 0.0353 0.0353 0.0431
v -0.419678 0.214844 0.284424 0.1137 0.1137 0.1216
v -0.406494 0.244629 0.299072 0.5725 0.5725 0.5804
v -0.406982 0.252930 0.281494 0.0196 0.0275 0.0235
v -0.426514 0.204590 0.271729 0.0235 0.0235 0.0314
v -0.431396 0.214844 0.277588 0.0549 0.0588 0.0745
v -0.429932 0.208984 0.275635 0.0157 0.0157 0.0235
v -0.431885 0.208984 0.268799 0.0157 0.0196 0.0275
v -0.433350 0.215332 0.270264 0.0706 0.0745 0.0902
v -0.425049 0.208984 0.280518 0.0353 0.0353 0.0431
v -0.427978 0.204590 0.264893 0.0157 0.0157 0.0196
v -0.423096 0.203125 0.259522 0.0353 0.0353 0.0431
v -0.421631 0.204590 0.276611 0.0275 0.0275 0.0353
v -0.415283 0.204590 0.278076 0.0157 0.0157 0.0235
v -0.421631 0.203125 0.265869 0.0314 0.0314 0.0392
v -0.417236 0.203125 0.270752 0.0275 0.0275 0.0353
v -0.411377 0.203125 0.272705 0.0157 0.0157 0.0235
v -0.399170 0.238281 0.303955 0.4275 0.4314 0.4510
v -0.400146 0.236328 0.302002 0.3647 0.3765 0.3921
v -0.400635 0.235352 0.299561 0.2667 0.2706 0.2863
v -0.395264 0.234375 0.302002 0.2863 0.2941 0.3176
v -0.395264 0.236816 0.303955 0.4353 0.4392 0.4589
v -0.395752 0.233398 0.299561 0.3176 0.3176 0.3490
v -0.400635 0.246094 0.304932 0.8274 0.8117 0.8157
v -0.399658 0.242676 0.304932 0.8431 0.8392 0.8313
v -0.403564 0.239746 0.302002 0.5725 0.5764 0.5843
v -0.405518 0.245117 0.302002 0.8196 0.8196 0.8196
v -0.403564 0.245605 0.303955 0.8353 0.8353 0.8313
v -0.404541 0.238770 0.299072 0.3098 0.3137 0.3294
v -0.402100 0.240723 0.303955 0.5804 0.5804 0.5882
v -0.397705 0.240723 0.304932 0.6745 0.6667 0.6785
v -0.394775 0.239746 0.304932 0.5098 0.5059 0.5255
v -0.404541 0.237305 0.281982 0.0275 0.0314 0.0392
v -0.400635 0.233887 0.281982 0.0235 0.0275 0.0353
v -0.395752 0.231934 0.281982 0.0157 0.0235 0.0196
v -0.406006 0.243164 0.281982 0.0157 0.0157 0.0157
v -0.381103 0.234375 0.302002 0.3686 0.3725 0.3921
v -0.381592 0.236816 0.303955 0.3961 0.3961 0.4118
v -0.381103 0.233398 0.299561 0.2745 0.2863 0.3176
v -0.377686 0.238281 0.303955 0.2784 0.2823 0.2941
v -0.376709 0.236328 0.302002 0.3333 0.3372 0.3568
v -0.376221 0.235352 0.299561 0.2510 0.2588 0.2902
v -0.390381 0.252930 0.311279 0.2941 0.2980 0.2980
v -0.386963 0.252441 0.311279 0.3372 0.3372 0.3372
v -0.384033 0.252930 0.311279 0.5764 0.5764 0.5764
v -0.390381 0.252930 0.303955 0.7020 0.7098 0.7059
v -0.386963 0.252441 0.303955 0.7255 0.7333 0.7333
v -0.384033 0.252930 0.303955 0.7333 0.7451 0.7451
v -0.382080 0.239746 0.304932 0.4902 0.4863 0.5098
v -0.379150 0.240723 0.304932 0.4745 0.4706 0.4941
v -0.377686 0.242676 0.304932 0.5294 0.5255 0.5451
v -0.376221 0.246094 0.304932 0.7372 0.7372 0.7451
v -0.375244 0.240723 0.303955 0.3882 0.3921 0.4078
v -0.381103 0.231934 0.281982 0.0157 0.0157 0.0157
v -0.376221 0.233887 0.281982 0.0314 0.0392 0.0431
v -0.319580 0.033691 0.267822 0.5255 0.5294 0.5255
v -0.322998 0.029785 0.262451 0.0784 0.0784 0.0784
v -0.330811 0.047363 0.267822 0.6079 0.6079 0.6079
v -0.339600 0.062988 0.267822 0.7176 0.7137 0.7098
v -0.334717 0.044434 0.262939 0.1608 0.1647 0.1725
v -0.343506 0.061523 0.262939 0.1451 0.1451 0.1451
v -0.319092 0.055176 0.267334 0.8196 0.8157 0.8078
v -0.315674 0.057617 0.262451 0.2823 0.2863 0.2980
v -0.315674 0.057617 0.251709 0.0627 0.0706 0.0706
v -0.344482 0.080566 0.267822 0.8470 0.8431 0.8353
v -0.349365 0.079590 0.262939 0.0235 0.0235 0.0235
v -0.346436 0.098633 0.267822 0.8588 0.8549 0.8470
v -0.344482 0.116699 0.267822 0.8313 0.8274 0.8196
v -0.351318 0.098633 0.262939 0.0000 0.0000 0.0039
v -0.349365 0.117676 0.262939 0.0000 0.0000 0.0000
v -0.330322 0.083496 0.267334 0.7372 0.7412 0.7372
v -0.325928 0.068848 0.267334 0.7529 0.7490 0.7451
v -0.322510 0.070312 0.262451 0.1961 0.2000 0.2078
v -0.322510 0.070312 0.251709 0.0902 0.0902 0.0941
v -0.326416 0.083984 0.262451 0.1176 0.1216 0.1294
v -0.326416 0.083984 0.251709 0.1020 0.1059 0.1098
v -0.331787 0.098633 0.267334 0.6824 0.6824 0.6863
v -0.330322 0.113770 0.267334 0.5921 0.5921 0.6000
v -0.328369 0.098633 0.262451 0.1882 0.1961 0.2039
v -0.328369 0.098633 0.251709 0.1059 0.1098 0.1176
v -0.325928 0.128418 0.267334 0.5647 0.5647 0.5725
v -0.326416 0.113281 0.262451 0.1843 0.1882 0.1961
v -0.326416 0.113281 0.251709 0.1098 0.1098 0.1176
v -0.322510 0.126953 0.262451 0.2235 0.2235 0.2314
v -0.322510 0.126953 0.251709 0.0941 0.0941 0.0980
v -0.305420 0.022949 0.267822 0.4902 0.4941 0.5019
v -0.297607 0.033691 0.267334 0.8235 0.8196 0.8117
v -0.308350 0.017090 0.261963 0.0039 0.0039 0.0039
v -0.289795 0.014648 0.267822 0.4823 0.4823 0.4902
v -0.283936 0.025879 0.267334 0.7882 0.7804 0.7725
v -0.291260 0.007812 0.260986 0.0471 0.0471 0.0549
v -0.282471 0.029785 0.262451 0.4902 0.5019 0.5098
v -0.282471 0.029785 0.251709 0.0078 0.0157 0.0118
v -0.309326 0.043457 0.267334 0.8784 0.8745 0.8666
v -0.306396 0.045898 0.262451 0.5019 0.5059 0.5137
v -0.306396 0.045898 0.251709 0.0549 0.0549 0.0549
v -0.295166 0.037109 0.262451 0.1765 0.1725 0.1647
v -0.295166 0.037109 0.251709 0.0431 0.0510 0.0510
v -0.272217 0.009766 0.267822 0.4589 0.4550 0.4745
v -0.269287 0.021484 0.267334 0.7764 0.7686 0.7608
v -0.268799 0.025879 0.262451 0.7176 0.7255 0.7216
v -0.268799 0.025879 0.251709 0.1843 0.1882 0.1922
v -0.254150 0.007812 0.267822 0.4784 0.4745 0.4980
v -0.254150 0.020020 0.267334 0.7843 0.7804 0.7725
v -0.254150 0.024414 0.262451 0.8196 0.8157 0.8078
v -0.254150 0.024414 0.251709 0.5804 0.5804 0.5764
v -0.260498 0.066406 0.251709 0.0863 0.0863 0.0902
v -0.254150 0.065918 0.251709 0.0941 0.0941 0.1020
v -0.281494 0.093262 0.267822 0.7882 0.7804 0.7686
v -0.282959 0.086426 0.264404 0.0588 0.0588 0.0627
v -0.284912 0.092285 0.264404 0.1686 0.1686 0.1686
v -0.284424 0.085938 0.251221 0.0039 0.0039 0.0039
v -0.285889 0.092285 0.251709 0.0039 0.0039 0.0039
v -0.281982 0.098633 0.267822 0.8196 0.8039 0.8000
v -0.281494 0.104004 0.267822 0.8431 0.8313 0.8274
v -0.285889 0.098633 0.264404 0.5294 0.5255 0.5176
v -0.284912 0.104980 0.264404 0.8235 0.8235 0.8157
v -0.282959 0.110840 0.264404 0.8549 0.8549 0.8549
v -0.286865 0.098633 0.251709 0.0000 0.0039 0.0000
v -0.285889 0.104980 0.251709 0.0549 0.0549 0.0549
v -0.284424 0.111328 0.251221 0.0235 0.0235 0.0235
v -0.273682 0.079590 0.267822 0.5216 0.5137 0.5255
v -0.269287 0.076172 0.267822 0.4784 0.4784 0.4863
v -0.279541 0.087891 0.267822 0.7176 0.7059 0.7020
v -0.277100 0.083496 0.267822 0.6039 0.5961 0.6000
v -0.280029 0.081055 0.264404 0.0039 0.0078 0.0118
v -0.276123 0.076172 0.264404 0.0157 0.0196 0.0235
v -0.281006 0.080566 0.251709 0.0039 0.0078 0.0118
v -0.277100 0.075684 0.251221 0.0157 0.0235 0.0235
v -0.271728 0.072754 0.264404 0.0314 0.0392 0.0353
v -0.265869 0.069824 0.264404 0.0510 0.0510 0.0510
v -0.272217 0.071289 0.251709 0.0549 0.0588 0.0627
v -0.266357 0.068359 0.251709 0.0824 0.0824 0.0902
v -0.264893 0.073242 0.267822 0.4628 0.4589 0.4784
v -0.259521 0.071777 0.267822 0.3843 0.3882 0.4039
v -0.254150 0.071289 0.267822 0.1725 0.1765 0.1804
v -0.262451 0.095703 0.274658 0.2039 0.2039 0.2078
v -0.260986 0.092285 0.274658 0.1451 0.1451 0.1530
v -0.258057 0.088867 0.272705 0.1059 0.1137 0.1059
v -0.263916 0.094727 0.272705 0.1530 0.1569 0.1569
v -0.261475 0.091309 0.272705 0.0902 0.0941 0.1020
v -0.254150 0.089844 0.274658 0.0431 0.0431 0.0471
v -0.257568 0.090332 0.274658 0.0745 0.0784 0.0824
v -0.250732 0.090332 0.274658 0.0392 0.0392 0.0392
v -0.254150 0.087891 0.272705 0.2039 0.2039 0.2039
v -0.260498 0.067871 0.264404 0.0667 0.0667 0.0667
v -0.254150 0.067383 0.264404 0.0824 0.0824 0.0784
v -0.258057 0.088867 0.265381 0.4628 0.4667 0.4471
v -0.263916 0.094727 0.265381 0.1294 0.1333 0.1412
v -0.261475 0.091309 0.265381 0.2078 0.2157 0.2118
v -0.254150 0.087891 0.265381 0.5530 0.5569 0.5373
v -0.279541 0.108887 0.267822 0.8196 0.8157 0.8078
v -0.277100 0.113770 0.267822 0.8000 0.7764 0.7725
v -0.273682 0.117676 0.267822 0.7804 0.7647 0.7647
v -0.269287 0.121094 0.267822 0.7804 0.7764 0.7686
v -0.280029 0.116211 0.264404 0.8627 0.8627 0.8627
v -0.276123 0.120605 0.264404 0.8666 0.8666 0.8666
v -0.281006 0.116699 0.251709 0.2078 0.2078 0.2078
v -0.277100 0.121582 0.251221 0.0941 0.0941 0.0941
v -0.271728 0.125000 0.264404 0.8666 0.8666 0.8666
v -0.265869 0.127441 0.264404 0.8588 0.8588 0.8627
v -0.272217 0.125977 0.251709 0.0588 0.0588 0.0588
v -0.266357 0.128906 0.251709 0.0549 0.0549 0.0549
v -0.263428 0.099121 0.274658 0.2588 0.2588 0.2627
v -0.262451 0.102539 0.274658 0.3019 0.3019 0.3059
v -0.260986 0.105469 0.274658 0.3294 0.3294 0.3294
v -0.264893 0.099121 0.272705 0.2588 0.2667 0.2627
v -0.263916 0.103027 0.272705 0.3529 0.3529 0.3451
v -0.261475 0.106934 0.272705 0.2980 0.3059 0.3098
v -0.258057 0.109375 0.272705 0.3294 0.3412 0.3451
v -0.254150 0.099121 0.274658 0.1922 0.1922 0.2000
v -0.257568 0.107910 0.274658 0.3176 0.3216 0.3216
v -0.254150 0.108398 0.274658 0.2823 0.2863 0.2902
v -0.250732 0.107910 0.274658 0.2588 0.2706 0.2706
v -0.254150 0.098633 0.267822 0.5176 0.5255 0.5216
v -0.254150 0.109863 0.272705 0.2823 0.2863 0.2941
v -0.264893 0.123535 0.267822 0.8039 0.7882 0.7804
v -0.259521 0.125488 0.267822 0.8274 0.8235 0.8196
v -0.254150 0.125977 0.267822 0.8470 0.8431 0.8353
v -0.264893 0.099121 0.265381 0.2275 0.2314 0.2235
v -0.263916 0.103027 0.265381 0.1686 0.1686 0.1608
v -0.261475 0.106934 0.265381 0.2314 0.2275 0.2196
v -0.258057 0.109375 0.265381 0.2157 0.2235 0.2196
v -0.254150 0.109863 0.265381 0.2471 0.2549 0.2510
v -0.339600 0.134277 0.267822 0.8313 0.8274 0.8196
v -0.330811 0.149902 0.267822 0.7960 0.7960 0.7843
v -0.343506 0.135742 0.262939 0.0000 0.0000 0.0000
v -0.334717 0.152832 0.262939 0.0000 0.0000 0.0000
v -0.319092 0.142090 0.267334 0.5412 0.5451 0.5608
v -0.315674 0.139648 0.262451 0.1608 0.1647 0.1725
v -0.315674 0.139648 0.251709 0.0784 0.0784 0.0863
v -0.319580 0.164551 0.267822 0.8157 0.8117 0.8000
v -0.322998 0.167480 0.262939 0.0039 0.0039 0.0039
v -0.373779 0.239746 0.302002 0.3725 0.3765 0.3843
v -0.373291 0.245605 0.303955 0.5764 0.5804 0.5843
v -0.371338 0.245117 0.302002 0.3804 0.3843 0.4000
v -0.372803 0.238770 0.299072 0.1451 0.1608 0.1725
v -0.370361 0.244629 0.299072 0.1882 0.2000 0.2118
v -0.372803 0.237305 0.281982 0.0706 0.0745 0.0824
v -0.370361 0.243164 0.281982 0.0902 0.0941 0.1020
v -0.369873 0.252930 0.281494 0.0706 0.0745 0.0824
v -0.309326 0.153809 0.267334 0.5490 0.5530 0.5686
v -0.306396 0.151367 0.262451 0.1686 0.1725 0.1882
v -0.306396 0.151367 0.251709 0.0706 0.0706 0.0824
v -0.295166 0.160156 0.262451 0.1255 0.1294 0.1373
v -0.295166 0.160156 0.251709 0.0784 0.0824 0.0902
v -0.305420 0.175781 0.267822 0.7843 0.7804 0.7725
v -0.297607 0.164062 0.267334 0.5569 0.5608 0.5764
v -0.308350 0.179688 0.262939 0.0039 0.0118 0.0078
v -0.283936 0.171387 0.267334 0.5137 0.5176 0.5333
v -0.289795 0.184570 0.267822 0.7725 0.7725 0.7647
v -0.282471 0.167480 0.262451 0.1490 0.1530 0.1608
v -0.282471 0.167480 0.251709 0.0706 0.0706 0.0784
v -0.291260 0.188965 0.262939 0.0392 0.0431 0.0431
v -0.260498 0.129395 0.264404 0.8627 0.8627 0.8627
v -0.260498 0.130859 0.251709 0.0118 0.0118 0.0157
v -0.254150 0.129883 0.264404 0.8862 0.8862 0.8862
v -0.254150 0.131348 0.251709 0.0000 0.0000 0.0000
v -0.269287 0.175781 0.267334 0.4902 0.4902 0.5059
v -0.272217 0.189941 0.267822 0.7882 0.7764 0.7725
v -0.268799 0.171387 0.262451 0.1176 0.1216 0.1333
v -0.268799 0.171387 0.251709 0.0980 0.0980 0.1059
v -0.254150 0.177246 0.267334 0.4667 0.4667 0.4863
v -0.254150 0.172852 0.262451 0.1373 0.1412 0.1490
v -0.254150 0.172852 0.251709 0.0941 0.0980 0.1059
v -0.273193 0.194336 0.262939 0.3137 0.3294 0.3255
v -0.254150 0.191895 0.267822 0.8392 0.8313 0.8235
v -0.254150 0.196289 0.262939 0.4589 0.4667 0.4628
v -0.273193 0.001953 0.194580 0.0157 0.0157 0.0196
v -0.254150 0.000000 0.194580 0.0039 0.0039 0.0039
v -0.408447 0.159668 0.181397 0.1020 0.1098 0.1216
v -0.411377 0.159180 0.176514 0.0353 0.0392 0.0588
v -0.408936 0.154297 0.176025 0.0471 0.0549 0.0510
v -0.412842 0.159180 0.171143 0.0549 0.0588 0.0784
v -0.409424 0.154297 0.171143 0.0157 0.0157 0.0235
v -0.408936 0.165039 0.181885 0.1412 0.1412 0.1530
v -0.412842 0.165039 0.177002 0.0549 0.0588 0.0706
v -0.414307 0.165039 0.171143 0.0667 0.0706 0.0863
v -0.403076 0.159668 0.184326 0.0353 0.0353 0.0549
v -0.405518 0.155273 0.179932 0.0431 0.0471 0.0549
v -0.399658 0.155762 0.182861 0.0118 0.0118 0.0157
v -0.403564 0.151367 0.175537 0.0157 0.0157 0.0157
v -0.400635 0.152344 0.178467 0.0118 0.0118 0.0118
v -0.394287 0.153809 0.180908 0.0157 0.0157 0.0118
v -0.404541 0.150879 0.171143 0.0196 0.0196 0.0275
v -0.377197 0.158691 0.175537 0.0235 0.0235 0.0235
v -0.376709 0.134766 0.170654 0.0510 0.0549 0.0706
v -0.379150 0.158691 0.170654 0.0235 0.0235 0.0196
v -0.404541 0.165039 0.184814 0.0980 0.0980 0.1098
v -0.409424 0.203613 0.181885 0.0196 0.0196 0.0196
v -0.412842 0.203613 0.177002 0.0235 0.0235 0.0314
v -0.414307 0.203613 0.171143 0.0235 0.0235 0.0314
v -0.404541 0.203613 0.184814 0.0157 0.0235 0.0196
v -0.492920 0.182617 0.035400 0.4863 0.4823 0.5019
v -0.495850 0.185547 0.032959 0.5530 0.5569 0.5725
v -0.488525 0.181641 0.036865 0.4118 0.4157 0.4392
v -0.480225 0.181641 0.036377 0.2706 0.2823 0.3098
v -0.476807 0.182617 0.035889 0.2275 0.2314 0.2510
v -0.474854 0.184570 0.033936 0.0196 0.0196 0.0235
v -0.492432 0.174805 0.024658 0.4353 0.4432 0.4706
v -0.487549 0.173340 0.025147 0.3725 0.3843 0.4157
v -0.495361 0.177734 0.022705 0.4823 0.4823 0.5137
v -0.492432 0.169434 0.011963 0.3686 0.3765 0.4196
v -0.494873 0.173340 0.010986 0.3137 0.3216 0.3490
v -0.487549 0.167969 0.012451 0.3333 0.3451 0.4039
v -0.479736 0.173340 0.025147 0.3059 0.3176 0.3451
v -0.476318 0.174316 0.024658 0.0980 0.1020 0.1216
v -0.474365 0.176758 0.023193 0.0549 0.0549 0.0627
v -0.479736 0.167969 0.011963 0.6197 0.6354 0.6706
v -0.476318 0.169434 0.011963 0.0510 0.0588 0.0549
v -0.473877 0.172363 0.010986 0.0627 0.0706 0.0667
v -0.470459 0.190918 0.015381 0.0039 0.0039 0.0039
v -0.469971 0.187500 0.007080 0.0078 0.0078 0.0196
v -0.495361 0.206055 0.049561 0.7608 0.7568 0.7529
v -0.490967 0.205566 0.051025 0.7647 0.7568 0.7608
v -0.496826 0.219238 0.051514 0.8549 0.8509 0.8431
v -0.499756 0.219727 0.047607 0.6863 0.6863 0.6863
v -0.491943 0.219727 0.052979 0.8823 0.8666 0.8627
v -0.484619 0.219727 0.052979 0.8862 0.8823 0.8784
v -0.497314 0.195312 0.040772 0.6510 0.6510 0.6589
v -0.494385 0.193359 0.044189 0.6354 0.6354 0.6432
v -0.498291 0.207031 0.045654 0.6510 0.6510 0.6550
v -0.489502 0.192871 0.045166 0.5843 0.5804 0.5961
v -0.483154 0.205566 0.051025 0.5882 0.5882 0.5961
v -0.480225 0.206055 0.049561 0.3568 0.3529 0.3725
v -0.477783 0.207031 0.047119 0.0902 0.0902 0.0941
v -0.481201 0.219727 0.051514 0.3765 0.3725 0.3921
v -0.479248 0.219727 0.048584 0.1647 0.1647 0.1725
v -0.481689 0.192871 0.045166 0.3843 0.3843 0.4078
v -0.478271 0.193359 0.044189 0.2706 0.2745 0.2941
v -0.476318 0.194824 0.041748 0.0588 0.0588 0.0627
v -0.476807 0.219727 0.032471 0.0902 0.0902 0.0902
v -0.475830 0.210938 0.031494 0.0784 0.0784 0.0784
v -0.497314 0.233398 0.049561 0.9098 0.9019 0.9019
v -0.492432 0.233398 0.051025 0.9529 0.9451 0.9372
v -0.485107 0.233887 0.051025 0.9804 0.9725 0.9764
v -0.499756 0.232422 0.046143 0.3490 0.3451 0.3647
v -0.496826 0.246094 0.044678 0.8627 0.8627 0.8549
v -0.499756 0.244141 0.041260 0.1608 0.1647 0.1804
v -0.491943 0.246582 0.046143 0.9607 0.9607 0.9529
v -0.481689 0.233398 0.050049 0.3608 0.3568 0.3686
v -0.479736 0.232910 0.047119 0.1961 0.1961 0.2039
v -0.477295 0.228516 0.031494 0.0902 0.0902 0.0902
v -0.481201 0.246094 0.045166 0.3294 0.3255 0.3451
v -0.479248 0.245117 0.042236 0.1255 0.1255 0.1333
v -0.484131 0.247070 0.046143 0.8941 0.8941 0.8980
v -0.474365 0.203125 0.028076 0.0549 0.0549 0.0549
v -0.472412 0.195801 0.022217 0.0314 0.0314 0.0353
v -0.476807 0.236816 0.028076 0.0824 0.0824 0.0784
v -0.475830 0.244141 0.022705 0.0824 0.0863 0.0863
v -0.474854 0.249512 0.015869 0.0824 0.0863 0.0824
v -0.474365 0.252930 0.007568 0.0784 0.0824 0.0824
v -0.412842 0.159180 0.097900 0.0392 0.0431 0.0549
v -0.409424 0.154297 0.097900 0.0118 0.0157 0.0196
v -0.414307 0.165039 0.097900 0.0471 0.0510 0.0588
v -0.411865 0.159180 0.092529 0.0275 0.0314 0.0431
v -0.408936 0.154785 0.093018 0.0196 0.0235 0.0275
v -0.406982 0.156250 0.088623 0.0235 0.0235 0.0275
v -0.408936 0.160156 0.087647 0.0196 0.0235 0.0275
v -0.422119 0.189941 0.080811 0.0314 0.0314 0.0392
v -0.423584 0.175293 0.069580 0.0235 0.0235 0.0314
v -0.427490 0.182129 0.072022 0.0431 0.0471 0.0549
v -0.429443 0.189941 0.072998 0.0353 0.0353 0.0431
v -0.412842 0.165039 0.092041 0.0314 0.0353 0.0431
v -0.409912 0.165039 0.087158 0.0118 0.0157 0.0235
v -0.409424 0.175293 0.078369 0.0314 0.0353 0.0431
v -0.420654 0.182129 0.079346 0.0314 0.0353 0.0471
v -0.410889 0.182129 0.082275 0.0314 0.0314 0.0314
v -0.412354 0.189941 0.083740 0.0275 0.0275 0.0275
v -0.417725 0.175293 0.075928 0.0196 0.0235 0.0314
v -0.416260 0.171875 0.071045 0.0039 0.0039 0.0000
v -0.419678 0.171875 0.067139 0.0000 0.0000 0.0000
v -0.410889 0.171875 0.072510 0.0118 0.0118 0.0157
v -0.404541 0.150879 0.097900 0.0196 0.0235 0.0314
v -0.376709 0.135254 0.099365 0.0314 0.0353 0.0431
v -0.379150 0.158691 0.099365 0.0235 0.0235 0.0235
v -0.403564 0.151855 0.093018 0.0039 0.0039 0.0078
v -0.402588 0.153809 0.088623 0.0078 0.0078 0.0078
v -0.403076 0.156250 0.086670 0.0196 0.0196 0.0196
v -0.404053 0.160156 0.084717 0.0235 0.0275 0.0275
v -0.404541 0.165039 0.083740 0.0275 0.0314 0.0314
v -0.414307 0.203613 0.097900 0.0196 0.0196 0.0235
v -0.422119 0.221191 0.080811 0.0627 0.0667 0.0706
v -0.429443 0.221191 0.072998 0.0627 0.0667 0.0745
v -0.412842 0.203613 0.092041 0.0235 0.0235 0.0235
v -0.409912 0.203613 0.087158 0.0196 0.0275 0.0235
v -0.412354 0.221191 0.083740 0.0471 0.0510 0.0549
v -0.422607 0.226562 0.069580 0.0510 0.0588 0.0549
v -0.424072 0.226562 0.062744 0.0667 0.0745 0.0706
v -0.418701 0.226562 0.073975 0.0431 0.0431 0.0431
v -0.412842 0.226562 0.075928 0.0431 0.0431 0.0431
v -0.404541 0.203613 0.083740 0.0235 0.0314 0.0275
v -0.426025 0.175293 0.060303 0.0314 0.0353 0.0431
v -0.429932 0.182129 0.061279 0.0745 0.0784 0.0941
v -0.432373 0.189941 0.062256 0.0392 0.0431 0.0471
v -0.421143 0.171875 0.060791 0.0196 0.0196 0.0235
v -0.426514 0.190918 0.015381 0.0196 0.0196 0.0196
v -0.426025 0.187500 0.007080 0.0157 0.0157 0.0157
v -0.432373 0.221191 0.062256 0.0784 0.0824 0.0902
v -0.431396 0.210938 0.031494 0.0275 0.0353 0.0314
v -0.432373 0.219727 0.032471 0.0627 0.0667 0.0784
v -0.432861 0.228516 0.031494 0.0627 0.0627 0.0627
v -0.429932 0.203125 0.028076 0.0157 0.0235 0.0196
v -0.427979 0.195801 0.022217 0.0157 0.0157 0.0157
v -0.432373 0.236816 0.028076 0.0863 0.0902 0.0980
v -0.431396 0.244141 0.022705 0.0667 0.0706 0.0667
v -0.430420 0.249512 0.015869 0.0471 0.0471 0.0471
v -0.429932 0.252930 0.007568 0.0431 0.0510 0.0471
v -0.322998 0.029785 0.193115 0.0588 0.0627 0.0706
v -0.319580 0.032715 0.188232 0.1176 0.1216 0.1294
v -0.334717 0.044434 0.192627 0.0706 0.0706 0.0784
v -0.331299 0.046875 0.188232 0.0784 0.0824 0.0902
v -0.343506 0.061523 0.192627 0.0627 0.0667 0.0745
v -0.340088 0.062988 0.188232 0.0784 0.0824 0.0902
v -0.349365 0.079590 0.192627 0.0314 0.0353 0.0392
v -0.344971 0.080566 0.188232 0.0510 0.0549 0.0588
v -0.351318 0.098633 0.192627 0.0314 0.0314 0.0392
v -0.346436 0.098633 0.188232 0.0431 0.0471 0.0510
v -0.349365 0.117676 0.192627 0.0353 0.0353 0.0353
v -0.344971 0.116699 0.188232 0.0431 0.0471 0.0549
v -0.328369 0.065430 0.175537 0.0353 0.0353 0.0353
v -0.329346 0.063477 0.170654 0.0000 0.0000 0.0000
v -0.343994 0.079102 0.175537 0.0510 0.0510 0.0510
v -0.358154 0.095703 0.175537 0.0745 0.0784 0.0863
v -0.345459 0.077148 0.170654 0.0157 0.0196 0.0275
v -0.359131 0.093262 0.170654 0.0471 0.0510 0.0667
v -0.368408 0.115234 0.175537 0.1059 0.1098 0.1176
v -0.364502 0.117676 0.177490 0.1294 0.1294 0.1373
v -0.369873 0.112305 0.170654 0.0588 0.0627 0.0784
v -0.353760 0.098145 0.177490 0.0706 0.0745 0.0824
v -0.338623 0.081055 0.177490 0.1216 0.1216 0.1216
v -0.325439 0.069336 0.177490 0.1333 0.1373 0.1451
v -0.308350 0.017090 0.193115 0.0510 0.0510 0.0588
v -0.305420 0.021484 0.188232 0.1608 0.1647 0.1725
v -0.291260 0.007812 0.194092 0.0118 0.0157 0.0196
v -0.289795 0.012695 0.188232 0.1686 0.1725 0.1804
v -0.272217 0.007324 0.188232 0.0941 0.0941 0.1020
v -0.254150 0.005371 0.188232 0.0902 0.0902 0.0980
v -0.281982 0.092773 0.194580 0.1098 0.1137 0.1216
v -0.282471 0.099121 0.194580 0.0980 0.1020 0.1098
v -0.281982 0.105469 0.194580 0.1059 0.1098 0.1176
v -0.275635 0.081543 0.194580 0.0980 0.1020 0.1098
v -0.266357 0.074219 0.194580 0.0941 0.0980 0.1020
v -0.270752 0.077637 0.194580 0.0980 0.1020 0.1020
v -0.280029 0.086914 0.194580 0.1176 0.1216 0.1294
v -0.260986 0.072266 0.194580 0.1020 0.1059 0.1137
v -0.255615 0.071289 0.194580 0.1020 0.1059 0.1137
v -0.280029 0.111328 0.194580 0.0941 0.0980 0.1059
v -0.275635 0.116211 0.194580 0.0863 0.0902 0.0980
v -0.270752 0.120117 0.194580 0.0902 0.0980 0.0941
v -0.265869 0.123535 0.194580 0.0980 0.1020 0.1098
v -0.254150 0.098633 0.188232 0.1137 0.1176 0.1255
v -0.260986 0.125977 0.194580 0.1020 0.1059 0.1137
v -0.255615 0.126465 0.194580 0.1059 0.1098 0.1176
v -0.309814 0.055664 0.175537 0.0353 0.0353 0.0392
v -0.310303 0.061035 0.177490 0.1451 0.1451 0.1451
v -0.310791 0.053223 0.170654 0.0157 0.0157 0.0196
v -0.281982 0.047363 0.175537 0.0235 0.0235 0.0235
v -0.281982 0.044922 0.170654 0.0235 0.0235 0.0314
v -0.281006 0.052734 0.177490 0.1647 0.1725 0.1725
v -0.253174 0.045898 0.175537 0.0275 0.0275 0.0275
v -0.251221 0.051270 0.177490 0.1569 0.1569 0.1569
v -0.259033 0.043457 0.157959 0.0157 0.0196 0.0275
v -0.252197 0.043457 0.170654 0.0157 0.0157 0.0157
v -0.256592 0.043945 0.160400 0.0471 0.0510 0.0667
v -0.343506 0.135742 0.192627 0.0235 0.0275 0.0275
v -0.340088 0.134277 0.188232 0.0392 0.0431 0.0549
v -0.331299 0.150391 0.188232 0.0392 0.0431 0.0392
v -0.334717 0.152832 0.192627 0.0275 0.0275 0.0275
v -0.322998 0.167480 0.192627 0.0157 0.0157 0.0157
v -0.319580 0.164551 0.188232 0.0275 0.0314 0.0353
v -0.374756 0.136230 0.175537 0.0941 0.0980 0.1059
v -0.369873 0.137695 0.177490 0.1098 0.1098 0.1176
v -0.371826 0.158691 0.177490 0.0235 0.0235 0.0235
v -0.305420 0.175781 0.188232 0.0275 0.0353 0.0314
v -0.308350 0.179688 0.192627 0.0118 0.0118 0.0118
v -0.291260 0.188965 0.192627 0.0078 0.0078 0.0078
v -0.289795 0.184570 0.188232 0.0235 0.0235 0.0235
v -0.272217 0.189941 0.188232 0.0314 0.0353 0.0431
v -0.273193 0.194336 0.192627 0.0157 0.0196 0.0196
v -0.254150 0.196289 0.192627 0.0196 0.0196 0.0196
v -0.254150 0.191895 0.188232 0.0275 0.0314 0.0392
v -0.329346 0.063477 0.099365 0.0392 0.0431 0.0510
v -0.345459 0.077148 0.099365 0.0275 0.0314 0.0431
v -0.359131 0.093262 0.099365 0.0314 0.0353 0.0431
v -0.369873 0.112305 0.099365 0.0353 0.0392 0.0471
v -0.364502 0.117676 0.092041 0.1216 0.1255 0.1216
v -0.353760 0.098145 0.092041 0.1255 0.1333 0.1294
v -0.338623 0.081055 0.092041 0.1294 0.1333 0.1333
v -0.325439 0.069336 0.092041 0.1294 0.1333 0.1373
v -0.310791 0.053223 0.099365 0.0275 0.0275 0.0353
v -0.281982 0.044922 0.099365 0.0353 0.0392 0.0471
v -0.310303 0.061035 0.092041 0.1647 0.1686 0.1765
v -0.259033 0.043457 0.111572 0.0157 0.0157 0.0235
v -0.256592 0.043945 0.109131 0.0157 0.0157 0.0235
v -0.252197 0.043457 0.099365 0.0431 0.0549 0.0627
v -0.281006 0.052734 0.092041 0.1647 0.1569 0.1647
v -0.251221 0.051270 0.092041 0.1569 0.1569 0.1608
v -0.281982 0.092773 0.025635 0.0275 0.0314 0.0392
v -0.283936 0.085449 0.021729 0.0235 0.0275 0.0353
v -0.285889 0.092285 0.021729 0.0235 0.0275 0.0353
v -0.282471 0.099121 0.025635 0.0314 0.0314 0.0392
v -0.281982 0.104980 0.025635 0.0235 0.0235 0.0235
v -0.286865 0.099121 0.021729 0.0353 0.0353 0.0431
v -0.285889 0.105957 0.021729 0.0392 0.0392 0.0392
v -0.283936 0.112305 0.021729 0.0275 0.0275 0.0353
v -0.276611 0.082031 0.025635 0.0000 0.0039 0.0118
v -0.280029 0.079590 0.021729 0.0039 0.0039 0.0078
v -0.275635 0.074707 0.021729 0.0039 0.0039 0.0039
v -0.267334 0.074219 0.025635 0.0392 0.0431 0.0510
v -0.272217 0.077637 0.025635 0.0078 0.0078 0.0078
v -0.269775 0.071289 0.021729 0.0118 0.0157 0.0235
v -0.280029 0.087402 0.025635 0.0196 0.0235 0.0353
v -0.261475 0.072266 0.025635 0.0549 0.0588 0.0667
v -0.262939 0.068848 0.021729 0.0235 0.0235 0.0314
v -0.255615 0.071289 0.025635 0.0471 0.0431 0.0627
v -0.255615 0.067871 0.021729 0.0235 0.0275 0.0353
v -0.280029 0.110840 0.026123 0.0157 0.0157 0.0157
v -0.276611 0.116211 0.026123 0.0118 0.0118 0.0118
v -0.280029 0.118164 0.021729 0.0157 0.0157 0.0157
v -0.275635 0.123535 0.021729 0.0118 0.0118 0.0118
v -0.272217 0.120605 0.026123 0.0078 0.0078 0.0078
v -0.267334 0.124023 0.026123 0.0157 0.0157 0.0157
v -0.269775 0.126953 0.021729 0.0157 0.0157 0.0157
v -0.261475 0.125977 0.025635 0.0118 0.0157 0.0118
v -0.255615 0.126465 0.025635 0.0196 0.0196 0.0196
v -0.369873 0.137695 0.092041 0.0941 0.0980 0.1020
v -0.371826 0.158691 0.092041 0.0314 0.0314 0.0314
v -0.262939 0.129395 0.021729 0.0196 0.0235 0.0196
v -0.255615 0.129883 0.021729 0.0196 0.0196 0.0196
v -0.235107 0.001953 0.260498 0.0392 0.0392 0.0471
v -0.236084 0.009766 0.267822 0.4667 0.4628 0.4823
v -0.239014 0.021484 0.267334 0.7725 0.7686 0.7608
v -0.239990 0.025879 0.262451 0.7255 0.7216 0.7059
v -0.239990 0.025879 0.251709 0.5255 0.5333 0.5255
v -0.224365 0.025879 0.267334 0.7764 0.7686 0.7608
v -0.225830 0.029785 0.262451 0.6276 0.6432 0.6393
v -0.225830 0.029785 0.251709 0.0471 0.0510 0.0588
v -0.247803 0.066406 0.251709 0.0980 0.0980 0.1059
v -0.218506 0.014648 0.267822 0.4039 0.4078 0.4275
v -0.211182 0.033691 0.267334 0.7647 0.7568 0.7490
v -0.217041 0.007812 0.260986 0.0353 0.0353 0.0431
v -0.202881 0.022949 0.267822 0.3647 0.3686 0.3843
v -0.189209 0.033691 0.267822 0.1961 0.2000 0.2118
v -0.200439 0.017090 0.261963 0.0353 0.0353 0.0431
v -0.213135 0.037109 0.262451 0.4157 0.4392 0.4392
v -0.213135 0.037109 0.251221 0.0392 0.0471 0.0549
v -0.199463 0.043457 0.267334 0.7725 0.7686 0.7529
v -0.189697 0.055176 0.267334 0.7804 0.7725 0.7608
v -0.201904 0.045898 0.262451 0.5490 0.5647 0.5608
v -0.201904 0.045898 0.251709 0.0902 0.0980 0.0941
v -0.192627 0.057617 0.262451 0.3765 0.3804 0.3882
v -0.192627 0.057617 0.251709 0.0314 0.0314 0.0353
v -0.248779 0.071777 0.267822 0.1451 0.1412 0.1490
v -0.243896 0.073242 0.267822 0.1333 0.1333 0.1373
v -0.239014 0.076172 0.267822 0.1412 0.1412 0.1530
v -0.235107 0.079590 0.267822 0.1608 0.1608 0.1686
v -0.247803 0.092285 0.274658 0.0745 0.0745 0.0706
v -0.245361 0.095703 0.274658 0.0824 0.0824 0.0824
v -0.249756 0.088867 0.272705 0.6824 0.6824 0.6824
v -0.246338 0.091309 0.272705 0.6667 0.6667 0.6589
v -0.244385 0.094727 0.272705 0.6157 0.6157 0.6118
v -0.248291 0.067871 0.264404 0.0980 0.0980 0.0980
v -0.241943 0.069824 0.264404 0.1098 0.1098 0.1098
v -0.237061 0.072754 0.264404 0.1137 0.1137 0.1137
v -0.241455 0.068359 0.251709 0.1020 0.1020 0.1098
v -0.236084 0.071289 0.251221 0.1020 0.1020 0.1098
v -0.249756 0.088867 0.265381 0.6118 0.6118 0.5961
v -0.246826 0.091309 0.265381 0.6039 0.6118 0.6039
v -0.244385 0.094727 0.265381 0.5921 0.5961 0.6039
v -0.231201 0.083496 0.267822 0.1176 0.1216 0.1255
v -0.228760 0.087891 0.267822 0.1412 0.1412 0.1451
v -0.227295 0.093262 0.267822 0.1804 0.1804 0.1804
v -0.232178 0.076172 0.264404 0.1216 0.1216 0.1216
v -0.227783 0.081055 0.264404 0.1176 0.1176 0.1176
v -0.231201 0.075684 0.251709 0.1020 0.1020 0.1020
v -0.226807 0.080566 0.251221 0.1059 0.1059 0.1098
v -0.225342 0.086426 0.264404 0.1216 0.1216 0.1216
v -0.223389 0.092285 0.264404 0.0980 0.1020 0.1098
v -0.224365 0.085938 0.251221 0.1176 0.1176 0.1255
v -0.222412 0.092285 0.251221 0.1137 0.1176 0.1255
v -0.247803 0.105469 0.274658 0.2549 0.2588 0.2667
v -0.244873 0.099121 0.274658 0.1020 0.1059 0.1020
v -0.245361 0.102539 0.274658 0.1294 0.1333 0.1412
v -0.243408 0.099121 0.272705 0.1961 0.2039 0.2000
v -0.244385 0.103027 0.272705 0.0980 0.1020 0.1098
v -0.249756 0.109375 0.272705 0.2392 0.2549 0.2549
v -0.246338 0.106934 0.272705 0.2275 0.2392 0.2432
v -0.248779 0.125488 0.267822 0.8588 0.8549 0.8470
v -0.243896 0.123535 0.267822 0.8862 0.8862 0.8784
v -0.239014 0.121094 0.267822 0.8745 0.8706 0.8627
v -0.235107 0.118164 0.267822 0.8588 0.8588 0.8549
v -0.243408 0.099121 0.265381 0.6276 0.6432 0.6393
v -0.244385 0.103027 0.265381 0.6745 0.6824 0.6785
v -0.249756 0.109375 0.265381 0.2823 0.2980 0.2941
v -0.246826 0.106934 0.265381 0.6471 0.6550 0.6510
v -0.241943 0.127441 0.264404 0.0824 0.0824 0.0824
v -0.237061 0.125000 0.264404 0.0314 0.0392 0.0353
v -0.241455 0.128906 0.251709 0.0039 0.0039 0.0039
v -0.236084 0.125977 0.251221 0.0157 0.0235 0.0196
v -0.226807 0.098633 0.267822 0.3882 0.3882 0.3961
v -0.227295 0.104004 0.267822 0.4275 0.4275 0.4275
v -0.228760 0.108887 0.267822 0.6393 0.6393 0.6393
v -0.231201 0.113770 0.267822 0.7647 0.7608 0.7608
v -0.222900 0.098633 0.264404 0.1098 0.1098 0.1098
v -0.223389 0.104980 0.264404 0.1020 0.1020 0.1020
v -0.225342 0.110840 0.264404 0.0706 0.0706 0.0706
v -0.221436 0.098633 0.251709 0.1373 0.1412 0.1451
v -0.222412 0.104980 0.251221 0.1412 0.1412 0.1412
v -0.224365 0.111328 0.251221 0.1333 0.1333 0.1333
v -0.232178 0.120605 0.264404 0.0353 0.0392 0.0471
v -0.227783 0.116211 0.264404 0.0588 0.0588 0.0588
v -0.226807 0.116699 0.251709 0.1255 0.1255 0.1255
v -0.231201 0.121582 0.251221 0.0588 0.0667 0.0627
v -0.185303 0.029785 0.262451 0.0392 0.0431 0.0510
v -0.177490 0.047363 0.267822 0.2039 0.2039 0.2118
v -0.173584 0.044434 0.262939 0.0510 0.0549 0.0627
v -0.168701 0.062988 0.267822 0.1922 0.1922 0.1961
v -0.164307 0.061523 0.262939 0.0549 0.0588 0.0667
v -0.182373 0.068848 0.267334 0.7882 0.7764 0.7647
v -0.177979 0.083496 0.267334 0.7608 0.7568 0.7451
v -0.185791 0.070312 0.262451 0.5686 0.5764 0.5725
v -0.185791 0.070312 0.251709 0.0275 0.0275 0.0275
v -0.181396 0.083984 0.262451 0.6197 0.6276 0.6236
v -0.181396 0.083984 0.251709 0.0471 0.0510 0.0549
v -0.163818 0.080566 0.267822 0.3647 0.3686 0.3804
v -0.158936 0.079590 0.262939 0.0667 0.0706 0.0784
v -0.176514 0.098633 0.267334 0.7882 0.7725 0.7647
v -0.182373 0.128418 0.267334 0.8235 0.8196 0.8078
v -0.177979 0.113770 0.267334 0.8078 0.8039 0.7921
v -0.180420 0.098633 0.262451 0.6706 0.6706 0.6706
v -0.181396 0.113281 0.262451 0.6276 0.6315 0.6393
v -0.180420 0.098633 0.251709 0.4196 0.4196 0.4196
v -0.181396 0.113281 0.251709 0.0784 0.0784 0.0784
v -0.185791 0.126953 0.262451 0.4980 0.5098 0.5137
v -0.185791 0.126953 0.251709 0.0392 0.0392 0.0392
v -0.161865 0.098633 0.267822 0.4589 0.4628 0.4706
v -0.163818 0.116699 0.267822 0.5961 0.6000 0.6000
v -0.156982 0.098633 0.262939 0.0588 0.0667 0.0745
v -0.158936 0.117676 0.262939 0.0745 0.0784 0.0863
v -0.248291 0.129395 0.264404 0.4471 0.4471 0.4471
v -0.247803 0.130859 0.251709 0.0000 0.0000 0.0000
v -0.239014 0.175781 0.267334 0.4353 0.4314 0.4510
v -0.236084 0.189941 0.267822 0.8313 0.8274 0.8157
v -0.239990 0.171387 0.262451 0.1804 0.1843 0.2000
v -0.239990 0.171387 0.251709 0.0824 0.0863 0.0941
v -0.224365 0.171387 0.267334 0.5098 0.5098 0.5137
v -0.225830 0.167480 0.262451 0.2078 0.2118 0.2118
v -0.225830 0.167480 0.251221 0.0627 0.0627 0.0706
v -0.213135 0.160156 0.262451 0.2823 0.2863 0.2941
v -0.213135 0.160156 0.251221 0.0549 0.0549 0.0549
v -0.189697 0.142090 0.267334 0.7529 0.7490 0.7451
v -0.199463 0.153809 0.267334 0.6706 0.6667 0.6667
v -0.192627 0.139648 0.262451 0.2432 0.2510 0.2471
v -0.192627 0.139648 0.251709 0.0392 0.0392 0.0392
v -0.201904 0.151367 0.262451 0.2039 0.2078 0.2157
v -0.201904 0.151367 0.251709 0.0431 0.0431 0.0471
v -0.211182 0.164062 0.267334 0.5882 0.5882 0.5921
v -0.218506 0.184570 0.267822 0.8745 0.8627 0.8549
v -0.217041 0.188965 0.262939 0.2314 0.2471 0.2588
v -0.202881 0.175781 0.267822 0.8823 0.8745 0.8666
v -0.188721 0.164551 0.267822 0.8274 0.8078 0.8039
v -0.200439 0.179688 0.262939 0.0588 0.0627 0.0706
v -0.235107 0.194336 0.262939 0.2078 0.2118 0.2196
v -0.142334 0.253906 0.313721 0.2078 0.2118 0.2196
v -0.139404 0.253418 0.313721 0.4589 0.4589 0.4667
v -0.136475 0.253906 0.313721 0.5764 0.5725 0.5764
v -0.177490 0.149902 0.267822 0.7921 0.7921 0.7882
v -0.173584 0.152832 0.262939 0.0431 0.0471 0.0549
v -0.168701 0.134277 0.267822 0.7255 0.7255 0.7176
v -0.164307 0.135742 0.262939 0.0510 0.0510 0.0588
v -0.185303 0.167480 0.262939 0.0314 0.0353 0.0549
v -0.157471 0.245117 0.302002 0.5294 0.5333 0.5412
v -0.156494 0.238770 0.299072 0.1961 0.2000 0.2157
v -0.157959 0.244629 0.299072 0.2157 0.2235 0.2432
v -0.156494 0.237305 0.281982 0.0157 0.0157 0.0157
v -0.157959 0.243164 0.281982 0.0275 0.0275 0.0275
v -0.158936 0.252930 0.281494 0.0275 0.0314 0.0353
v -0.152588 0.235352 0.299561 0.2471 0.2510 0.2745
v -0.151123 0.238281 0.303955 0.4039 0.4078 0.4235
v -0.152100 0.236328 0.302002 0.3372 0.3451 0.3686
v -0.147217 0.234375 0.302002 0.3059 0.3137 0.3372
v -0.147217 0.236816 0.303955 0.4000 0.4039 0.4235
v -0.147705 0.233398 0.299561 0.3019 0.3019 0.3255
v -0.152588 0.246094 0.304932 0.8274 0.8157 0.8117
v -0.149170 0.240723 0.304932 0.6550 0.6510 0.6550
v -0.151611 0.242676 0.304932 0.8431 0.8274 0.8313
v -0.155518 0.239746 0.302002 0.5333 0.5294 0.5490
v -0.154053 0.240723 0.303955 0.6039 0.6000 0.6118
v -0.155518 0.245605 0.303955 0.8039 0.7960 0.8000
v -0.146728 0.239746 0.304932 0.4823 0.4745 0.4863
v -0.142822 0.252930 0.311279 0.3765 0.3765 0.3804
v -0.142822 0.252930 0.303955 0.6824 0.6824 0.6863
v -0.152588 0.233887 0.281982 0.0157 0.0196 0.0157
v -0.147705 0.231934 0.281982 0.0235 0.0235 0.0235
v -0.133057 0.234375 0.302002 0.3137 0.3137 0.3372
v -0.133545 0.236816 0.303955 0.3608 0.3647 0.3843
v -0.133057 0.233398 0.299561 0.3725 0.3725 0.4039
v -0.129639 0.238281 0.303955 0.2784 0.2823 0.2980
v -0.128662 0.236328 0.302002 0.2667 0.2706 0.2863
v -0.128174 0.235352 0.299561 0.2941 0.2980 0.3294
v -0.134033 0.239746 0.304932 0.4667 0.4628 0.4823
v -0.139404 0.252441 0.311279 0.3921 0.3921 0.4000
v -0.135986 0.252930 0.311279 0.5530 0.5490 0.5490
v -0.139404 0.252441 0.303955 0.7098 0.7059 0.7255
v -0.136475 0.252930 0.303955 0.7647 0.7686 0.7686
v -0.131103 0.240723 0.304932 0.4745 0.4706 0.4902
v -0.129639 0.242676 0.304932 0.5608 0.5569 0.5764
v -0.128174 0.246094 0.304932 0.7960 0.7882 0.7960
v -0.127197 0.240723 0.303955 0.4589 0.4510 0.4706
v -0.125732 0.239746 0.302002 0.5137 0.5059 0.5255
v -0.125244 0.245605 0.303955 0.5725 0.5725 0.5804
v -0.133057 0.231934 0.281982 0.0118 0.0157 0.0235
v -0.128174 0.233887 0.281982 0.0275 0.0314 0.0392
v -0.123291 0.245117 0.302002 0.4118 0.4118 0.4196
v -0.124756 0.238770 0.299072 0.1451 0.1490 0.1569
v -0.122314 0.244629 0.299072 0.1255 0.1294 0.1451
v -0.124756 0.237305 0.281982 0.0588 0.0627 0.0706
v -0.122314 0.243164 0.281982 0.0588 0.0627 0.0706
v -0.121826 0.252930 0.281494 0.0549 0.0588 0.0667
v -0.235107 0.001953 0.194580 0.0078 0.0078 0.0078
v -0.236084 0.007324 0.188232 0.0902 0.0902 0.1059
v -0.217041 0.007812 0.194092 0.0118 0.0196 0.0157
v -0.218506 0.012695 0.188232 0.0941 0.1098 0.1216
v -0.200439 0.017090 0.193115 0.0118 0.0118 0.0118
v -0.202393 0.021484 0.188232 0.0745 0.0784 0.0863
v -0.188721 0.032715 0.188232 0.0980 0.1020 0.1098
v -0.249756 0.071777 0.194580 0.0980 0.1020 0.1098
v -0.244385 0.074219 0.194580 0.0941 0.0980 0.1059
v -0.239990 0.077148 0.194580 0.0941 0.0980 0.1059
v -0.235107 0.081543 0.194580 0.0941 0.0980 0.1059
v -0.230713 0.086914 0.194580 0.0980 0.0980 0.0980
v -0.228760 0.092773 0.194580 0.0941 0.0941 0.0941
v -0.249756 0.126465 0.194580 0.1020 0.1098 0.1059
v -0.244385 0.124023 0.194580 0.1020 0.1059 0.1020
v -0.239990 0.120605 0.194580 0.0980 0.0980 0.0980
v -0.235107 0.116211 0.194580 0.0941 0.1020 0.0980
v -0.228271 0.099121 0.194580 0.0902 0.0902 0.0941
v -0.228760 0.105469 0.194580 0.0863 0.0863 0.0863
v -0.230713 0.111328 0.194580 0.0784 0.0824 0.0902
v -0.242432 0.034668 0.159424 0.0275 0.0314 0.0392
v -0.225342 0.032227 0.161377 0.0706 0.0745 0.0824
v -0.225830 0.027832 0.156982 0.0588 0.0627 0.0706
v -0.249756 0.044434 0.161377 0.0118 0.0118 0.0118
v -0.238037 0.037109 0.161377 0.0392 0.0431 0.0510
v -0.225342 0.050293 0.175537 0.0784 0.0745 0.0706
v -0.226807 0.054688 0.177490 0.1373 0.1451 0.1412
v -0.224365 0.047852 0.170654 0.0235 0.0235 0.0235
v -0.224365 0.047852 0.161377 0.0235 0.0314 0.0353
v -0.243408 0.032715 0.155518 0.0118 0.0118 0.0118
v -0.225830 0.024902 0.152588 0.0235 0.0235 0.0235
v -0.210693 0.025391 0.157471 0.0314 0.0353 0.0471
v -0.208740 0.028809 0.161377 0.0627 0.0667 0.0745
v -0.197021 0.026855 0.157471 0.0353 0.0392 0.0471
v -0.198486 0.029785 0.161377 0.0667 0.0667 0.0706
v -0.188232 0.033691 0.161377 0.0706 0.0784 0.0784
v -0.203369 0.062988 0.177490 0.1373 0.1451 0.1412
v -0.199463 0.059570 0.175537 0.0314 0.0314 0.0353
v -0.198486 0.057617 0.170654 0.0157 0.0157 0.0157
v -0.194092 0.059570 0.161377 0.0314 0.0353 0.0431
v -0.210693 0.022949 0.151123 0.0196 0.0196 0.0275
v -0.195557 0.024902 0.151611 0.0157 0.0157 0.0196
v -0.185303 0.029785 0.193115 0.0275 0.0275 0.0275
v -0.177002 0.046875 0.188232 0.0863 0.0902 0.0980
v -0.173584 0.044434 0.192627 0.0314 0.0314 0.0392
v -0.168701 0.062988 0.188232 0.0824 0.0863 0.0941
v -0.164307 0.061523 0.192627 0.0275 0.0275 0.0314
v -0.163330 0.080566 0.188232 0.0745 0.0784 0.0863
v -0.158936 0.079590 0.192627 0.0314 0.0353 0.0431
v -0.161377 0.098633 0.188232 0.0549 0.0588 0.0667
v -0.156982 0.098633 0.192627 0.0353 0.0392 0.0471
v -0.163330 0.116699 0.188232 0.0510 0.0549 0.0588
v -0.158936 0.117676 0.192627 0.0353 0.0392 0.0353
v -0.183350 0.031250 0.156982 0.0588 0.0627 0.0784
v -0.174561 0.041016 0.161377 0.0706 0.0745 0.0824
v -0.170654 0.039062 0.156982 0.0510 0.0549 0.0627
v -0.162354 0.050781 0.161377 0.0118 0.0157 0.0118
v -0.157959 0.048828 0.156982 0.0471 0.0471 0.0471
v -0.181396 0.029785 0.151611 0.0118 0.0157 0.0157
v -0.168213 0.037598 0.152100 0.0196 0.0196 0.0275
v -0.156494 0.047852 0.152100 0.0314 0.0353 0.0431
v -0.152588 0.061035 0.161377 0.0039 0.0039 0.0039
v -0.148682 0.059082 0.156982 0.0314 0.0392 0.0353
v -0.146729 0.058105 0.152100 0.0275 0.0314 0.0392
v -0.175537 0.079590 0.177490 0.1098 0.1137 0.1216
v -0.171631 0.077148 0.175537 0.0431 0.0510 0.0471
v -0.169678 0.075195 0.170654 0.0235 0.0275 0.0275
v -0.169678 0.075195 0.161377 0.0235 0.0314 0.0275
v -0.144775 0.072266 0.161377 0.0000 0.0000 0.0000
v -0.140869 0.070801 0.156982 0.0196 0.0314 0.0275
v -0.139893 0.082031 0.161377 0.0000 0.0000 0.0000
v -0.135010 0.083008 0.156494 0.0235 0.0235 0.0235
v -0.136963 0.093262 0.161377 0.0000 0.0000 0.0000
v -0.132568 0.095703 0.157471 0.0118 0.0118 0.0118
v -0.154541 0.102539 0.177490 0.0863 0.0863 0.0863
v -0.149170 0.101562 0.175537 0.0392 0.0392 0.0353
v -0.147705 0.100098 0.170654 0.0275 0.0275 0.0275
v -0.147705 0.100098 0.161377 0.0196 0.0196 0.0196
v -0.135010 0.106934 0.161377 0.0000 0.0000 0.0000
v -0.131104 0.109375 0.156982 0.0118 0.0196 0.0157
v -0.134033 0.120117 0.161377 0.0196 0.0196 0.0196
v -0.128174 0.128906 0.170654 0.0314 0.0353 0.0431
v -0.132568 0.123535 0.161377 0.0235 0.0235 0.0235
v -0.130615 0.123535 0.157471 0.0196 0.0275 0.0235
v -0.129639 0.127930 0.159912 0.0196 0.0235 0.0314
v -0.138916 0.069824 0.152100 0.0314 0.0353 0.0431
v -0.132568 0.083008 0.151611 0.0235 0.0275 0.0353
v -0.129639 0.096680 0.152588 0.0235 0.0275 0.0314
v -0.128174 0.111328 0.152100 0.0196 0.0235 0.0235
v -0.128174 0.125488 0.152588 0.0196 0.0196 0.0196
v -0.236084 0.189941 0.188232 0.0314 0.0314 0.0314
v -0.217041 0.188965 0.192627 0.0196 0.0235 0.0235
v -0.218506 0.184570 0.188232 0.0275 0.0275 0.0275
v -0.202393 0.175781 0.188232 0.0235 0.0314 0.0275
v -0.188721 0.164551 0.188232 0.0196 0.0275 0.0235
v -0.200439 0.179688 0.192627 0.0196 0.0235 0.0235
v -0.235107 0.194336 0.192627 0.0235 0.0235 0.0235
v -0.177002 0.150391 0.188232 0.0314 0.0314 0.0353
v -0.173584 0.152832 0.192627 0.0235 0.0235 0.0235
v -0.168701 0.134277 0.188232 0.0431 0.0471 0.0549
v -0.164307 0.135742 0.192627 0.0314 0.0314 0.0314
v -0.185303 0.167480 0.192627 0.0196 0.0196 0.0196
v -0.135498 0.130371 0.177490 0.0235 0.0275 0.0353
v -0.130615 0.129395 0.175537 0.0235 0.0275 0.0314
v -0.128174 0.129883 0.156494 0.0314 0.0392 0.0353
v -0.243408 0.032715 0.114502 0.0157 0.0196 0.0275
v -0.225830 0.024902 0.117432 0.0196 0.0235 0.0314
v -0.225830 0.027832 0.112549 0.0314 0.0549 0.0549
v -0.225342 0.032227 0.108643 0.1020 0.1098 0.1059
v -0.245361 0.037109 0.110107 0.0314 0.0353 0.0431
v -0.249756 0.044434 0.108643 0.0196 0.0235 0.0275
v -0.238037 0.037109 0.108643 0.0627 0.0784 0.0824
v -0.224365 0.047852 0.108643 0.0392 0.0549 0.0588
v -0.224365 0.047852 0.099365 0.0353 0.0392 0.0471
v -0.226807 0.054688 0.092041 0.1216 0.1255 0.1333
v -0.210693 0.022949 0.118408 0.0353 0.0392 0.0471
v -0.210693 0.025391 0.112549 0.0549 0.0588 0.0667
v -0.208740 0.028809 0.108643 0.1137 0.1216 0.1176
v -0.195557 0.024902 0.118408 0.0510 0.0510 0.0588
v -0.197021 0.026855 0.112549 0.0667 0.0706 0.0784
v -0.198486 0.029785 0.108643 0.1176 0.1216 0.1294
v -0.188232 0.033691 0.108643 0.1216 0.1176 0.1255
v -0.198486 0.057617 0.099365 0.0353 0.0392 0.0471
v -0.194092 0.059570 0.108643 0.0431 0.0549 0.0588
v -0.203369 0.062988 0.092041 0.0980 0.1059 0.1098
v -0.249268 0.072266 0.025635 0.0431 0.0471 0.0588
v -0.243408 0.074219 0.026123 0.0392 0.0431 0.0510
v -0.246338 0.068848 0.021729 0.0314 0.0314 0.0392
v -0.238525 0.077637 0.026123 0.0196 0.0275 0.0235
v -0.239990 0.071289 0.021729 0.0196 0.0235 0.0314
v -0.234131 0.082031 0.026123 0.0235 0.0235 0.0235
v -0.234131 0.074707 0.021729 0.0235 0.0314 0.0314
v -0.229248 0.079590 0.021729 0.0118 0.0196 0.0157
v -0.230713 0.087402 0.025635 0.0235 0.0314 0.0275
v -0.228760 0.092773 0.025635 0.0235 0.0314 0.0275
v -0.225830 0.085449 0.021729 0.0235 0.0314 0.0275
v -0.223389 0.092285 0.021729 0.0275 0.0353 0.0314
v -0.249268 0.125977 0.025635 0.0157 0.0196 0.0196
v -0.243408 0.124023 0.026123 0.0157 0.0235 0.0196
v -0.238525 0.120605 0.026123 0.0196 0.0196 0.0196
v -0.239990 0.126953 0.021729 0.0235 0.0235 0.0235
v -0.234619 0.123047 0.021729 0.0235 0.0235 0.0235
v -0.228271 0.099121 0.025635 0.0235 0.0235 0.0235
v -0.228760 0.104980 0.025635 0.0235 0.0235 0.0235
v -0.230713 0.110840 0.026123 0.0235 0.0275 0.0235
v -0.222900 0.099121 0.021729 0.0235 0.0275 0.0275
v -0.223877 0.105957 0.021729 0.0196 0.0196 0.0196
v -0.225830 0.112305 0.021729 0.0196 0.0275 0.0235
v -0.234131 0.116211 0.026123 0.0235 0.0235 0.0235
v -0.229736 0.118164 0.021729 0.0196 0.0275 0.0235
v -0.181396 0.029785 0.117920 0.0353 0.0353 0.0431
v -0.183350 0.031250 0.113037 0.0275 0.0314 0.0392
v -0.174561 0.041016 0.108643 0.0784 0.0824 0.0902
v -0.168213 0.037598 0.117920 0.0392 0.0431 0.0510
v -0.170654 0.039062 0.112549 0.0314 0.0353 0.0431
v -0.156494 0.047852 0.117920 0.0235 0.0275 0.0314
v -0.157959 0.048828 0.113037 0.0353 0.0392 0.0471
v -0.162354 0.050781 0.108643 0.0706 0.0745 0.0824
v -0.148682 0.059082 0.113037 0.0275 0.0353 0.0314
v -0.146729 0.058105 0.117920 0.0275 0.0314 0.0314
v -0.152588 0.061035 0.108643 0.0667 0.0706 0.0784
v -0.169678 0.075195 0.108643 0.0392 0.0431 0.0471
v -0.169678 0.075195 0.099365 0.0431 0.0510 0.0549
v -0.175537 0.079590 0.092041 0.0863 0.0941 0.0941
v -0.140869 0.070801 0.113037 0.0314 0.0392 0.0353
v -0.144775 0.072266 0.108643 0.0667 0.0706 0.0784
v -0.138916 0.069824 0.117920 0.0314 0.0353 0.0392
v -0.136475 0.082031 0.112061 0.0314 0.0314 0.0392
v -0.133057 0.082520 0.116943 0.0275 0.0314 0.0392
v -0.129639 0.096680 0.117432 0.0275 0.0275 0.0314
v -0.132568 0.095703 0.112549 0.0235 0.0314 0.0275
v -0.139893 0.082520 0.108643 0.0588 0.0627 0.0706
v -0.136963 0.093262 0.108643 0.0510 0.0549 0.0627
v -0.147705 0.100098 0.108643 0.0314 0.0353 0.0314
v -0.147705 0.100098 0.099365 0.0353 0.0431 0.0431
v -0.128174 0.111328 0.117920 0.0196 0.0275 0.0235
v -0.131104 0.109375 0.113037 0.0235 0.0235 0.0235
v -0.128174 0.125488 0.117432 0.0157 0.0157 0.0157
v -0.130615 0.123535 0.112549 0.0196 0.0196 0.0196
v -0.129639 0.127930 0.110107 0.0196 0.0235 0.0196
v -0.135010 0.106934 0.108643 0.0314 0.0353 0.0431
v -0.134033 0.120117 0.108643 0.0275 0.0275 0.0314
v -0.132568 0.123535 0.108643 0.0275 0.0314 0.0353
v -0.128174 0.128906 0.099365 0.0353 0.0392 0.0431
v -0.154541 0.102539 0.092041 0.0863 0.0902 0.0980
v -0.246338 0.129395 0.021729 0.0196 0.0235 0.0196
v -0.128174 0.129883 0.113525 0.0235 0.0275 0.0235
v -0.135498 0.130371 0.092041 0.0706 0.0745 0.0824
v -0.078857 0.140137 0.188721 0.0863 0.0863 0.0941
v -0.070557 0.133789 0.192139 0.0196 0.0235 0.0235
v -0.070557 0.130859 0.188232 0.0157 0.0196 0.0275
v -0.070557 0.134277 0.188232 0.0314 0.0353 0.0431
v -0.074463 0.138672 0.190186 0.0745 0.0745 0.0824
v -0.070557 0.138184 0.191162 0.0549 0.0588 0.0667
v -0.070068 0.138184 0.195557 0.0510 0.0588 0.0667
v -0.069580 0.143066 0.197510 0.0706 0.0706 0.0784
v -0.070557 0.203613 0.221436 0.0157 0.0157 0.0157
v -0.078857 0.203613 0.213135 0.0157 0.0157 0.0157
v -0.081787 0.203613 0.210693 0.0157 0.0157 0.0157
v -0.084717 0.203613 0.199951 0.0157 0.0157 0.0157
v -0.074463 0.203613 0.215088 0.0157 0.0235 0.0196
v -0.070557 0.203613 0.216064 0.0235 0.0235 0.0235
v -0.068604 0.203613 0.212158 0.0196 0.0196 0.0196
v -0.118408 0.158691 0.177490 0.0235 0.0235 0.0235
v -0.113037 0.158691 0.175537 0.0196 0.0196 0.0196
v -0.110596 0.158691 0.170654 0.0157 0.0235 0.0196
v -0.078857 0.136230 0.186279 0.0549 0.0549 0.0627
v -0.081787 0.135254 0.179932 0.0275 0.0314 0.0392
v -0.078369 0.133301 0.181885 0.0235 0.0275 0.0392
v -0.081787 0.138184 0.183838 0.0510 0.0549 0.0627
v -0.081787 0.141602 0.186768 0.0941 0.0941 0.1020
v -0.078369 0.131836 0.177002 0.0275 0.0314 0.0431
v -0.081787 0.133789 0.175049 0.0275 0.0275 0.0392
v -0.084717 0.142090 0.175049 0.0314 0.0392 0.0353
v -0.084717 0.145508 0.177490 0.0353 0.0431 0.0392
v -0.084717 0.139648 0.171143 0.0314 0.0353 0.0431
v -0.084717 0.138184 0.166748 0.0314 0.0353 0.0431
v -0.074951 0.135254 0.187256 0.0471 0.0471 0.0549
v -0.074463 0.131836 0.183350 0.0314 0.0314 0.0431
v -0.070557 0.131348 0.183838 0.0039 0.0078 0.0157
v -0.070557 0.129395 0.183350 0.0039 0.0078 0.0118
v -0.074463 0.130371 0.178467 0.0275 0.0314 0.0392
v -0.070557 0.129395 0.178955 0.0078 0.0078 0.0157
v -0.068604 0.134277 0.184326 0.0196 0.0235 0.0314
v -0.068604 0.131348 0.179932 0.0118 0.0157 0.0235
v -0.068604 0.138184 0.187256 0.0510 0.0549 0.0627
v -0.069092 0.129883 0.176025 0.0000 0.0078 0.0039
v -0.077881 0.160156 0.184326 0.0510 0.0588 0.0588
v -0.077881 0.156250 0.182861 0.0549 0.0627 0.0588
v -0.077881 0.153809 0.180908 0.0510 0.0588 0.0549
v -0.077881 0.152344 0.178467 0.0431 0.0510 0.0471
v -0.077881 0.151367 0.175537 0.0431 0.0431 0.0431
v -0.069580 0.129395 0.171143 0.0039 0.0078 0.0078
v -0.077881 0.150879 0.171143 0.0392 0.0392 0.0392
v -0.077881 0.165039 0.184814 0.0510 0.0588 0.0549
v -0.077881 0.203613 0.184814 0.0353 0.0431 0.0392
v -0.035889 0.180176 0.218994 0.0118 0.0118 0.0118
v -0.033447 0.179688 0.219971 0.1333 0.1333 0.1412
v -0.034912 0.182617 0.219971 0.0941 0.0941 0.0941
v -0.032471 0.181641 0.220947 0.1765 0.1765 0.1843
v -0.032959 0.180664 0.220459 0.1373 0.1373 0.1451
v -0.033447 0.184082 0.220459 0.1882 0.1882 0.1922
v -0.031494 0.185059 0.220947 0.0980 0.0980 0.1020
v -0.031494 0.187012 0.218994 0.0275 0.0275 0.0275
v -0.059814 0.142090 0.199463 0.1020 0.1020 0.1098
v -0.059814 0.137207 0.197510 0.0784 0.0824 0.0902
v -0.059814 0.132812 0.194580 0.0078 0.0078 0.0118
v -0.059814 0.130859 0.191162 0.0157 0.0157 0.0235
v -0.059814 0.129883 0.188232 0.0392 0.0510 0.0667
v -0.035889 0.158691 0.211182 0.0157 0.0196 0.0235
v -0.033447 0.158691 0.212646 0.0392 0.0431 0.0510
v -0.032959 0.157715 0.212158 0.0275 0.0353 0.0353
v -0.032471 0.156738 0.211670 0.0471 0.0549 0.0549
v -0.035889 0.156738 0.207275 0.0235 0.0275 0.0353
v -0.036865 0.159668 0.208740 0.0196 0.0235 0.0235
v -0.033447 0.154785 0.209717 0.0078 0.0118 0.0118
v -0.031494 0.154297 0.209717 0.0039 0.0039 0.0039
v -0.034912 0.156738 0.210205 0.0118 0.0196 0.0235
v -0.033936 0.154785 0.206787 0.0275 0.0314 0.0392
v -0.031494 0.153809 0.206299 0.0745 0.0784 0.0863
v -0.035889 0.159180 0.198486 0.1294 0.1373 0.1333
v -0.031494 0.156250 0.197510 0.1333 0.1333 0.1333
v -0.033936 0.157227 0.197510 0.1333 0.1373 0.1333
v -0.036865 0.181152 0.216553 0.0118 0.0118 0.0118
v -0.035889 0.184082 0.217529 0.0118 0.0118 0.0118
v -0.033936 0.186035 0.218506 0.0235 0.0235 0.0235
v -0.036865 0.184082 0.207764 0.0980 0.1020 0.1098
v -0.035889 0.186523 0.208740 0.1059 0.1098 0.1176
v -0.033936 0.188965 0.209229 0.1059 0.1098 0.1176
v -0.031494 0.189453 0.209717 0.0941 0.0980 0.1059
v -0.036865 0.162109 0.199463 0.1216 0.1294 0.1255
v -0.031006 0.182129 0.220947 0.1804 0.1804 0.1882
v -0.031006 0.156738 0.211670 0.0549 0.0627 0.0627
v -0.059814 0.203613 0.223877 0.0157 0.0157 0.0157
v -0.057373 0.203613 0.212158 0.0314 0.0314 0.0314
v -0.055420 0.203613 0.207275 0.0549 0.0627 0.0588
v -0.057373 0.134277 0.184326 0.0431 0.0471 0.0549
v -0.057373 0.131348 0.179932 0.0275 0.0314 0.0392
v -0.055420 0.135254 0.180420 0.0510 0.0549 0.0627
v -0.057373 0.138184 0.187256 0.0588 0.0627 0.0706
v -0.055420 0.139160 0.183350 0.0549 0.0588 0.0667
v -0.055420 0.132324 0.176025 0.0392 0.0431 0.0510
v -0.057373 0.129395 0.175049 0.0196 0.0196 0.0275
v -0.055420 0.130859 0.171143 0.0275 0.0275 0.0353
v -0.078369 0.125977 0.066650 0.0118 0.0118 0.0157
v -0.081787 0.128418 0.066162 0.0196 0.0196 0.0196
v -0.074463 0.124512 0.067627 0.0118 0.0118 0.0196
v -0.070557 0.123535 0.067627 0.0118 0.0118 0.0196
v -0.069580 0.123535 0.065674 0.0118 0.0118 0.0196
v -0.068604 0.123535 0.065674 0.0275 0.0275 0.0353
v -0.058350 0.123535 0.068115 0.0196 0.0196 0.0275
v -0.057373 0.123535 0.065674 0.0235 0.0235 0.0314
v -0.055420 0.124512 0.064209 0.0196 0.0235 0.0314
v -0.110596 0.158691 0.099365 0.0235 0.0235 0.0235
v -0.118408 0.158691 0.092041 0.0314 0.0314 0.0314
v -0.094482 0.175293 0.078369 0.0196 0.0196 0.0196
v -0.094482 0.182129 0.082275 0.0353 0.0353 0.0353
v -0.094482 0.189941 0.083740 0.0314 0.0392 0.0353
v -0.094482 0.171875 0.072510 0.0118 0.0118 0.0118
v -0.077881 0.150879 0.097900 0.0275 0.0353 0.0314
v -0.084717 0.133301 0.062744 0.0471 0.0510 0.0588
v -0.077881 0.151855 0.093018 0.0275 0.0353 0.0314
v -0.077881 0.153809 0.088623 0.0275 0.0314 0.0314
v -0.077881 0.156250 0.086670 0.0275 0.0353 0.0314
v -0.077881 0.160156 0.084717 0.0275 0.0353 0.0275
v -0.077881 0.165039 0.083740 0.0314 0.0314 0.0314
v -0.094482 0.205078 0.083740 0.0353 0.0392 0.0392
v -0.084717 0.203613 0.077393 0.0392 0.0471 0.0431
v -0.077881 0.203613 0.083740 0.0745 0.0824 0.0784
v -0.394775 0.261230 0.313721 0.6902 0.6785 0.6785
v -0.392334 0.255859 0.313721 0.3647 0.3647 0.3725
v -0.393799 0.258301 0.313721 0.5451 0.5451 0.5490
v -0.393799 0.264160 0.313721 0.8039 0.7882 0.7804
v -0.392334 0.266602 0.313721 0.8666 0.8588 0.8470
v -0.386963 0.261230 0.313721 0.6706 0.6706 0.6745
v -0.389893 0.268066 0.313721 0.8666 0.8627 0.8588
v -0.386963 0.268555 0.313721 0.8627 0.8588 0.8627
v -0.384033 0.268066 0.313721 0.4039 0.4039 0.4039
v -0.381592 0.255859 0.313721 0.7059 0.7059 0.7020
v -0.380127 0.258301 0.313721 0.7725 0.7725 0.7725
v -0.379639 0.261230 0.313721 0.8078 0.8078 0.8039
v -0.380127 0.264160 0.313721 0.7647 0.7647 0.7647
v -0.381592 0.266602 0.313721 0.5019 0.5019 0.5019
v -0.426025 0.262695 0.282471 0.2784 0.2745 0.2941
v -0.406982 0.254395 0.299072 0.7372 0.7372 0.7372
v -0.418701 0.262695 0.284424 0.1333 0.1333 0.1412
v -0.417725 0.269531 0.282471 0.2941 0.2941 0.3019
v -0.431396 0.262695 0.277588 0.1765 0.1725 0.1922
v -0.429932 0.269531 0.275635 0.1922 0.1961 0.2118
v -0.433350 0.262695 0.270264 0.1451 0.1490 0.1647
v -0.431885 0.269531 0.268799 0.2118 0.2157 0.2314
v -0.424561 0.269531 0.281006 0.3804 0.3843 0.3921
v -0.426025 0.274414 0.271729 0.1373 0.1412 0.1530
v -0.427978 0.274414 0.264893 0.1216 0.1216 0.1255
v -0.423096 0.275879 0.259522 0.1137 0.1137 0.1216
v -0.419189 0.273438 0.273682 0.1294 0.1333 0.1412
v -0.421143 0.274414 0.276611 0.1530 0.1569 0.1647
v -0.415771 0.273438 0.277588 0.0745 0.0784 0.0863
v -0.417725 0.273438 0.276123 0.1176 0.1216 0.1294
v -0.419678 0.273438 0.269775 0.0745 0.0784 0.0824
v -0.421143 0.275879 0.265869 0.0941 0.0980 0.1059
v -0.415771 0.275879 0.270752 0.1059 0.1098 0.1176
v -0.413818 0.274414 0.278076 0.0353 0.0431 0.0392
v -0.408936 0.275879 0.272705 0.0667 0.0745 0.0706
v -0.406006 0.254395 0.302002 0.8470 0.8470 0.8470
v -0.404053 0.254883 0.303955 0.8313 0.8274 0.8235
v -0.401611 0.254883 0.304443 0.8078 0.8039 0.7960
v -0.395264 0.257812 0.311279 0.2118 0.2118 0.2118
v -0.395752 0.261230 0.311279 0.2706 0.2667 0.2667
v -0.393311 0.254883 0.311279 0.2196 0.2275 0.2235
v -0.395264 0.264648 0.311279 0.2314 0.2275 0.2235
v -0.393311 0.267090 0.311279 0.6589 0.6589 0.6510
v -0.394775 0.257812 0.303955 0.2941 0.2941 0.2941
v -0.395752 0.261230 0.303955 0.2353 0.2353 0.2353
v -0.393311 0.254883 0.303955 0.5921 0.6039 0.6039
v -0.394775 0.264160 0.303955 0.4510 0.4589 0.4550
v -0.393311 0.267090 0.303955 0.6589 0.6667 0.6628
v -0.390381 0.269043 0.311279 0.7333 0.7294 0.7255
v -0.384033 0.269043 0.311279 0.6471 0.6550 0.6510
v -0.390381 0.269043 0.303955 0.6315 0.6393 0.6315
v -0.386963 0.269531 0.303955 0.7490 0.7568 0.7529
v -0.384033 0.269043 0.303955 0.7843 0.7921 0.7882
v -0.381103 0.254883 0.311279 0.7020 0.7020 0.6980
v -0.379150 0.257812 0.311279 0.7725 0.7725 0.7725
v -0.378662 0.261230 0.311279 0.8000 0.8000 0.7921
v -0.379150 0.264648 0.311279 0.7804 0.7804 0.7804
v -0.381103 0.267090 0.311279 0.7608 0.7647 0.7647
v -0.381103 0.254883 0.303955 0.7294 0.7333 0.7333
v -0.379150 0.257812 0.303955 0.7647 0.7647 0.7647
v -0.375244 0.254883 0.304443 0.6589 0.6589 0.6667
v -0.378662 0.261230 0.303955 0.7960 0.7960 0.7921
v -0.379150 0.264160 0.303955 0.8000 0.8000 0.8000
v -0.381103 0.267090 0.303955 0.8000 0.8000 0.7960
v -0.386963 0.270020 0.311279 0.5961 0.5961 0.5961
v -0.378662 0.273438 0.277588 0.0667 0.0745 0.0706
v -0.376221 0.273438 0.276611 0.0706 0.0784 0.0784
v -0.375244 0.279297 0.272217 0.0941 0.0980 0.1059
v -0.375244 0.341797 0.272217 0.2039 0.2196 0.2235
v -0.375244 0.354492 0.272217 0.1059 0.1098 0.1176
v -0.411377 0.479004 0.313232 0.7568 0.7490 0.7568
v -0.411377 0.494629 0.313232 0.8941 0.8784 0.8745
v -0.375244 0.420898 0.272217 0.1961 0.2118 0.2157
v -0.375244 0.432129 0.272217 0.1490 0.1725 0.1725
v -0.424072 0.469727 0.299561 0.0667 0.0627 0.0784
v -0.426514 0.469727 0.289307 0.0392 0.0431 0.0510
v -0.422119 0.467285 0.286377 0.0118 0.0118 0.0118
v -0.417236 0.469727 0.306885 0.1255 0.1294 0.1333
v -0.414307 0.467285 0.303467 0.0118 0.0118 0.0118
v -0.408936 0.469727 0.309326 0.0667 0.0667 0.0706
v -0.420166 0.467285 0.296143 0.0039 0.0039 0.0157
v -0.406982 0.472656 0.295166 0.1216 0.1216 0.1373
v -0.427490 0.473633 0.302002 0.4628 0.4628 0.4941
v -0.429443 0.479004 0.302979 0.8392 0.8313 0.8431
v -0.429443 0.494629 0.302979 0.9215 0.9058 0.9098
v -0.427978 0.501465 0.301025 0.8902 0.8902 0.8902
v -0.429932 0.473633 0.291260 0.5137 0.5137 0.5451
v -0.431885 0.479004 0.292725 0.8470 0.8431 0.8470
v -0.431885 0.494629 0.292725 0.7764 0.7686 0.7725
v -0.430908 0.501465 0.290772 0.8274 0.8274 0.8274
v -0.419678 0.473633 0.309326 0.4078 0.4118 0.4314
v -0.421631 0.479004 0.310303 0.7764 0.7725 0.7764
v -0.410889 0.473633 0.311768 0.4471 0.4510 0.4667
v -0.421631 0.494629 0.310303 0.9372 0.9372 0.9294
v -0.421143 0.501465 0.308350 0.9137 0.9137 0.9058
v -0.410889 0.501465 0.311279 0.9529 0.9372 0.9333
v -0.419189 0.471191 0.273682 0.0275 0.0353 0.0314
v -0.415771 0.471191 0.277588 0.0235 0.0314 0.0275
v -0.417725 0.471191 0.276123 0.0275 0.0353 0.0314
v -0.419678 0.471191 0.269775 0.0353 0.0353 0.0431
v -0.406982 0.471191 0.277588 0.0196 0.0235 0.0196
v -0.406006 0.467285 0.305908 0.1294 0.1333 0.1412
v -0.406006 0.472656 0.297607 0.2471 0.2588 0.2784
v -0.404541 0.473145 0.299561 0.3412 0.3568 0.3882
v -0.401611 0.473145 0.300537 0.3529 0.3725 0.3961
v -0.375244 0.473145 0.300537 0.3216 0.3255 0.3412
v -0.378662 0.471191 0.277588 0.0118 0.0196 0.0157
v -0.376221 0.471191 0.276611 0.0196 0.0275 0.0235
v -0.375244 0.471191 0.272217 0.0353 0.0392 0.0471
v -0.372803 0.254883 0.303955 0.6667 0.6667 0.6745
v -0.370361 0.254395 0.302002 0.5294 0.5333 0.5373
v -0.369873 0.254395 0.299072 0.2471 0.2588 0.2745
v -0.374268 0.273438 0.274170 0.0745 0.0824 0.0784
v -0.368896 0.279297 0.278564 0.0588 0.0667 0.0627
v -0.373291 0.273438 0.270264 0.0745 0.0784 0.0824
v -0.368896 0.273438 0.272217 0.0471 0.0549 0.0510
v -0.368896 0.341797 0.278564 0.0745 0.0784 0.0824
v -0.368896 0.347656 0.272217 0.1098 0.1255 0.1333
v -0.368896 0.354492 0.278564 0.0471 0.0549 0.0510
v -0.368896 0.348633 0.272217 0.0627 0.0706 0.0667
v -0.368896 0.420898 0.278564 0.0784 0.0824 0.0902
v -0.368896 0.432129 0.278564 0.0392 0.0392 0.0392
v -0.368896 0.426270 0.272217 0.0941 0.1098 0.1176
v -0.368896 0.427246 0.272217 0.0471 0.0549 0.0588
v -0.370361 0.472656 0.297607 0.0235 0.0314 0.0275
v -0.369873 0.472656 0.295166 0.0275 0.0275 0.0275
v -0.372803 0.473145 0.299561 0.3333 0.3333 0.3451
v -0.374268 0.471191 0.274170 0.0353 0.0431 0.0392
v -0.369873 0.471191 0.277588 0.0314 0.0314 0.0314
v -0.368896 0.471191 0.278564 0.0353 0.0392 0.0353
v -0.373291 0.471191 0.270264 0.0392 0.0431 0.0431
v -0.425049 0.506348 0.296631 0.6118 0.6118 0.6157
v -0.427490 0.506348 0.285889 0.5255 0.5294 0.5412
v -0.418213 0.506348 0.303955 0.9372 0.9372 0.9411
v -0.414795 0.508301 0.297607 0.4157 0.4196 0.4392
v -0.408936 0.506348 0.306885 0.9058 0.9019 0.9019
v -0.421143 0.508301 0.289795 0.4314 0.4353 0.4510
v -0.423584 0.508301 0.279541 0.4432 0.4471 0.4628
v -0.406006 0.508301 0.300537 0.3647 0.3686 0.3882
v -0.419678 0.273438 0.247314 0.0588 0.0627 0.0627
v -0.418701 0.273438 0.243897 0.0745 0.0784 0.0863
v -0.417236 0.273438 0.240967 0.0667 0.0745 0.0745
v -0.414795 0.273438 0.239990 0.0510 0.0588 0.0549
v -0.408936 0.279297 0.236572 0.0196 0.0275 0.0235
v -0.402588 0.279297 0.242432 0.0549 0.0588 0.0627
v -0.402588 0.272949 0.236572 0.0431 0.0510 0.0471
v -0.375244 0.279297 0.246338 0.0902 0.0941 0.1020
v -0.377686 0.279297 0.242432 0.0784 0.0824 0.0902
v -0.377197 0.273438 0.239990 0.0667 0.0706 0.0784
v -0.375244 0.273438 0.241455 0.0667 0.0745 0.0745
v -0.377686 0.272949 0.236572 0.0588 0.0667 0.0627
v -0.408936 0.342285 0.236572 0.0392 0.0392 0.0431
v -0.408936 0.354492 0.236572 0.0039 0.0039 0.0078
v -0.402588 0.342285 0.242432 0.0471 0.0510 0.0588
v -0.375244 0.341797 0.246338 0.1451 0.1569 0.1686
v -0.377686 0.342285 0.242432 0.0706 0.0745 0.0824
v -0.402588 0.354492 0.242432 0.0235 0.0275 0.0275
v -0.402588 0.348145 0.236572 0.1765 0.1961 0.1961
v -0.402588 0.348633 0.236572 0.0824 0.0980 0.1020
v -0.375244 0.354492 0.246338 0.1373 0.1530 0.1647
v -0.377686 0.354492 0.242432 0.0510 0.0549 0.0627
v -0.377686 0.348145 0.236572 0.0784 0.0902 0.0941
v -0.377686 0.348633 0.236572 0.0196 0.0196 0.0275
v -0.408936 0.421387 0.236572 0.0353 0.0353 0.0392
v -0.408936 0.433594 0.236572 0.0118 0.0196 0.0196
v -0.402588 0.421387 0.242432 0.0549 0.0588 0.0667
v -0.402588 0.433594 0.242432 0.0431 0.0471 0.0549
v -0.402588 0.427246 0.236572 0.0235 0.0392 0.0431
v -0.402588 0.427734 0.236572 0.0235 0.0275 0.0314
v -0.375244 0.420898 0.246338 0.1490 0.1647 0.1725
v -0.377686 0.421387 0.242432 0.0627 0.0706 0.0745
v -0.375244 0.432129 0.246338 0.1569 0.1725 0.1843
v -0.377686 0.433594 0.242432 0.0863 0.0941 0.1020
v -0.377686 0.427246 0.236572 0.0745 0.0902 0.0941
v -0.377686 0.427734 0.236572 0.0353 0.0392 0.0471
v -0.419678 0.471191 0.247314 0.0314 0.0353 0.0431
v -0.418701 0.471191 0.243897 0.0392 0.0392 0.0392
v -0.417236 0.471191 0.240967 0.0275 0.0275 0.0275
v -0.414795 0.471191 0.239990 0.0196 0.0235 0.0275
v -0.408936 0.471191 0.236572 0.0235 0.0235 0.0235
v -0.402588 0.471191 0.242432 0.0157 0.0235 0.0196
v -0.375244 0.471191 0.246338 0.0275 0.0353 0.0314
v -0.377686 0.471191 0.242432 0.0235 0.0275 0.0235
v -0.377197 0.471191 0.239990 0.0235 0.0275 0.0275
v -0.375244 0.471191 0.241455 0.0275 0.0353 0.0314
v -0.498291 0.254395 0.033936 0.2706 0.2745 0.2823
v -0.495361 0.257324 0.036377 0.7686 0.7647 0.7568
v -0.490967 0.258301 0.037354 0.8980 0.8941 0.8862
v -0.483154 0.258301 0.037354 0.7725 0.7686 0.7764
v -0.479736 0.257324 0.036865 0.2863 0.2863 0.3059
v -0.477783 0.255371 0.034424 0.1294 0.1294 0.1373
v -0.497314 0.262207 0.023682 0.2745 0.2902 0.3019
v -0.494385 0.265625 0.025635 0.7451 0.7372 0.7294
v -0.489502 0.266602 0.026611 0.8745 0.8706 0.8706
v -0.496826 0.267578 0.011963 0.2823 0.2784 0.2980
v -0.493408 0.270996 0.012939 0.7490 0.7333 0.7333
v -0.488525 0.272461 0.013428 0.8823 0.8745 0.8784
v -0.481689 0.266602 0.026123 0.4902 0.4902 0.4941
v -0.478271 0.265625 0.025635 0.2039 0.2078 0.2157
v -0.476807 0.263184 0.024170 0.1333 0.1373 0.1451
v -0.475830 0.268555 0.011963 0.1137 0.1176 0.1216
v -0.481201 0.272461 0.013428 0.5569 0.5530 0.5530
v -0.477783 0.270996 0.012939 0.2471 0.2510 0.2549
v -0.373291 0.273438 0.247314 0.0627 0.0706 0.0667
v -0.373779 0.273438 0.243897 0.0706 0.0784 0.0745
v -0.368896 0.273438 0.246338 0.0471 0.0510 0.0510
v -0.371338 0.279297 0.236572 0.0863 0.0902 0.0941
v -0.368896 0.279297 0.239990 0.0784 0.0824 0.0863
v -0.368896 0.347656 0.246338 0.1059 0.1176 0.1294
v -0.371338 0.342285 0.236572 0.1098 0.1137 0.1216
v -0.368896 0.341797 0.239990 0.0980 0.1020 0.1098
v -0.368896 0.348633 0.246338 0.0392 0.0471 0.0510
v -0.371338 0.354492 0.236572 0.0510 0.0549 0.0588
v -0.368896 0.354492 0.239990 0.0431 0.0471 0.0510
v -0.371338 0.421387 0.236572 0.1020 0.1137 0.1176
v -0.368896 0.420898 0.239990 0.0784 0.0824 0.0902
v -0.368896 0.426270 0.246338 0.0745 0.0824 0.0863
v -0.368896 0.427246 0.246338 0.0549 0.0588 0.0667
v -0.371338 0.433594 0.236572 0.0784 0.0824 0.0902
v -0.368896 0.432129 0.239990 0.0431 0.0471 0.0549
v -0.373291 0.471191 0.247314 0.0431 0.0471 0.0549
v -0.373779 0.471191 0.243897 0.0510 0.0588 0.0549
v -0.371338 0.471191 0.236572 0.0353 0.0392 0.0353
v -0.368896 0.471191 0.239990 0.0431 0.0431 0.0431
v -0.348877 0.470703 0.218994 0.2157 0.2275 0.2392
v -0.354736 0.470703 0.213135 0.3372 0.3529 0.3647
v -0.356689 0.470703 0.205322 0.2432 0.2588 0.2667
v -0.353760 0.500977 0.213135 0.4823 0.5137 0.5255
v -0.356201 0.500977 0.205322 0.4353 0.4550 0.4667
v -0.348389 0.500977 0.218506 0.2039 0.2196 0.2314
v -0.341064 0.470703 0.221436 0.1725 0.1843 0.1961
v -0.341064 0.500977 0.220459 0.3137 0.3176 0.3255
v -0.361572 0.508301 0.222900 0.4628 0.4667 0.4823
v -0.355713 0.508301 0.228272 0.4628 0.4667 0.4823
v -0.352783 0.507324 0.223389 0.4000 0.4039 0.4196
v -0.348877 0.508301 0.229736 0.4550 0.4589 0.4745
v -0.349853 0.504395 0.219971 0.3059 0.3176 0.3294
v -0.345459 0.507324 0.225830 0.4314 0.4432 0.4550
v -0.363525 0.508301 0.215576 0.5019 0.5059 0.5216
v -0.360107 0.507324 0.211182 0.7529 0.7647 0.7686
v -0.358154 0.507324 0.218506 0.4784 0.4902 0.5019
v -0.355225 0.504395 0.214600 0.5098 0.5255 0.5373
v -0.357178 0.504395 0.207275 0.2863 0.3019 0.3137
v -0.342529 0.504395 0.221924 0.3176 0.3294 0.3451
v -0.144775 0.255859 0.313721 0.2588 0.2627 0.2706
v -0.146728 0.261230 0.313721 0.6745 0.6706 0.6667
v -0.146240 0.258301 0.313721 0.5451 0.5451 0.5490
v -0.146240 0.264160 0.313721 0.7960 0.7921 0.7843
v -0.144775 0.266602 0.313721 0.8666 0.8588 0.8627
v -0.142334 0.268066 0.313721 0.8627 0.8627 0.8549
v -0.139404 0.261230 0.313721 0.6902 0.6824 0.6863
v -0.134033 0.255859 0.313721 0.6824 0.6745 0.6745
v -0.139404 0.268555 0.313721 0.8470 0.8392 0.8392
v -0.136475 0.268066 0.313721 0.6824 0.6824 0.6785
v -0.134033 0.266602 0.313721 0.2588 0.2627 0.2588
v -0.132568 0.258301 0.313721 0.7176 0.7176 0.7137
v -0.132080 0.261230 0.313721 0.6628 0.6628 0.6589
v -0.132568 0.264160 0.313721 0.5176 0.5176 0.5137
v -0.157959 0.254395 0.302002 0.7451 0.7490 0.7608
v -0.158936 0.254395 0.299072 0.2706 0.2784 0.3019
v -0.156006 0.254883 0.303955 0.8745 0.8706 0.8706
v -0.153564 0.254883 0.304443 0.7921 0.7764 0.7725
v -0.147217 0.257812 0.311279 0.2863 0.2863 0.2863
v -0.145752 0.254883 0.311279 0.2941 0.2980 0.3059
v -0.148193 0.261230 0.311279 0.6197 0.6157 0.6079
v -0.147217 0.264648 0.311279 0.7451 0.7451 0.7451
v -0.145752 0.267090 0.311279 0.7921 0.7921 0.7882
v -0.142822 0.269043 0.311279 0.7568 0.7529 0.7451
v -0.147217 0.257812 0.303955 0.7137 0.7216 0.7176
v -0.145264 0.254883 0.303955 0.5451 0.5530 0.5490
v -0.148193 0.261230 0.303955 0.7608 0.7647 0.7608
v -0.147217 0.264160 0.303955 0.7921 0.7921 0.7921
v -0.145264 0.267090 0.303955 0.7882 0.7921 0.7921
v -0.142822 0.269043 0.303955 0.6471 0.6550 0.6510
v -0.133545 0.254883 0.311279 0.6471 0.6393 0.6393
v -0.135986 0.269043 0.311279 0.5764 0.5725 0.5686
v -0.133545 0.267090 0.311279 0.5451 0.5451 0.5451
v -0.133545 0.254883 0.303955 0.7725 0.7647 0.7647
v -0.139404 0.269531 0.303955 0.5569 0.5608 0.5569
v -0.136475 0.269043 0.303955 0.7490 0.7490 0.7490
v -0.133545 0.267090 0.303955 0.7882 0.7882 0.7882
v -0.131592 0.257812 0.311279 0.6980 0.7020 0.6980
v -0.131103 0.261230 0.311279 0.7255 0.7176 0.7216
v -0.131592 0.264648 0.311279 0.6236 0.6236 0.6236
v -0.131592 0.257812 0.303955 0.7882 0.7960 0.7921
v -0.131103 0.261230 0.303955 0.8039 0.8000 0.8039
v -0.127197 0.254883 0.304443 0.7372 0.7294 0.7412
v -0.131592 0.264160 0.303955 0.8000 0.8000 0.8000
v -0.139404 0.270020 0.311279 0.6941 0.6941 0.6902
v -0.157959 0.472656 0.297607 0.0706 0.0745 0.0824
v -0.158936 0.472656 0.295166 0.0549 0.0588 0.0627
v -0.156494 0.473145 0.299561 0.2118 0.2157 0.2314
v -0.158936 0.471191 0.277588 0.0431 0.0471 0.0471
v -0.153564 0.473145 0.300537 0.2902 0.3059 0.3176
v -0.127197 0.473145 0.300537 0.4118 0.4235 0.4432
v -0.124268 0.254883 0.303955 0.6510 0.6510 0.6628
v -0.122314 0.254395 0.302002 0.5176 0.5216 0.5373
v -0.121826 0.254395 0.299072 0.1490 0.1530 0.1686
v -0.122314 0.472656 0.297607 0.0314 0.0314 0.0314
v -0.121826 0.472656 0.295166 0.0392 0.0392 0.0392
v -0.124268 0.473145 0.299561 0.2000 0.2118 0.2196
v -0.121826 0.471191 0.277588 0.0471 0.0510 0.0471
v -0.273193 0.001953 -0.194580 0.0431 0.0431 0.0431
v -0.254150 0.000000 -0.194580 0.0353 0.0353 0.0353
v -0.494873 0.171875 -0.001709 0.2196 0.2275 0.2510
v -0.494873 0.173340 -0.014404 0.2118 0.2196 0.2432
v -0.491943 0.167969 -0.001709 0.3647 0.3725 0.4157
v -0.487549 0.166504 -0.001709 0.3059 0.3176 0.3765
v -0.491943 0.169922 -0.015381 0.3372 0.3529 0.3882
v -0.487549 0.168457 -0.015381 0.2902 0.3019 0.3608
v -0.492432 0.175293 -0.027588 0.3843 0.3921 0.4275
v -0.487549 0.173828 -0.028564 0.3137 0.3255 0.3686
v -0.494873 0.178223 -0.026123 0.2000 0.2039 0.2235
v -0.479736 0.166504 -0.001709 0.5804 0.6079 0.6432
v -0.476318 0.167969 -0.001709 0.0392 0.0392 0.0431
v -0.473877 0.170410 -0.001709 0.0431 0.0510 0.0471
v -0.475830 0.169922 -0.015381 0.0431 0.0471 0.0549
v -0.473877 0.172363 -0.014893 0.0431 0.0471 0.0549
v -0.469482 0.186523 -0.001709 0.0039 0.0039 0.0039
v -0.469971 0.187988 -0.010498 0.0039 0.0039 0.0039
v -0.479736 0.168457 -0.015869 0.5294 0.5451 0.5921
v -0.479736 0.173828 -0.028564 0.2745 0.2863 0.3216
v -0.476318 0.175293 -0.028076 0.2000 0.2078 0.2275
v -0.470459 0.191406 -0.018799 0.0039 0.0039 0.0039
v -0.473877 0.177734 -0.026611 0.0863 0.0863 0.0941
v -0.492920 0.183594 -0.038330 0.3725 0.3843 0.4118
v -0.495850 0.186035 -0.035889 0.1922 0.2000 0.2157
v -0.488037 0.182617 -0.039795 0.3568 0.3686 0.4039
v -0.480225 0.182617 -0.039795 0.3059 0.3176 0.3529
v -0.476807 0.183594 -0.039307 0.1804 0.1922 0.2275
v -0.474854 0.185547 -0.036865 0.0784 0.0824 0.1020
v -0.499756 0.220215 -0.001221 0.1490 0.1530 0.1608
v -0.471924 0.196777 -0.025635 0.0000 0.0000 0.0000
v -0.473877 0.204102 -0.031006 0.0000 0.0000 0.0000
v -0.473877 0.253418 -0.010010 0.0784 0.0824 0.0902
v -0.474365 0.250000 -0.018311 0.0392 0.0471 0.0549
v -0.475342 0.244629 -0.025146 0.0157 0.0157 0.0235
v -0.475830 0.238770 -0.030518 0.0039 0.0078 0.0157
v -0.496826 0.196289 -0.043701 0.2157 0.2196 0.2314
v -0.494385 0.194336 -0.046631 0.4196 0.4314 0.4550
v -0.495361 0.207031 -0.052002 0.5843 0.5843 0.5961
v -0.489502 0.193848 -0.048096 0.4510 0.4628 0.4863
v -0.490967 0.207031 -0.053467 0.5921 0.5882 0.6079
v -0.498291 0.208008 -0.048096 0.2118 0.2157 0.2235
v -0.499756 0.220703 -0.050049 0.2275 0.2275 0.2353
v -0.496826 0.220703 -0.053467 0.6589 0.6589 0.6628
v -0.491943 0.221191 -0.054932 0.7137 0.7137 0.7216
v -0.484619 0.221191 -0.054932 0.7020 0.7020 0.7098
v -0.476318 0.196289 -0.044678 0.1451 0.1490 0.1686
v -0.476807 0.221680 -0.035400 0.0039 0.0078 0.0118
v -0.475830 0.212402 -0.034424 0.0000 0.0000 0.0000
v -0.481689 0.194336 -0.048096 0.4196 0.4275 0.4550
v -0.478271 0.194824 -0.047119 0.2588 0.2706 0.3098
v -0.483154 0.207031 -0.053467 0.5412 0.5412 0.5608
v -0.477783 0.208496 -0.049561 0.2941 0.2980 0.3176
v -0.480225 0.207520 -0.052490 0.4196 0.4196 0.4550
v -0.481201 0.221191 -0.053955 0.5804 0.5764 0.5961
v -0.479248 0.221191 -0.051025 0.4784 0.4745 0.4941
v -0.499268 0.245605 -0.043213 0.1530 0.1569 0.1647
v -0.496826 0.247559 -0.046143 0.8039 0.8039 0.8000
v -0.499756 0.233398 -0.048096 0.1647 0.1686 0.1843
v -0.497314 0.234863 -0.051514 0.7568 0.7568 0.7568
v -0.492432 0.234863 -0.052978 0.8666 0.8666 0.8666
v -0.485107 0.235352 -0.052978 0.8431 0.8431 0.8431
v -0.491943 0.248047 -0.047607 0.8706 0.8706 0.8706
v -0.476807 0.230469 -0.033936 0.0000 0.0078 0.0078
v -0.478760 0.246094 -0.044189 0.1490 0.1490 0.1569
v -0.480713 0.247559 -0.046631 0.7372 0.7372 0.7451
v -0.481689 0.234863 -0.052002 0.6785 0.6785 0.6863
v -0.479736 0.234375 -0.049072 0.5373 0.5333 0.5530
v -0.484131 0.248047 -0.047607 0.8235 0.8235 0.8313
v -0.425537 0.186523 -0.001709 0.0196 0.0196 0.0196
v -0.426025 0.187988 -0.010498 0.0196 0.0196 0.0196
v -0.426514 0.191406 -0.018799 0.0157 0.0157 0.0157
v -0.426025 0.175293 -0.062256 0.0275 0.0314 0.0431
v -0.427979 0.196777 -0.025635 0.0118 0.0118 0.0118
v -0.429443 0.204102 -0.031006 0.0196 0.0196 0.0196
v -0.429443 0.253418 -0.010010 0.0784 0.0824 0.0902
v -0.429932 0.250000 -0.018311 0.0784 0.0863 0.0824
v -0.430908 0.244629 -0.025146 0.0667 0.0667 0.0667
v -0.431396 0.238770 -0.030518 0.0824 0.0902 0.0863
v -0.431396 0.212402 -0.034424 0.0392 0.0392 0.0392
v -0.432373 0.221680 -0.035400 0.0667 0.0706 0.0784
v -0.432373 0.230469 -0.033936 0.0863 0.0902 0.0980
v -0.411865 0.159180 -0.093018 0.0431 0.0471 0.0627
v -0.406982 0.156250 -0.089111 0.0353 0.0392 0.0431
v -0.408936 0.160156 -0.088135 0.0353 0.0392 0.0431
v -0.408936 0.154785 -0.093506 0.0392 0.0431 0.0510
v -0.423584 0.175293 -0.071533 0.0314 0.0353 0.0431
v -0.429932 0.182129 -0.063232 0.0667 0.0706 0.0863
v -0.432373 0.189941 -0.064209 0.0314 0.0353 0.0431
v -0.427490 0.182129 -0.073975 0.0667 0.0706 0.0863
v -0.429443 0.189941 -0.074951 0.0235 0.0275 0.0353
v -0.422119 0.189941 -0.083252 0.0078 0.0118 0.0196
v -0.421143 0.171875 -0.062744 0.0275 0.0314 0.0392
v -0.419678 0.171875 -0.069092 0.0235 0.0275 0.0353
v -0.416260 0.171875 -0.072998 0.0235 0.0353 0.0353
v -0.417725 0.175293 -0.077881 0.0118 0.0118 0.0118
v -0.410889 0.171875 -0.074463 0.0588 0.0627 0.0784
v -0.409424 0.175293 -0.080322 0.0235 0.0275 0.0235
v -0.412842 0.165039 -0.092529 0.0431 0.0471 0.0588
v -0.409912 0.165039 -0.087646 0.0235 0.0314 0.0314
v -0.420654 0.182129 -0.081299 0.0000 0.0000 0.0000
v -0.410889 0.182129 -0.084228 0.0275 0.0275 0.0275
v -0.412354 0.189941 -0.086182 0.0235 0.0235 0.0235
v -0.412842 0.159180 -0.098877 0.0353 0.0392 0.0549
v -0.409424 0.154297 -0.098877 0.0118 0.0157 0.0235
v -0.414307 0.165039 -0.098877 0.0510 0.0549 0.0627
v -0.403564 0.160156 -0.085205 0.0235 0.0314 0.0275
v -0.403564 0.151855 -0.093506 0.0235 0.0235 0.0314
v -0.402588 0.156250 -0.087158 0.0196 0.0235 0.0235
v -0.401123 0.153809 -0.089600 0.0157 0.0157 0.0157
v -0.404541 0.165039 -0.084717 0.0235 0.0314 0.0275
v -0.404541 0.150879 -0.098877 0.0196 0.0196 0.0275
v -0.377197 0.137207 -0.098877 0.0392 0.0431 0.0588
v -0.379150 0.158691 -0.098877 0.0196 0.0196 0.0196
v -0.432373 0.221191 -0.064209 0.0588 0.0627 0.0706
v -0.429443 0.221191 -0.074951 0.0667 0.0706 0.0784
v -0.422119 0.221191 -0.083252 0.0627 0.0667 0.0667
v -0.412842 0.203613 -0.092529 0.0235 0.0235 0.0235
v -0.409912 0.203613 -0.087646 0.0275 0.0275 0.0275
v -0.412354 0.221191 -0.086182 0.0510 0.0510 0.0510
v -0.424072 0.226562 -0.064697 0.0627 0.0627 0.0627
v -0.422607 0.226562 -0.071533 0.0510 0.0588 0.0549
v -0.418701 0.226562 -0.075928 0.0431 0.0431 0.0431
v -0.412842 0.226562 -0.077881 0.0471 0.0471 0.0471
v -0.414307 0.203613 -0.098877 0.0235 0.0235 0.0235
v -0.405029 0.203613 -0.084717 0.0235 0.0314 0.0275
v -0.412842 0.159180 -0.171631 0.0353 0.0392 0.0510
v -0.409424 0.154297 -0.171631 0.0039 0.0078 0.0157
v -0.411377 0.159180 -0.177490 0.0314 0.0353 0.0510
v -0.408936 0.154297 -0.176514 0.0235 0.0275 0.0353
v -0.408447 0.159668 -0.181885 0.0353 0.0392 0.0549
v -0.414307 0.165039 -0.171631 0.0588 0.0627 0.0706
v -0.412842 0.165039 -0.177490 0.0549 0.0588 0.0667
v -0.408936 0.165039 -0.182373 0.0431 0.0471 0.0627
v -0.404541 0.150879 -0.171631 0.0039 0.0039 0.0078
v -0.404053 0.151367 -0.176025 0.0118 0.0157 0.0157
v -0.401611 0.152344 -0.179443 0.0039 0.0039 0.0039
v -0.406006 0.155273 -0.180420 0.0196 0.0235 0.0314
v -0.403564 0.159668 -0.184814 0.0118 0.0157 0.0235
v -0.399658 0.155762 -0.183350 0.0078 0.0118 0.0196
v -0.394287 0.153809 -0.181396 0.0157 0.0157 0.0157
v -0.377197 0.137207 -0.169678 0.0392 0.0431 0.0510
v -0.379150 0.158691 -0.169678 0.0196 0.0196 0.0196
v -0.404541 0.165039 -0.185303 0.0471 0.0510 0.0549
v -0.414307 0.203613 -0.171631 0.0235 0.0235 0.0275
v -0.412842 0.203613 -0.177490 0.0196 0.0196 0.0196
v -0.408936 0.203613 -0.182373 0.0196 0.0196 0.0196
v -0.404541 0.203613 -0.185303 0.0196 0.0196 0.0196
v -0.329346 0.063477 -0.098877 0.0039 0.0039 0.0039
v -0.364502 0.117676 -0.091553 0.1490 0.1530 0.1530
v -0.353760 0.098145 -0.091553 0.1451 0.1530 0.1490
v -0.345459 0.077148 -0.098877 0.0235 0.0275 0.0431
v -0.359131 0.093262 -0.098877 0.0392 0.0431 0.0588
v -0.369873 0.112305 -0.098877 0.0471 0.0510 0.0667
v -0.339111 0.081543 -0.091553 0.1647 0.1686 0.1647
v -0.325439 0.069824 -0.091553 0.1294 0.1333 0.1333
v -0.283936 0.085449 -0.019775 0.0392 0.0431 0.0471
v -0.285889 0.092285 -0.019775 0.0471 0.0510 0.0588
v -0.281982 0.092773 -0.023682 0.0314 0.0353 0.0431
v -0.286865 0.099121 -0.019775 0.0471 0.0510 0.0588
v -0.285889 0.105957 -0.019775 0.0353 0.0392 0.0471
v -0.283936 0.112305 -0.019775 0.0314 0.0314 0.0392
v -0.282471 0.099121 -0.023682 0.0275 0.0314 0.0392
v -0.281982 0.104980 -0.023682 0.0275 0.0314 0.0392
v -0.280029 0.079590 -0.019775 0.0157 0.0196 0.0275
v -0.275635 0.074707 -0.019775 0.0039 0.0039 0.0039
v -0.276611 0.082031 -0.023682 0.0078 0.0078 0.0078
v -0.269775 0.071289 -0.019775 0.0314 0.0392 0.0353
v -0.267334 0.074219 -0.023682 0.0000 0.0000 0.0000
v -0.272217 0.077637 -0.023682 0.0039 0.0039 0.0039
v -0.280029 0.087402 -0.023682 0.0235 0.0275 0.0353
v -0.262939 0.068848 -0.019775 0.0314 0.0353 0.0431
v -0.261475 0.072266 -0.023682 0.0039 0.0039 0.0039
v -0.255615 0.067871 -0.019775 0.0353 0.0392 0.0471
v -0.255615 0.071289 -0.023682 0.0000 0.0000 0.0000
v -0.280029 0.110840 -0.024170 0.0118 0.0157 0.0235
v -0.280029 0.118164 -0.019775 0.0196 0.0196 0.0196
v -0.275635 0.123535 -0.019775 0.0157 0.0157 0.0157
v -0.276611 0.116211 -0.024170 0.0157 0.0157 0.0157
v -0.269775 0.126953 -0.019775 0.0196 0.0235 0.0196
v -0.272217 0.120605 -0.024170 0.0118 0.0118 0.0118
v -0.267334 0.124023 -0.024170 0.0118 0.0118 0.0118
v -0.261475 0.125977 -0.023682 0.0118 0.0118 0.0118
v -0.255615 0.126465 -0.023682 0.0157 0.0157 0.0157
v -0.309814 0.061035 -0.091553 0.1647 0.1725 0.1686
v -0.310791 0.053223 -0.098877 0.0235 0.0235 0.0275
v -0.281982 0.044922 -0.098877 0.0314 0.0353 0.0431
v -0.281006 0.052734 -0.091553 0.1176 0.1098 0.1137
v -0.251221 0.051758 -0.091553 0.1412 0.1490 0.1451
v -0.252197 0.043457 -0.098877 0.0235 0.0235 0.0235
v -0.256592 0.043945 -0.108643 0.0706 0.0745 0.0824
v -0.250732 0.044434 -0.108154 0.0196 0.0196 0.0196
v -0.259033 0.043457 -0.111084 0.0314 0.0353 0.0431
v -0.370361 0.139648 -0.091553 0.0902 0.0980 0.0941
v -0.371826 0.158691 -0.091553 0.0314 0.0353 0.0314
v -0.262939 0.129395 -0.019775 0.0157 0.0196 0.0196
v -0.255615 0.129883 -0.019775 0.0157 0.0196 0.0196
v -0.329346 0.063477 -0.169678 0.0471 0.0510 0.0588
v -0.345459 0.077148 -0.169678 0.0314 0.0353 0.0431
v -0.359131 0.093262 -0.169678 0.0353 0.0353 0.0431
v -0.369873 0.112305 -0.169678 0.0392 0.0431 0.0510
v -0.364502 0.117676 -0.177002 0.0588 0.0627 0.0706
v -0.353760 0.098145 -0.177002 0.0510 0.0549 0.0627
v -0.339111 0.081543 -0.177002 0.0824 0.0902 0.0863
v -0.325439 0.069336 -0.177002 0.0863 0.0941 0.0902
v -0.322998 0.029785 -0.192627 0.0078 0.0078 0.0078
v -0.319580 0.032715 -0.188232 0.0902 0.0902 0.0902
v -0.334717 0.044434 -0.192627 0.0000 0.0000 0.0000
v -0.331299 0.046875 -0.188232 0.0627 0.0627 0.0667
v -0.340088 0.062988 -0.188232 0.0549 0.0627 0.0588
v -0.343506 0.061523 -0.192627 0.0039 0.0039 0.0039
v -0.349365 0.079590 -0.192627 0.0118 0.0118 0.0118
v -0.344971 0.080566 -0.188232 0.0431 0.0471 0.0510
v -0.351318 0.098633 -0.192627 0.0235 0.0275 0.0235
v -0.346436 0.098633 -0.188232 0.0353 0.0392 0.0431
v -0.349365 0.117676 -0.192627 0.0275 0.0275 0.0275
v -0.344971 0.116699 -0.188232 0.0353 0.0392 0.0471
v -0.310791 0.053223 -0.169678 0.0235 0.0275 0.0314
v -0.309814 0.061035 -0.177002 0.0941 0.0980 0.1020
v -0.281982 0.044922 -0.169678 0.0118 0.0118 0.0157
v -0.281006 0.052734 -0.177002 0.1137 0.1176 0.1176
v -0.259033 0.043457 -0.157471 0.0157 0.0157 0.0235
v -0.256592 0.043945 -0.159912 0.0118 0.0118 0.0196
v -0.250732 0.044434 -0.160400 0.0118 0.0118 0.0196
v -0.252197 0.043457 -0.169678 0.0471 0.0510 0.0549
v -0.251221 0.051758 -0.177002 0.1137 0.1176 0.1137
v -0.308350 0.017090 -0.193115 0.0000 0.0000 0.0000
v -0.305420 0.021484 -0.188232 0.1255 0.1333 0.1294
v -0.291260 0.007812 -0.194092 0.0275 0.0275 0.0275
v -0.289795 0.012695 -0.188232 0.0627 0.0627 0.0706
v -0.272217 0.007324 -0.188232 0.0627 0.0667 0.0745
v -0.254150 0.005371 -0.188232 0.0706 0.0784 0.0863
v -0.281982 0.092773 -0.192627 0.0941 0.0980 0.1059
v -0.282471 0.099121 -0.192627 0.0941 0.0980 0.1059
v -0.281982 0.105469 -0.192627 0.0784 0.0824 0.0902
v -0.275635 0.081543 -0.192627 0.0902 0.0941 0.1020
v -0.266357 0.074219 -0.192627 0.0863 0.0941 0.0941
v -0.270752 0.077637 -0.192627 0.0863 0.0941 0.0941
v -0.280029 0.086914 -0.192627 0.1020 0.1059 0.1137
v -0.260986 0.072266 -0.192627 0.1059 0.1137 0.1098
v -0.255615 0.071289 -0.192627 0.0902 0.0902 0.0902
v -0.280029 0.111328 -0.192627 0.0863 0.0941 0.0902
v -0.275635 0.116211 -0.192627 0.0824 0.0902 0.0863
v -0.270752 0.120117 -0.192627 0.0941 0.0941 0.0941
v -0.265869 0.123535 -0.192627 0.0980 0.1059 0.1020
v -0.254150 0.098633 -0.188232 0.1098 0.1176 0.1137
v -0.260986 0.125977 -0.192627 0.0941 0.1020 0.0980
v -0.255615 0.126465 -0.192627 0.1059 0.1137 0.1098
v -0.370361 0.139648 -0.177002 0.0431 0.0431 0.0510
v -0.371826 0.158691 -0.177002 0.0235 0.0196 0.0235
v -0.340088 0.134277 -0.188232 0.0314 0.0353 0.0392
v -0.343506 0.135742 -0.192627 0.0078 0.0118 0.0196
v -0.331299 0.150391 -0.188232 0.0235 0.0314 0.0275
v -0.334717 0.152832 -0.192627 0.0275 0.0275 0.0275
v -0.322998 0.167480 -0.192627 0.0235 0.0235 0.0235
v -0.319580 0.164551 -0.188232 0.0196 0.0275 0.0235
v -0.305420 0.175781 -0.188232 0.0275 0.0275 0.0275
v -0.308350 0.179688 -0.192627 0.0196 0.0196 0.0196
v -0.289795 0.184570 -0.188232 0.0235 0.0275 0.0235
v -0.291260 0.188965 -0.192627 0.0118 0.0118 0.0118
v -0.272217 0.189941 -0.188232 0.0275 0.0314 0.0314
v -0.273193 0.194336 -0.192627 0.0196 0.0196 0.0196
v -0.254150 0.191895 -0.188232 0.0275 0.0314 0.0353
v -0.254150 0.196289 -0.192627 0.0196 0.0196 0.0196
v -0.273193 0.001953 -0.260498 0.0000 0.0000 0.0000
v -0.254150 0.000000 -0.260010 0.0039 0.0039 0.0039
v -0.423096 0.203125 -0.261963 0.0078 0.0078 0.0157
v -0.427979 0.204590 -0.267334 0.0118 0.0118 0.0157
v -0.426514 0.204590 -0.274170 0.0000 0.0000 0.0000
v -0.431885 0.208984 -0.271240 0.0157 0.0157 0.0235
v -0.433350 0.215332 -0.272705 0.0745 0.0784 0.0941
v -0.429932 0.208984 -0.278076 0.0235 0.0275 0.0353
v -0.431397 0.214844 -0.280029 0.0588 0.0627 0.0784
v -0.421631 0.203125 -0.268311 0.0000 0.0000 0.0000
v -0.417236 0.203125 -0.273193 0.0078 0.0118 0.0196
v -0.421631 0.204590 -0.279053 0.0000 0.0039 0.0039
v -0.415283 0.204590 -0.280518 0.0118 0.0157 0.0196
v -0.411377 0.203125 -0.275146 0.0078 0.0118 0.0196
v -0.426025 0.214844 -0.284912 0.0745 0.0784 0.0941
v -0.425049 0.208984 -0.282959 0.0392 0.0431 0.0510
v -0.418213 0.208984 -0.284912 0.0431 0.0471 0.0549
v -0.418701 0.215332 -0.286865 0.0980 0.0941 0.1137
v -0.406982 0.252930 -0.282471 0.0549 0.0588 0.0627
v -0.406494 0.244629 -0.300049 0.0980 0.0980 0.1137
v -0.404541 0.237305 -0.282471 0.0392 0.0471 0.0431
v -0.400635 0.233887 -0.282471 0.0157 0.0196 0.0196
v -0.395752 0.231934 -0.282471 0.0118 0.0118 0.0118
v -0.406006 0.243164 -0.282471 0.0431 0.0510 0.0471
v -0.400635 0.235352 -0.300049 0.4235 0.4235 0.4510
v -0.400147 0.236328 -0.302978 0.2627 0.2667 0.2823
v -0.399170 0.237793 -0.304443 0.4314 0.4353 0.4510
v -0.395752 0.233398 -0.300049 0.4000 0.4000 0.4392
v -0.395264 0.234375 -0.302978 0.5255 0.5216 0.5333
v -0.395264 0.236816 -0.304932 0.4471 0.4432 0.4667
v -0.404541 0.238770 -0.300049 0.1530 0.1569 0.1765
v -0.403564 0.239746 -0.302978 0.2784 0.2823 0.3098
v -0.405518 0.244629 -0.302490 0.2510 0.2549 0.2745
v -0.404053 0.245117 -0.304443 0.6157 0.6197 0.6354
v -0.402100 0.240723 -0.304932 0.4392 0.4471 0.4745
v -0.401611 0.246094 -0.305908 0.8078 0.8117 0.8157
v -0.399658 0.242676 -0.305908 0.6354 0.6354 0.6510
v -0.397705 0.240723 -0.305908 0.4941 0.5019 0.5216
v -0.394775 0.239746 -0.305908 0.4550 0.4589 0.4863
v -0.381104 0.231934 -0.282471 0.0196 0.0235 0.0196
v -0.376221 0.233887 -0.282471 0.0392 0.0431 0.0471
v -0.381104 0.233398 -0.300049 0.4039 0.4039 0.4432
v -0.381104 0.234375 -0.302978 0.5333 0.5373 0.5530
v -0.376221 0.235352 -0.300049 0.3921 0.3921 0.4235
v -0.377686 0.237793 -0.304443 0.4432 0.4471 0.4667
v -0.376709 0.236328 -0.302978 0.1647 0.1686 0.1804
v -0.381592 0.236816 -0.304932 0.4118 0.4157 0.4392
v -0.390381 0.252930 -0.304932 0.7333 0.7412 0.7451
v -0.386963 0.252441 -0.304932 0.7412 0.7412 0.7490
v -0.390381 0.252930 -0.311768 0.4589 0.4589 0.4589
v -0.386963 0.252441 -0.311768 0.4550 0.4667 0.4706
v -0.384033 0.252930 -0.304932 0.7451 0.7412 0.7608
v -0.384033 0.252930 -0.311768 0.4589 0.4667 0.4667
v -0.382080 0.239746 -0.305908 0.4432 0.4510 0.4784
v -0.379639 0.240723 -0.305908 0.5725 0.5647 0.5882
v -0.375244 0.240723 -0.304932 0.4628 0.4667 0.4863
v -0.377686 0.242676 -0.305908 0.7294 0.7216 0.7372
v -0.375244 0.246094 -0.305908 0.8666 0.8627 0.8666
v -0.389893 0.253906 -0.313721 0.3490 0.3451 0.3529
v -0.386963 0.253418 -0.313721 0.3686 0.3647 0.3804
v -0.384033 0.253906 -0.313721 0.3059 0.3137 0.3137
v -0.322998 0.029785 -0.262451 0.0549 0.0549 0.0627
v -0.319580 0.033203 -0.267334 0.2941 0.2941 0.3059
v -0.334717 0.044434 -0.262939 0.0824 0.0824 0.0902
v -0.343506 0.061523 -0.262939 0.0902 0.0902 0.0980
v -0.331299 0.046875 -0.267334 0.3529 0.3529 0.3686
v -0.339600 0.062988 -0.267334 0.5059 0.5019 0.5098
v -0.315674 0.057617 -0.251221 0.0510 0.0510 0.0510
v -0.315674 0.057617 -0.261963 0.2039 0.2078 0.2157
v -0.319092 0.055176 -0.267334 0.7490 0.7451 0.7490
v -0.349365 0.079590 -0.262939 0.0667 0.0706 0.0784
v -0.344971 0.080566 -0.267334 0.5451 0.5451 0.5530
v -0.351318 0.098633 -0.262939 0.1098 0.1098 0.1176
v -0.349365 0.117676 -0.262939 0.1020 0.1020 0.1098
v -0.346436 0.098633 -0.267334 0.6393 0.6393 0.6432
v -0.344971 0.116699 -0.267334 0.7333 0.7372 0.7333
v -0.330322 0.083496 -0.267334 0.7960 0.7882 0.7921
v -0.322510 0.070312 -0.251221 0.0353 0.0353 0.0353
v -0.322510 0.070312 -0.261963 0.1451 0.1451 0.1451
v -0.326416 0.083984 -0.251221 0.0392 0.0392 0.0392
v -0.326416 0.083984 -0.261963 0.1451 0.1490 0.1569
v -0.325928 0.068848 -0.267334 0.7451 0.7372 0.7451
v -0.328369 0.098633 -0.251221 0.0784 0.0863 0.0941
v -0.328369 0.098633 -0.261963 0.3451 0.3608 0.3725
v -0.331787 0.098633 -0.267334 0.7921 0.7921 0.7921
v -0.330322 0.113770 -0.267334 0.8078 0.8078 0.8117
v -0.326416 0.113281 -0.251221 0.0549 0.0588 0.0667
v -0.326416 0.113281 -0.261963 0.2392 0.2432 0.2588
v -0.322510 0.126953 -0.251221 0.0588 0.0588 0.0627
v -0.322510 0.126953 -0.261963 0.2784 0.2823 0.2941
v -0.325928 0.128418 -0.267334 0.7372 0.7412 0.7529
v -0.308350 0.017090 -0.261963 0.0471 0.0510 0.0549
v -0.305420 0.021973 -0.267334 0.3216 0.3216 0.3333
v -0.297607 0.033691 -0.267334 0.7176 0.7137 0.7137
v -0.291260 0.007812 -0.260986 0.0039 0.0039 0.0039
v -0.282471 0.029785 -0.251221 0.0157 0.0157 0.0196
v -0.282471 0.029785 -0.261963 0.4157 0.4275 0.4353
v -0.289795 0.014160 -0.267334 0.4667 0.4706 0.4902
v -0.283936 0.025879 -0.267334 0.7333 0.7333 0.7333
v -0.306397 0.045898 -0.251221 0.0275 0.0275 0.0314
v -0.306397 0.045898 -0.261963 0.3608 0.3765 0.3843
v -0.309326 0.043457 -0.267334 0.7176 0.7098 0.7137
v -0.295166 0.037109 -0.251221 0.0314 0.0392 0.0353
v -0.295166 0.037109 -0.261963 0.1333 0.1412 0.1373
v -0.268799 0.025879 -0.251221 0.1137 0.1176 0.1216
v -0.268799 0.025879 -0.261963 0.4980 0.5137 0.5333
v -0.272217 0.008789 -0.267334 0.4863 0.4941 0.5137
v -0.269287 0.021484 -0.267334 0.7372 0.7372 0.7372
v -0.254150 0.024414 -0.251221 0.2000 0.2039 0.2039
v -0.254150 0.024414 -0.261963 0.6197 0.6236 0.6354
v -0.254150 0.007324 -0.267334 0.4784 0.4823 0.5019
v -0.254150 0.020020 -0.267334 0.7686 0.7686 0.7686
v -0.260498 0.066406 -0.251221 0.0784 0.0824 0.0902
v -0.254150 0.065918 -0.251221 0.0745 0.0824 0.0824
v -0.284424 0.085938 -0.251221 0.1020 0.1059 0.1137
v -0.285889 0.092285 -0.251221 0.0784 0.0902 0.1020
v -0.282959 0.086426 -0.263916 0.0471 0.0510 0.0510
v -0.284912 0.092285 -0.264404 0.0431 0.0510 0.0588
v -0.286865 0.098633 -0.251221 0.0784 0.0941 0.1020
v -0.285889 0.104980 -0.251221 0.0627 0.0784 0.0902
v -0.284424 0.111328 -0.251221 0.0314 0.0314 0.0392
v -0.285889 0.098633 -0.263916 0.0549 0.0627 0.0627
v -0.284912 0.104980 -0.264404 0.1373 0.1412 0.1490
v -0.282959 0.110840 -0.264404 0.0275 0.0275 0.0275
v -0.281494 0.098633 -0.267822 0.7372 0.7372 0.7372
v -0.281006 0.080566 -0.251221 0.0980 0.0980 0.0980
v -0.277100 0.075684 -0.251221 0.0980 0.1020 0.1059
v -0.280029 0.081055 -0.263916 0.0471 0.0549 0.0549
v -0.276123 0.076172 -0.264404 0.0588 0.0667 0.0627
v -0.272217 0.071289 -0.251221 0.0902 0.0902 0.0980
v -0.266357 0.068359 -0.251221 0.0863 0.0863 0.0941
v -0.271729 0.072754 -0.264404 0.0706 0.0706 0.0745
v -0.265869 0.069824 -0.263916 0.0667 0.0667 0.0667
v -0.273193 0.079590 -0.267822 0.4902 0.4941 0.5059
v -0.269287 0.076172 -0.267822 0.4432 0.4471 0.4667
v -0.279541 0.088379 -0.267822 0.5961 0.6000 0.6079
v -0.276611 0.083496 -0.267822 0.5490 0.5530 0.5686
v -0.281006 0.093262 -0.267822 0.6941 0.6941 0.6941
v -0.260498 0.067871 -0.263916 0.0667 0.0706 0.0706
v -0.254150 0.067383 -0.263916 0.0588 0.0588 0.0627
v -0.258057 0.088867 -0.265381 0.5412 0.5530 0.5608
v -0.264404 0.094727 -0.265381 0.3882 0.3921 0.4000
v -0.261475 0.091309 -0.265381 0.5019 0.5059 0.5216
v -0.254150 0.087891 -0.265381 0.5804 0.5882 0.6000
v -0.264893 0.073730 -0.267822 0.4275 0.4235 0.4432
v -0.259522 0.071777 -0.267822 0.2706 0.2667 0.2823
v -0.254150 0.071289 -0.267822 0.2745 0.2706 0.2823
v -0.258057 0.088867 -0.272705 0.1451 0.1451 0.1451
v -0.264404 0.094727 -0.272705 0.0824 0.0824 0.0902
v -0.261475 0.091309 -0.272705 0.0863 0.0863 0.0902
v -0.262451 0.095215 -0.274658 0.1255 0.1294 0.1333
v -0.260986 0.092285 -0.274658 0.0784 0.0784 0.0824
v -0.254150 0.087891 -0.272705 0.1020 0.1020 0.1059
v -0.254150 0.089355 -0.274658 0.0824 0.0824 0.0824
v -0.257568 0.090332 -0.274658 0.0902 0.0902 0.0902
v -0.250732 0.090332 -0.274658 0.0667 0.0667 0.0667
v -0.281006 0.116699 -0.251221 0.0000 0.0000 0.0000
v -0.277100 0.121582 -0.251221 0.0078 0.0078 0.0078
v -0.280029 0.116211 -0.264404 0.0784 0.0824 0.0824
v -0.276123 0.120605 -0.264404 0.1020 0.1020 0.1020
v -0.272217 0.125977 -0.251221 0.0078 0.0078 0.0078
v -0.266357 0.128906 -0.251221 0.0039 0.0039 0.0039
v -0.271729 0.125000 -0.263916 0.1216 0.1216 0.1216
v -0.265869 0.127441 -0.263916 0.5804 0.5804 0.5725
v -0.281006 0.104004 -0.267822 0.7294 0.7333 0.7294
v -0.279541 0.108887 -0.267822 0.8117 0.8117 0.8078
v -0.276611 0.113770 -0.267822 0.8392 0.8392 0.8392
v -0.273193 0.117676 -0.267822 0.8470 0.8470 0.8470
v -0.269287 0.121094 -0.267822 0.8470 0.8470 0.8470
v -0.264893 0.099121 -0.265381 0.2510 0.2549 0.2745
v -0.264404 0.103027 -0.265381 0.2196 0.2235 0.2392
v -0.261475 0.106934 -0.265381 0.2784 0.2941 0.3019
v -0.258057 0.109375 -0.265381 0.2902 0.2941 0.3019
v -0.254150 0.109863 -0.265381 0.2588 0.2745 0.2863
v -0.264893 0.099121 -0.272705 0.0980 0.1020 0.1059
v -0.264404 0.103027 -0.272705 0.2118 0.2157 0.2235
v -0.261475 0.106934 -0.272705 0.2745 0.2784 0.2863
v -0.258057 0.109375 -0.272705 0.2196 0.2235 0.2353
v -0.263428 0.099121 -0.274658 0.2823 0.2863 0.2941
v -0.262939 0.102539 -0.274658 0.2863 0.2863 0.3019
v -0.260986 0.105957 -0.274658 0.3098 0.3098 0.3176
v -0.254150 0.098633 -0.267822 0.3059 0.3176 0.3490
v -0.254150 0.109863 -0.272705 0.1686 0.1725 0.1843
v -0.254150 0.099121 -0.274658 0.1922 0.1922 0.2000
v -0.257568 0.107910 -0.274658 0.2588 0.2588 0.2667
v -0.254150 0.108398 -0.274658 0.2510 0.2549 0.2706
v -0.250732 0.107910 -0.274658 0.2471 0.2471 0.2549
v -0.264893 0.123535 -0.267822 0.8392 0.8392 0.8392
v -0.259522 0.125488 -0.267822 0.8470 0.8470 0.8470
v -0.254150 0.125977 -0.267822 0.8431 0.8431 0.8431
v -0.343506 0.135742 -0.262939 0.1333 0.1333 0.1412
v -0.334717 0.152832 -0.262939 0.1098 0.1098 0.1137
v -0.339600 0.134277 -0.267334 0.7490 0.7490 0.7451
v -0.331299 0.150391 -0.267334 0.8039 0.8039 0.8039
v -0.315674 0.139648 -0.251221 0.0745 0.0745 0.0745
v -0.315674 0.139648 -0.261963 0.2314 0.2314 0.2392
v -0.319092 0.142090 -0.267334 0.7490 0.7490 0.7568
v -0.322998 0.167480 -0.262939 0.1294 0.1294 0.1333
v -0.319580 0.164551 -0.267334 0.7529 0.7490 0.7451
v -0.372803 0.237305 -0.282471 0.0784 0.0824 0.0902
v -0.370361 0.243164 -0.282471 0.0627 0.0667 0.0745
v -0.369873 0.252930 -0.282471 0.0549 0.0627 0.0667
v -0.372803 0.238770 -0.300049 0.2392 0.2432 0.2588
v -0.373779 0.239746 -0.302978 0.4196 0.4235 0.4510
v -0.371338 0.244629 -0.302490 0.4941 0.4980 0.5176
v -0.372803 0.245117 -0.304443 0.6902 0.6941 0.7098
v -0.370361 0.244629 -0.300049 0.3294 0.3412 0.3608
v -0.306397 0.151367 -0.251221 0.0706 0.0745 0.0824
v -0.306397 0.151367 -0.261963 0.2549 0.2549 0.2627
v -0.309326 0.153809 -0.267334 0.6079 0.6079 0.6197
v -0.295166 0.160156 -0.251221 0.0745 0.0784 0.0863
v -0.295166 0.160156 -0.261963 0.1333 0.1373 0.1451
v -0.308350 0.179688 -0.262939 0.1176 0.1176 0.1216
v -0.305420 0.175781 -0.267334 0.7921 0.7921 0.7921
v -0.297607 0.164062 -0.267334 0.5686 0.5686 0.5804
v -0.282471 0.167480 -0.251221 0.0745 0.0745 0.0824
v -0.282471 0.167480 -0.261963 0.1373 0.1373 0.1451
v -0.291260 0.188965 -0.262939 0.1216 0.1294 0.1294
v -0.283936 0.171387 -0.267334 0.4863 0.4823 0.5019
v -0.289795 0.184570 -0.267334 0.8117 0.8117 0.8078
v -0.260498 0.130859 -0.251221 0.0039 0.0039 0.0039
v -0.260498 0.129395 -0.263916 0.4471 0.4432 0.4432
v -0.254150 0.131348 -0.251221 0.0039 0.0039 0.0039
v -0.254150 0.129883 -0.263916 0.7882 0.7882 0.7882
v -0.268799 0.171387 -0.251221 0.0824 0.0824 0.0863
v -0.268799 0.171387 -0.261963 0.1804 0.1765 0.1843
v -0.269287 0.175781 -0.267334 0.4745 0.4706 0.4902
v -0.272217 0.189941 -0.267334 0.7960 0.7960 0.7921
v -0.254150 0.172852 -0.251221 0.0824 0.0824 0.0824
v -0.254150 0.172852 -0.261963 0.1294 0.1294 0.1333
v -0.254150 0.177246 -0.267334 0.4823 0.4823 0.5019
v -0.273193 0.194336 -0.262939 0.1451 0.1530 0.1569
v -0.254150 0.196289 -0.262939 0.1765 0.1765 0.1804
v -0.254150 0.191895 -0.267334 0.7843 0.7843 0.7843
v -0.235107 0.001953 -0.194580 0.0353 0.0353 0.0353
v -0.246338 0.068848 -0.019775 0.0314 0.0392 0.0431
v -0.249268 0.072266 -0.023682 0.0039 0.0039 0.0039
v -0.243408 0.074219 -0.024170 0.0078 0.0078 0.0078
v -0.239990 0.071289 -0.019775 0.0314 0.0392 0.0392
v -0.238525 0.077637 -0.024170 0.0118 0.0118 0.0118
v -0.234131 0.074707 -0.019775 0.0196 0.0196 0.0196
v -0.229248 0.079590 -0.019775 0.0196 0.0235 0.0235
v -0.234131 0.082031 -0.024170 0.0157 0.0157 0.0157
v -0.230713 0.087402 -0.023682 0.0157 0.0235 0.0196
v -0.228760 0.092773 -0.023682 0.0196 0.0196 0.0196
v -0.225830 0.085449 -0.019775 0.0314 0.0353 0.0314
v -0.223389 0.092285 -0.019775 0.0275 0.0353 0.0314
v -0.249268 0.125977 -0.023682 0.0118 0.0196 0.0157
v -0.243408 0.124023 -0.024170 0.0118 0.0118 0.0118
v -0.239990 0.126953 -0.019775 0.0235 0.0235 0.0235
v -0.234619 0.123047 -0.019775 0.0196 0.0235 0.0235
v -0.238525 0.120605 -0.024170 0.0157 0.0157 0.0157
v -0.228271 0.099121 -0.023682 0.0157 0.0235 0.0196
v -0.228760 0.104980 -0.023682 0.0157 0.0157 0.0157
v -0.230713 0.110840 -0.023682 0.0196 0.0196 0.0196
v -0.222900 0.099121 -0.019775 0.0235 0.0314 0.0275
v -0.223877 0.105957 -0.019775 0.0196 0.0275 0.0275
v -0.225830 0.112305 -0.019775 0.0196 0.0275 0.0235
v -0.229736 0.118164 -0.019775 0.0196 0.0235 0.0196
v -0.234131 0.116211 -0.024170 0.0157 0.0196 0.0196
v -0.226807 0.055176 -0.091553 0.1412 0.1451 0.1412
v -0.243408 0.032715 -0.114014 0.0196 0.0235 0.0275
v -0.225342 0.032227 -0.108154 0.1333 0.1412 0.1373
v -0.225830 0.024902 -0.116943 0.0314 0.0353 0.0431
v -0.225830 0.027832 -0.112061 0.0824 0.0863 0.0902
v -0.238525 0.037109 -0.108154 0.0941 0.1020 0.0980
v -0.245850 0.037109 -0.109619 0.0627 0.0667 0.0667
v -0.224365 0.047852 -0.098877 0.0235 0.0196 0.0235
v -0.224365 0.048340 -0.108154 0.0706 0.0706 0.0706
v -0.203369 0.063477 -0.091553 0.1216 0.1294 0.1255
v -0.208740 0.029297 -0.108154 0.1569 0.1569 0.1569
v -0.210693 0.025391 -0.112061 0.0706 0.0706 0.0784
v -0.210693 0.022949 -0.117920 0.0314 0.0314 0.0392
v -0.197998 0.030273 -0.108154 0.1451 0.1451 0.1451
v -0.188232 0.033691 -0.108154 0.1373 0.1373 0.1373
v -0.197021 0.026855 -0.112061 0.0588 0.0588 0.0667
v -0.195557 0.024902 -0.117920 0.0314 0.0314 0.0392
v -0.198486 0.057617 -0.098877 0.0392 0.0431 0.0510
v -0.198486 0.057617 -0.108154 0.0588 0.0627 0.0667
v -0.183350 0.031250 -0.112549 0.0275 0.0392 0.0471
v -0.181396 0.029785 -0.117432 0.0275 0.0275 0.0353
v -0.174072 0.041016 -0.108154 0.1373 0.1412 0.1373
v -0.162354 0.051270 -0.108154 0.1216 0.1333 0.1294
v -0.170166 0.039062 -0.112061 0.0549 0.0588 0.0667
v -0.167725 0.037598 -0.117432 0.0314 0.0314 0.0392
v -0.158447 0.048828 -0.112549 0.0392 0.0431 0.0510
v -0.156494 0.047852 -0.117432 0.0275 0.0314 0.0392
v -0.150635 0.064453 -0.108154 0.1255 0.1255 0.1255
v -0.146729 0.062500 -0.112061 0.0314 0.0353 0.0431
v -0.144287 0.061523 -0.116943 0.0275 0.0314 0.0392
v -0.177002 0.080078 -0.091553 0.0941 0.0980 0.1020
v -0.170654 0.075684 -0.098877 0.0510 0.0588 0.0549
v -0.170654 0.075684 -0.108154 0.0549 0.0627 0.0588
v -0.156006 0.103027 -0.091553 0.0941 0.0980 0.1020
v -0.142334 0.079590 -0.108154 0.1176 0.1176 0.1176
v -0.137451 0.093750 -0.108154 0.1020 0.1098 0.1059
v -0.137939 0.078125 -0.112061 0.0392 0.0471 0.0471
v -0.135498 0.077637 -0.116943 0.0275 0.0353 0.0314
v -0.132568 0.094238 -0.112061 0.0353 0.0392 0.0471
v -0.130615 0.094238 -0.116455 0.0275 0.0353 0.0314
v -0.148682 0.100098 -0.098877 0.0431 0.0471 0.0549
v -0.149170 0.100098 -0.108154 0.0510 0.0588 0.0588
v -0.135010 0.108398 -0.108154 0.0706 0.0745 0.0784
v -0.133057 0.123047 -0.108154 0.0471 0.0510 0.0588
v -0.128174 0.128906 -0.098877 0.0392 0.0471 0.0431
v -0.131104 0.110840 -0.110596 0.0431 0.0471 0.0549
v -0.128174 0.111816 -0.114990 0.0235 0.0235 0.0235
v -0.129639 0.127930 -0.109619 0.0353 0.0392 0.0471
v -0.246338 0.129395 -0.019775 0.0196 0.0196 0.0196
v -0.134033 0.132812 -0.091553 0.0627 0.0667 0.0745
v -0.128174 0.129883 -0.113037 0.0275 0.0353 0.0314
v -0.243408 0.032715 -0.155029 0.0118 0.0157 0.0235
v -0.225830 0.024902 -0.152100 0.0235 0.0275 0.0353
v -0.225830 0.027832 -0.156494 0.0627 0.0706 0.0667
v -0.225342 0.032227 -0.160400 0.0745 0.0824 0.0784
v -0.245361 0.037109 -0.158936 0.0353 0.0392 0.0471
v -0.238525 0.037109 -0.160400 0.0471 0.0510 0.0588
v -0.224365 0.048340 -0.160400 0.0353 0.0431 0.0431
v -0.224365 0.047852 -0.169678 0.0510 0.0549 0.0549
v -0.226807 0.055176 -0.177002 0.1059 0.1098 0.1137
v -0.210693 0.022949 -0.150635 0.0314 0.0353 0.0431
v -0.195557 0.024902 -0.150635 0.0471 0.0510 0.0588
v -0.210693 0.025879 -0.156494 0.0667 0.0667 0.0667
v -0.208740 0.029297 -0.160400 0.0627 0.0706 0.0667
v -0.197021 0.026855 -0.156494 0.0706 0.0706 0.0706
v -0.197998 0.030273 -0.160400 0.0627 0.0667 0.0745
v -0.188232 0.033691 -0.160400 0.0627 0.0706 0.0706
v -0.203369 0.063477 -0.177002 0.1137 0.1176 0.1216
v -0.198486 0.057617 -0.160400 0.0353 0.0431 0.0431
v -0.198486 0.057617 -0.169678 0.0235 0.0314 0.0314
v -0.236084 0.007324 -0.188232 0.0667 0.0706 0.0784
v -0.217041 0.007812 -0.194092 0.0314 0.0314 0.0314
v -0.218506 0.012695 -0.188232 0.0667 0.0706 0.0784
v -0.200439 0.017090 -0.193115 0.0314 0.0314 0.0314
v -0.202393 0.021484 -0.188232 0.0627 0.0667 0.0745
v -0.188721 0.032715 -0.188232 0.0941 0.0980 0.1059
v -0.249756 0.071777 -0.192627 0.0824 0.0902 0.0863
v -0.244385 0.074219 -0.192627 0.0902 0.0902 0.0902
v -0.239990 0.077148 -0.192627 0.0902 0.0902 0.0902
v -0.235107 0.081543 -0.192627 0.0824 0.0902 0.0863
v -0.230713 0.086914 -0.192627 0.0824 0.0863 0.0941
v -0.228760 0.092773 -0.192627 0.0824 0.0863 0.0863
v -0.249756 0.126465 -0.192627 0.1020 0.1098 0.1059
v -0.244385 0.124023 -0.192627 0.1059 0.1137 0.1137
v -0.239990 0.120605 -0.192627 0.0980 0.1059 0.1020
v -0.235107 0.116211 -0.192627 0.1059 0.1098 0.1176
v -0.228271 0.099121 -0.192627 0.0863 0.0902 0.0863
v -0.228760 0.105469 -0.192627 0.0863 0.0863 0.0863
v -0.230713 0.111328 -0.192627 0.0824 0.0863 0.0902
v -0.181396 0.029785 -0.151123 0.0392 0.0431 0.0510
v -0.183350 0.031250 -0.156006 0.0275 0.0314 0.0392
v -0.167725 0.037598 -0.151611 0.0392 0.0431 0.0510
v -0.156494 0.047852 -0.151611 0.0314 0.0392 0.0392
v -0.158447 0.048828 -0.156006 0.0353 0.0353 0.0431
v -0.174072 0.041016 -0.160400 0.0627 0.0667 0.0745
v -0.170166 0.039062 -0.156494 0.0392 0.0431 0.0510
v -0.162354 0.051270 -0.160400 0.0235 0.0275 0.0353
v -0.144287 0.061523 -0.151611 0.0275 0.0353 0.0314
v -0.150635 0.064453 -0.160400 0.0039 0.0078 0.0157
v -0.146729 0.062500 -0.156494 0.0196 0.0275 0.0275
v -0.177002 0.080078 -0.177002 0.0941 0.0980 0.1059
v -0.170654 0.075684 -0.160400 0.0275 0.0314 0.0392
v -0.170654 0.075684 -0.169678 0.0353 0.0392 0.0431
v -0.135498 0.077637 -0.151611 0.0235 0.0275 0.0353
v -0.130615 0.094238 -0.152100 0.0157 0.0196 0.0196
v -0.127686 0.112305 -0.153076 0.0196 0.0235 0.0235
v -0.142334 0.079590 -0.160400 0.0039 0.0039 0.0118
v -0.137939 0.078125 -0.156494 0.0196 0.0196 0.0196
v -0.137451 0.093750 -0.160400 0.0118 0.0118 0.0196
v -0.132568 0.094238 -0.156494 0.0157 0.0235 0.0196
v -0.149170 0.100098 -0.160400 0.0118 0.0157 0.0157
v -0.148682 0.100098 -0.169678 0.0196 0.0235 0.0196
v -0.156006 0.103027 -0.177002 0.0588 0.0627 0.0706
v -0.135010 0.108398 -0.160400 0.0118 0.0118 0.0157
v -0.130127 0.112305 -0.157471 0.0118 0.0196 0.0157
v -0.133057 0.123047 -0.160400 0.0157 0.0196 0.0157
v -0.129639 0.127930 -0.158936 0.0157 0.0235 0.0196
v -0.128174 0.128906 -0.169678 0.0275 0.0314 0.0392
v -0.185303 0.029785 -0.192627 0.0353 0.0353 0.0353
v -0.177002 0.046875 -0.188232 0.0902 0.0941 0.0941
v -0.173584 0.044434 -0.192627 0.0314 0.0314 0.0392
v -0.168701 0.062988 -0.188232 0.0706 0.0745 0.0824
v -0.164307 0.061523 -0.192627 0.0275 0.0314 0.0392
v -0.163330 0.080566 -0.188232 0.0510 0.0549 0.0627
v -0.158936 0.079590 -0.192627 0.0314 0.0392 0.0353
v -0.161377 0.098633 -0.188232 0.0431 0.0471 0.0549
v -0.156982 0.098633 -0.192627 0.0353 0.0353 0.0392
v -0.163330 0.116699 -0.188232 0.0392 0.0431 0.0431
v -0.158936 0.117676 -0.192627 0.0314 0.0353 0.0353
v -0.236084 0.189941 -0.188232 0.0275 0.0275 0.0314
v -0.218506 0.184570 -0.188232 0.0235 0.0275 0.0275
v -0.217041 0.188965 -0.192627 0.0157 0.0196 0.0196
v -0.202393 0.175781 -0.188232 0.0275 0.0314 0.0314
v -0.188721 0.164551 -0.188232 0.0275 0.0314 0.0314
v -0.200439 0.179688 -0.192627 0.0196 0.0275 0.0235
v -0.235107 0.194336 -0.192627 0.0196 0.0196 0.0196
v -0.128174 0.129883 -0.156006 0.0275 0.0314 0.0314
v -0.134033 0.132812 -0.177002 0.0510 0.0510 0.0588
v -0.177002 0.150391 -0.188232 0.0314 0.0353 0.0314
v -0.173584 0.152832 -0.192627 0.0235 0.0314 0.0275
v -0.168701 0.134277 -0.188232 0.0353 0.0392 0.0431
v -0.164307 0.135742 -0.192627 0.0275 0.0275 0.0275
v -0.185303 0.167480 -0.192627 0.0196 0.0196 0.0196
v -0.081787 0.128418 -0.066650 0.0235 0.0235 0.0235
v -0.078369 0.125977 -0.067627 0.0157 0.0157 0.0196
v -0.074463 0.124512 -0.068115 0.0118 0.0118 0.0118
v -0.070557 0.123535 -0.068115 0.0078 0.0078 0.0157
v -0.068604 0.123535 -0.066162 0.0157 0.0157 0.0235
v -0.069580 0.123535 -0.066650 0.0157 0.0157 0.0235
v -0.058838 0.123535 -0.068604 0.0196 0.0196 0.0275
v -0.055420 0.124512 -0.064697 0.0157 0.0196 0.0275
v -0.057373 0.123535 -0.066650 0.0118 0.0157 0.0235
v -0.118896 0.158691 -0.091553 0.0196 0.0275 0.0275
v -0.094482 0.171875 -0.074463 0.0118 0.0118 0.0078
v -0.094482 0.175293 -0.080322 0.0196 0.0275 0.0235
v -0.094482 0.182129 -0.084229 0.0314 0.0392 0.0353
v -0.094482 0.189941 -0.086182 0.0314 0.0353 0.0353
v -0.110596 0.158691 -0.098877 0.0196 0.0196 0.0196
v -0.084717 0.133301 -0.063232 0.0314 0.0353 0.0431
v -0.077881 0.160156 -0.085205 0.0353 0.0353 0.0353
v -0.077881 0.151855 -0.093506 0.0275 0.0275 0.0275
v -0.077881 0.156250 -0.087158 0.0275 0.0275 0.0275
v -0.077881 0.153809 -0.089600 0.0235 0.0275 0.0235
v -0.077881 0.165039 -0.084717 0.0314 0.0392 0.0353
v -0.077881 0.150879 -0.098877 0.0275 0.0353 0.0314
v -0.094482 0.205078 -0.086182 0.0314 0.0392 0.0353
v -0.084717 0.203613 -0.077881 0.0471 0.0510 0.0588
v -0.078857 0.203613 -0.084717 0.0627 0.0706 0.0667
v -0.110596 0.158691 -0.169678 0.0196 0.0196 0.0196
v -0.118896 0.158691 -0.177002 0.0196 0.0235 0.0196
v -0.084717 0.138184 -0.167236 0.0275 0.0314 0.0392
v -0.084717 0.139648 -0.171631 0.0314 0.0353 0.0431
v -0.081787 0.133789 -0.175537 0.0235 0.0275 0.0353
v -0.078369 0.131836 -0.177979 0.0196 0.0196 0.0275
v -0.084717 0.142090 -0.175537 0.0314 0.0353 0.0392
v -0.081787 0.135254 -0.180420 0.0118 0.0157 0.0235
v -0.078369 0.133301 -0.182861 0.0039 0.0078 0.0118
v -0.078857 0.136230 -0.186768 0.0157 0.0196 0.0275
v -0.081787 0.138184 -0.184326 0.0157 0.0196 0.0235
v -0.081787 0.141602 -0.187256 0.0314 0.0353 0.0431
v -0.084717 0.145508 -0.178467 0.0235 0.0275 0.0275
v -0.069580 0.129395 -0.171631 0.0196 0.0196 0.0196
v -0.077881 0.150879 -0.171631 0.0314 0.0314 0.0314
v -0.074463 0.130371 -0.178955 0.0157 0.0157 0.0235
v -0.070557 0.129395 -0.179443 0.0000 0.0000 0.0000
v -0.074463 0.131836 -0.183838 0.0118 0.0157 0.0235
v -0.070557 0.129395 -0.183838 0.0039 0.0078 0.0039
v -0.070557 0.131348 -0.184814 0.0118 0.0118 0.0157
v -0.069092 0.129883 -0.176514 0.0118 0.0118 0.0118
v -0.068604 0.131348 -0.180420 0.0078 0.0118 0.0118
v -0.068604 0.134277 -0.184814 0.0196 0.0235 0.0314
v -0.077881 0.151367 -0.176025 0.0353 0.0353 0.0353
v -0.077881 0.152344 -0.179443 0.0392 0.0392 0.0392
v -0.077881 0.153809 -0.181396 0.0353 0.0392 0.0471
v -0.077881 0.156250 -0.183350 0.0353 0.0431 0.0392
v -0.077881 0.159668 -0.184814 0.0353 0.0353 0.0431
v -0.077881 0.165039 -0.185303 0.1020 0.0902 0.1020
v -0.077881 0.203613 -0.185303 0.0314 0.0392 0.0353
v -0.078857 0.140137 -0.189697 0.0314 0.0353 0.0510
v -0.074951 0.135254 -0.188232 0.0078 0.0157 0.0118
v -0.070557 0.130859 -0.188721 0.0078 0.0118 0.0078
v -0.070557 0.134277 -0.188721 0.0196 0.0235 0.0314
v -0.070557 0.133789 -0.192627 0.0118 0.0118 0.0196
v -0.074463 0.138672 -0.191162 0.0275 0.0275 0.0353
v -0.070557 0.138184 -0.191650 0.0353 0.0392 0.0471
v -0.068604 0.138184 -0.187744 0.0392 0.0431 0.0471
v -0.070068 0.138184 -0.196045 0.0314 0.0353 0.0431
v -0.069580 0.143066 -0.197998 0.0431 0.0431 0.0510
v -0.084717 0.203613 -0.200928 0.0118 0.0157 0.0157
v -0.081787 0.203613 -0.211182 0.0118 0.0157 0.0235
v -0.078857 0.203613 -0.214111 0.0157 0.0196 0.0275
v -0.074463 0.203613 -0.215576 0.0157 0.0157 0.0157
v -0.070557 0.203613 -0.216553 0.0118 0.0118 0.0118
v -0.068604 0.203613 -0.212646 0.0118 0.0118 0.0118
v -0.070557 0.203613 -0.221924 0.0118 0.0118 0.0118
v -0.055420 0.130859 -0.171631 0.0314 0.0353 0.0431
v -0.057373 0.129395 -0.176025 0.0275 0.0314 0.0392
v -0.055420 0.132324 -0.177002 0.0392 0.0431 0.0510
v -0.060791 0.129395 -0.186279 0.0078 0.0078 0.0078
v -0.057373 0.131348 -0.180908 0.0353 0.0392 0.0510
v -0.055420 0.135254 -0.180908 0.0549 0.0588 0.0667
v -0.057373 0.134277 -0.184814 0.0549 0.0588 0.0667
v -0.055420 0.139160 -0.183838 0.0588 0.0627 0.0706
v -0.060303 0.130859 -0.191162 0.0039 0.0078 0.0157
v -0.059814 0.132812 -0.195068 0.0039 0.0078 0.0157
v -0.057373 0.138184 -0.187744 0.0627 0.0667 0.0745
v -0.059814 0.137207 -0.197998 0.0549 0.0549 0.0627
v -0.059814 0.142090 -0.199951 0.0745 0.0745 0.0824
v -0.035889 0.159180 -0.198975 0.1373 0.1451 0.1412
v -0.031494 0.156250 -0.197998 0.1373 0.1451 0.1412
v -0.033936 0.157227 -0.198486 0.1412 0.1490 0.1490
v -0.035889 0.156738 -0.208252 0.0157 0.0196 0.0275
v -0.036865 0.159668 -0.209229 0.0118 0.0157 0.0235
v -0.033936 0.154785 -0.207275 0.0157 0.0157 0.0235
v -0.033447 0.154785 -0.210205 0.0157 0.0196 0.0235
v -0.031494 0.153809 -0.207275 0.0078 0.0078 0.0118
v -0.031494 0.154297 -0.210205 0.0275 0.0275 0.0314
v -0.035889 0.158691 -0.211670 0.0118 0.0196 0.0196
v -0.034912 0.156738 -0.211182 0.0118 0.0196 0.0235
v -0.033447 0.158691 -0.213135 0.0275 0.0314 0.0392
v -0.032471 0.156738 -0.212158 0.0667 0.0706 0.0745
v -0.032959 0.157715 -0.212646 0.0275 0.0314 0.0392
v -0.036865 0.162109 -0.199951 0.1255 0.1333 0.1294
v -0.036865 0.184082 -0.208252 0.1176 0.1176 0.1176
v -0.035889 0.186523 -0.209229 0.1176 0.1176 0.1176
v -0.033936 0.188965 -0.210205 0.1137 0.1137 0.1137
v -0.031494 0.189453 -0.210205 0.1059 0.1059 0.1059
v -0.036865 0.181152 -0.217041 0.0118 0.0157 0.0118
v -0.035889 0.184082 -0.218506 0.0078 0.0118 0.0078
v -0.035889 0.180176 -0.219971 0.0000 0.0078 0.0039
v -0.033447 0.179688 -0.220947 0.0706 0.0706 0.0784
v -0.034912 0.182617 -0.220459 0.0078 0.0157 0.0078
v -0.032959 0.180664 -0.221436 0.0667 0.0706 0.0745
v -0.032471 0.181641 -0.221436 0.0706 0.0784 0.0745
v -0.033936 0.186035 -0.218994 0.0078 0.0118 0.0118
v -0.033447 0.184082 -0.221436 0.0824 0.0863 0.0863
v -0.031494 0.187012 -0.219482 0.0078 0.0078 0.0078
v -0.031494 0.185059 -0.221436 0.1255 0.1333 0.1294
v -0.031006 0.156738 -0.212158 0.0824 0.0863 0.0902
v -0.031006 0.182129 -0.221436 0.0824 0.0863 0.0941
v -0.055420 0.203613 -0.208252 0.0235 0.0235 0.0235
v -0.057373 0.203613 -0.212646 0.0157 0.0157 0.0157
v -0.059814 0.203613 -0.224365 0.0157 0.0157 0.0157
v -0.235107 0.001953 -0.260498 0.0000 0.0000 0.0000
v -0.239990 0.025879 -0.251221 0.0627 0.0667 0.0745
v -0.239990 0.025879 -0.261963 0.4823 0.4902 0.5059
v -0.236084 0.009277 -0.267334 0.4863 0.4902 0.5098
v -0.239014 0.021484 -0.267334 0.7372 0.7372 0.7372
v -0.225830 0.029785 -0.251221 0.0157 0.0196 0.0275
v -0.225830 0.029785 -0.261963 0.3490 0.3686 0.3765
v -0.218994 0.014648 -0.267334 0.4784 0.4784 0.4980
v -0.224365 0.025879 -0.267334 0.7333 0.7372 0.7451
v -0.247803 0.066406 -0.251221 0.0706 0.0706 0.0745
v -0.217041 0.007812 -0.260986 0.0000 0.0000 0.0000
v -0.211182 0.033691 -0.267334 0.7176 0.7176 0.7176
v -0.200439 0.017090 -0.261963 0.0235 0.0275 0.0353
v -0.202881 0.022949 -0.267334 0.5059 0.5059 0.5216
v -0.189209 0.033691 -0.267334 0.4941 0.4902 0.5098
v -0.213135 0.037109 -0.251221 0.0275 0.0314 0.0392
v -0.213135 0.037109 -0.261963 0.2823 0.2863 0.2980
v -0.201904 0.045898 -0.251221 0.0314 0.0314 0.0314
v -0.201904 0.045898 -0.261963 0.3412 0.3451 0.3608
v -0.192627 0.057617 -0.251221 0.0275 0.0314 0.0353
v -0.192627 0.057617 -0.261963 0.1882 0.1961 0.2078
v -0.198975 0.043457 -0.267334 0.7255 0.7255 0.7333
v -0.189697 0.055176 -0.267334 0.7764 0.7804 0.7843
v -0.248291 0.067871 -0.263916 0.0588 0.0588 0.0549
v -0.241455 0.068359 -0.251221 0.0784 0.0784 0.0863
v -0.236084 0.071289 -0.251221 0.0627 0.0667 0.0745
v -0.241943 0.069824 -0.263916 0.0588 0.0588 0.0588
v -0.237061 0.072754 -0.264404 0.0431 0.0510 0.0471
v -0.249756 0.088867 -0.265381 0.5333 0.5373 0.5490
v -0.246826 0.091309 -0.265381 0.3529 0.3490 0.3568
v -0.244385 0.094727 -0.265381 0.2745 0.2667 0.2706
v -0.248779 0.071777 -0.267822 0.3372 0.3294 0.3529
v -0.243896 0.073730 -0.267822 0.4628 0.4628 0.4823
v -0.239014 0.076172 -0.267822 0.4784 0.4823 0.4941
v -0.235107 0.079590 -0.267822 0.4980 0.4941 0.5137
v -0.249756 0.088867 -0.272705 0.1098 0.1137 0.1176
v -0.246826 0.091309 -0.272705 0.0627 0.0627 0.0745
v -0.244385 0.094727 -0.272705 0.0392 0.0392 0.0392
v -0.247803 0.092285 -0.274170 0.0824 0.0824 0.0824
v -0.245850 0.095703 -0.274170 0.1765 0.1686 0.1843
v -0.231201 0.075684 -0.251221 0.0549 0.0588 0.0588
v -0.226807 0.080566 -0.251221 0.0471 0.0510 0.0549
v -0.232178 0.076172 -0.263916 0.0431 0.0510 0.0471
v -0.227783 0.081055 -0.264404 0.0431 0.0392 0.0392
v -0.224365 0.085938 -0.251221 0.0353 0.0431 0.0392
v -0.222412 0.092285 -0.251221 0.0314 0.0392 0.0392
v -0.225342 0.086426 -0.264404 0.0275 0.0353 0.0314
v -0.223389 0.092285 -0.263916 0.0196 0.0275 0.0235
v -0.231689 0.083496 -0.267822 0.5098 0.5098 0.5216
v -0.229248 0.088379 -0.267822 0.5804 0.5764 0.5882
v -0.227295 0.093262 -0.267822 0.6276 0.6276 0.6354
v -0.243408 0.099121 -0.265381 0.2588 0.2627 0.2667
v -0.244385 0.103027 -0.265381 0.1686 0.1725 0.1804
v -0.249756 0.109375 -0.265381 0.2588 0.2706 0.2784
v -0.246826 0.106934 -0.265381 0.1843 0.2000 0.2039
v -0.241455 0.128906 -0.251221 0.0039 0.0039 0.0039
v -0.236084 0.125977 -0.251221 0.0000 0.0000 0.0000
v -0.241943 0.127441 -0.264404 0.5686 0.5686 0.5686
v -0.237061 0.125000 -0.264404 0.2706 0.2706 0.2706
v -0.243408 0.099121 -0.272705 0.0863 0.0824 0.0941
v -0.244385 0.103027 -0.272705 0.1608 0.1608 0.1686
v -0.249756 0.109375 -0.272705 0.2000 0.2039 0.2118
v -0.246826 0.106934 -0.272705 0.1922 0.1961 0.2078
v -0.247803 0.105469 -0.274170 0.2353 0.2314 0.2392
v -0.244873 0.099121 -0.274170 0.2118 0.2118 0.2196
v -0.245850 0.102539 -0.274170 0.2039 0.2039 0.2118
v -0.248779 0.125488 -0.267822 0.8117 0.8117 0.8117
v -0.243896 0.123535 -0.267822 0.7921 0.7882 0.7882
v -0.239014 0.121094 -0.267822 0.7882 0.7882 0.7882
v -0.235107 0.117676 -0.267822 0.7882 0.7804 0.7843
v -0.221436 0.098633 -0.251221 0.0314 0.0353 0.0353
v -0.222412 0.104980 -0.251221 0.0078 0.0078 0.0078
v -0.224365 0.111328 -0.251221 0.0078 0.0078 0.0078
v -0.222900 0.098633 -0.263916 0.0039 0.0039 0.0039
v -0.223389 0.104980 -0.263916 0.0039 0.0039 0.0039
v -0.225342 0.110840 -0.263916 0.0039 0.0039 0.0039
v -0.226807 0.116699 -0.251221 0.0039 0.0078 0.0078
v -0.231201 0.121582 -0.251221 0.0039 0.0039 0.0039
v -0.232178 0.120605 -0.263916 0.1020 0.1020 0.1020
v -0.227783 0.116211 -0.263916 0.0118 0.0118 0.0118
v -0.226807 0.098633 -0.267822 0.6589 0.6550 0.6667
v -0.227295 0.104004 -0.267822 0.6980 0.6980 0.6980
v -0.229248 0.108887 -0.267822 0.7764 0.7725 0.7804
v -0.231689 0.113770 -0.267822 0.7882 0.7804 0.7843
v -0.185303 0.029785 -0.262451 0.0235 0.0275 0.0353
v -0.173584 0.044434 -0.262939 0.0510 0.0549 0.0627
v -0.177490 0.047363 -0.267334 0.5647 0.5608 0.5804
v -0.164307 0.061523 -0.262939 0.0784 0.0824 0.0902
v -0.169189 0.062988 -0.267334 0.5608 0.5608 0.5686
v -0.185791 0.070312 -0.251221 0.0392 0.0392 0.0471
v -0.185791 0.070312 -0.261963 0.3568 0.3608 0.3686
v -0.181396 0.083984 -0.251221 0.0392 0.0392 0.0392
v -0.181396 0.083984 -0.261963 0.4902 0.4941 0.5019
v -0.182373 0.068848 -0.267334 0.8235 0.8235 0.8235
v -0.177979 0.083496 -0.267334 0.8274 0.8274 0.8274
v -0.158936 0.079590 -0.262939 0.0941 0.0980 0.1059
v -0.163818 0.080566 -0.267334 0.5530 0.5530 0.5608
v -0.180420 0.098633 -0.251221 0.0431 0.0431 0.0431
v -0.181396 0.113281 -0.251221 0.0588 0.0588 0.0627
v -0.180420 0.098633 -0.261963 0.4823 0.4902 0.4863
v -0.181396 0.113281 -0.261963 0.5019 0.5098 0.5059
v -0.185791 0.126953 -0.251221 0.0824 0.0824 0.0863
v -0.185791 0.126953 -0.261963 0.3529 0.3568 0.3529
v -0.176514 0.098633 -0.267334 0.8353 0.8313 0.8274
v -0.182373 0.128418 -0.267334 0.7608 0.7529 0.7568
v -0.177979 0.113770 -0.267334 0.8078 0.8039 0.8078
v -0.156982 0.098633 -0.262939 0.1176 0.1176 0.1255
v -0.158936 0.117676 -0.262939 0.1176 0.1216 0.1255
v -0.162354 0.098633 -0.267334 0.6276 0.6197 0.6315
v -0.163818 0.116699 -0.267334 0.7294 0.7294 0.7294
v -0.247803 0.130859 -0.251221 0.0039 0.0039 0.0039
v -0.248291 0.129395 -0.263916 0.7686 0.7725 0.7686
v -0.239990 0.171387 -0.251221 0.0784 0.0824 0.0824
v -0.239990 0.171387 -0.261963 0.1608 0.1608 0.1686
v -0.239014 0.175781 -0.267334 0.4784 0.4784 0.4980
v -0.236084 0.189941 -0.267334 0.8000 0.8000 0.8000
v -0.225830 0.167480 -0.251221 0.0941 0.0941 0.0980
v -0.225830 0.167480 -0.261963 0.1176 0.1176 0.1216
v -0.224365 0.171387 -0.267334 0.4745 0.4784 0.4902
v -0.218994 0.184570 -0.267334 0.8274 0.8274 0.8274
v -0.213135 0.160156 -0.251221 0.0863 0.0863 0.0941
v -0.213135 0.160156 -0.261963 0.2314 0.2314 0.2353
v -0.192627 0.139648 -0.251221 0.0863 0.0863 0.0863
v -0.192627 0.139648 -0.261963 0.2039 0.1961 0.2000
v -0.201904 0.151367 -0.251221 0.0824 0.0824 0.0863
v -0.201904 0.151367 -0.261963 0.2471 0.2471 0.2510
v -0.189697 0.142090 -0.267334 0.6315 0.6315 0.6354
v -0.198975 0.153809 -0.267334 0.5921 0.5921 0.6000
v -0.217041 0.188965 -0.262939 0.1961 0.2039 0.2196
v -0.211182 0.164062 -0.267334 0.5137 0.5098 0.5294
v -0.200439 0.179688 -0.262939 0.0745 0.0784 0.0980
v -0.202881 0.175781 -0.267334 0.8117 0.7960 0.8000
v -0.189209 0.164062 -0.267334 0.8117 0.8117 0.8039
v -0.235107 0.194336 -0.262939 0.0667 0.0706 0.0784
v -0.173584 0.152832 -0.262939 0.0980 0.1020 0.1176
v -0.177490 0.149902 -0.267334 0.8000 0.7921 0.7960
v -0.164307 0.135742 -0.262939 0.0784 0.0824 0.0941
v -0.169189 0.134277 -0.267334 0.7764 0.7686 0.7725
v -0.185303 0.167480 -0.262939 0.1216 0.1255 0.1412
v -0.156494 0.237305 -0.282471 0.0353 0.0431 0.0392
v -0.157959 0.243164 -0.282471 0.0392 0.0392 0.0392
v -0.158936 0.252930 -0.282471 0.0392 0.0471 0.0471
v -0.156494 0.238770 -0.300049 0.2000 0.2039 0.2196
v -0.157959 0.244629 -0.300049 0.2863 0.2902 0.3059
v -0.157471 0.244629 -0.302490 0.6157 0.6197 0.6354
v -0.152588 0.233887 -0.282471 0.0196 0.0275 0.0353
v -0.147705 0.231934 -0.282471 0.0235 0.0196 0.0235
v -0.152588 0.235352 -0.300049 0.4353 0.4392 0.4667
v -0.152100 0.236328 -0.302979 0.3372 0.3568 0.3843
v -0.151123 0.237793 -0.304443 0.4235 0.4392 0.4550
v -0.147705 0.233398 -0.300049 0.3686 0.3686 0.4000
v -0.147217 0.234375 -0.302979 0.5530 0.5569 0.5647
v -0.147217 0.236816 -0.304932 0.4157 0.4314 0.4432
v -0.155518 0.239746 -0.302979 0.5176 0.5176 0.5373
v -0.156006 0.245117 -0.304443 0.7529 0.7490 0.7686
v -0.154053 0.240723 -0.304932 0.4980 0.4941 0.5098
v -0.153564 0.246094 -0.305908 0.8313 0.8313 0.8313
v -0.149170 0.240723 -0.305908 0.5059 0.5019 0.5255
v -0.151611 0.242676 -0.305908 0.6471 0.6432 0.6589
v -0.146729 0.239746 -0.305908 0.4392 0.4432 0.4745
v -0.142822 0.252930 -0.304932 0.6667 0.6706 0.6785
v -0.142822 0.252930 -0.311768 0.4275 0.4314 0.4392
v -0.133057 0.231934 -0.282471 0.0275 0.0275 0.0275
v -0.128174 0.233887 -0.282471 0.0431 0.0471 0.0588
v -0.133057 0.233398 -0.300049 0.3294 0.3294 0.3608
v -0.133057 0.234375 -0.302979 0.5490 0.5530 0.5647
v -0.133545 0.236816 -0.304932 0.3882 0.3921 0.4118
v -0.129639 0.237793 -0.304443 0.4118 0.4118 0.4314
v -0.128174 0.235352 -0.300049 0.3529 0.3490 0.3765
v -0.128662 0.236328 -0.302979 0.1647 0.1647 0.1765
v -0.134033 0.239746 -0.305908 0.4118 0.4118 0.4392
v -0.139404 0.252441 -0.304932 0.6745 0.6745 0.6824
v -0.139404 0.252441 -0.311768 0.3451 0.3490 0.3568
v -0.136475 0.252930 -0.304932 0.7216 0.7137 0.7333
v -0.135986 0.252930 -0.311768 0.4314 0.4353 0.4392
v -0.125732 0.239746 -0.302979 0.4432 0.4392 0.4628
v -0.131592 0.240723 -0.305908 0.5373 0.5373 0.5608
v -0.129639 0.242676 -0.305908 0.7098 0.7059 0.7216
v -0.127197 0.240723 -0.304932 0.4510 0.4471 0.4745
v -0.127197 0.246094 -0.305908 0.8235 0.8196 0.8235
v -0.142334 0.253906 -0.313721 0.2275 0.2314 0.2392
v -0.139404 0.253418 -0.313721 0.2941 0.2941 0.2980
v -0.136475 0.253906 -0.313721 0.2235 0.2235 0.2275
v -0.124756 0.237305 -0.282471 0.0745 0.0784 0.0863
v -0.122314 0.243164 -0.282471 0.0667 0.0706 0.0784
v -0.121826 0.252930 -0.282471 0.0588 0.0627 0.0706
v -0.124756 0.238770 -0.300049 0.1294 0.1294 0.1412
v -0.122314 0.244629 -0.300049 0.1373 0.1412 0.1490
v -0.123291 0.244629 -0.302490 0.3882 0.4000 0.4157
v -0.124756 0.245117 -0.304443 0.6236 0.6276 0.6432
v -0.496338 0.269043 -0.000244 0.2863 0.2863 0.2941
v -0.496338 0.267578 -0.012939 0.2784 0.2745 0.2941
v -0.493408 0.272949 -0.000244 0.7490 0.7412 0.7333
v -0.493408 0.271484 -0.013916 0.7764 0.7608 0.7568
v -0.488525 0.274414 -0.000244 0.8706 0.8627 0.8588
v -0.488525 0.272461 -0.014404 0.8941 0.8862 0.8902
v -0.497314 0.263184 -0.025146 0.2667 0.2706 0.2823
v -0.494385 0.266113 -0.026611 0.7568 0.7568 0.7529
v -0.489502 0.267578 -0.027588 0.8627 0.8588 0.8627
v -0.473877 0.254395 -0.001221 0.0706 0.0745 0.0745
v -0.475342 0.268555 -0.013428 0.1373 0.1530 0.1569
v -0.480713 0.274414 -0.000732 0.5019 0.5059 0.5098
v -0.477295 0.272949 -0.000732 0.1137 0.1176 0.1216
v -0.481201 0.272461 -0.014404 0.8078 0.8078 0.8157
v -0.477783 0.271484 -0.014404 0.2000 0.2039 0.2118
v -0.475342 0.270020 -0.000732 0.0941 0.0980 0.1059
v -0.481689 0.267578 -0.027588 0.7020 0.7020 0.7098
v -0.478271 0.266602 -0.027100 0.4353 0.4353 0.4471
v -0.476318 0.263672 -0.025635 0.1490 0.1530 0.1608
v -0.498291 0.255371 -0.035400 0.2627 0.2627 0.2706
v -0.495361 0.258301 -0.037842 0.7647 0.7412 0.7451
v -0.490479 0.259277 -0.038818 0.8470 0.8470 0.8470
v -0.482666 0.259277 -0.038818 0.7804 0.7804 0.7843
v -0.477295 0.256348 -0.036377 0.2235 0.2235 0.2432
v -0.479248 0.258301 -0.038330 0.6000 0.6000 0.6118
v -0.429443 0.254395 -0.001221 0.0706 0.0745 0.0824
v -0.417236 0.273438 -0.241943 0.0627 0.0627 0.0627
v -0.414795 0.273438 -0.240967 0.0588 0.0588 0.0588
v -0.418701 0.273438 -0.244385 0.0510 0.0588 0.0549
v -0.419678 0.273438 -0.248291 0.0588 0.0588 0.0588
v -0.408936 0.279297 -0.237549 0.0745 0.0745 0.0824
v -0.402588 0.272949 -0.237549 0.0510 0.0549 0.0510
v -0.402588 0.279297 -0.243408 0.0275 0.0353 0.0314
v -0.377686 0.272949 -0.237549 0.0627 0.0706 0.0745
v -0.377197 0.273438 -0.240967 0.0627 0.0667 0.0745
v -0.375244 0.273438 -0.241943 0.0667 0.0667 0.0745
v -0.377686 0.279297 -0.243408 0.0667 0.0706 0.0784
v -0.375244 0.279297 -0.246826 0.0784 0.0824 0.0902
v -0.408936 0.342285 -0.237549 0.1176 0.1216 0.1333
v -0.408936 0.354492 -0.237549 0.0353 0.0431 0.0431
v -0.402588 0.342285 -0.243408 0.0510 0.0549 0.0627
v -0.377686 0.342285 -0.243408 0.0745 0.0784 0.0863
v -0.375244 0.341797 -0.246826 0.1451 0.1608 0.1647
v -0.402588 0.348145 -0.237549 0.1216 0.1373 0.1490
v -0.402588 0.348633 -0.237549 0.0235 0.0275 0.0353
v -0.402588 0.354492 -0.243408 0.0196 0.0196 0.0157
v -0.377686 0.348145 -0.237549 0.1176 0.1333 0.1412
v -0.377686 0.348633 -0.237549 0.0157 0.0196 0.0275
v -0.377686 0.354492 -0.243408 0.0314 0.0353 0.0431
v -0.375244 0.354492 -0.246826 0.1530 0.1686 0.1804
v -0.408936 0.421387 -0.237549 0.1137 0.1176 0.1255
v -0.408936 0.433594 -0.237549 0.0471 0.0510 0.0588
v -0.402588 0.421387 -0.243408 0.0588 0.0627 0.0706
v -0.402588 0.427246 -0.237549 0.0510 0.0549 0.0627
v -0.402588 0.427734 -0.237549 0.0235 0.0275 0.0353
v -0.402588 0.433594 -0.243408 0.0235 0.0275 0.0275
v -0.377686 0.421387 -0.243408 0.0941 0.0980 0.1059
v -0.375244 0.420898 -0.246826 0.1647 0.1804 0.1843
v -0.377686 0.427246 -0.237549 0.0471 0.0588 0.0627
v -0.377686 0.427734 -0.237549 0.0353 0.0392 0.0431
v -0.377686 0.433594 -0.243408 0.0863 0.1020 0.1098
v -0.375244 0.432129 -0.246826 0.1490 0.1647 0.1765
v -0.417236 0.471191 -0.241943 0.0235 0.0314 0.0275
v -0.414795 0.471191 -0.240967 0.0235 0.0275 0.0235
v -0.418701 0.471191 -0.244385 0.0314 0.0392 0.0353
v -0.419678 0.471191 -0.248291 0.0353 0.0471 0.0431
v -0.408936 0.471191 -0.237549 0.0235 0.0275 0.0235
v -0.402588 0.471191 -0.243408 0.0157 0.0235 0.0196
v -0.377197 0.471191 -0.240967 0.0157 0.0157 0.0157
v -0.375244 0.471191 -0.241943 0.0196 0.0235 0.0235
v -0.377686 0.471191 -0.243408 0.0275 0.0275 0.0275
v -0.375244 0.471191 -0.246826 0.0353 0.0392 0.0471
v -0.371338 0.279297 -0.237549 0.0745 0.0784 0.0863
v -0.368897 0.279297 -0.240967 0.0706 0.0745 0.0824
v -0.373779 0.273438 -0.244385 0.0627 0.0667 0.0745
v -0.373291 0.273438 -0.248291 0.0627 0.0667 0.0745
v -0.368897 0.273438 -0.246826 0.0392 0.0549 0.0510
v -0.371338 0.342285 -0.237549 0.1098 0.1137 0.1216
v -0.368897 0.341797 -0.240967 0.0941 0.0980 0.1059
v -0.368897 0.347656 -0.246826 0.1059 0.1216 0.1255
v -0.371338 0.354492 -0.237549 0.0471 0.0549 0.0588
v -0.368897 0.354492 -0.240967 0.0314 0.0392 0.0392
v -0.368897 0.348633 -0.246826 0.0431 0.0471 0.0471
v -0.371338 0.421387 -0.237549 0.1059 0.1098 0.1176
v -0.368897 0.420898 -0.240967 0.0667 0.0706 0.0824
v -0.371338 0.433594 -0.237549 0.0471 0.0510 0.0627
v -0.368897 0.432129 -0.240967 0.0275 0.0275 0.0353
v -0.368897 0.426270 -0.246826 0.0667 0.0706 0.0784
v -0.368897 0.427246 -0.246826 0.0275 0.0314 0.0392
v -0.356689 0.470703 -0.206299 0.2353 0.2432 0.2510
v -0.354736 0.470703 -0.214111 0.3490 0.3647 0.3765
v -0.356201 0.500977 -0.206299 0.4235 0.4392 0.4550
v -0.353760 0.500977 -0.213623 0.4039 0.4157 0.4353
v -0.371338 0.471191 -0.237549 0.0157 0.0196 0.0275
v -0.368897 0.471191 -0.240967 0.0314 0.0314 0.0353
v -0.373779 0.471191 -0.244385 0.0275 0.0314 0.0392
v -0.373291 0.471191 -0.248291 0.0392 0.0431 0.0431
v -0.348877 0.470703 -0.219971 0.2039 0.2078 0.2235
v -0.348389 0.500977 -0.219482 0.1530 0.1569 0.1647
v -0.341064 0.470703 -0.221924 0.1804 0.1843 0.2000
v -0.341064 0.500977 -0.221436 0.3059 0.3098 0.3176
v -0.363525 0.508301 -0.216553 0.6118 0.6079 0.6197
v -0.360107 0.507324 -0.211670 0.4000 0.4039 0.4118
v -0.357178 0.504395 -0.207764 0.2510 0.2667 0.2784
v -0.355225 0.504395 -0.215576 0.3490 0.3647 0.3804
v -0.361572 0.508301 -0.223877 0.4941 0.4980 0.5137
v -0.358154 0.507324 -0.218994 0.3686 0.3725 0.3843
v -0.352783 0.507324 -0.224365 0.3059 0.3019 0.3294
v -0.355713 0.508301 -0.228760 0.5333 0.5294 0.5490
v -0.349854 0.504395 -0.220947 0.2000 0.2078 0.2235
v -0.345459 0.507324 -0.226318 0.2588 0.2549 0.2784
v -0.348877 0.508301 -0.230713 0.5647 0.5686 0.5843
v -0.342529 0.504395 -0.222900 0.2235 0.2392 0.2510
v -0.423096 0.275879 -0.261963 0.0980 0.1020 0.1098
v -0.433350 0.262695 -0.272705 0.1255 0.1294 0.1412
v -0.431885 0.269531 -0.271240 0.2392 0.2353 0.2549
v -0.431397 0.262695 -0.280029 0.1020 0.1059 0.1216
v -0.429932 0.269531 -0.278076 0.1412 0.1451 0.1608
v -0.427979 0.274414 -0.267334 0.1059 0.1098 0.1176
v -0.426025 0.274414 -0.274170 0.1098 0.1137 0.1255
v -0.421143 0.275879 -0.268311 0.0784 0.0824 0.0902
v -0.419678 0.273438 -0.270752 0.0667 0.0667 0.0745
v -0.415772 0.275879 -0.273193 0.0706 0.0745 0.0824
v -0.419189 0.273438 -0.274658 0.0784 0.0824 0.0902
v -0.421143 0.274414 -0.279053 0.1098 0.1137 0.1255
v -0.417725 0.273438 -0.277588 0.0627 0.0667 0.0745
v -0.415772 0.273438 -0.278564 0.0510 0.0549 0.0627
v -0.414307 0.274414 -0.280518 0.0784 0.0824 0.0902
v -0.408936 0.275879 -0.275146 0.0549 0.0627 0.0588
v -0.426025 0.262695 -0.284912 0.1373 0.1412 0.1569
v -0.425537 0.269531 -0.282959 0.1333 0.1333 0.1490
v -0.418701 0.269531 -0.284912 0.2235 0.2196 0.2392
v -0.418701 0.262695 -0.286865 0.1216 0.1216 0.1294
v -0.406982 0.254395 -0.300049 0.1098 0.1059 0.1255
v -0.375244 0.279297 -0.273193 0.0706 0.0745 0.0824
v -0.378174 0.273438 -0.278564 0.0431 0.0471 0.0549
v -0.375732 0.273438 -0.277588 0.0627 0.0667 0.0706
v -0.406006 0.254395 -0.302490 0.5530 0.5490 0.5725
v -0.404053 0.254883 -0.304932 0.7412 0.7412 0.7490
v -0.401611 0.255371 -0.305420 0.8313 0.8353 0.8353
v -0.394775 0.257812 -0.304932 0.6118 0.6118 0.6118
v -0.395752 0.261230 -0.304932 0.4314 0.4314 0.4314
v -0.395264 0.257812 -0.311768 0.1843 0.1843 0.1804
v -0.395752 0.261230 -0.311768 0.1255 0.1294 0.1255
v -0.393311 0.254883 -0.304932 0.7020 0.6824 0.6902
v -0.393311 0.254883 -0.311768 0.3176 0.3176 0.3098
v -0.394775 0.264160 -0.304932 0.1882 0.1882 0.1922
v -0.395264 0.264648 -0.311768 0.1725 0.1725 0.1686
v -0.393311 0.267090 -0.304932 0.5216 0.5216 0.5176
v -0.393311 0.267090 -0.311768 0.6039 0.6079 0.6039
v -0.390381 0.269043 -0.304932 0.5804 0.5843 0.5764
v -0.386963 0.269531 -0.304932 0.3725 0.3804 0.3765
v -0.390381 0.269043 -0.311768 0.8039 0.8039 0.8039
v -0.384033 0.269043 -0.304932 0.6745 0.6745 0.6745
v -0.384033 0.269043 -0.311768 0.8196 0.8196 0.8196
v -0.381104 0.254883 -0.304932 0.7294 0.7294 0.7294
v -0.379150 0.257812 -0.304932 0.7255 0.7255 0.7255
v -0.381104 0.254883 -0.311768 0.5373 0.5412 0.5451
v -0.379150 0.257812 -0.311768 0.5530 0.5569 0.5686
v -0.375244 0.255371 -0.305420 0.8313 0.8235 0.8274
v -0.378662 0.261230 -0.304932 0.7098 0.7098 0.7098
v -0.378662 0.261230 -0.311768 0.4392 0.4432 0.4392
v -0.379150 0.264160 -0.304932 0.6863 0.6863 0.6941
v -0.381104 0.267090 -0.304932 0.7412 0.7412 0.7412
v -0.379150 0.264648 -0.311768 0.5921 0.6000 0.5921
v -0.381104 0.267090 -0.311768 0.7059 0.7020 0.7020
v -0.386963 0.270020 -0.311768 0.8157 0.8157 0.8157
v -0.375244 0.341797 -0.273193 0.1922 0.2039 0.2118
v -0.375244 0.354492 -0.273193 0.2000 0.2039 0.2118
v -0.394775 0.261230 -0.313721 0.1647 0.1765 0.1725
v -0.392334 0.255859 -0.313721 0.1922 0.1922 0.2000
v -0.393799 0.258301 -0.313721 0.0941 0.0941 0.0980
v -0.393799 0.264160 -0.313721 0.6745 0.6745 0.6706
v -0.392334 0.266602 -0.313721 0.7647 0.7647 0.7647
v -0.386963 0.261230 -0.313721 0.7137 0.7137 0.7137
v -0.389893 0.268066 -0.313721 0.8157 0.8157 0.8157
v -0.386963 0.268555 -0.313721 0.8196 0.8196 0.8196
v -0.384033 0.268066 -0.313721 0.8313 0.8313 0.8313
v -0.381592 0.255859 -0.313721 0.2627 0.2667 0.2667
v -0.380127 0.258301 -0.313721 0.2000 0.2000 0.2000
v -0.379639 0.261230 -0.313721 0.2510 0.2510 0.2510
v -0.380127 0.264160 -0.313721 0.5373 0.5333 0.5373
v -0.381592 0.266602 -0.313721 0.8470 0.8392 0.8431
v -0.375244 0.420898 -0.273193 0.2118 0.2275 0.2392
v -0.375244 0.432129 -0.273193 0.1373 0.1530 0.1647
v -0.419678 0.471191 -0.270752 0.0353 0.0392 0.0471
v -0.419189 0.471191 -0.274658 0.0314 0.0314 0.0314
v -0.417725 0.471191 -0.277588 0.0275 0.0275 0.0275
v -0.415772 0.471191 -0.278564 0.0196 0.0196 0.0196
v -0.406982 0.471191 -0.278076 0.0118 0.0196 0.0157
v -0.422119 0.467285 -0.287353 0.0392 0.0431 0.0510
v -0.426514 0.469727 -0.289795 0.1020 0.1098 0.1255
v -0.424072 0.469727 -0.300049 0.2118 0.2275 0.2627
v -0.406982 0.472656 -0.295654 0.2157 0.2314 0.2549
v -0.420166 0.467285 -0.297119 0.0039 0.0039 0.0118
v -0.414307 0.467285 -0.303955 0.0784 0.0824 0.0980
v -0.417236 0.469727 -0.307373 0.1882 0.2000 0.2275
v -0.407471 0.469727 -0.310303 0.1373 0.1412 0.1608
v -0.429932 0.473633 -0.292236 0.4784 0.4784 0.5098
v -0.431885 0.479004 -0.293701 0.8470 0.8470 0.8549
v -0.431885 0.494629 -0.293701 0.7764 0.7764 0.7804
v -0.430908 0.501465 -0.291748 0.8157 0.8157 0.8157
v -0.427490 0.473633 -0.302490 0.4432 0.4432 0.4784
v -0.429443 0.479004 -0.303955 0.7529 0.7568 0.7568
v -0.429443 0.494629 -0.303955 0.8039 0.8039 0.8039
v -0.427979 0.501465 -0.302002 0.8000 0.8000 0.8000
v -0.419678 0.473633 -0.309814 0.4353 0.4353 0.4667
v -0.421631 0.479004 -0.311279 0.7294 0.7255 0.7451
v -0.421631 0.494629 -0.311279 0.8078 0.8078 0.8078
v -0.421143 0.501465 -0.309326 0.8000 0.8000 0.8000
v -0.410889 0.501465 -0.312256 0.8470 0.8470 0.8392
v -0.375244 0.471191 -0.273193 0.0314 0.0314 0.0314
v -0.378174 0.471191 -0.278564 0.0039 0.0118 0.0118
v -0.375732 0.471191 -0.277588 0.0118 0.0118 0.0118
v -0.406006 0.472656 -0.298584 0.2706 0.2745 0.2980
v -0.401611 0.472656 -0.301514 0.3019 0.3059 0.3372
v -0.406006 0.467285 -0.306396 0.3216 0.3255 0.3451
v -0.375244 0.472656 -0.301514 0.2510 0.2627 0.2823
v -0.404541 0.473145 -0.300537 0.2863 0.2980 0.3255
v -0.411377 0.479004 -0.313721 0.8392 0.8313 0.8431
v -0.409424 0.473633 -0.312744 0.4589 0.4589 0.4863
v -0.411377 0.494629 -0.313721 0.8745 0.8706 0.8627
v -0.373291 0.273438 -0.271240 0.0471 0.0510 0.0588
v -0.368897 0.273438 -0.273193 0.0275 0.0314 0.0275
v -0.374268 0.273438 -0.274658 0.0588 0.0627 0.0706
v -0.368897 0.279297 -0.279541 0.0235 0.0275 0.0235
v -0.369873 0.254395 -0.300049 0.4980 0.5098 0.5333
v -0.370361 0.254395 -0.302490 0.6589 0.6706 0.6902
v -0.372803 0.254883 -0.304932 0.7882 0.7882 0.7960
v -0.368897 0.347656 -0.273193 0.1294 0.1373 0.1451
v -0.368897 0.341797 -0.279541 0.0471 0.0510 0.0510
v -0.368897 0.348633 -0.273193 0.0275 0.0275 0.0275
v -0.368897 0.354492 -0.279541 0.0275 0.0275 0.0275
v -0.368897 0.420898 -0.279541 0.0510 0.0549 0.0627
v -0.368897 0.426270 -0.273193 0.0588 0.0706 0.0824
v -0.368897 0.427246 -0.273193 0.0235 0.0275 0.0353
v -0.368897 0.432129 -0.279541 0.0118 0.0157 0.0196
v -0.373291 0.471191 -0.271240 0.0353 0.0353 0.0353
v -0.374268 0.471191 -0.274658 0.0235 0.0235 0.0235
v -0.369873 0.471191 -0.278076 0.0235 0.0235 0.0235
v -0.368897 0.471191 -0.279541 0.0275 0.0275 0.0275
v -0.369873 0.472656 -0.295654 0.0275 0.0275 0.0275
v -0.370361 0.472656 -0.298584 0.0431 0.0471 0.0549
v -0.372803 0.473145 -0.300537 0.3490 0.3568 0.3765
v -0.423584 0.508301 -0.280518 0.4432 0.4392 0.4589
v -0.427490 0.506348 -0.286865 0.5137 0.5098 0.5255
v -0.425049 0.506348 -0.297119 0.5255 0.5255 0.5333
v -0.421143 0.508301 -0.290771 0.4510 0.4471 0.4667
v -0.414795 0.508301 -0.298584 0.4745 0.4706 0.4902
v -0.418213 0.506348 -0.304932 0.5451 0.5412 0.5569
v -0.408936 0.506348 -0.307373 0.5921 0.5921 0.6079
v -0.406006 0.508301 -0.301514 0.4589 0.4550 0.4745
v -0.158936 0.254395 -0.300049 0.3294 0.3333 0.3529
v -0.157959 0.254395 -0.302490 0.6941 0.6980 0.7176
v -0.156006 0.254883 -0.304932 0.8353 0.8392 0.8470
v -0.153564 0.255371 -0.305420 0.8235 0.8235 0.8235
v -0.147217 0.257812 -0.304932 0.3921 0.3961 0.4039
v -0.145264 0.254883 -0.304932 0.5843 0.5882 0.5961
v -0.148193 0.261230 -0.304932 0.2745 0.2784 0.2823
v -0.147217 0.257812 -0.311768 0.2745 0.2784 0.2863
v -0.145752 0.254883 -0.311768 0.4078 0.4078 0.4157
v -0.148193 0.261230 -0.311768 0.1922 0.1961 0.2039
v -0.147217 0.264160 -0.304932 0.3176 0.3216 0.3294
v -0.145264 0.267090 -0.304932 0.4706 0.4745 0.4863
v -0.147217 0.264648 -0.311768 0.3529 0.3608 0.3568
v -0.145752 0.267090 -0.311768 0.6432 0.6471 0.6510
v -0.142822 0.269043 -0.304932 0.4550 0.4589 0.4745
v -0.142822 0.269043 -0.311768 0.7686 0.7764 0.7764
v -0.133545 0.254883 -0.304932 0.7255 0.7255 0.7294
v -0.133545 0.254883 -0.311768 0.4980 0.4941 0.5059
v -0.139404 0.269531 -0.304932 0.3686 0.3843 0.3961
v -0.136475 0.269043 -0.304932 0.3059 0.3216 0.3294
v -0.133545 0.267090 -0.304932 0.4589 0.4667 0.4784
v -0.135986 0.269043 -0.311768 0.7647 0.7647 0.7686
v -0.133545 0.267090 -0.311768 0.7333 0.7333 0.7372
v -0.131592 0.257812 -0.304932 0.6902 0.6902 0.6980
v -0.131104 0.261230 -0.304932 0.7216 0.7216 0.7294
v -0.131592 0.257812 -0.311768 0.4353 0.4392 0.4510
v -0.131104 0.261230 -0.311768 0.2863 0.2902 0.2941
v -0.127197 0.255371 -0.305420 0.7960 0.7960 0.8039
v -0.131592 0.264160 -0.304932 0.6745 0.6745 0.6785
v -0.131592 0.264648 -0.311768 0.4510 0.4510 0.4550
v -0.139404 0.270020 -0.311768 0.8039 0.8039 0.8078
v -0.144775 0.255859 -0.313721 0.1804 0.1804 0.1882
v -0.146729 0.261230 -0.313721 0.2588 0.2627 0.2706
v -0.146240 0.258301 -0.313721 0.1765 0.1804 0.1882
v -0.146240 0.264160 -0.313721 0.6393 0.6471 0.6432
v -0.144775 0.266602 -0.313721 0.7647 0.7647 0.7647
v -0.142334 0.268066 -0.313721 0.7843 0.7764 0.7804
v -0.139404 0.261230 -0.313721 0.6902 0.6902 0.6902
v -0.134033 0.255859 -0.313721 0.2118 0.2118 0.2157
v -0.139404 0.268555 -0.313721 0.8078 0.8039 0.8078
v -0.136475 0.268066 -0.313721 0.8117 0.8117 0.8117
v -0.134033 0.266602 -0.313721 0.7843 0.7764 0.7804
v -0.132568 0.258301 -0.313721 0.1922 0.1961 0.1961
v -0.132080 0.261230 -0.313721 0.3804 0.3765 0.3765
v -0.132568 0.264160 -0.313721 0.7568 0.7490 0.7529
v -0.158936 0.471191 -0.278076 0.0392 0.0431 0.0392
v -0.158936 0.472656 -0.295654 0.1294 0.1333 0.1412
v -0.157959 0.472656 -0.298584 0.2157 0.2196 0.2275
v -0.156494 0.473145 -0.300537 0.3882 0.3921 0.4000
v -0.153564 0.472656 -0.301514 0.3333 0.3333 0.3490
v -0.127197 0.473145 -0.301514 0.3608 0.3568 0.3765
v -0.121826 0.254395 -0.300049 0.1961 0.2118 0.2235
v -0.122314 0.254395 -0.302490 0.5647 0.5804 0.5921
v -0.124268 0.254883 -0.304932 0.7529 0.7608 0.7686
v -0.121826 0.471191 -0.278076 0.0314 0.0353 0.0353
v -0.121826 0.472656 -0.295654 0.0510 0.0588 0.0549
v -0.124268 0.472656 -0.300537 0.2078 0.2196 0.2275
v -0.122314 0.472656 -0.298584 0.1098 0.1176 0.1255
v 0.240967 0.001953 0.260498 0.0471 0.0471 0.0510
v 0.124756 0.252930 0.281494 0.0353 0.0392 0.0471
v 0.170166 0.061523 0.262939 0.1176 0.1216 0.1294
v 0.183350 0.047363 0.267822 0.5569 0.5569 0.5569
v 0.174561 0.062988 0.267822 0.6236 0.6157 0.6157
v 0.178955 0.044434 0.262939 0.1294 0.1333 0.1451
v 0.169678 0.080566 0.267822 0.7843 0.7804 0.7725
v 0.164795 0.079590 0.262939 0.1765 0.1804 0.1922
v 0.183350 0.083496 0.267334 0.7451 0.7451 0.7372
v 0.167725 0.098633 0.267822 0.8039 0.8000 0.7921
v 0.169678 0.116699 0.267822 0.8000 0.7882 0.7843
v 0.162842 0.098633 0.262939 0.2510 0.2549 0.2627
v 0.164795 0.117676 0.262939 0.2745 0.2863 0.2941
v 0.181885 0.098633 0.267334 0.7333 0.7294 0.7294
v 0.183350 0.113770 0.267334 0.6471 0.6471 0.6550
v 0.186279 0.098633 0.262451 0.2000 0.2157 0.2196
v 0.186279 0.098633 0.251709 0.1137 0.1176 0.1255
v 0.194580 0.033691 0.267822 0.5098 0.5098 0.5176
v 0.191162 0.029785 0.262451 0.0627 0.0667 0.0745
v 0.208740 0.023438 0.267822 0.5764 0.5764 0.5804
v 0.216553 0.033691 0.267334 0.8117 0.8078 0.8000
v 0.205811 0.017090 0.261963 0.0667 0.0667 0.0745
v 0.195068 0.055176 0.267334 0.8313 0.8274 0.8196
v 0.198486 0.057617 0.262451 0.2549 0.2706 0.2784
v 0.198486 0.057617 0.251709 0.0510 0.0549 0.0549
v 0.204834 0.043457 0.267334 0.8274 0.8235 0.8157
v 0.207275 0.045898 0.262451 0.3019 0.3176 0.3216
v 0.207275 0.045898 0.251709 0.0314 0.0353 0.0314
v 0.218506 0.037109 0.262451 0.2745 0.2745 0.2706
v 0.218506 0.037109 0.251709 0.0235 0.0275 0.0275
v 0.224854 0.015625 0.267822 0.5569 0.5569 0.5647
v 0.230225 0.025879 0.267334 0.7764 0.7725 0.7647
v 0.222412 0.007812 0.260986 0.0471 0.0471 0.0549
v 0.231689 0.029785 0.262451 0.5961 0.6039 0.6000
v 0.231689 0.029785 0.251709 0.0078 0.0078 0.0078
v 0.241943 0.010742 0.267822 0.5176 0.5176 0.5373
v 0.244385 0.021484 0.267334 0.7804 0.7804 0.7686
v 0.245361 0.025879 0.262451 0.6941 0.6980 0.6941
v 0.245361 0.025879 0.251709 0.1961 0.2078 0.2078
v 0.187744 0.068848 0.267334 0.7647 0.7647 0.7608
v 0.191650 0.070312 0.262451 0.2000 0.2039 0.2118
v 0.191650 0.070312 0.251709 0.0667 0.0667 0.0706
v 0.187744 0.083984 0.262451 0.1765 0.1804 0.1843
v 0.187744 0.083984 0.251709 0.0941 0.1020 0.0980
v 0.187744 0.128418 0.267334 0.5530 0.5530 0.5608
v 0.187744 0.113281 0.262451 0.1530 0.1569 0.1647
v 0.187744 0.113281 0.251709 0.0941 0.1020 0.0980
v 0.191650 0.126953 0.262451 0.1608 0.1647 0.1725
v 0.191650 0.126953 0.251709 0.0824 0.0902 0.0902
v 0.234131 0.087891 0.267822 0.6315 0.6236 0.6236
v 0.232666 0.093262 0.267822 0.7451 0.7412 0.7333
v 0.233643 0.081055 0.264404 0.0078 0.0118 0.0078
v 0.232666 0.080566 0.251709 0.0118 0.0196 0.0157
v 0.230713 0.086426 0.264404 0.0745 0.0745 0.0745
v 0.228760 0.092285 0.264404 0.1412 0.1412 0.1530
v 0.229736 0.085938 0.251221 0.0157 0.0157 0.0157
v 0.227783 0.092285 0.251221 0.0431 0.0471 0.0510
v 0.240479 0.079590 0.267822 0.5176 0.5176 0.5255
v 0.249268 0.073242 0.267822 0.4706 0.4706 0.4784
v 0.244385 0.076172 0.267822 0.5019 0.5019 0.5098
v 0.237061 0.083496 0.267822 0.5961 0.5882 0.5921
v 0.241943 0.072754 0.264404 0.0235 0.0314 0.0314
v 0.237549 0.076172 0.264404 0.0118 0.0157 0.0196
v 0.241943 0.071289 0.251709 0.0471 0.0510 0.0627
v 0.237061 0.075684 0.251709 0.0196 0.0275 0.0235
v 0.247803 0.069824 0.264404 0.0471 0.0510 0.0510
v 0.247314 0.068359 0.251709 0.0667 0.0745 0.0824
v 0.232178 0.098633 0.267822 0.8157 0.8117 0.8039
v 0.232666 0.104004 0.267822 0.8431 0.8392 0.8313
v 0.234131 0.108887 0.267822 0.8549 0.8509 0.8431
v 0.228271 0.098633 0.264404 0.4706 0.4706 0.4706
v 0.228760 0.104980 0.264404 0.5490 0.5490 0.5490
v 0.230713 0.110840 0.264404 0.6745 0.6706 0.6628
v 0.227295 0.098633 0.251221 0.0275 0.0275 0.0275
v 0.227783 0.104980 0.251221 0.0196 0.0196 0.0235
v 0.229736 0.111328 0.251221 0.0039 0.0039 0.0039
v 0.233643 0.116211 0.264404 0.7882 0.7843 0.7764
v 0.232666 0.116699 0.251709 0.0078 0.0078 0.0039
v 0.249268 0.099121 0.272705 0.3019 0.3019 0.3019
v 0.237061 0.113770 0.267822 0.8235 0.8235 0.8157
v 0.240479 0.117676 0.267822 0.8039 0.8000 0.8039
v 0.244385 0.121094 0.267822 0.8039 0.8000 0.7960
v 0.249268 0.123535 0.267822 0.8157 0.8117 0.8039
v 0.249268 0.099121 0.265381 0.2471 0.2510 0.2510
v 0.237549 0.120605 0.264404 0.8039 0.8039 0.8039
v 0.241943 0.125000 0.264404 0.7176 0.7137 0.7020
v 0.237061 0.121582 0.251709 0.0549 0.0549 0.0549
v 0.241943 0.125977 0.251221 0.0275 0.0275 0.0275
v 0.247803 0.127441 0.264404 0.8431 0.8431 0.8470
v 0.247314 0.128906 0.251709 0.0078 0.0078 0.0078
v 0.142334 0.253906 0.313721 0.1608 0.1725 0.1725
v 0.144775 0.253418 0.313721 0.3686 0.3765 0.3725
v 0.147705 0.253906 0.313721 0.5373 0.5373 0.5373
v 0.170166 0.135742 0.262939 0.0863 0.0902 0.0980
v 0.174561 0.134277 0.267822 0.8196 0.8157 0.8078
v 0.183350 0.149902 0.267822 0.7960 0.7921 0.7843
v 0.178955 0.152832 0.262939 0.0902 0.0941 0.1020
v 0.132080 0.236328 0.302002 0.2549 0.2627 0.2784
v 0.131592 0.235352 0.299561 0.1608 0.1608 0.1765
v 0.136475 0.234375 0.302002 0.2627 0.2706 0.2980
v 0.133057 0.238281 0.303955 0.3725 0.3765 0.3961
v 0.136475 0.233398 0.299561 0.2471 0.2510 0.2745
v 0.136963 0.236816 0.303955 0.3765 0.3804 0.4000
v 0.132568 0.242676 0.304932 0.8196 0.8117 0.8117
v 0.131104 0.246094 0.304932 0.8157 0.8117 0.8039
v 0.128174 0.239746 0.302002 0.5294 0.5294 0.5451
v 0.126221 0.245117 0.302002 0.7647 0.7686 0.7686
v 0.128662 0.245605 0.303955 0.7960 0.7960 0.7921
v 0.127686 0.238770 0.299072 0.2588 0.2745 0.2863
v 0.125732 0.244629 0.299072 0.6745 0.6785 0.6863
v 0.130127 0.240723 0.303955 0.5176 0.5216 0.5373
v 0.134522 0.240723 0.304932 0.5608 0.5569 0.5725
v 0.136963 0.239746 0.304932 0.4078 0.4039 0.4275
v 0.127686 0.237305 0.281982 0.0431 0.0471 0.0549
v 0.131592 0.233887 0.281982 0.0235 0.0314 0.0314
v 0.136475 0.231934 0.281982 0.0196 0.0196 0.0196
v 0.125732 0.243164 0.281982 0.0431 0.0471 0.0471
v 0.150635 0.234375 0.302002 0.2078 0.2157 0.2392
v 0.150147 0.236816 0.303955 0.3765 0.3765 0.4039
v 0.150635 0.233398 0.299561 0.2275 0.2275 0.2588
v 0.154053 0.238281 0.303955 0.3765 0.3725 0.3961
v 0.155029 0.236328 0.302002 0.3019 0.3019 0.3255
v 0.155518 0.235352 0.299561 0.1922 0.1961 0.2275
v 0.141846 0.252930 0.311279 0.2039 0.2078 0.2078
v 0.144775 0.252441 0.311279 0.2549 0.2549 0.2549
v 0.148193 0.252930 0.311279 0.3882 0.3961 0.3882
v 0.141846 0.252930 0.303955 0.7216 0.7255 0.7294
v 0.144775 0.252441 0.303955 0.7529 0.7568 0.7647
v 0.148193 0.252930 0.303955 0.7529 0.7568 0.7647
v 0.149658 0.239746 0.304932 0.4353 0.4353 0.4667
v 0.152588 0.240723 0.304932 0.4510 0.4471 0.4706
v 0.154053 0.242676 0.304932 0.5882 0.5921 0.6079
v 0.156006 0.246094 0.304932 0.7451 0.7490 0.7568
v 0.150635 0.231934 0.281982 0.0196 0.0275 0.0235
v 0.155518 0.233887 0.281982 0.0314 0.0353 0.0431
v 0.156494 0.240723 0.303955 0.4902 0.4941 0.5098
v 0.158447 0.239746 0.302002 0.3490 0.3529 0.3686
v 0.158447 0.245605 0.303955 0.5608 0.5647 0.5804
v 0.158936 0.238770 0.299072 0.1451 0.1490 0.1647
v 0.160400 0.245117 0.302002 0.3059 0.3216 0.3333
v 0.161377 0.244629 0.299072 0.2039 0.2118 0.2275
v 0.158936 0.237305 0.281982 0.0471 0.0510 0.0588
v 0.161377 0.243164 0.281982 0.0510 0.0549 0.0627
v 0.161865 0.252930 0.281494 0.0431 0.0431 0.0510
v 0.195068 0.142090 0.267334 0.5098 0.5098 0.5255
v 0.198486 0.139648 0.262451 0.1530 0.1686 0.1804
v 0.198486 0.139648 0.251709 0.0902 0.0941 0.1020
v 0.204834 0.153809 0.267334 0.5059 0.5098 0.5294
v 0.207275 0.151367 0.262451 0.1569 0.1608 0.1765
v 0.207275 0.151367 0.251709 0.0902 0.0941 0.1020
v 0.218506 0.160156 0.262451 0.0941 0.0980 0.1098
v 0.218506 0.160156 0.251709 0.0784 0.0863 0.0902
v 0.194580 0.164062 0.267822 0.8039 0.8000 0.7921
v 0.191162 0.167480 0.262939 0.0353 0.0392 0.0471
v 0.208740 0.175781 0.267822 0.7647 0.7608 0.7529
v 0.216553 0.164062 0.267334 0.4941 0.4980 0.5176
v 0.205811 0.179688 0.262939 0.0549 0.0706 0.0745
v 0.230225 0.171387 0.267334 0.4745 0.4745 0.4941
v 0.224365 0.184570 0.267822 0.8078 0.8039 0.7960
v 0.231689 0.167480 0.262451 0.1176 0.1216 0.1294
v 0.231689 0.167480 0.251709 0.0824 0.0863 0.0941
v 0.222900 0.188965 0.262939 0.3059 0.3294 0.3294
v 0.244385 0.175781 0.267334 0.4863 0.4784 0.5059
v 0.241943 0.189941 0.267822 0.8039 0.8039 0.7921
v 0.245361 0.171387 0.262451 0.1098 0.1137 0.1216
v 0.245361 0.171387 0.251709 0.0863 0.0902 0.0980
v 0.240967 0.194336 0.262939 0.4118 0.4196 0.4196
v 0.240967 0.001953 0.194580 0.0235 0.0275 0.0275
v 0.038330 0.179688 0.219971 0.0078 0.0157 0.0118
v 0.035889 0.182129 0.220947 0.0314 0.0392 0.0353
v 0.037354 0.181641 0.220947 0.0196 0.0275 0.0235
v 0.037842 0.180664 0.220459 0.0078 0.0157 0.0118
v 0.036377 0.185059 0.220947 0.0196 0.0196 0.0196
v 0.036377 0.187012 0.218994 0.0078 0.0078 0.0078
v 0.038818 0.184570 0.220459 0.0157 0.0157 0.0157
v 0.040771 0.180176 0.218994 0.0392 0.0471 0.0431
v 0.040283 0.182617 0.219971 0.0235 0.0275 0.0275
v 0.035889 0.156738 0.211670 0.0157 0.0157 0.0157
v 0.037842 0.157715 0.212158 0.0039 0.0118 0.0078
v 0.037354 0.156738 0.211670 0.0157 0.0157 0.0157
v 0.038330 0.158691 0.212646 0.0039 0.0078 0.0118
v 0.036377 0.154297 0.209717 0.0157 0.0157 0.0157
v 0.038818 0.154785 0.209717 0.0431 0.0471 0.0431
v 0.036377 0.153809 0.206299 0.0667 0.0745 0.0706
v 0.040771 0.158691 0.211182 0.0510 0.0588 0.0549
v 0.040283 0.156250 0.210205 0.0706 0.0784 0.0745
v 0.041260 0.156738 0.207275 0.0824 0.0824 0.0902
v 0.041748 0.159668 0.208740 0.0824 0.0824 0.0902
v 0.039307 0.154785 0.206787 0.0745 0.0824 0.0784
v 0.036377 0.156250 0.197510 0.1333 0.1333 0.1333
v 0.039307 0.157227 0.197510 0.1333 0.1333 0.1333
v 0.041260 0.159180 0.198486 0.1294 0.1294 0.1294
v 0.036377 0.189453 0.209717 0.1059 0.1098 0.1176
v 0.041748 0.181152 0.216553 0.0549 0.0549 0.0588
v 0.039307 0.186035 0.218506 0.0235 0.0235 0.0235
v 0.041260 0.184082 0.217529 0.0431 0.0431 0.0431
v 0.041748 0.184082 0.207764 0.0863 0.0941 0.1020
v 0.041260 0.186523 0.208740 0.0980 0.1020 0.1098
v 0.039307 0.188965 0.209229 0.1059 0.1098 0.1176
v 0.041748 0.162109 0.199463 0.1137 0.1137 0.1137
v 0.062256 0.203613 0.207275 0.0471 0.0549 0.0510
v 0.062256 0.135254 0.180420 0.0314 0.0353 0.0431
v 0.062256 0.139160 0.183350 0.0314 0.0353 0.0431
v 0.062256 0.132324 0.176025 0.0235 0.0275 0.0353
v 0.066650 0.142090 0.199463 0.0196 0.0196 0.0196
v 0.066650 0.137207 0.197510 0.0078 0.0078 0.0157
v 0.066650 0.132812 0.194580 0.0039 0.0078 0.0157
v 0.066650 0.130859 0.190674 0.0000 0.0000 0.0039
v 0.076904 0.138184 0.195557 0.0510 0.0549 0.0588
v 0.076416 0.143066 0.197510 0.0627 0.0627 0.0667
v 0.077393 0.133789 0.192139 0.0275 0.0314 0.0392
v 0.077393 0.130859 0.188232 0.0275 0.0314 0.0392
v 0.077393 0.134277 0.188232 0.0235 0.0275 0.0314
v 0.077393 0.138184 0.191162 0.0431 0.0510 0.0471
v 0.083252 0.139648 0.189697 0.0039 0.0039 0.0196
v 0.066650 0.203613 0.223877 0.0118 0.0118 0.0118
v 0.077393 0.203613 0.221436 0.0157 0.0157 0.0157
v 0.064209 0.203613 0.212158 0.0275 0.0275 0.0275
v 0.077393 0.203613 0.216064 0.0235 0.0235 0.0235
v 0.075928 0.203613 0.212158 0.0196 0.0196 0.0196
v 0.083252 0.203613 0.214600 0.0157 0.0157 0.0157
v 0.088135 0.203613 0.210693 0.0157 0.0157 0.0157
v 0.091064 0.203613 0.199951 0.0157 0.0157 0.0157
v 0.064209 0.134277 0.184326 0.0314 0.0353 0.0431
v 0.064209 0.131348 0.179932 0.0235 0.0314 0.0314
v 0.066650 0.129395 0.186279 0.0039 0.0039 0.0039
v 0.064209 0.138184 0.187256 0.0392 0.0431 0.0431
v 0.064209 0.129395 0.175049 0.0196 0.0235 0.0275
v 0.077393 0.131348 0.183838 0.0235 0.0275 0.0353
v 0.075928 0.134277 0.184326 0.0235 0.0275 0.0353
v 0.075928 0.131348 0.179932 0.0235 0.0275 0.0314
v 0.077393 0.129395 0.183350 0.0157 0.0196 0.0235
v 0.075928 0.138184 0.187256 0.0510 0.0588 0.0549
v 0.075928 0.129883 0.176025 0.0157 0.0196 0.0275
v 0.077393 0.129395 0.178955 0.0157 0.0196 0.0275
v 0.062744 0.130859 0.171143 0.0275 0.0275 0.0275
v 0.076416 0.129395 0.171143 0.0157 0.0196 0.0275
v 0.083252 0.135742 0.187256 0.0000 0.0000 0.0157
v 0.083252 0.132812 0.182861 0.0118 0.0157 0.0235
v 0.083252 0.130859 0.177979 0.0471 0.0510 0.0588
v 0.088135 0.135254 0.179932 0.0157 0.0196 0.0275
v 0.088135 0.138184 0.183838 0.0078 0.0118 0.0196
v 0.088135 0.141602 0.186768 0.0078 0.0078 0.0118
v 0.088135 0.133789 0.175049 0.0196 0.0275 0.0235
v 0.091064 0.142090 0.175049 0.0314 0.0392 0.0353
v 0.082764 0.160156 0.184326 0.0431 0.0471 0.0549
v 0.082764 0.156250 0.182861 0.0431 0.0471 0.0549
v 0.082764 0.153809 0.180908 0.0392 0.0392 0.0431
v 0.082764 0.152344 0.178467 0.0392 0.0392 0.0392
v 0.082764 0.151367 0.175537 0.0353 0.0353 0.0353
v 0.091064 0.145508 0.177490 0.0235 0.0275 0.0275
v 0.091064 0.139648 0.171143 0.0314 0.0353 0.0431
v 0.091064 0.138184 0.166748 0.0314 0.0353 0.0431
v 0.082764 0.150879 0.171143 0.0314 0.0392 0.0353
v 0.082764 0.165039 0.184814 0.0431 0.0471 0.0549
v 0.117920 0.158691 0.175537 0.0235 0.0235 0.0235
v 0.123291 0.158691 0.177490 0.0235 0.0235 0.0235
v 0.115479 0.158691 0.170654 0.0196 0.0196 0.0196
v 0.082764 0.203613 0.184814 0.0471 0.0549 0.0510
v 0.066162 0.123535 0.069580 0.0235 0.0235 0.0314
v 0.064209 0.123535 0.065674 0.0157 0.0157 0.0196
v 0.062744 0.124512 0.064209 0.0235 0.0157 0.0275
v 0.077393 0.123535 0.070068 0.0078 0.0078 0.0157
v 0.077393 0.123535 0.067627 0.0118 0.0118 0.0196
v 0.075928 0.123535 0.065674 0.0118 0.0078 0.0157
v 0.076416 0.123535 0.065674 0.0078 0.0078 0.0078
v 0.083252 0.125000 0.067139 0.0471 0.0510 0.0588
v 0.088135 0.128418 0.066162 0.0196 0.0196 0.0196
v 0.082764 0.150879 0.097900 0.0235 0.0314 0.0275
v 0.082764 0.151855 0.093018 0.0275 0.0275 0.0275
v 0.082764 0.153809 0.088623 0.0196 0.0235 0.0235
v 0.082764 0.156250 0.086670 0.0196 0.0275 0.0235
v 0.082764 0.160156 0.084717 0.0235 0.0235 0.0235
v 0.091064 0.133301 0.062744 0.0196 0.0235 0.0314
v 0.082764 0.165039 0.083740 0.0235 0.0314 0.0275
v 0.115479 0.158691 0.098877 0.0235 0.0235 0.0235
v 0.123291 0.158691 0.092041 0.0275 0.0314 0.0275
v 0.100830 0.175293 0.078369 0.0235 0.0275 0.0314
v 0.100830 0.182129 0.082275 0.0353 0.0392 0.0471
v 0.100830 0.189941 0.083740 0.0314 0.0353 0.0431
v 0.100830 0.171875 0.072510 0.0196 0.0196 0.0196
v 0.082764 0.203613 0.083740 0.1059 0.1098 0.1176
v 0.091064 0.203613 0.077393 0.0157 0.0157 0.0157
v 0.100830 0.205078 0.083740 0.0314 0.0392 0.0353
v 0.170166 0.061523 0.192627 0.0353 0.0392 0.0392
v 0.178955 0.044434 0.192627 0.0314 0.0353 0.0431
v 0.182861 0.046875 0.188232 0.1255 0.1294 0.1373
v 0.174072 0.062988 0.188232 0.0902 0.0941 0.1020
v 0.164795 0.079590 0.192627 0.0392 0.0431 0.0471
v 0.169189 0.080566 0.188232 0.0549 0.0588 0.0667
v 0.162842 0.098633 0.192627 0.0392 0.0431 0.0510
v 0.167236 0.098633 0.188232 0.0510 0.0549 0.0627
v 0.164795 0.117676 0.192627 0.0353 0.0431 0.0431
v 0.169189 0.116699 0.188232 0.0510 0.0549 0.0627
v 0.154053 0.059082 0.156982 0.0392 0.0431 0.0510
v 0.151611 0.058105 0.152100 0.0314 0.0353 0.0431
v 0.163330 0.048828 0.156982 0.0392 0.0431 0.0510
v 0.157471 0.061035 0.160889 0.0235 0.0235 0.0314
v 0.167236 0.051270 0.160889 0.0275 0.0314 0.0392
v 0.175537 0.039062 0.156982 0.0471 0.0510 0.0510
v 0.179443 0.041016 0.160889 0.0706 0.0784 0.0745
v 0.186279 0.029785 0.151611 0.0235 0.0196 0.0353
v 0.160889 0.047852 0.152100 0.0353 0.0392 0.0471
v 0.172607 0.037598 0.152100 0.0275 0.0275 0.0353
v 0.140381 0.082520 0.156982 0.0392 0.0431 0.0510
v 0.137451 0.095703 0.157471 0.0392 0.0392 0.0392
v 0.145752 0.070801 0.156982 0.0353 0.0392 0.0471
v 0.149658 0.072266 0.160889 0.0353 0.0353 0.0431
v 0.144775 0.082520 0.160889 0.0353 0.0353 0.0392
v 0.141846 0.093262 0.160889 0.0392 0.0392 0.0471
v 0.136475 0.109863 0.157959 0.0431 0.0431 0.0431
v 0.139893 0.106445 0.160889 0.0392 0.0392 0.0431
v 0.133057 0.128906 0.170654 0.0353 0.0392 0.0471
v 0.138916 0.120117 0.160889 0.0235 0.0314 0.0275
v 0.135498 0.123535 0.157471 0.0196 0.0275 0.0235
v 0.134521 0.127930 0.159912 0.0235 0.0235 0.0235
v 0.137451 0.123535 0.160889 0.0235 0.0275 0.0314
v 0.154541 0.101562 0.175537 0.0314 0.0353 0.0431
v 0.152100 0.100098 0.170654 0.0275 0.0275 0.0353
v 0.152588 0.100098 0.160889 0.0078 0.0157 0.0118
v 0.137939 0.082520 0.152100 0.0235 0.0314 0.0275
v 0.134521 0.096680 0.152588 0.0235 0.0275 0.0314
v 0.143799 0.069824 0.152100 0.0353 0.0353 0.0353
v 0.133057 0.111328 0.153076 0.0275 0.0314 0.0275
v 0.133057 0.125488 0.152588 0.0157 0.0235 0.0196
v 0.176025 0.076660 0.175537 0.0588 0.0588 0.0588
v 0.180420 0.079102 0.177490 0.1176 0.1176 0.1176
v 0.174561 0.075195 0.170654 0.0275 0.0314 0.0392
v 0.174561 0.075195 0.160889 0.0275 0.0353 0.0314
v 0.159424 0.102539 0.177490 0.0235 0.0314 0.0275
v 0.191162 0.029785 0.193115 0.0314 0.0314 0.0392
v 0.194580 0.032715 0.188232 0.1922 0.1961 0.2039
v 0.205811 0.017090 0.193115 0.0157 0.0157 0.0157
v 0.208252 0.021484 0.188232 0.1412 0.1451 0.1412
v 0.222412 0.007812 0.194092 0.0157 0.0157 0.0157
v 0.224365 0.012695 0.188232 0.0824 0.0941 0.1098
v 0.241943 0.007324 0.188232 0.0784 0.0824 0.0902
v 0.233643 0.092773 0.194580 0.1137 0.1176 0.1216
v 0.239502 0.081543 0.194580 0.1059 0.1137 0.1098
v 0.249268 0.074219 0.194580 0.0941 0.1020 0.1020
v 0.244385 0.077148 0.194580 0.0941 0.0980 0.1059
v 0.235107 0.086914 0.194580 0.1176 0.1255 0.1216
v 0.232666 0.099121 0.194580 0.1137 0.1216 0.1176
v 0.233643 0.105469 0.194580 0.1137 0.1176 0.1255
v 0.235596 0.111328 0.194580 0.1020 0.1059 0.1137
v 0.239502 0.116211 0.194580 0.1059 0.1137 0.1098
v 0.244385 0.120605 0.194580 0.1020 0.1098 0.1098
v 0.249268 0.124023 0.194580 0.1059 0.1137 0.1098
v 0.188232 0.031250 0.156982 0.0471 0.0471 0.0510
v 0.193115 0.033691 0.160889 0.0784 0.0784 0.0784
v 0.201904 0.026855 0.156982 0.0353 0.0353 0.0353
v 0.203369 0.029785 0.160889 0.0588 0.0627 0.0588
v 0.215576 0.025391 0.156982 0.0431 0.0431 0.0510
v 0.213623 0.028809 0.160889 0.0667 0.0667 0.0667
v 0.198486 0.059570 0.160889 0.0314 0.0392 0.0353
v 0.204346 0.059570 0.175537 0.0745 0.0745 0.0745
v 0.208252 0.062988 0.177490 0.1373 0.1373 0.1373
v 0.203369 0.057617 0.170654 0.0275 0.0275 0.0275
v 0.200439 0.024902 0.151123 0.0235 0.0235 0.0314
v 0.215576 0.022949 0.151123 0.0235 0.0275 0.0353
v 0.230225 0.032227 0.160889 0.0824 0.0902 0.0863
v 0.230713 0.027832 0.156982 0.0510 0.0549 0.0627
v 0.246826 0.034668 0.158936 0.0353 0.0392 0.0431
v 0.230225 0.050293 0.175537 0.0863 0.0941 0.0902
v 0.231689 0.054688 0.177490 0.1176 0.1255 0.1216
v 0.229248 0.047852 0.170654 0.0275 0.0275 0.0275
v 0.229248 0.048340 0.160889 0.0275 0.0275 0.0275
v 0.242920 0.037109 0.160889 0.0431 0.0431 0.0431
v 0.230713 0.024902 0.152588 0.0314 0.0314 0.0392
v 0.248291 0.032715 0.155518 0.0196 0.0196 0.0353
v 0.170166 0.135742 0.192627 0.0235 0.0314 0.0275
v 0.174072 0.134277 0.188232 0.0392 0.0431 0.0510
v 0.178955 0.152832 0.192627 0.0235 0.0196 0.0235
v 0.182861 0.150391 0.188232 0.0353 0.0392 0.0471
v 0.135010 0.130371 0.175537 0.0745 0.0784 0.0863
v 0.138916 0.132812 0.177490 0.1098 0.1098 0.1176
v 0.133057 0.129883 0.156494 0.0353 0.0431 0.0392
v 0.191162 0.167480 0.192627 0.0196 0.0275 0.0314
v 0.194580 0.164551 0.188232 0.0353 0.0392 0.0431
v 0.208252 0.175781 0.188232 0.0314 0.0392 0.0353
v 0.205811 0.179688 0.192627 0.0196 0.0275 0.0235
v 0.222900 0.188965 0.192627 0.0196 0.0275 0.0235
v 0.224365 0.184570 0.188232 0.0314 0.0392 0.0353
v 0.241943 0.189941 0.188232 0.0314 0.0392 0.0392
v 0.240967 0.194336 0.192627 0.0157 0.0196 0.0196
v 0.151611 0.058105 0.117920 0.0275 0.0353 0.0353
v 0.154053 0.059082 0.113037 0.0353 0.0431 0.0392
v 0.186279 0.029785 0.117920 0.0392 0.0431 0.0510
v 0.160889 0.047852 0.117920 0.0275 0.0314 0.0392
v 0.161865 0.048340 0.115479 0.0275 0.0314 0.0353
v 0.163330 0.048828 0.113037 0.0392 0.0471 0.0431
v 0.164795 0.049805 0.110596 0.0471 0.0549 0.0510
v 0.157471 0.061035 0.108643 0.0706 0.0784 0.0824
v 0.167236 0.051270 0.108643 0.0784 0.0863 0.0824
v 0.172607 0.037598 0.117920 0.0353 0.0392 0.0471
v 0.175537 0.039062 0.112549 0.0314 0.0353 0.0431
v 0.179443 0.041016 0.108643 0.0941 0.0980 0.1020
v 0.137939 0.082520 0.117920 0.0314 0.0314 0.0314
v 0.134521 0.096680 0.117432 0.0275 0.0314 0.0275
v 0.140381 0.082520 0.113037 0.0392 0.0471 0.0471
v 0.137451 0.095703 0.112549 0.0353 0.0392 0.0471
v 0.143799 0.069824 0.117920 0.0275 0.0353 0.0314
v 0.145752 0.070801 0.113037 0.0314 0.0353 0.0431
v 0.149658 0.072266 0.108643 0.0667 0.0706 0.0784
v 0.144775 0.082520 0.108643 0.0627 0.0667 0.0706
v 0.141846 0.093262 0.108643 0.0510 0.0549 0.0627
v 0.133057 0.111328 0.116943 0.0235 0.0235 0.0235
v 0.136475 0.109863 0.112061 0.0314 0.0314 0.0314
v 0.133057 0.125488 0.117432 0.0196 0.0196 0.0196
v 0.135498 0.123535 0.112549 0.0235 0.0314 0.0275
v 0.134521 0.127930 0.110107 0.0275 0.0353 0.0353
v 0.139893 0.106445 0.108643 0.0275 0.0431 0.0353
v 0.138916 0.120117 0.108643 0.0353 0.0392 0.0471
v 0.137451 0.123535 0.108643 0.0353 0.0392 0.0431
v 0.133057 0.128906 0.098877 0.0392 0.0431 0.0510
v 0.152588 0.100098 0.108643 0.0431 0.0471 0.0510
v 0.152100 0.100098 0.098877 0.0431 0.0471 0.0549
v 0.174561 0.075195 0.108643 0.0510 0.0549 0.0588
v 0.174561 0.075195 0.098877 0.0510 0.0588 0.0588
v 0.180420 0.079102 0.092041 0.1137 0.1216 0.1176
v 0.159424 0.102539 0.092041 0.1020 0.1059 0.1059
v 0.188232 0.031250 0.113037 0.0275 0.0314 0.0392
v 0.200439 0.024902 0.118408 0.0471 0.0510 0.0588
v 0.201904 0.026855 0.112549 0.0706 0.0745 0.0784
v 0.193115 0.033691 0.108643 0.1137 0.1216 0.1176
v 0.215576 0.022949 0.118408 0.0353 0.0353 0.0431
v 0.215576 0.025391 0.112549 0.0627 0.0667 0.0745
v 0.203369 0.029785 0.108643 0.1294 0.1333 0.1294
v 0.213623 0.028809 0.108643 0.1255 0.1294 0.1412
v 0.198486 0.059570 0.108643 0.0667 0.0706 0.0784
v 0.203369 0.057617 0.098877 0.0314 0.0353 0.0431
v 0.208252 0.062988 0.092041 0.1137 0.1216 0.1176
v 0.230713 0.024902 0.117432 0.0353 0.0392 0.0471
v 0.230713 0.027832 0.112549 0.0471 0.0510 0.0588
v 0.230225 0.032227 0.108643 0.1098 0.1137 0.1137
v 0.248291 0.032715 0.114502 0.0353 0.0431 0.0431
v 0.229248 0.048340 0.108643 0.0627 0.0706 0.0706
v 0.229248 0.047852 0.098877 0.0510 0.0510 0.0588
v 0.242920 0.037109 0.108643 0.0667 0.0824 0.0941
v 0.231689 0.054688 0.092041 0.1412 0.1412 0.1412
v 0.234131 0.079590 0.021728 0.0196 0.0235 0.0235
v 0.233643 0.092773 0.025635 0.0196 0.0275 0.0235
v 0.230225 0.085449 0.021728 0.0196 0.0275 0.0235
v 0.228271 0.092285 0.021728 0.0235 0.0275 0.0235
v 0.239014 0.082031 0.026123 0.0235 0.0235 0.0314
v 0.239014 0.074707 0.021728 0.0235 0.0235 0.0235
v 0.248291 0.074219 0.026123 0.0431 0.0431 0.0431
v 0.242920 0.077637 0.026123 0.0196 0.0196 0.0196
v 0.244385 0.071289 0.021728 0.0275 0.0275 0.0353
v 0.235596 0.087402 0.025635 0.0196 0.0275 0.0235
v 0.232666 0.099121 0.025635 0.0196 0.0235 0.0235
v 0.233154 0.104980 0.025635 0.0196 0.0196 0.0196
v 0.227295 0.099121 0.021728 0.0196 0.0235 0.0235
v 0.228271 0.105957 0.021728 0.0196 0.0196 0.0196
v 0.230713 0.112305 0.021728 0.0196 0.0196 0.0196
v 0.234131 0.118164 0.021728 0.0196 0.0196 0.0196
v 0.235596 0.110840 0.026123 0.0235 0.0235 0.0235
v 0.239014 0.116211 0.026123 0.0235 0.0235 0.0235
v 0.239014 0.123047 0.021728 0.0196 0.0196 0.0196
v 0.242920 0.120605 0.026123 0.0235 0.0235 0.0235
v 0.248291 0.124023 0.026123 0.0196 0.0196 0.0196
v 0.244873 0.126953 0.021728 0.0157 0.0196 0.0196
v 0.133057 0.129883 0.113525 0.0235 0.0314 0.0314
v 0.138916 0.132812 0.092041 0.0745 0.0784 0.0863
v 0.260010 0.000000 0.260498 0.0471 0.0471 0.0510
v 0.279053 0.001953 0.260498 0.0471 0.0471 0.0510
v 0.260010 0.008789 0.267822 0.4667 0.4706 0.4902
v 0.260010 0.020020 0.267334 0.7882 0.7843 0.7725
v 0.260010 0.024414 0.262451 0.8117 0.8117 0.8117
v 0.260010 0.024414 0.251709 0.6628 0.6628 0.6589
v 0.277588 0.010254 0.267822 0.4550 0.4550 0.4863
v 0.275147 0.021484 0.267334 0.7804 0.7764 0.7686
v 0.274170 0.025879 0.262451 0.6980 0.7059 0.6941
v 0.274170 0.025879 0.251709 0.0941 0.1098 0.1137
v 0.253662 0.066406 0.251221 0.0824 0.0863 0.0941
v 0.260010 0.065918 0.251709 0.0941 0.0941 0.1020
v 0.266357 0.066406 0.251221 0.0941 0.0980 0.1020
v 0.294678 0.015625 0.267822 0.4314 0.4353 0.4550
v 0.289795 0.025879 0.267334 0.7725 0.7686 0.7608
v 0.287842 0.029785 0.262451 0.6354 0.6432 0.6393
v 0.287842 0.029785 0.251709 0.1294 0.1412 0.1490
v 0.302979 0.033691 0.267334 0.7686 0.7647 0.7568
v 0.311279 0.023438 0.267822 0.3804 0.3804 0.4000
v 0.297119 0.007812 0.260986 0.0392 0.0392 0.0471
v 0.301025 0.037109 0.262451 0.6079 0.6236 0.6197
v 0.301025 0.037109 0.251709 0.0471 0.0510 0.0588
v 0.311768 0.045898 0.262451 0.6628 0.6706 0.6667
v 0.311768 0.045898 0.251221 0.0588 0.0627 0.0706
v 0.254150 0.071777 0.267822 0.4000 0.3961 0.4157
v 0.260010 0.071289 0.267822 0.2627 0.2588 0.2745
v 0.264893 0.071777 0.267822 0.1530 0.1490 0.1647
v 0.253174 0.092285 0.274658 0.1843 0.1843 0.1882
v 0.251221 0.095703 0.274658 0.2275 0.2275 0.2353
v 0.256592 0.090332 0.274658 0.0745 0.0745 0.0784
v 0.255615 0.088867 0.272705 0.0941 0.0980 0.0980
v 0.252197 0.091309 0.272705 0.0863 0.0902 0.0980
v 0.250244 0.094727 0.272705 0.1882 0.1922 0.2000
v 0.259522 0.089844 0.274658 0.0706 0.0745 0.0706
v 0.263428 0.090332 0.274658 0.0824 0.0824 0.0824
v 0.259522 0.087891 0.272705 0.1451 0.1451 0.1451
v 0.263916 0.088867 0.272705 0.3568 0.3568 0.3568
v 0.253662 0.067871 0.264404 0.0667 0.0627 0.0667
v 0.260010 0.067383 0.264404 0.0745 0.0745 0.0745
v 0.255615 0.088867 0.265381 0.1412 0.1451 0.1451
v 0.252197 0.091309 0.265381 0.0902 0.0902 0.0902
v 0.250244 0.094727 0.265381 0.0941 0.0980 0.1059
v 0.259522 0.087891 0.265381 0.3372 0.3333 0.3255
v 0.263916 0.088867 0.265381 0.4628 0.4628 0.4628
v 0.270264 0.073242 0.267822 0.1294 0.1294 0.1333
v 0.275147 0.076172 0.267822 0.1216 0.1216 0.1255
v 0.279541 0.079590 0.267822 0.1373 0.1373 0.1412
v 0.266357 0.092285 0.274658 0.0275 0.0275 0.0275
v 0.268311 0.095703 0.274658 0.0157 0.0196 0.0196
v 0.267334 0.091309 0.272705 0.6354 0.6354 0.6354
v 0.269775 0.094727 0.272705 0.6510 0.6510 0.6510
v 0.265869 0.067871 0.264404 0.0980 0.0980 0.0941
v 0.272217 0.069824 0.264404 0.1059 0.1059 0.1059
v 0.272217 0.068359 0.251221 0.1020 0.1020 0.1059
v 0.277100 0.072754 0.264404 0.1176 0.1176 0.1176
v 0.278076 0.071289 0.251709 0.1020 0.1020 0.1098
v 0.267334 0.091309 0.265381 0.5294 0.5176 0.5255
v 0.269775 0.094727 0.265381 0.4078 0.4000 0.4078
v 0.250732 0.099121 0.274658 0.2784 0.2784 0.2784
v 0.251221 0.102539 0.274658 0.2863 0.2863 0.2863
v 0.253174 0.105469 0.274658 0.2745 0.2745 0.2745
v 0.256592 0.107910 0.274658 0.2549 0.2588 0.2588
v 0.250244 0.103027 0.272705 0.2902 0.2902 0.2902
v 0.252197 0.106934 0.272705 0.2314 0.2314 0.2314
v 0.255615 0.109375 0.272705 0.2432 0.2510 0.2471
v 0.259522 0.099121 0.274658 0.2078 0.2078 0.2157
v 0.259522 0.108398 0.274658 0.2471 0.2510 0.2510
v 0.263428 0.107910 0.274658 0.2784 0.2823 0.2902
v 0.260010 0.098633 0.267822 0.2471 0.2549 0.2510
v 0.259522 0.109863 0.272705 0.1804 0.1882 0.1843
v 0.263916 0.109375 0.272705 0.2863 0.2980 0.3019
v 0.254150 0.125488 0.267822 0.8470 0.8431 0.8392
v 0.260010 0.125977 0.267822 0.8902 0.8862 0.8784
v 0.264893 0.125488 0.267822 0.8980 0.8980 0.8902
v 0.250244 0.103027 0.265381 0.1961 0.2039 0.2000
v 0.252197 0.106934 0.265381 0.1765 0.1765 0.1804
v 0.255615 0.109375 0.265381 0.1569 0.1608 0.1686
v 0.259522 0.109863 0.265381 0.1725 0.1804 0.1765
v 0.263916 0.109375 0.265381 0.2941 0.3059 0.3098
v 0.269287 0.099121 0.274658 0.0745 0.0745 0.0745
v 0.266357 0.105469 0.274658 0.2510 0.2549 0.2627
v 0.268311 0.102539 0.274658 0.1176 0.1176 0.1176
v 0.270752 0.099121 0.272705 0.2000 0.2000 0.2000
v 0.269775 0.103027 0.272705 0.1804 0.1804 0.1804
v 0.267334 0.106934 0.272705 0.1412 0.1490 0.1530
v 0.270264 0.123535 0.267822 0.9176 0.9176 0.9176
v 0.275147 0.121094 0.267822 0.8745 0.8706 0.8706
v 0.279541 0.117676 0.267822 0.8627 0.8627 0.8627
v 0.270752 0.099121 0.265381 0.3882 0.3961 0.3961
v 0.269775 0.103027 0.265381 0.2118 0.2235 0.2275
v 0.267334 0.106934 0.265381 0.3098 0.3137 0.3216
v 0.272217 0.127441 0.264404 0.0824 0.0863 0.0863
v 0.272217 0.128906 0.251221 0.0000 0.0039 0.0039
v 0.277100 0.125000 0.264404 0.0157 0.0275 0.0353
v 0.278076 0.125977 0.251709 0.0353 0.0392 0.0353
v 0.282471 0.083496 0.267822 0.1686 0.1686 0.1686
v 0.284912 0.087891 0.267822 0.1333 0.1333 0.1373
v 0.286865 0.093262 0.267822 0.1530 0.1530 0.1569
v 0.281982 0.076172 0.264404 0.1176 0.1176 0.1176
v 0.285889 0.081055 0.264404 0.1216 0.1216 0.1216
v 0.282959 0.075684 0.251709 0.1098 0.1098 0.1176
v 0.286865 0.080566 0.251709 0.1137 0.1176 0.1255
v 0.288818 0.086426 0.264404 0.1216 0.1216 0.1216
v 0.290283 0.092285 0.264404 0.1059 0.1059 0.1059
v 0.289795 0.085938 0.251221 0.1255 0.1255 0.1255
v 0.291748 0.092285 0.251709 0.1373 0.1373 0.1412
v 0.287354 0.098633 0.267822 0.1922 0.1922 0.1961
v 0.286865 0.104004 0.267822 0.2941 0.2941 0.3019
v 0.284912 0.108887 0.267822 0.7059 0.7098 0.7059
v 0.282471 0.113770 0.267822 0.8313 0.8313 0.8313
v 0.288818 0.110840 0.264404 0.0863 0.0863 0.0863
v 0.291260 0.098633 0.264404 0.1176 0.1176 0.1176
v 0.290283 0.104980 0.264404 0.0941 0.0941 0.0941
v 0.292236 0.098633 0.251709 0.1451 0.1451 0.1530
v 0.291748 0.104980 0.251709 0.1451 0.1451 0.1490
v 0.289795 0.111328 0.251221 0.1451 0.1451 0.1490
v 0.281982 0.120605 0.264404 0.0353 0.0431 0.0392
v 0.285889 0.116211 0.264404 0.0510 0.0510 0.0510
v 0.286865 0.116699 0.251709 0.1333 0.1333 0.1373
v 0.282959 0.121582 0.251709 0.0667 0.0706 0.0784
v 0.324951 0.033691 0.267822 0.1569 0.1608 0.1725
v 0.313721 0.017090 0.261963 0.0471 0.0471 0.0549
v 0.328369 0.029785 0.262451 0.0549 0.0588 0.0667
v 0.314697 0.043457 0.267334 0.7843 0.7804 0.7686
v 0.324463 0.055176 0.267334 0.7686 0.7608 0.7451
v 0.321045 0.057617 0.262451 0.5530 0.5647 0.5686
v 0.321045 0.057617 0.251709 0.0078 0.0118 0.0157
v 0.336182 0.047363 0.267822 0.1176 0.1216 0.1294
v 0.340576 0.044434 0.262939 0.0588 0.0627 0.0706
v 0.344971 0.062988 0.267822 0.1216 0.1294 0.1294
v 0.349365 0.061523 0.262939 0.0549 0.0549 0.0627
v 0.327881 0.070312 0.262451 0.4941 0.4980 0.5019
v 0.327881 0.070312 0.251709 0.0431 0.0431 0.0431
v 0.331787 0.068848 0.267334 0.7608 0.7568 0.7490
v 0.336182 0.083496 0.267334 0.7764 0.7686 0.7608
v 0.332275 0.083984 0.262451 0.6785 0.6824 0.6706
v 0.332275 0.083984 0.251709 0.2078 0.2118 0.2196
v 0.327881 0.126953 0.262451 0.3961 0.3961 0.3882
v 0.327881 0.126953 0.251709 0.0471 0.0471 0.0471
v 0.337647 0.098633 0.267334 0.8039 0.7882 0.7882
v 0.331787 0.128418 0.267334 0.7764 0.7725 0.7647
v 0.336182 0.113770 0.267334 0.7764 0.7608 0.7568
v 0.333740 0.098633 0.262451 0.6980 0.6980 0.6902
v 0.332275 0.113281 0.262451 0.6432 0.6432 0.6354
v 0.333740 0.098633 0.251709 0.2078 0.2078 0.2118
v 0.332275 0.113281 0.251709 0.1294 0.1373 0.1412
v 0.350342 0.080566 0.267822 0.0902 0.0941 0.1020
v 0.354736 0.079590 0.262939 0.0510 0.0549 0.0627
v 0.351807 0.098633 0.267822 0.1530 0.1569 0.1647
v 0.350342 0.116699 0.267822 0.1647 0.1647 0.1686
v 0.356689 0.098633 0.262939 0.0431 0.0471 0.0549
v 0.354736 0.117676 0.262939 0.0588 0.0588 0.0667
v 0.253662 0.129395 0.264404 0.8666 0.8666 0.8666
v 0.253662 0.130859 0.251221 0.0039 0.0039 0.0039
v 0.260010 0.129883 0.264404 0.8039 0.8039 0.8039
v 0.260010 0.131348 0.251709 0.0000 0.0000 0.0000
v 0.265869 0.129395 0.264404 0.3019 0.3019 0.2980
v 0.266357 0.130859 0.251221 0.0039 0.0039 0.0039
v 0.260010 0.177246 0.267334 0.4823 0.4784 0.4980
v 0.260010 0.172852 0.262451 0.1176 0.1255 0.1216
v 0.260010 0.172852 0.251709 0.0745 0.0784 0.0824
v 0.275147 0.175781 0.267334 0.4589 0.4550 0.4706
v 0.278076 0.189941 0.267822 0.8157 0.8117 0.8039
v 0.274170 0.171387 0.262451 0.1725 0.1765 0.1922
v 0.274170 0.171387 0.251709 0.0706 0.0745 0.0824
v 0.301025 0.160156 0.262451 0.3294 0.3451 0.3490
v 0.301025 0.160156 0.251221 0.0314 0.0353 0.0431
v 0.311768 0.151367 0.262451 0.3019 0.3176 0.3294
v 0.311768 0.151367 0.251221 0.0353 0.0392 0.0471
v 0.289795 0.171387 0.267334 0.6589 0.6550 0.6628
v 0.295166 0.184570 0.267822 0.7843 0.7804 0.7725
v 0.287842 0.167480 0.262451 0.2902 0.2980 0.2941
v 0.287842 0.167480 0.251709 0.0392 0.0392 0.0471
v 0.302979 0.164062 0.267334 0.7725 0.7686 0.7686
v 0.311279 0.175781 0.267822 0.8157 0.8117 0.8078
v 0.297119 0.188965 0.262939 0.1412 0.1412 0.1490
v 0.260010 0.191895 0.267822 0.8157 0.8117 0.8039
v 0.260010 0.196289 0.262939 0.4628 0.4628 0.4628
v 0.279053 0.194336 0.262939 0.0706 0.0784 0.0745
v 0.324463 0.142090 0.267334 0.7686 0.7608 0.7608
v 0.314697 0.153809 0.267334 0.7804 0.7764 0.7686
v 0.321045 0.139648 0.262451 0.3647 0.3647 0.3647
v 0.321045 0.139648 0.251709 0.0157 0.0157 0.0157
v 0.336182 0.149902 0.267822 0.8039 0.8039 0.8000
v 0.340576 0.152832 0.262939 0.0745 0.0745 0.0824
v 0.324951 0.164551 0.267822 0.8157 0.8117 0.8078
v 0.313721 0.179688 0.262939 0.1137 0.1137 0.1216
v 0.328369 0.167480 0.262939 0.1412 0.1412 0.1490
v 0.344971 0.134277 0.267822 0.5882 0.5921 0.5961
v 0.349365 0.135742 0.262939 0.0588 0.0588 0.0667
v 0.374756 0.252930 0.281494 0.0431 0.0471 0.0510
v 0.390869 0.253906 0.313721 0.1333 0.1412 0.1530
v 0.393799 0.253418 0.313721 0.3412 0.3451 0.3529
v 0.396729 0.253906 0.313721 0.4745 0.4745 0.4823
v 0.382568 0.238281 0.303955 0.3686 0.3725 0.3961
v 0.381592 0.236328 0.302002 0.2392 0.2510 0.2745
v 0.381104 0.235352 0.299561 0.1255 0.1333 0.1530
v 0.385986 0.234375 0.302002 0.2314 0.2392 0.2627
v 0.386475 0.236816 0.303955 0.3686 0.3686 0.3961
v 0.385986 0.233398 0.299561 0.2196 0.2235 0.2432
v 0.380615 0.246094 0.304932 0.8000 0.7960 0.7882
v 0.382080 0.242676 0.304932 0.8274 0.8196 0.8235
v 0.378174 0.239746 0.302002 0.4667 0.4706 0.4863
v 0.375732 0.245117 0.302002 0.7137 0.7216 0.7216
v 0.378174 0.245605 0.303955 0.7804 0.7804 0.7764
v 0.377197 0.238770 0.299072 0.2510 0.2549 0.2745
v 0.375244 0.244629 0.299072 0.5961 0.5961 0.6039
v 0.379639 0.240723 0.303955 0.5019 0.4980 0.5137
v 0.384033 0.240723 0.304932 0.6315 0.6276 0.6393
v 0.386963 0.239746 0.304932 0.4745 0.4706 0.4863
v 0.390381 0.252930 0.311279 0.2353 0.2353 0.2353
v 0.390381 0.252930 0.303955 0.7255 0.7333 0.7412
v 0.377197 0.237305 0.281982 0.0392 0.0431 0.0510
v 0.381104 0.233887 0.281982 0.0235 0.0275 0.0275
v 0.385986 0.231934 0.281982 0.0275 0.0275 0.0275
v 0.375244 0.243164 0.281982 0.0392 0.0431 0.0510
v 0.400147 0.234375 0.302002 0.1922 0.1961 0.2235
v 0.399658 0.236816 0.303955 0.3372 0.3372 0.3568
v 0.400147 0.233398 0.299561 0.1725 0.1765 0.1961
v 0.403564 0.238281 0.303955 0.2627 0.2627 0.2823
v 0.404541 0.236328 0.302002 0.1725 0.1804 0.2039
v 0.405029 0.235352 0.299561 0.0980 0.1059 0.1294
v 0.393799 0.252441 0.311279 0.2510 0.2510 0.2510
v 0.397217 0.252930 0.311279 0.3294 0.3255 0.3412
v 0.393799 0.252441 0.303955 0.7333 0.7372 0.7412
v 0.397217 0.252930 0.303955 0.7137 0.7176 0.7216
v 0.399658 0.239746 0.304932 0.4392 0.4353 0.4589
v 0.401611 0.240723 0.304932 0.4392 0.4392 0.4589
v 0.403564 0.242676 0.304932 0.4628 0.4667 0.4863
v 0.405518 0.246094 0.304932 0.5608 0.5647 0.5804
v 0.406006 0.240723 0.303955 0.3608 0.3647 0.3843
v 0.400147 0.231934 0.281982 0.0314 0.0314 0.0314
v 0.405029 0.233887 0.281982 0.0353 0.0353 0.0353
v 0.423096 0.208984 0.282471 0.0431 0.0431 0.0471
v 0.422119 0.215332 0.284424 0.1020 0.1020 0.1098
v 0.429932 0.214844 0.282471 0.0667 0.0745 0.0902
v 0.407959 0.239746 0.302002 0.1255 0.1294 0.1490
v 0.408447 0.245605 0.303955 0.5019 0.5059 0.5176
v 0.409912 0.245117 0.302002 0.1647 0.1686 0.1843
v 0.408447 0.238770 0.299072 0.0902 0.0941 0.1137
v 0.410889 0.244629 0.299072 0.0980 0.1020 0.1176
v 0.408447 0.237305 0.281982 0.0588 0.0627 0.0706
v 0.410889 0.243164 0.281982 0.0627 0.0667 0.0824
v 0.411865 0.252930 0.281494 0.0588 0.0627 0.0784
v 0.420654 0.204590 0.278076 0.0000 0.0039 0.0000
v 0.416748 0.203125 0.272705 0.0196 0.0196 0.0275
v 0.427002 0.204590 0.276611 0.0000 0.0000 0.0000
v 0.422607 0.203125 0.270752 0.0000 0.0000 0.0078
v 0.426514 0.203125 0.265869 0.0000 0.0000 0.0000
v 0.431397 0.204590 0.271728 0.0000 0.0000 0.0000
v 0.429932 0.208984 0.280518 0.0235 0.0235 0.0353
v 0.436279 0.214844 0.277588 0.0824 0.0863 0.1020
v 0.434814 0.208984 0.276123 0.0118 0.0157 0.0235
v 0.437256 0.208984 0.269287 0.0039 0.0078 0.0157
v 0.428467 0.203125 0.259521 0.0000 0.0000 0.0000
v 0.433350 0.204590 0.264893 0.0000 0.0000 0.0000
v 0.438232 0.215332 0.270264 0.0667 0.0706 0.0863
v 0.260010 0.000000 0.194580 0.0275 0.0275 0.0314
v 0.279053 0.001953 0.194580 0.0275 0.0275 0.0314
v 0.260010 0.005371 0.188232 0.0863 0.0863 0.0863
v 0.278076 0.007324 0.188232 0.0824 0.0863 0.0902
v 0.295166 0.012695 0.188232 0.0627 0.0745 0.0941
v 0.297119 0.007812 0.194092 0.0118 0.0118 0.0118
v 0.311279 0.021484 0.188232 0.1373 0.1412 0.1451
v 0.254150 0.071777 0.194580 0.1020 0.1059 0.1137
v 0.260010 0.071289 0.194580 0.1059 0.1059 0.1137
v 0.265869 0.072266 0.194580 0.0863 0.0902 0.0980
v 0.271240 0.074219 0.194580 0.0784 0.0824 0.0902
v 0.275635 0.077637 0.194580 0.0784 0.0824 0.0902
v 0.280518 0.081543 0.194580 0.0784 0.0824 0.0902
v 0.260010 0.098633 0.188232 0.1098 0.1137 0.1216
v 0.254150 0.126465 0.194580 0.0941 0.1020 0.0980
v 0.260010 0.126465 0.194580 0.0941 0.1020 0.0980
v 0.265869 0.125977 0.194580 0.0980 0.1059 0.1020
v 0.270752 0.123535 0.194580 0.0941 0.1020 0.1020
v 0.275635 0.120117 0.194580 0.0863 0.0941 0.0902
v 0.280029 0.116211 0.194580 0.0902 0.0980 0.0941
v 0.284912 0.086914 0.194580 0.0784 0.0863 0.0824
v 0.286865 0.092773 0.194580 0.0824 0.0824 0.0824
v 0.287354 0.099121 0.194580 0.0784 0.0784 0.0784
v 0.286865 0.105469 0.194580 0.0784 0.0784 0.0784
v 0.284912 0.111328 0.194580 0.0824 0.0902 0.0863
v 0.257568 0.045898 0.175537 0.0275 0.0275 0.0275
v 0.256592 0.051270 0.177490 0.1255 0.1255 0.1255
v 0.257080 0.043457 0.170654 0.0235 0.0235 0.0235
v 0.254639 0.044434 0.160889 0.0196 0.0196 0.0235
v 0.261475 0.043945 0.160400 0.0314 0.0314 0.0392
v 0.264404 0.043457 0.157959 0.0235 0.0235 0.0314
v 0.286377 0.047363 0.175537 0.0314 0.0314 0.0314
v 0.285889 0.052246 0.177490 0.1333 0.1412 0.1373
v 0.286865 0.044922 0.170654 0.0353 0.0353 0.0431
v 0.313721 0.017090 0.193115 0.0000 0.0000 0.0000
v 0.325439 0.032715 0.188232 0.1412 0.1451 0.1530
v 0.328369 0.029785 0.193115 0.0039 0.0039 0.0039
v 0.336670 0.046875 0.188232 0.1137 0.1176 0.1255
v 0.340576 0.044434 0.192627 0.0000 0.0000 0.0000
v 0.345459 0.062988 0.188232 0.0941 0.0980 0.1059
v 0.349854 0.061523 0.192627 0.0000 0.0000 0.0000
v 0.350342 0.080566 0.188232 0.0510 0.0588 0.0627
v 0.354736 0.079590 0.192627 0.0039 0.0078 0.0039
v 0.352295 0.098633 0.188232 0.0471 0.0510 0.0588
v 0.356689 0.098633 0.192627 0.0235 0.0275 0.0235
v 0.350342 0.116699 0.188232 0.0431 0.0471 0.0510
v 0.354736 0.117676 0.192627 0.0196 0.0235 0.0196
v 0.314697 0.055664 0.175537 0.0471 0.0471 0.0510
v 0.314697 0.061035 0.177490 0.1098 0.1176 0.1176
v 0.315674 0.053223 0.170654 0.0314 0.0314 0.0314
v 0.332764 0.065430 0.175537 0.0392 0.0431 0.0510
v 0.334229 0.063477 0.170654 0.0471 0.0510 0.0588
v 0.330322 0.069336 0.177490 0.0902 0.0941 0.1020
v 0.343506 0.081055 0.177490 0.0784 0.0824 0.0902
v 0.348877 0.079102 0.175537 0.0314 0.0353 0.0431
v 0.350342 0.077148 0.170654 0.0275 0.0314 0.0392
v 0.363037 0.095703 0.175537 0.0314 0.0353 0.0392
v 0.364502 0.093262 0.170654 0.0353 0.0392 0.0471
v 0.358643 0.098145 0.177490 0.0667 0.0706 0.0784
v 0.369385 0.117676 0.177490 0.0275 0.0314 0.0471
v 0.373779 0.115234 0.175537 0.0392 0.0431 0.0510
v 0.374756 0.112305 0.170654 0.0431 0.0471 0.0549
v 0.278076 0.189941 0.188232 0.0314 0.0353 0.0431
v 0.295166 0.184570 0.188232 0.0314 0.0314 0.0314
v 0.311279 0.175781 0.188232 0.0275 0.0353 0.0314
v 0.297119 0.188965 0.192627 0.0078 0.0078 0.0078
v 0.260010 0.196289 0.192627 0.0157 0.0157 0.0157
v 0.260010 0.191895 0.188232 0.0314 0.0353 0.0431
v 0.279053 0.194336 0.192627 0.0157 0.0157 0.0157
v 0.336670 0.150391 0.188232 0.0353 0.0392 0.0471
v 0.340576 0.152832 0.192627 0.0157 0.0157 0.0157
v 0.325439 0.164551 0.188232 0.0275 0.0314 0.0275
v 0.313721 0.179688 0.192627 0.0078 0.0118 0.0118
v 0.328369 0.167480 0.192627 0.0078 0.0118 0.0078
v 0.345459 0.134277 0.188232 0.0353 0.0392 0.0471
v 0.349854 0.135742 0.192627 0.0157 0.0157 0.0157
v 0.250244 0.037109 0.110107 0.0275 0.0275 0.0314
v 0.264404 0.043457 0.111572 0.0157 0.0196 0.0235
v 0.254639 0.044434 0.108643 0.0196 0.0235 0.0314
v 0.257080 0.043457 0.098877 0.0588 0.0627 0.0706
v 0.261475 0.043945 0.109131 0.0157 0.0196 0.0275
v 0.256592 0.051270 0.092041 0.1530 0.1569 0.1569
v 0.286865 0.044922 0.098877 0.0667 0.0706 0.0784
v 0.285889 0.052246 0.092041 0.1373 0.1451 0.1412
v 0.253662 0.072266 0.025635 0.0431 0.0431 0.0471
v 0.251221 0.068848 0.021728 0.0314 0.0314 0.0392
v 0.260010 0.071289 0.025635 0.0510 0.0549 0.0627
v 0.260010 0.067871 0.021728 0.0275 0.0314 0.0392
v 0.266357 0.072266 0.025635 0.0549 0.0588 0.0667
v 0.271729 0.074219 0.025635 0.0353 0.0353 0.0353
v 0.267822 0.068848 0.021728 0.0275 0.0314 0.0392
v 0.277100 0.077637 0.025635 0.0078 0.0078 0.0078
v 0.274170 0.071289 0.021728 0.0275 0.0275 0.0353
v 0.280029 0.074707 0.021728 0.0039 0.0039 0.0039
v 0.253662 0.125977 0.025635 0.0157 0.0196 0.0196
v 0.260010 0.126465 0.025635 0.0196 0.0196 0.0196
v 0.266357 0.125977 0.025635 0.0196 0.0235 0.0196
v 0.271729 0.124023 0.026123 0.0157 0.0157 0.0157
v 0.277100 0.120605 0.026123 0.0118 0.0118 0.0118
v 0.274170 0.126953 0.021728 0.0196 0.0196 0.0196
v 0.280029 0.123535 0.021728 0.0157 0.0157 0.0157
v 0.281494 0.082031 0.025635 0.0078 0.0118 0.0196
v 0.284912 0.079590 0.021728 0.0078 0.0196 0.0235
v 0.284424 0.087402 0.025635 0.0235 0.0275 0.0392
v 0.286377 0.092773 0.025635 0.0275 0.0314 0.0392
v 0.288330 0.085449 0.021728 0.0314 0.0353 0.0431
v 0.290771 0.092285 0.021728 0.0431 0.0471 0.0510
v 0.287354 0.099121 0.025635 0.0275 0.0314 0.0392
v 0.286377 0.104980 0.025635 0.0275 0.0314 0.0392
v 0.284424 0.110840 0.026123 0.0157 0.0196 0.0275
v 0.288330 0.112305 0.021728 0.0275 0.0275 0.0353
v 0.291260 0.099121 0.021728 0.0431 0.0431 0.0510
v 0.290771 0.105957 0.021728 0.0353 0.0392 0.0471
v 0.281494 0.116211 0.026123 0.0039 0.0078 0.0157
v 0.284912 0.118164 0.021728 0.0235 0.0235 0.0235
v 0.315674 0.053223 0.098877 0.0667 0.0706 0.0784
v 0.334229 0.063477 0.098877 0.0039 0.0039 0.0078
v 0.314697 0.061035 0.092041 0.1255 0.1255 0.1333
v 0.330322 0.069336 0.092041 0.1059 0.1098 0.1059
v 0.343506 0.081055 0.092041 0.1451 0.1412 0.1451
v 0.350342 0.077148 0.098877 0.0118 0.0157 0.0275
v 0.364502 0.093262 0.098877 0.0275 0.0314 0.0471
v 0.374756 0.112305 0.098877 0.0353 0.0392 0.0549
v 0.358643 0.098145 0.092041 0.1059 0.1098 0.1137
v 0.369385 0.117676 0.092041 0.0824 0.0863 0.0941
v 0.251221 0.129395 0.021728 0.0196 0.0196 0.0196
v 0.260010 0.129883 0.021728 0.0157 0.0235 0.0196
v 0.267822 0.129395 0.021728 0.0157 0.0235 0.0196
v 0.375732 0.139648 0.177490 0.0118 0.0157 0.0235
v 0.379639 0.137207 0.175537 0.0392 0.0431 0.0510
v 0.376709 0.158691 0.177490 0.0196 0.0275 0.0235
v 0.381592 0.158691 0.175537 0.0196 0.0235 0.0275
v 0.381592 0.135254 0.170654 0.0392 0.0431 0.0510
v 0.384033 0.158691 0.170654 0.0196 0.0196 0.0196
v 0.398682 0.153809 0.180908 0.0078 0.0078 0.0078
v 0.404541 0.155762 0.182861 0.0039 0.0078 0.0157
v 0.405518 0.152344 0.178467 0.0078 0.0078 0.0157
v 0.407959 0.159668 0.184326 0.0039 0.0039 0.0196
v 0.410400 0.155273 0.179932 0.0157 0.0157 0.0235
v 0.412842 0.159668 0.181396 0.0196 0.0235 0.0314
v 0.408447 0.151367 0.175537 0.0078 0.0078 0.0157
v 0.413330 0.154297 0.176025 0.0196 0.0235 0.0314
v 0.416260 0.159180 0.176514 0.0275 0.0314 0.0471
v 0.409424 0.150879 0.171143 0.0078 0.0078 0.0157
v 0.414307 0.154297 0.171143 0.0118 0.0157 0.0235
v 0.417725 0.159180 0.171143 0.0275 0.0314 0.0471
v 0.409424 0.165039 0.184814 0.0118 0.0157 0.0235
v 0.414307 0.165039 0.181885 0.0353 0.0392 0.0549
v 0.417725 0.165039 0.177002 0.0471 0.0510 0.0667
v 0.419189 0.165039 0.171143 0.0510 0.0549 0.0706
v 0.409912 0.203613 0.184814 0.0157 0.0157 0.0157
v 0.414307 0.203613 0.181885 0.0157 0.0157 0.0157
v 0.417725 0.203613 0.177002 0.0196 0.0196 0.0196
v 0.419189 0.203613 0.171143 0.0235 0.0235 0.0314
v 0.382080 0.137207 0.098877 0.0196 0.0275 0.0353
v 0.384033 0.158691 0.098877 0.0196 0.0275 0.0235
v 0.375732 0.139648 0.092041 0.0627 0.0667 0.0745
v 0.376709 0.158691 0.092041 0.0275 0.0353 0.0314
v 0.409424 0.150879 0.097900 0.0196 0.0235 0.0314
v 0.414307 0.154297 0.097900 0.0157 0.0196 0.0275
v 0.417725 0.159180 0.097900 0.0314 0.0353 0.0431
v 0.419189 0.165039 0.097900 0.0471 0.0510 0.0588
v 0.408447 0.151855 0.093018 0.0157 0.0157 0.0235
v 0.407471 0.153809 0.088623 0.0078 0.0157 0.0157
v 0.407959 0.156250 0.086670 0.0235 0.0314 0.0275
v 0.413818 0.154785 0.093018 0.0392 0.0431 0.0510
v 0.411865 0.156250 0.088623 0.0353 0.0392 0.0471
v 0.408936 0.160156 0.084717 0.0314 0.0353 0.0392
v 0.416748 0.159180 0.092529 0.0510 0.0549 0.0706
v 0.414307 0.160156 0.087646 0.0392 0.0431 0.0510
v 0.409912 0.165039 0.083740 0.0314 0.0353 0.0353
v 0.413818 0.175293 0.078369 0.0196 0.0275 0.0235
v 0.417725 0.165039 0.092041 0.0510 0.0549 0.0706
v 0.414307 0.165039 0.087158 0.0275 0.0314 0.0392
v 0.415283 0.182129 0.082275 0.0275 0.0275 0.0275
v 0.416748 0.189941 0.083740 0.0196 0.0196 0.0196
v 0.415283 0.171875 0.072510 0.0118 0.0157 0.0235
v 0.420654 0.171875 0.071045 0.0078 0.0118 0.0196
v 0.425049 0.182129 0.079346 0.0039 0.0039 0.0039
v 0.426514 0.189941 0.080811 0.0078 0.0078 0.0157
v 0.422119 0.175293 0.075928 0.0078 0.0157 0.0196
v 0.424072 0.171875 0.067139 0.0118 0.0118 0.0118
v 0.427979 0.175293 0.069580 0.0118 0.0196 0.0157
v 0.431885 0.182129 0.072021 0.0471 0.0510 0.0667
v 0.433838 0.189941 0.072998 0.0275 0.0314 0.0392
v 0.419189 0.203613 0.097900 0.0157 0.0235 0.0196
v 0.409912 0.203613 0.083740 0.0196 0.0235 0.0235
v 0.417725 0.203613 0.092041 0.0157 0.0235 0.0196
v 0.414795 0.203613 0.087158 0.0118 0.0196 0.0157
v 0.416748 0.221191 0.083740 0.0392 0.0471 0.0431
v 0.426514 0.221191 0.080811 0.0431 0.0471 0.0549
v 0.433838 0.221191 0.072998 0.0471 0.0510 0.0588
v 0.417236 0.226562 0.075928 0.0353 0.0392 0.0471
v 0.423096 0.226562 0.073975 0.0392 0.0431 0.0510
v 0.427002 0.226562 0.069580 0.0353 0.0431 0.0392
v 0.428467 0.226562 0.062744 0.0392 0.0471 0.0431
v 0.425537 0.171875 0.060791 0.0275 0.0353 0.0314
v 0.430420 0.175293 0.060303 0.0078 0.0118 0.0196
v 0.434326 0.182129 0.061279 0.0667 0.0706 0.0863
v 0.436768 0.189941 0.062256 0.0314 0.0392 0.0431
v 0.430420 0.190918 0.015381 0.0196 0.0196 0.0196
v 0.429932 0.187500 0.007080 0.0235 0.0314 0.0275
v 0.436768 0.221191 0.062256 0.0549 0.0588 0.0627
v 0.434814 0.210938 0.031494 0.0196 0.0275 0.0275
v 0.435303 0.219727 0.032959 0.0510 0.0549 0.0627
v 0.435791 0.228516 0.031982 0.0314 0.0353 0.0431
v 0.433350 0.203125 0.028076 0.0118 0.0118 0.0118
v 0.431396 0.195801 0.022705 0.0118 0.0118 0.0118
v 0.434326 0.236816 0.028564 0.0392 0.0471 0.0431
v 0.432861 0.244141 0.023193 0.0392 0.0471 0.0431
v 0.431396 0.249512 0.016357 0.0392 0.0471 0.0431
v 0.430420 0.252930 0.008057 0.0392 0.0431 0.0510
v 0.479248 0.182617 0.035889 0.3451 0.3490 0.3725
v 0.482666 0.181641 0.036377 0.3490 0.3490 0.3804
v 0.476807 0.184570 0.033936 0.2510 0.2549 0.2745
v 0.489990 0.181641 0.036377 0.3490 0.3490 0.3843
v 0.494385 0.182617 0.035400 0.2314 0.2432 0.2627
v 0.497314 0.185547 0.032959 0.1333 0.1333 0.1490
v 0.479248 0.174316 0.024658 0.3529 0.3686 0.3921
v 0.482666 0.173340 0.025146 0.3412 0.3568 0.3921
v 0.476807 0.176758 0.023193 0.3137 0.3255 0.3490
v 0.479736 0.169434 0.011963 0.3490 0.3647 0.4000
v 0.477295 0.172363 0.010986 0.1059 0.1216 0.1333
v 0.483154 0.168457 0.011963 0.2980 0.3137 0.3608
v 0.472412 0.190918 0.015381 0.0000 0.0000 0.0000
v 0.471924 0.187500 0.007080 0.0000 0.0000 0.0000
v 0.489990 0.173340 0.025146 0.3294 0.3451 0.3843
v 0.494385 0.174805 0.024658 0.1530 0.1647 0.1922
v 0.497314 0.177734 0.022705 0.1490 0.1530 0.1725
v 0.489990 0.168457 0.011963 0.3098 0.3255 0.3725
v 0.494873 0.169922 0.011475 0.1804 0.1843 0.2000
v 0.497803 0.173340 0.010986 0.1490 0.1569 0.1765
v 0.479248 0.206543 0.047119 0.5373 0.5294 0.5333
v 0.481201 0.206055 0.049561 0.6941 0.6863 0.6902
v 0.484131 0.205566 0.050537 0.6471 0.6393 0.6432
v 0.479736 0.219727 0.048584 0.6785 0.6745 0.6667
v 0.481689 0.219727 0.051514 0.8313 0.8235 0.8157
v 0.479736 0.193359 0.044189 0.4784 0.4745 0.4902
v 0.477783 0.194824 0.041748 0.3451 0.3451 0.3608
v 0.483154 0.192871 0.045166 0.4745 0.4706 0.4902
v 0.476807 0.210938 0.031494 0.0157 0.0157 0.0157
v 0.477783 0.219727 0.032959 0.4235 0.4196 0.4196
v 0.491455 0.205566 0.050537 0.6980 0.6902 0.6941
v 0.496338 0.206055 0.049072 0.1922 0.2000 0.2157
v 0.485107 0.219727 0.052490 0.7882 0.7764 0.7725
v 0.491943 0.219727 0.052490 0.8392 0.8353 0.8274
v 0.496826 0.219727 0.051025 0.1882 0.1922 0.2118
v 0.499756 0.219727 0.047607 0.1137 0.1176 0.1294
v 0.490479 0.192871 0.045166 0.5137 0.5098 0.5333
v 0.495361 0.193359 0.043701 0.3804 0.3882 0.4078
v 0.498291 0.195312 0.040771 0.0745 0.0784 0.0941
v 0.499268 0.207031 0.045654 0.1020 0.1059 0.1176
v 0.479736 0.232422 0.047119 0.7294 0.7216 0.7176
v 0.481689 0.233398 0.050049 0.8902 0.8862 0.8784
v 0.477783 0.228516 0.031982 0.2588 0.2588 0.2588
v 0.480225 0.246094 0.045166 0.8509 0.8549 0.8431
v 0.478271 0.244629 0.042725 0.6980 0.6980 0.6980
v 0.483643 0.246582 0.046143 0.9137 0.9019 0.9019
v 0.484619 0.233398 0.051025 0.8902 0.8862 0.8784
v 0.491943 0.233398 0.051025 0.9490 0.9451 0.9372
v 0.496826 0.233398 0.049561 0.2275 0.2314 0.2392
v 0.499756 0.232422 0.046143 0.1255 0.1294 0.1451
v 0.490967 0.246582 0.046143 0.9490 0.9451 0.9372
v 0.495361 0.246094 0.044678 0.3333 0.3333 0.3372
v 0.498291 0.244141 0.041748 0.1451 0.1490 0.1569
v 0.475342 0.203125 0.028076 0.0000 0.0000 0.0000
v 0.473877 0.195801 0.022705 0.0000 0.0000 0.0000
v 0.476807 0.236816 0.028564 0.0078 0.0078 0.0078
v 0.474854 0.244141 0.023193 0.0000 0.0000 0.0000
v 0.473389 0.249512 0.016357 0.0039 0.0039 0.0039
v 0.472412 0.252930 0.008057 0.0078 0.0078 0.0078
v 0.124756 0.254395 0.299072 0.5608 0.5725 0.5843
v 0.124756 0.472656 0.295166 0.1530 0.1608 0.1725
v 0.124756 0.471191 0.277588 0.0471 0.0471 0.0471
v 0.139893 0.255859 0.313721 0.2706 0.2745 0.2784
v 0.137939 0.258301 0.313721 0.4784 0.4823 0.4902
v 0.137451 0.261230 0.313721 0.6824 0.6785 0.6745
v 0.137939 0.264160 0.313721 0.8274 0.8235 0.8117
v 0.139893 0.266602 0.313721 0.8784 0.8745 0.8666
v 0.144775 0.261230 0.313721 0.6745 0.6706 0.6745
v 0.142334 0.268066 0.313721 0.8902 0.8862 0.8823
v 0.144775 0.268555 0.313721 0.8823 0.8862 0.8823
v 0.147705 0.268066 0.313721 0.4823 0.4784 0.4745
v 0.150147 0.255859 0.313721 0.6589 0.6550 0.6550
v 0.152100 0.258301 0.313721 0.7608 0.7529 0.7568
v 0.152588 0.261230 0.313721 0.7882 0.7804 0.7764
v 0.152100 0.264160 0.313721 0.7764 0.7764 0.7725
v 0.150147 0.266602 0.313721 0.3294 0.3294 0.3255
v 0.125732 0.254395 0.302002 0.8196 0.8235 0.8235
v 0.127686 0.254883 0.303955 0.8627 0.8627 0.8588
v 0.130615 0.254883 0.304443 0.8039 0.8000 0.7921
v 0.136475 0.261230 0.311279 0.3529 0.3529 0.3490
v 0.136963 0.257812 0.311279 0.2823 0.2823 0.2823
v 0.138916 0.254883 0.311279 0.1647 0.1725 0.1686
v 0.136963 0.264648 0.311279 0.5176 0.5137 0.5059
v 0.138916 0.267090 0.311279 0.5019 0.5059 0.4941
v 0.136475 0.261230 0.303955 0.3921 0.3961 0.3961
v 0.136963 0.257812 0.303955 0.3961 0.4118 0.4157
v 0.138916 0.254883 0.303955 0.5843 0.6000 0.6039
v 0.136963 0.264160 0.303955 0.2432 0.2471 0.2432
v 0.138916 0.267090 0.303955 0.5530 0.5608 0.5569
v 0.141846 0.269043 0.311279 0.7294 0.7294 0.7333
v 0.148193 0.269043 0.311279 0.5019 0.5019 0.4980
v 0.141846 0.269043 0.303955 0.3451 0.3608 0.3686
v 0.144775 0.269531 0.303955 0.4078 0.4235 0.4196
v 0.148193 0.269043 0.303955 0.6393 0.6432 0.6393
v 0.151123 0.254883 0.311279 0.6393 0.6354 0.6354
v 0.153076 0.257812 0.311279 0.7333 0.7255 0.7255
v 0.153564 0.261230 0.311279 0.7725 0.7686 0.7608
v 0.151123 0.267090 0.311279 0.7137 0.7098 0.7020
v 0.153076 0.264648 0.311279 0.7568 0.7529 0.7490
v 0.151123 0.254883 0.303955 0.7294 0.7294 0.7333
v 0.152588 0.257812 0.303955 0.7568 0.7568 0.7568
v 0.153564 0.261230 0.303955 0.7764 0.7725 0.7725
v 0.151123 0.267090 0.303955 0.7882 0.7882 0.7882
v 0.152588 0.264160 0.303955 0.7804 0.7804 0.7804
v 0.144775 0.270020 0.311279 0.6785 0.6785 0.6706
v 0.156494 0.254883 0.304443 0.7764 0.7686 0.7764
v 0.159424 0.254883 0.303955 0.6785 0.6785 0.6902
v 0.161377 0.254395 0.302002 0.3490 0.3647 0.3765
v 0.161865 0.254395 0.299072 0.2510 0.2627 0.2745
v 0.125732 0.472656 0.297607 0.2078 0.2235 0.2392
v 0.127686 0.473145 0.299561 0.2941 0.3098 0.3255
v 0.130127 0.473145 0.300537 0.3647 0.3765 0.3961
v 0.161377 0.472656 0.297607 0.1059 0.1098 0.1176
v 0.161865 0.472656 0.295166 0.1098 0.1137 0.1216
v 0.156494 0.473145 0.300537 0.2392 0.2510 0.2706
v 0.159424 0.473145 0.299561 0.1530 0.1608 0.1765
v 0.161865 0.471191 0.277588 0.0431 0.0510 0.0471
v 0.374756 0.254395 0.299072 0.5216 0.5216 0.5255
v 0.373291 0.279297 0.278564 0.0235 0.0235 0.0235
v 0.373291 0.273438 0.272217 0.0275 0.0353 0.0314
v 0.373291 0.341797 0.278564 0.0314 0.0314 0.0314
v 0.373291 0.347656 0.272217 0.0941 0.1020 0.0980
v 0.373291 0.354492 0.278564 0.0235 0.0235 0.0196
v 0.373291 0.348633 0.272217 0.0314 0.0314 0.0314
v 0.373291 0.420898 0.278564 0.0392 0.0392 0.0392
v 0.373291 0.432129 0.278564 0.0118 0.0118 0.0118
v 0.373291 0.426270 0.272217 0.0667 0.0706 0.0667
v 0.373291 0.427246 0.272217 0.0431 0.0510 0.0510
v 0.374756 0.472656 0.295166 0.1137 0.1255 0.1373
v 0.373291 0.471191 0.278564 0.0392 0.0392 0.0392
v 0.374756 0.471191 0.277588 0.0392 0.0392 0.0392
v 0.386475 0.261230 0.313721 0.6550 0.6471 0.6432
v 0.388428 0.255859 0.313721 0.3137 0.3137 0.3216
v 0.386963 0.258301 0.313721 0.5137 0.5137 0.5137
v 0.386963 0.264160 0.313721 0.8157 0.8117 0.8039
v 0.388428 0.266602 0.313721 0.8745 0.8706 0.8666
v 0.393799 0.261230 0.313721 0.6980 0.6980 0.6980
v 0.390869 0.268066 0.313721 0.8784 0.8745 0.8745
v 0.393799 0.268555 0.313721 0.8745 0.8706 0.8706
v 0.396729 0.268066 0.313721 0.4275 0.4235 0.4235
v 0.399170 0.255859 0.313721 0.6118 0.6118 0.6118
v 0.400635 0.258301 0.313721 0.6980 0.6980 0.6980
v 0.401123 0.261230 0.313721 0.7412 0.7333 0.7333
v 0.400635 0.264160 0.313721 0.7686 0.7647 0.7608
v 0.399170 0.266602 0.313721 0.3647 0.3647 0.3568
v 0.375244 0.254395 0.302002 0.7725 0.7764 0.7804
v 0.377197 0.254883 0.303955 0.8353 0.8392 0.8353
v 0.380127 0.254883 0.304443 0.7843 0.7804 0.7725
v 0.385986 0.257812 0.311279 0.4157 0.4157 0.4157
v 0.385010 0.261230 0.311279 0.4353 0.4353 0.4314
v 0.387451 0.254883 0.311279 0.1804 0.1882 0.1882
v 0.385986 0.264648 0.311279 0.5647 0.5647 0.5569
v 0.387451 0.267090 0.311279 0.7608 0.7608 0.7529
v 0.390381 0.269043 0.311279 0.8000 0.8000 0.7960
v 0.385986 0.257812 0.303955 0.7725 0.7804 0.7764
v 0.385498 0.261230 0.303955 0.2627 0.2627 0.2667
v 0.387939 0.254883 0.303955 0.7843 0.7921 0.7882
v 0.385986 0.264160 0.303955 0.2000 0.2039 0.2118
v 0.387939 0.267090 0.303955 0.4941 0.5098 0.5137
v 0.390381 0.269043 0.303955 0.6628 0.6706 0.6667
v 0.397217 0.269043 0.311279 0.6039 0.6079 0.6039
v 0.393799 0.269531 0.303955 0.8000 0.8078 0.8039
v 0.397217 0.269043 0.303955 0.7255 0.7333 0.7294
v 0.399658 0.254883 0.311279 0.5255 0.5255 0.5176
v 0.401611 0.257812 0.311279 0.3529 0.3451 0.3529
v 0.402588 0.261230 0.311279 0.4275 0.4314 0.4235
v 0.401611 0.264648 0.311279 0.5530 0.5569 0.5647
v 0.399658 0.267090 0.311279 0.6785 0.6902 0.6863
v 0.399658 0.254883 0.303955 0.6941 0.6980 0.7020
v 0.401611 0.257812 0.303955 0.5804 0.5843 0.6000
v 0.402100 0.261230 0.303955 0.6197 0.6236 0.6354
v 0.406006 0.254883 0.304443 0.6471 0.6471 0.6550
v 0.401611 0.264160 0.303955 0.6785 0.6941 0.7020
v 0.399658 0.267090 0.303955 0.7059 0.7216 0.7176
v 0.393799 0.270020 0.311279 0.6589 0.6589 0.6550
v 0.381592 0.273438 0.277588 0.0353 0.0392 0.0471
v 0.379639 0.273438 0.276123 0.0471 0.0510 0.0588
v 0.378174 0.273438 0.273193 0.0902 0.1020 0.1137
v 0.378174 0.273438 0.269775 0.1020 0.1020 0.1098
v 0.379150 0.279297 0.272217 0.0941 0.1098 0.1137
v 0.408936 0.254883 0.303955 0.5764 0.5764 0.5921
v 0.410889 0.254395 0.302002 0.3961 0.4000 0.4196
v 0.411865 0.254395 0.299072 0.1137 0.1176 0.1333
v 0.422119 0.262695 0.284424 0.1176 0.1176 0.1255
v 0.423096 0.269531 0.282471 0.1647 0.1608 0.1804
v 0.429932 0.262695 0.282471 0.0706 0.0745 0.0902
v 0.419189 0.273438 0.277588 0.0863 0.0902 0.0980
v 0.419678 0.274414 0.278076 0.0784 0.0902 0.0980
v 0.421631 0.273438 0.276611 0.0784 0.0824 0.0863
v 0.414307 0.275879 0.272705 0.0471 0.0510 0.0588
v 0.421143 0.275879 0.270752 0.0667 0.0706 0.0784
v 0.429932 0.269531 0.280518 0.1294 0.1412 0.1686
v 0.436279 0.262695 0.277588 0.0706 0.0745 0.0941
v 0.434814 0.269531 0.276123 0.1373 0.1490 0.1765
v 0.437256 0.269531 0.269287 0.2000 0.2039 0.2196
v 0.423584 0.273438 0.273682 0.0745 0.0784 0.0863
v 0.426514 0.274414 0.276611 0.1255 0.1294 0.1451
v 0.424072 0.273438 0.270264 0.0627 0.0667 0.0745
v 0.426514 0.275879 0.265869 0.0902 0.0941 0.1098
v 0.431397 0.274414 0.271728 0.1137 0.1176 0.1373
v 0.428467 0.275879 0.259521 0.0941 0.1059 0.1255
v 0.433350 0.274414 0.264893 0.0980 0.1059 0.1216
v 0.379150 0.341797 0.272217 0.1333 0.1373 0.1451
v 0.379150 0.354492 0.272217 0.0745 0.0784 0.0863
v 0.438232 0.262695 0.270264 0.1059 0.1020 0.1216
v 0.415772 0.479004 0.313232 0.7098 0.7020 0.7176
v 0.415772 0.494629 0.313232 0.8313 0.8274 0.8196
v 0.379150 0.420898 0.272217 0.0824 0.0902 0.0980
v 0.379150 0.432129 0.272217 0.1294 0.1451 0.1569
v 0.375244 0.472656 0.297607 0.2196 0.2314 0.2510
v 0.377197 0.473145 0.299561 0.3255 0.3333 0.3529
v 0.380127 0.473145 0.300537 0.3529 0.3647 0.3843
v 0.381592 0.471191 0.277588 0.0275 0.0275 0.0275
v 0.379639 0.471191 0.276123 0.0314 0.0314 0.0314
v 0.378174 0.471191 0.273193 0.0353 0.0353 0.0392
v 0.378174 0.471191 0.269775 0.0431 0.0431 0.0431
v 0.379150 0.471191 0.272217 0.0353 0.0431 0.0392
v 0.406982 0.467285 0.305908 0.3059 0.3176 0.3412
v 0.410400 0.469727 0.309326 0.1216 0.1216 0.1412
v 0.410889 0.472656 0.297607 0.1137 0.1294 0.1451
v 0.420654 0.469727 0.307373 0.1176 0.1176 0.1373
v 0.416748 0.467285 0.304443 0.0078 0.0078 0.0078
v 0.411865 0.472656 0.295166 0.1137 0.1176 0.1255
v 0.424561 0.467285 0.298584 0.0000 0.0000 0.0000
v 0.428467 0.469727 0.300537 0.1412 0.1490 0.1725
v 0.427979 0.467285 0.290283 0.0078 0.0039 0.0235
v 0.431397 0.469727 0.290771 0.2549 0.2627 0.2745
v 0.413818 0.473633 0.311768 0.4353 0.4353 0.4550
v 0.406494 0.473145 0.300537 0.2706 0.2823 0.3019
v 0.408936 0.473145 0.299561 0.1961 0.2118 0.2235
v 0.415283 0.501465 0.311279 0.9411 0.9372 0.9294
v 0.424072 0.473633 0.309326 0.3451 0.3568 0.3961
v 0.426025 0.479004 0.310303 0.5059 0.5059 0.5530
v 0.431397 0.473633 0.302002 0.4039 0.4157 0.4628
v 0.433350 0.479004 0.302978 0.5843 0.5843 0.6315
v 0.426025 0.494629 0.310303 0.6276 0.6236 0.6471
v 0.425049 0.501465 0.308838 0.8745 0.8666 0.8745
v 0.433350 0.494629 0.302978 0.5804 0.5804 0.6197
v 0.432373 0.501465 0.301025 0.7608 0.7608 0.7647
v 0.434326 0.473633 0.291748 0.4589 0.4667 0.5019
v 0.436279 0.479004 0.292725 0.6706 0.6667 0.6941
v 0.436279 0.494629 0.292725 0.7176 0.7098 0.7216
v 0.434814 0.501465 0.290771 0.8274 0.8196 0.8235
v 0.411865 0.471191 0.277588 0.0471 0.0510 0.0588
v 0.419189 0.471191 0.277588 0.0588 0.0627 0.0706
v 0.421631 0.471191 0.276611 0.0902 0.0941 0.1020
v 0.423584 0.471191 0.273682 0.1059 0.1098 0.1176
v 0.424072 0.471191 0.270264 0.1020 0.1059 0.1137
v 0.413330 0.506348 0.306885 0.9137 0.9137 0.9176
v 0.409912 0.508301 0.300537 0.4039 0.4078 0.4235
v 0.419189 0.508301 0.297607 0.2980 0.3019 0.3216
v 0.422607 0.506348 0.303955 0.8784 0.8784 0.8823
v 0.425537 0.508301 0.290283 0.2941 0.2980 0.3137
v 0.429443 0.506348 0.296631 0.8196 0.8196 0.8274
v 0.431885 0.506348 0.286377 0.7686 0.7608 0.7608
v 0.427490 0.508301 0.279541 0.3451 0.3490 0.3647
v 0.373291 0.273438 0.246338 0.0392 0.0431 0.0392
v 0.373291 0.279297 0.239990 0.0510 0.0588 0.0549
v 0.374756 0.279297 0.236084 0.0588 0.0667 0.0627
v 0.373291 0.347656 0.246338 0.1294 0.1373 0.1451
v 0.373291 0.341797 0.239990 0.0706 0.0745 0.0784
v 0.374756 0.342285 0.236084 0.0863 0.0902 0.0980
v 0.373291 0.348633 0.246338 0.0392 0.0392 0.0431
v 0.373291 0.354492 0.239990 0.0314 0.0392 0.0353
v 0.374756 0.354492 0.236084 0.0275 0.0314 0.0314
v 0.373291 0.420898 0.239990 0.0549 0.0627 0.0588
v 0.374756 0.421387 0.236084 0.0510 0.0549 0.0627
v 0.373291 0.426270 0.246338 0.0510 0.0588 0.0549
v 0.373291 0.427246 0.246338 0.0392 0.0431 0.0471
v 0.373291 0.432129 0.239990 0.0353 0.0392 0.0431
v 0.374756 0.433594 0.236084 0.0471 0.0510 0.0588
v 0.345459 0.470703 0.221436 0.1255 0.1333 0.1373
v 0.353272 0.470703 0.218994 0.1137 0.1176 0.1255
v 0.373291 0.471191 0.239990 0.0392 0.0431 0.0431
v 0.374756 0.471191 0.236084 0.0275 0.0314 0.0314
v 0.345459 0.500977 0.220459 0.3137 0.3176 0.3294
v 0.359131 0.470703 0.213135 0.2196 0.2353 0.2471
v 0.361084 0.470703 0.205322 0.2353 0.2510 0.2627
v 0.352783 0.500977 0.218506 0.2471 0.2510 0.2588
v 0.358154 0.500977 0.213135 0.2235 0.2392 0.2471
v 0.360107 0.500977 0.205322 0.5608 0.5725 0.5882
v 0.378174 0.273438 0.247314 0.0902 0.0941 0.1020
v 0.378662 0.273438 0.243896 0.0824 0.0863 0.0941
v 0.379150 0.279297 0.246338 0.1294 0.1333 0.1412
v 0.380127 0.273438 0.241455 0.0706 0.0745 0.0824
v 0.382568 0.273438 0.239990 0.0471 0.0471 0.0549
v 0.380615 0.272949 0.236084 0.0510 0.0588 0.0627
v 0.380615 0.279297 0.241943 0.1059 0.1137 0.1176
v 0.406006 0.272949 0.236084 0.0392 0.0471 0.0431
v 0.406006 0.279297 0.241943 0.0275 0.0314 0.0314
v 0.411865 0.279297 0.236084 0.0353 0.0431 0.0471
v 0.420166 0.273438 0.239990 0.0549 0.0627 0.0706
v 0.424072 0.273438 0.247314 0.0627 0.0667 0.0824
v 0.423584 0.273438 0.243896 0.0706 0.0745 0.0902
v 0.422607 0.273438 0.241455 0.0627 0.0745 0.0902
v 0.379150 0.341797 0.246338 0.1373 0.1412 0.1490
v 0.380615 0.342285 0.241943 0.1059 0.1098 0.1176
v 0.406006 0.342285 0.241943 0.0353 0.0392 0.0431
v 0.379150 0.354492 0.246338 0.1412 0.1451 0.1530
v 0.380615 0.354492 0.241943 0.0314 0.0314 0.0314
v 0.380615 0.348145 0.236084 0.1922 0.2078 0.2157
v 0.380615 0.348633 0.236084 0.1569 0.1647 0.1647
v 0.406006 0.354492 0.241943 0.0275 0.0353 0.0314
v 0.406006 0.348145 0.236084 0.0824 0.0980 0.1059
v 0.406006 0.348633 0.236084 0.0392 0.0431 0.0510
v 0.411865 0.342285 0.236084 0.0980 0.1098 0.1216
v 0.411865 0.354492 0.236084 0.0353 0.0392 0.0471
v 0.379150 0.420898 0.246338 0.0784 0.0824 0.0902
v 0.380615 0.421387 0.241943 0.0980 0.1020 0.1098
v 0.379150 0.432129 0.246338 0.1530 0.1686 0.1804
v 0.380615 0.433594 0.241943 0.0275 0.0314 0.0392
v 0.380615 0.427246 0.236084 0.0980 0.1098 0.1137
v 0.380615 0.427734 0.236084 0.0314 0.0353 0.0431
v 0.406006 0.421387 0.241943 0.0314 0.0353 0.0431
v 0.406006 0.433594 0.241943 0.0235 0.0275 0.0314
v 0.406006 0.427246 0.236084 0.0510 0.0667 0.0745
v 0.406006 0.427734 0.236084 0.0392 0.0431 0.0510
v 0.411865 0.421387 0.236084 0.1020 0.1059 0.1216
v 0.411865 0.433594 0.236084 0.0392 0.0431 0.0510
v 0.378174 0.471191 0.247314 0.0353 0.0353 0.0353
v 0.378662 0.471191 0.243896 0.0314 0.0314 0.0314
v 0.379150 0.471191 0.246338 0.0314 0.0314 0.0314
v 0.380127 0.471191 0.241455 0.0196 0.0196 0.0196
v 0.380615 0.471191 0.241943 0.0157 0.0157 0.0157
v 0.382568 0.471191 0.239990 0.0196 0.0196 0.0196
v 0.406006 0.471191 0.241943 0.0314 0.0314 0.0392
v 0.411865 0.471191 0.236084 0.0275 0.0314 0.0314
v 0.420166 0.471191 0.239990 0.0275 0.0353 0.0353
v 0.424072 0.471191 0.247314 0.0549 0.0588 0.0667
v 0.423584 0.471191 0.243896 0.0431 0.0471 0.0549
v 0.422607 0.471191 0.241455 0.0353 0.0392 0.0431
v 0.478760 0.257324 0.036865 0.8235 0.8117 0.8157
v 0.476807 0.255371 0.034912 0.6157 0.6157 0.6157
v 0.481689 0.257812 0.037842 0.8902 0.8862 0.8784
v 0.489014 0.257812 0.037842 0.9255 0.9215 0.9137
v 0.493896 0.256836 0.036377 0.3372 0.3372 0.3372
v 0.496826 0.254395 0.033936 0.1255 0.1294 0.1373
v 0.475342 0.263184 0.024658 0.6157 0.6157 0.6236
v 0.477295 0.265625 0.026123 0.7608 0.7608 0.7608
v 0.480713 0.266602 0.026611 0.8509 0.8509 0.8509
v 0.474854 0.268555 0.012451 0.1137 0.1137 0.1137
v 0.477295 0.270996 0.013428 0.8196 0.8196 0.8235
v 0.480225 0.271973 0.013428 0.8392 0.8313 0.8353
v 0.488037 0.266602 0.026611 0.8823 0.8823 0.8784
v 0.492920 0.265137 0.025635 0.4589 0.4589 0.4628
v 0.495850 0.262207 0.024170 0.1333 0.1373 0.1451
v 0.495361 0.267090 0.012451 0.1294 0.1333 0.1412
v 0.488037 0.271973 0.013428 0.8274 0.8274 0.8313
v 0.492432 0.270508 0.013428 0.2471 0.2510 0.2588
v 0.346924 0.504395 0.221924 0.3176 0.3216 0.3372
v 0.349365 0.507324 0.225830 0.4275 0.4353 0.4510
v 0.353272 0.508301 0.229736 0.4510 0.4550 0.4706
v 0.354248 0.504395 0.219971 0.3255 0.3333 0.3451
v 0.356689 0.507324 0.223877 0.4392 0.4432 0.4589
v 0.360107 0.508301 0.228271 0.4550 0.4628 0.4784
v 0.365479 0.508301 0.222900 0.4628 0.4667 0.4823
v 0.359131 0.504395 0.214600 0.4000 0.3961 0.4157
v 0.362061 0.507324 0.218506 0.4432 0.4471 0.4628
v 0.364502 0.507324 0.211182 0.4706 0.4706 0.4902
v 0.361572 0.504395 0.207275 0.5569 0.5647 0.5764
v 0.367920 0.508301 0.215576 0.4589 0.4628 0.4784
v 0.240967 0.001953 -0.194580 0.0353 0.0353 0.0353
v 0.062744 0.124512 -0.064697 0.0078 0.0118 0.0196
v 0.064209 0.123535 -0.066650 0.0078 0.0118 0.0196
v 0.065674 0.123535 -0.068604 0.0039 0.0078 0.0157
v 0.075928 0.123535 -0.066162 0.0000 0.0000 0.0000
v 0.076416 0.123535 -0.066650 0.0039 0.0039 0.0118
v 0.077393 0.123535 -0.068115 0.0000 0.0000 0.0039
v 0.083252 0.125000 -0.068115 0.0824 0.0863 0.0941
v 0.088135 0.128418 -0.066650 0.0235 0.0235 0.0275
v 0.091064 0.133301 -0.063232 0.0275 0.0275 0.0431
v 0.082764 0.160156 -0.085205 0.0235 0.0314 0.0275
v 0.082764 0.151855 -0.093506 0.0275 0.0275 0.0275
v 0.082764 0.156250 -0.087158 0.0235 0.0235 0.0235
v 0.082764 0.153809 -0.089600 0.0235 0.0275 0.0275
v 0.082764 0.165039 -0.084717 0.0235 0.0235 0.0235
v 0.082764 0.150879 -0.098877 0.0275 0.0275 0.0275
v 0.123291 0.158691 -0.091553 0.0275 0.0275 0.0275
v 0.100830 0.171875 -0.074463 0.0196 0.0235 0.0235
v 0.100830 0.175293 -0.080322 0.0157 0.0235 0.0196
v 0.100830 0.182129 -0.084229 0.0353 0.0431 0.0392
v 0.100830 0.189941 -0.086182 0.0314 0.0392 0.0431
v 0.115479 0.158691 -0.098389 0.0196 0.0196 0.0118
v 0.091064 0.203613 -0.077881 0.0196 0.0196 0.0196
v 0.082764 0.203613 -0.084717 0.1137 0.1176 0.1255
v 0.100830 0.205078 -0.086182 0.0314 0.0392 0.0353
v 0.062256 0.132324 -0.177002 0.0314 0.0353 0.0431
v 0.062256 0.135254 -0.180908 0.0392 0.0431 0.0510
v 0.062256 0.139160 -0.183838 0.0392 0.0431 0.0510
v 0.036377 0.156250 -0.197998 0.1490 0.1333 0.1294
v 0.039307 0.157227 -0.198486 0.1412 0.1333 0.1294
v 0.041260 0.159180 -0.198975 0.1373 0.1294 0.1333
v 0.036377 0.153809 -0.207275 0.0118 0.0196 0.0157
v 0.036377 0.154297 -0.210205 0.0314 0.0314 0.0392
v 0.038818 0.154785 -0.210205 0.0275 0.0275 0.0314
v 0.035889 0.156738 -0.212158 0.0510 0.0510 0.0549
v 0.037354 0.156738 -0.212158 0.0392 0.0392 0.0431
v 0.037842 0.157715 -0.212646 0.0235 0.0235 0.0235
v 0.038330 0.158691 -0.213135 0.0275 0.0275 0.0353
v 0.039307 0.154785 -0.207275 0.0314 0.0392 0.0314
v 0.040283 0.156250 -0.210693 0.0275 0.0275 0.0275
v 0.041260 0.156738 -0.208252 0.0392 0.0431 0.0471
v 0.041748 0.159668 -0.209229 0.0471 0.0549 0.0510
v 0.040771 0.158691 -0.211670 0.0235 0.0275 0.0235
v 0.041748 0.162109 -0.199951 0.1059 0.1059 0.1098
v 0.036377 0.189453 -0.210205 0.1098 0.1098 0.1098
v 0.041748 0.184082 -0.208252 0.1176 0.1176 0.1176
v 0.041260 0.186523 -0.209229 0.1255 0.1255 0.1255
v 0.039307 0.188965 -0.210205 0.1255 0.1216 0.1255
v 0.041748 0.181152 -0.217041 0.0196 0.0196 0.0196
v 0.041260 0.184082 -0.218506 0.0118 0.0118 0.0157
v 0.038330 0.179688 -0.220947 0.0588 0.0588 0.0667
v 0.035889 0.182129 -0.221436 0.0667 0.0706 0.0863
v 0.037842 0.180664 -0.221436 0.0588 0.0549 0.0667
v 0.037354 0.181641 -0.221436 0.0667 0.0627 0.0824
v 0.036377 0.187012 -0.219482 0.0157 0.0157 0.0157
v 0.036377 0.185059 -0.221436 0.0902 0.0902 0.0980
v 0.038818 0.184570 -0.221436 0.0353 0.0353 0.0431
v 0.040771 0.180176 -0.219971 0.0118 0.0118 0.0157
v 0.040283 0.182617 -0.220459 0.0235 0.0235 0.0235
v 0.039307 0.186035 -0.218994 0.0157 0.0157 0.0157
v 0.062256 0.203613 -0.208252 0.0275 0.0275 0.0275
v 0.062744 0.130859 -0.171631 0.0157 0.0196 0.0275
v 0.076416 0.129395 -0.171631 0.0078 0.0078 0.0078
v 0.064209 0.129395 -0.176025 0.0118 0.0157 0.0235
v 0.064209 0.131348 -0.180908 0.0196 0.0235 0.0275
v 0.064209 0.134277 -0.184814 0.0275 0.0314 0.0392
v 0.075928 0.129883 -0.176514 0.0078 0.0078 0.0078
v 0.077393 0.129395 -0.179443 0.0000 0.0000 0.0000
v 0.075928 0.131348 -0.180420 0.0157 0.0157 0.0157
v 0.077393 0.129395 -0.183838 0.0118 0.0157 0.0235
v 0.077393 0.131348 -0.184814 0.0196 0.0235 0.0314
v 0.075928 0.134277 -0.184814 0.0392 0.0431 0.0510
v 0.091064 0.138184 -0.167236 0.0275 0.0314 0.0392
v 0.091064 0.139648 -0.171631 0.0275 0.0314 0.0392
v 0.082764 0.150879 -0.171631 0.0275 0.0353 0.0314
v 0.083252 0.130859 -0.178955 0.0510 0.0549 0.0627
v 0.083252 0.132812 -0.183838 0.0314 0.0353 0.0431
v 0.088135 0.133789 -0.175537 0.0196 0.0235 0.0314
v 0.091064 0.142090 -0.175537 0.0275 0.0314 0.0392
v 0.088135 0.135254 -0.180420 0.0196 0.0235 0.0353
v 0.088135 0.138184 -0.184326 0.0235 0.0275 0.0353
v 0.088135 0.141602 -0.187256 0.0314 0.0353 0.0431
v 0.082764 0.151367 -0.176025 0.0275 0.0353 0.0314
v 0.082764 0.152344 -0.179443 0.0314 0.0314 0.0314
v 0.082764 0.153809 -0.181396 0.0314 0.0314 0.0314
v 0.082764 0.156250 -0.183350 0.0314 0.0314 0.0314
v 0.082764 0.159668 -0.184814 0.0275 0.0314 0.0392
v 0.091064 0.145508 -0.178467 0.0196 0.0235 0.0314
v 0.082764 0.165039 -0.185303 0.0275 0.0275 0.0314
v 0.115479 0.158691 -0.170166 0.0157 0.0196 0.0118
v 0.123291 0.158691 -0.177002 0.0196 0.0196 0.0196
v 0.082764 0.203613 -0.185303 0.0392 0.0392 0.0392
v 0.066650 0.129883 -0.188721 0.0000 0.0000 0.0000
v 0.066650 0.130859 -0.191650 0.0078 0.0039 0.0039
v 0.066650 0.132812 -0.195068 0.0000 0.0000 0.0000
v 0.064209 0.138184 -0.187744 0.0392 0.0431 0.0510
v 0.066650 0.137207 -0.197998 0.0157 0.0196 0.0275
v 0.066650 0.142090 -0.199951 0.0431 0.0471 0.0549
v 0.077393 0.130859 -0.188721 0.0627 0.0667 0.0745
v 0.077393 0.134277 -0.188721 0.0275 0.0314 0.0392
v 0.077393 0.133789 -0.192627 0.0353 0.0353 0.0392
v 0.075928 0.138184 -0.187744 0.0510 0.0549 0.0627
v 0.077393 0.138184 -0.191650 0.0431 0.0471 0.0549
v 0.076904 0.138184 -0.196045 0.0471 0.0510 0.0588
v 0.076904 0.143066 -0.197998 0.0549 0.0588 0.0667
v 0.083252 0.135742 -0.187744 0.0275 0.0314 0.0392
v 0.083252 0.139648 -0.190674 0.0431 0.0471 0.0588
v 0.064209 0.203613 -0.212646 0.0196 0.0196 0.0196
v 0.075928 0.203613 -0.212646 0.0157 0.0157 0.0157
v 0.077393 0.203613 -0.216553 0.0118 0.0118 0.0118
v 0.091064 0.203613 -0.200928 0.0157 0.0157 0.0039
v 0.083252 0.203613 -0.215088 0.0078 0.0078 0.0039
v 0.088135 0.203613 -0.211182 0.0118 0.0118 0.0039
v 0.066650 0.203613 -0.224365 0.0118 0.0118 0.0118
v 0.077393 0.203613 -0.221924 0.0157 0.0157 0.0157
v 0.155518 0.064453 -0.108154 0.1333 0.1412 0.1373
v 0.151611 0.062500 -0.112061 0.0392 0.0431 0.0510
v 0.149170 0.061523 -0.116943 0.0314 0.0353 0.0431
v 0.186279 0.029785 -0.117432 0.0235 0.0235 0.0314
v 0.167236 0.051270 -0.108154 0.1373 0.1412 0.1373
v 0.163330 0.048828 -0.112549 0.0314 0.0353 0.0431
v 0.160889 0.047852 -0.117432 0.0275 0.0314 0.0392
v 0.178955 0.041016 -0.108154 0.1333 0.1333 0.1255
v 0.175537 0.039062 -0.112061 0.0353 0.0392 0.0471
v 0.172607 0.037598 -0.117432 0.0275 0.0314 0.0392
v 0.135010 0.094238 -0.116455 0.0314 0.0353 0.0392
v 0.137939 0.094238 -0.112061 0.0627 0.0667 0.0745
v 0.146729 0.079590 -0.108154 0.1216 0.1255 0.1255
v 0.142334 0.093750 -0.108154 0.1098 0.1137 0.1137
v 0.142822 0.078125 -0.112061 0.0706 0.0745 0.0784
v 0.140869 0.077637 -0.116943 0.0392 0.0431 0.0510
v 0.139893 0.108398 -0.108154 0.0745 0.0784 0.0863
v 0.133057 0.128906 -0.098389 0.0431 0.0471 0.0549
v 0.137939 0.123047 -0.108154 0.0510 0.0549 0.0627
v 0.135498 0.110840 -0.110596 0.0549 0.0627 0.0588
v 0.133057 0.111816 -0.114990 0.0275 0.0314 0.0314
v 0.134521 0.127930 -0.109619 0.0471 0.0471 0.0549
v 0.153564 0.100098 -0.098389 0.0431 0.0471 0.0549
v 0.154053 0.100098 -0.108154 0.0667 0.0706 0.0784
v 0.181396 0.080078 -0.091553 0.0980 0.1059 0.1020
v 0.160400 0.103027 -0.091553 0.1137 0.1216 0.1176
v 0.175537 0.075684 -0.098389 0.0510 0.0549 0.0588
v 0.175537 0.075684 -0.108154 0.0627 0.0667 0.0745
v 0.234131 0.079590 -0.019775 0.0157 0.0157 0.0157
v 0.230225 0.085449 -0.019775 0.0196 0.0235 0.0235
v 0.228271 0.092285 -0.019775 0.0196 0.0235 0.0235
v 0.233643 0.092773 -0.023682 0.0157 0.0157 0.0157
v 0.239014 0.074707 -0.019775 0.0235 0.0275 0.0235
v 0.239014 0.082031 -0.024170 0.0196 0.0196 0.0196
v 0.244385 0.071289 -0.019775 0.0314 0.0314 0.0353
v 0.248291 0.074219 -0.024170 0.0157 0.0157 0.0157
v 0.242920 0.077637 -0.024170 0.0157 0.0157 0.0157
v 0.235596 0.087402 -0.023682 0.0235 0.0314 0.0275
v 0.227295 0.099121 -0.019775 0.0235 0.0275 0.0275
v 0.228271 0.105957 -0.019775 0.0196 0.0196 0.0196
v 0.230713 0.112305 -0.019775 0.0157 0.0196 0.0196
v 0.232666 0.099121 -0.023682 0.0157 0.0157 0.0157
v 0.233154 0.104980 -0.023682 0.0157 0.0196 0.0157
v 0.234131 0.118164 -0.019775 0.0157 0.0196 0.0157
v 0.235596 0.110840 -0.023682 0.0157 0.0157 0.0157
v 0.239014 0.123047 -0.019775 0.0196 0.0235 0.0196
v 0.239014 0.116211 -0.024170 0.0118 0.0196 0.0157
v 0.244873 0.126953 -0.019775 0.0196 0.0275 0.0235
v 0.242920 0.120605 -0.024170 0.0157 0.0157 0.0157
v 0.248291 0.124023 -0.024170 0.0157 0.0157 0.0157
v 0.208252 0.063477 -0.091553 0.1333 0.1412 0.1373
v 0.193115 0.033691 -0.108154 0.1451 0.1451 0.1451
v 0.202881 0.030273 -0.108154 0.1530 0.1530 0.1530
v 0.188232 0.031250 -0.112549 0.0275 0.0353 0.0353
v 0.201416 0.026367 -0.113037 0.0353 0.0392 0.0431
v 0.200439 0.024902 -0.117920 0.0275 0.0235 0.0353
v 0.213623 0.028809 -0.108154 0.1451 0.1490 0.1451
v 0.215576 0.025391 -0.112061 0.0588 0.0588 0.0667
v 0.215576 0.022949 -0.117920 0.0471 0.0510 0.0588
v 0.203369 0.057617 -0.098389 0.0431 0.0471 0.0510
v 0.203369 0.057617 -0.108154 0.0824 0.0902 0.0863
v 0.231689 0.054688 -0.091553 0.1647 0.1647 0.1647
v 0.230225 0.032227 -0.108154 0.1490 0.1490 0.1490
v 0.230713 0.024902 -0.116943 0.0471 0.0510 0.0627
v 0.230713 0.027832 -0.112061 0.0588 0.0627 0.0706
v 0.248291 0.032715 -0.114014 0.0353 0.0392 0.0471
v 0.229248 0.047852 -0.098389 0.0314 0.0314 0.0314
v 0.229248 0.048340 -0.108154 0.0627 0.0706 0.0667
v 0.243408 0.037109 -0.108154 0.1020 0.1020 0.1020
v 0.138916 0.132812 -0.091553 0.0863 0.0941 0.0941
v 0.133057 0.129883 -0.113037 0.0314 0.0392 0.0392
v 0.149170 0.061523 -0.151611 0.0275 0.0314 0.0392
v 0.151611 0.062500 -0.156494 0.0235 0.0275 0.0353
v 0.155518 0.064453 -0.160400 0.0039 0.0078 0.0157
v 0.186279 0.029785 -0.151123 0.0510 0.0549 0.0627
v 0.160889 0.047852 -0.151611 0.0235 0.0314 0.0314
v 0.163330 0.048828 -0.156006 0.0275 0.0314 0.0353
v 0.172607 0.037598 -0.151611 0.0353 0.0392 0.0471
v 0.167236 0.051270 -0.160400 0.0235 0.0235 0.0314
v 0.175537 0.039062 -0.156494 0.0275 0.0353 0.0314
v 0.178955 0.041016 -0.160400 0.0510 0.0549 0.0627
v 0.135010 0.094238 -0.152100 0.0235 0.0314 0.0275
v 0.140869 0.077637 -0.151611 0.0275 0.0275 0.0314
v 0.132568 0.112305 -0.153076 0.0196 0.0196 0.0196
v 0.137939 0.094238 -0.156494 0.0196 0.0196 0.0196
v 0.142822 0.078125 -0.156494 0.0196 0.0275 0.0235
v 0.146729 0.079590 -0.160400 0.0039 0.0078 0.0118
v 0.142334 0.093750 -0.160400 0.0039 0.0039 0.0078
v 0.135498 0.110840 -0.157959 0.0196 0.0196 0.0275
v 0.139893 0.108398 -0.160400 0.0078 0.0078 0.0118
v 0.134521 0.127930 -0.158936 0.0196 0.0275 0.0235
v 0.137939 0.123047 -0.160400 0.0196 0.0196 0.0196
v 0.133057 0.128906 -0.170166 0.0275 0.0314 0.0392
v 0.154053 0.100098 -0.160400 0.0157 0.0196 0.0157
v 0.153564 0.100098 -0.170166 0.0157 0.0196 0.0157
v 0.175537 0.075684 -0.160400 0.0275 0.0275 0.0275
v 0.175537 0.075684 -0.170166 0.0275 0.0353 0.0314
v 0.181396 0.080078 -0.177002 0.0902 0.0941 0.1020
v 0.160400 0.103027 -0.177002 0.0549 0.0549 0.0627
v 0.170166 0.061523 -0.192627 0.0314 0.0353 0.0431
v 0.178955 0.044434 -0.192627 0.0235 0.0275 0.0353
v 0.182861 0.046875 -0.188232 0.1216 0.1294 0.1294
v 0.174072 0.062988 -0.188232 0.0863 0.0941 0.0902
v 0.164795 0.079590 -0.192627 0.0314 0.0353 0.0431
v 0.169189 0.080566 -0.188232 0.0627 0.0667 0.0745
v 0.162842 0.098633 -0.192627 0.0353 0.0392 0.0431
v 0.167236 0.098633 -0.188232 0.0588 0.0627 0.0706
v 0.164795 0.117676 -0.192627 0.0353 0.0392 0.0549
v 0.169189 0.116699 -0.188232 0.0510 0.0549 0.0588
v 0.188232 0.031250 -0.156006 0.0196 0.0235 0.0314
v 0.200439 0.024902 -0.150635 0.0745 0.0784 0.0863
v 0.201416 0.026367 -0.155518 0.0353 0.0353 0.0353
v 0.215576 0.022949 -0.150635 0.0627 0.0667 0.0745
v 0.193115 0.033691 -0.160400 0.0549 0.0627 0.0588
v 0.202881 0.030273 -0.160400 0.0588 0.0667 0.0627
v 0.215576 0.025391 -0.156494 0.0784 0.0784 0.0784
v 0.213623 0.028809 -0.160400 0.0706 0.0784 0.0745
v 0.203369 0.057617 -0.160400 0.0353 0.0392 0.0431
v 0.203369 0.057617 -0.170166 0.0314 0.0392 0.0392
v 0.208252 0.063477 -0.177002 0.1020 0.1098 0.1059
v 0.230713 0.024902 -0.152100 0.0588 0.0627 0.0706
v 0.248291 0.032715 -0.154541 0.0392 0.0431 0.0471
v 0.230225 0.032227 -0.160400 0.0824 0.0863 0.0824
v 0.230713 0.027832 -0.156494 0.0549 0.0549 0.0549
v 0.229248 0.048340 -0.160400 0.0353 0.0392 0.0431
v 0.229248 0.047852 -0.170166 0.0667 0.0667 0.0667
v 0.231689 0.054688 -0.177002 0.1059 0.1098 0.1098
v 0.243408 0.037109 -0.160400 0.0549 0.0549 0.0549
v 0.191162 0.029785 -0.192627 0.0275 0.0275 0.0353
v 0.194580 0.032715 -0.188232 0.1412 0.1451 0.1530
v 0.205811 0.017090 -0.193115 0.0353 0.0353 0.0353
v 0.208252 0.021484 -0.188232 0.1294 0.1373 0.1333
v 0.222412 0.007812 -0.194092 0.0353 0.0353 0.0353
v 0.224365 0.012695 -0.188232 0.0627 0.0627 0.0627
v 0.241943 0.007324 -0.188232 0.0510 0.0549 0.0588
v 0.233643 0.092773 -0.192627 0.0941 0.0980 0.1059
v 0.239502 0.081543 -0.192627 0.0980 0.1059 0.1020
v 0.249268 0.074219 -0.192627 0.0902 0.0980 0.0941
v 0.244385 0.077148 -0.192627 0.0863 0.0902 0.0980
v 0.235107 0.086914 -0.192627 0.1020 0.1059 0.1137
v 0.232666 0.099121 -0.192627 0.1059 0.1098 0.1216
v 0.233643 0.105469 -0.192627 0.0980 0.1059 0.1020
v 0.235596 0.111328 -0.192627 0.0863 0.0941 0.0902
v 0.239502 0.116211 -0.192627 0.0863 0.0902 0.0980
v 0.244385 0.120605 -0.192627 0.0824 0.0902 0.0863
v 0.249268 0.124023 -0.192627 0.0902 0.0980 0.0941
v 0.133057 0.129883 -0.156006 0.0235 0.0275 0.0314
v 0.138916 0.132812 -0.177002 0.0431 0.0471 0.0549
v 0.170166 0.135742 -0.192627 0.0275 0.0353 0.0314
v 0.174072 0.134277 -0.188232 0.0353 0.0431 0.0431
v 0.178955 0.152832 -0.192627 0.0196 0.0275 0.0235
v 0.182861 0.150391 -0.188232 0.0353 0.0392 0.0431
v 0.191162 0.167480 -0.192627 0.0235 0.0314 0.0275
v 0.194580 0.164551 -0.188232 0.0353 0.0392 0.0471
v 0.208252 0.175781 -0.188232 0.0314 0.0353 0.0431
v 0.205811 0.179688 -0.192627 0.0235 0.0235 0.0235
v 0.224365 0.184570 -0.188232 0.0275 0.0275 0.0275
v 0.222900 0.188965 -0.192627 0.0196 0.0196 0.0196
v 0.241943 0.189941 -0.188232 0.0275 0.0314 0.0353
v 0.240967 0.194336 -0.192627 0.0196 0.0196 0.0196
v 0.240967 0.001953 -0.260498 0.0000 0.0000 0.0000
v 0.124756 0.252930 -0.282471 0.0549 0.0588 0.0627
v 0.170166 0.061523 -0.262939 0.1255 0.1373 0.1412
v 0.178955 0.044434 -0.262939 0.0627 0.0706 0.0706
v 0.182861 0.046875 -0.267334 0.4275 0.4314 0.4392
v 0.174072 0.062988 -0.267334 0.5961 0.5961 0.6039
v 0.164795 0.079590 -0.262939 0.1843 0.1922 0.1961
v 0.169189 0.080566 -0.267334 0.6550 0.6550 0.6589
v 0.183350 0.083496 -0.267334 0.8039 0.7960 0.8000
v 0.162842 0.098633 -0.262939 0.2432 0.2549 0.2627
v 0.164795 0.117676 -0.262939 0.3686 0.3882 0.4000
v 0.167236 0.098633 -0.267334 0.7059 0.7020 0.7020
v 0.169189 0.116699 -0.267334 0.7921 0.7921 0.7843
v 0.186279 0.098633 -0.251221 0.0588 0.0627 0.0706
v 0.186279 0.098633 -0.261963 0.2314 0.2353 0.2432
v 0.181885 0.098633 -0.267334 0.8157 0.8039 0.8078
v 0.183350 0.113770 -0.267334 0.7843 0.7764 0.7764
v 0.191162 0.029785 -0.262451 0.0706 0.0745 0.0824
v 0.194580 0.033203 -0.267334 0.3725 0.3765 0.3882
v 0.205811 0.017090 -0.261963 0.0196 0.0196 0.0235
v 0.208252 0.021973 -0.267334 0.4039 0.4078 0.4235
v 0.216553 0.033691 -0.267334 0.6980 0.6980 0.6941
v 0.198486 0.057617 -0.251221 0.0353 0.0353 0.0353
v 0.198486 0.057617 -0.261963 0.2275 0.2314 0.2432
v 0.195068 0.055176 -0.267334 0.7333 0.7333 0.7294
v 0.207275 0.045898 -0.251221 0.0235 0.0275 0.0235
v 0.207275 0.045898 -0.261963 0.1961 0.2039 0.2118
v 0.218506 0.037109 -0.251221 0.0235 0.0314 0.0275
v 0.218506 0.037109 -0.261963 0.1294 0.1412 0.1451
v 0.204834 0.043457 -0.267334 0.7333 0.7216 0.7137
v 0.222412 0.007812 -0.260986 0.0000 0.0000 0.0000
v 0.231689 0.029785 -0.251221 0.0157 0.0157 0.0196
v 0.231689 0.029785 -0.261963 0.2745 0.2902 0.3019
v 0.224365 0.014160 -0.267334 0.4902 0.4941 0.5098
v 0.230225 0.025879 -0.267334 0.7255 0.7255 0.7176
v 0.245361 0.025879 -0.251221 0.1333 0.1333 0.1373
v 0.245361 0.025879 -0.261963 0.3804 0.4000 0.4118
v 0.241943 0.008789 -0.267334 0.4863 0.4902 0.5098
v 0.244385 0.021484 -0.267334 0.7333 0.7333 0.7372
v 0.191650 0.070312 -0.251221 0.0431 0.0471 0.0549
v 0.191650 0.070312 -0.261963 0.1137 0.1176 0.1255
v 0.187744 0.083984 -0.251221 0.0471 0.0510 0.0588
v 0.187744 0.083984 -0.261963 0.1176 0.1216 0.1294
v 0.187744 0.068848 -0.267334 0.7568 0.7529 0.7568
v 0.187744 0.113281 -0.251221 0.0667 0.0745 0.0745
v 0.187744 0.113281 -0.261963 0.1725 0.1765 0.1765
v 0.191650 0.126953 -0.251221 0.0667 0.0706 0.0784
v 0.191650 0.126953 -0.262451 0.3098 0.3098 0.3255
v 0.187744 0.128418 -0.267334 0.7490 0.7451 0.7490
v 0.232666 0.080566 -0.251221 0.1137 0.1176 0.1255
v 0.233643 0.081055 -0.264404 0.0667 0.0706 0.0706
v 0.229736 0.085938 -0.251221 0.1059 0.1137 0.1255
v 0.227783 0.092285 -0.251221 0.1020 0.1098 0.1255
v 0.230713 0.086426 -0.264404 0.0510 0.0667 0.0706
v 0.228760 0.092285 -0.264404 0.0471 0.0627 0.0706
v 0.233154 0.093262 -0.267822 0.6824 0.6824 0.6863
v 0.241943 0.071289 -0.251221 0.0941 0.0941 0.1020
v 0.237061 0.075684 -0.251221 0.0941 0.1020 0.1020
v 0.241943 0.072754 -0.263916 0.0824 0.0824 0.0863
v 0.237549 0.076172 -0.263916 0.0706 0.0745 0.0745
v 0.247314 0.068359 -0.251221 0.0863 0.0863 0.0980
v 0.247803 0.069824 -0.263916 0.0824 0.0824 0.0824
v 0.249756 0.094727 -0.265381 0.1098 0.1020 0.1098
v 0.240479 0.079590 -0.267822 0.3490 0.3529 0.3686
v 0.249268 0.073242 -0.267822 0.1569 0.1608 0.1686
v 0.244385 0.076172 -0.267822 0.2784 0.2823 0.3019
v 0.237061 0.083496 -0.267822 0.4628 0.4667 0.4823
v 0.234619 0.087891 -0.267822 0.5333 0.5333 0.5530
v 0.249756 0.094727 -0.272705 0.1765 0.1804 0.1922
v 0.227295 0.098633 -0.251221 0.0941 0.0980 0.1059
v 0.227783 0.104980 -0.251221 0.0667 0.0667 0.0706
v 0.229736 0.111328 -0.251221 0.0314 0.0314 0.0353
v 0.228271 0.098633 -0.263916 0.0392 0.0431 0.0510
v 0.228760 0.104980 -0.263916 0.0157 0.0157 0.0157
v 0.230713 0.110840 -0.264404 0.0039 0.0039 0.0039
v 0.232666 0.116699 -0.251221 0.0078 0.0078 0.0118
v 0.233643 0.116211 -0.263916 0.0157 0.0157 0.0157
v 0.232178 0.098633 -0.267822 0.7529 0.7529 0.7451
v 0.233154 0.104004 -0.267822 0.8274 0.8274 0.8196
v 0.249268 0.099121 -0.265381 0.1686 0.1530 0.1608
v 0.237061 0.121582 -0.251221 0.0196 0.0196 0.0275
v 0.241943 0.125977 -0.251221 0.0275 0.0314 0.0392
v 0.237549 0.120605 -0.264404 0.2627 0.2706 0.2706
v 0.241943 0.125000 -0.264404 0.2510 0.2706 0.2784
v 0.247314 0.128906 -0.251221 0.0078 0.0078 0.0078
v 0.247803 0.127441 -0.263916 0.6745 0.6785 0.6824
v 0.234619 0.108887 -0.267822 0.8313 0.8274 0.8196
v 0.249268 0.099121 -0.272705 0.2549 0.2627 0.2627
v 0.237061 0.113770 -0.267822 0.8157 0.8117 0.8117
v 0.240479 0.117676 -0.267822 0.8157 0.8157 0.8157
v 0.244385 0.121094 -0.267822 0.8235 0.8235 0.8235
v 0.249268 0.123535 -0.267822 0.8039 0.8039 0.8039
v 0.170166 0.135742 -0.262939 0.1961 0.2039 0.2157
v 0.178955 0.152832 -0.262939 0.1843 0.1922 0.2039
v 0.174072 0.134277 -0.267334 0.7764 0.7764 0.7725
v 0.182861 0.150391 -0.267334 0.7960 0.7960 0.7921
v 0.127686 0.237305 -0.282471 0.0471 0.0471 0.0471
v 0.131592 0.233887 -0.282471 0.0275 0.0275 0.0353
v 0.136475 0.231934 -0.282471 0.0314 0.0314 0.0314
v 0.125732 0.243164 -0.282471 0.0549 0.0549 0.0549
v 0.131592 0.235352 -0.300049 0.2549 0.2510 0.2706
v 0.132080 0.236328 -0.302979 0.3216 0.3294 0.3490
v 0.136475 0.233398 -0.300049 0.3255 0.3216 0.3451
v 0.136475 0.234375 -0.302979 0.3490 0.3529 0.3686
v 0.133057 0.238281 -0.304932 0.4039 0.4039 0.4353
v 0.136963 0.236816 -0.304932 0.4392 0.4392 0.4667
v 0.127686 0.238770 -0.300049 0.4078 0.4196 0.4392
v 0.125732 0.244629 -0.300049 0.6589 0.6628 0.6785
v 0.128174 0.239746 -0.302979 0.4667 0.4784 0.4941
v 0.126221 0.245117 -0.302490 0.7020 0.7059 0.7255
v 0.128174 0.245605 -0.304932 0.6745 0.6785 0.6902
v 0.130127 0.240723 -0.304932 0.4667 0.4745 0.4980
v 0.130127 0.246094 -0.305908 0.8313 0.8353 0.8392
v 0.132568 0.242676 -0.305908 0.6157 0.6157 0.6315
v 0.134521 0.240723 -0.305908 0.4863 0.4863 0.5059
v 0.136963 0.239746 -0.305908 0.4275 0.4353 0.4628
v 0.150635 0.231934 -0.282471 0.0275 0.0275 0.0275
v 0.155518 0.233887 -0.282471 0.0431 0.0471 0.0510
v 0.150635 0.233398 -0.300049 0.3529 0.3490 0.3686
v 0.150635 0.234375 -0.302979 0.3372 0.3372 0.3568
v 0.155518 0.235352 -0.300049 0.3019 0.3098 0.3294
v 0.154053 0.237793 -0.304443 0.3882 0.3921 0.4157
v 0.155029 0.236328 -0.302979 0.3529 0.3568 0.3765
v 0.150146 0.236816 -0.304932 0.4196 0.4235 0.4471
v 0.141846 0.252930 -0.304932 0.6510 0.6510 0.6471
v 0.141846 0.252930 -0.312256 0.4471 0.4471 0.4550
v 0.144775 0.252441 -0.304932 0.7412 0.7412 0.7294
v 0.148193 0.252930 -0.304932 0.7451 0.7412 0.7333
v 0.144775 0.252441 -0.312256 0.4550 0.4589 0.4667
v 0.148193 0.252930 -0.312256 0.5216 0.5255 0.5255
v 0.149658 0.239746 -0.305908 0.4039 0.4157 0.4353
v 0.152588 0.240723 -0.305908 0.4863 0.4823 0.5098
v 0.154053 0.242676 -0.305908 0.7176 0.7176 0.7255
v 0.158936 0.237305 -0.282471 0.0549 0.0588 0.0667
v 0.161377 0.243164 -0.282471 0.0549 0.0588 0.0627
v 0.161865 0.252930 -0.282471 0.0471 0.0510 0.0510
v 0.158936 0.238770 -0.300049 0.1765 0.1882 0.2000
v 0.158447 0.239746 -0.302979 0.3412 0.3529 0.3725
v 0.159424 0.245117 -0.304443 0.6079 0.6236 0.6393
v 0.161377 0.244629 -0.300049 0.2432 0.2471 0.2667
v 0.160889 0.244629 -0.302490 0.3333 0.3451 0.3647
v 0.156494 0.240723 -0.304932 0.4432 0.4471 0.4667
v 0.156494 0.246094 -0.305908 0.8000 0.8039 0.8039
v 0.142334 0.253906 -0.313721 0.2118 0.2157 0.2275
v 0.144775 0.253418 -0.313721 0.3137 0.3176 0.3294
v 0.147705 0.253906 -0.313721 0.2549 0.2588 0.2627
v 0.198486 0.139648 -0.251221 0.0824 0.0863 0.0941
v 0.198486 0.139648 -0.261963 0.2588 0.2627 0.2706
v 0.195068 0.142090 -0.267334 0.7255 0.7255 0.7294
v 0.207275 0.151367 -0.251221 0.0745 0.0824 0.0784
v 0.207275 0.151367 -0.261963 0.1843 0.1882 0.1882
v 0.218506 0.160156 -0.251221 0.0824 0.0863 0.0863
v 0.218506 0.160156 -0.261963 0.1647 0.1647 0.1725
v 0.204834 0.153809 -0.267334 0.5882 0.5843 0.6000
v 0.191162 0.167480 -0.262939 0.2235 0.2353 0.2510
v 0.194580 0.164551 -0.267334 0.8078 0.8078 0.8117
v 0.205811 0.179688 -0.262939 0.2549 0.2667 0.2823
v 0.208252 0.175781 -0.267334 0.7725 0.7764 0.7725
v 0.216553 0.164062 -0.267334 0.5019 0.5059 0.5176
v 0.231689 0.167480 -0.251221 0.0745 0.0745 0.0784
v 0.231689 0.167480 -0.261963 0.1882 0.1882 0.1961
v 0.222900 0.188965 -0.262939 0.3843 0.4039 0.4235
v 0.230225 0.171387 -0.267334 0.4628 0.4628 0.4823
v 0.224365 0.184570 -0.267334 0.8588 0.8588 0.8588
v 0.245361 0.171387 -0.251221 0.0784 0.0784 0.0824
v 0.245361 0.171387 -0.261963 0.1333 0.1333 0.1333
v 0.244385 0.175781 -0.267334 0.4784 0.4784 0.4980
v 0.241943 0.189941 -0.267334 0.8196 0.8196 0.8157
v 0.240967 0.194336 -0.262939 0.3490 0.3686 0.3725
v 0.260010 0.000000 -0.194580 0.0353 0.0353 0.0353
v 0.279053 0.001953 -0.194580 0.0353 0.0353 0.0353
v 0.251221 0.068848 -0.019775 0.0353 0.0353 0.0431
v 0.253662 0.072266 -0.023682 0.0078 0.0157 0.0118
v 0.260010 0.067871 -0.019775 0.0353 0.0392 0.0471
v 0.260010 0.071289 -0.023682 0.0078 0.0078 0.0078
v 0.267822 0.068848 -0.019775 0.0588 0.0627 0.0627
v 0.266357 0.072266 -0.023682 0.0118 0.0118 0.0118
v 0.271729 0.074219 -0.023682 0.0118 0.0118 0.0118
v 0.274170 0.071289 -0.019775 0.0471 0.0549 0.0549
v 0.280029 0.074707 -0.019775 0.0039 0.0078 0.0039
v 0.277100 0.077637 -0.023682 0.0039 0.0039 0.0039
v 0.253662 0.125977 -0.023682 0.0118 0.0196 0.0157
v 0.260010 0.126465 -0.023682 0.0118 0.0196 0.0157
v 0.266357 0.125977 -0.023682 0.0157 0.0157 0.0157
v 0.271729 0.124023 -0.024170 0.0118 0.0118 0.0118
v 0.274170 0.126953 -0.019775 0.0157 0.0196 0.0196
v 0.280029 0.123535 -0.019775 0.0078 0.0078 0.0078
v 0.277100 0.120605 -0.024170 0.0078 0.0078 0.0078
v 0.284912 0.079590 -0.019775 0.0000 0.0000 0.0039
v 0.281494 0.082031 -0.023682 0.0000 0.0000 0.0039
v 0.288330 0.085449 -0.019775 0.0039 0.0039 0.0039
v 0.284424 0.087402 -0.023682 0.0157 0.0196 0.0275
v 0.286377 0.092773 -0.023682 0.0196 0.0235 0.0314
v 0.290771 0.092285 -0.019775 0.0157 0.0157 0.0196
v 0.288330 0.112305 -0.019775 0.0078 0.0078 0.0118
v 0.287354 0.099121 -0.023682 0.0196 0.0235 0.0314
v 0.286377 0.104980 -0.023682 0.0196 0.0235 0.0314
v 0.284424 0.110840 -0.024170 0.0157 0.0157 0.0157
v 0.291260 0.099121 -0.019775 0.0157 0.0157 0.0157
v 0.290771 0.105957 -0.019775 0.0078 0.0078 0.0118
v 0.284912 0.118164 -0.019775 0.0118 0.0118 0.0118
v 0.281494 0.116211 -0.024170 0.0118 0.0118 0.0118
v 0.256592 0.051270 -0.091553 0.1530 0.1608 0.1569
v 0.257080 0.043457 -0.098389 0.0196 0.0196 0.0196
v 0.255615 0.044434 -0.108154 0.0157 0.0157 0.0157
v 0.261475 0.043945 -0.108643 0.0275 0.0275 0.0353
v 0.250732 0.037109 -0.109619 0.0431 0.0471 0.0510
v 0.264404 0.043457 -0.111084 0.0314 0.0314 0.0392
v 0.285889 0.052734 -0.091553 0.1569 0.1608 0.1608
v 0.286865 0.044922 -0.098389 0.0314 0.0353 0.0431
v 0.314697 0.061035 -0.091553 0.1255 0.1333 0.1333
v 0.315674 0.053223 -0.098389 0.0314 0.0431 0.0471
v 0.334229 0.063477 -0.098389 0.0431 0.0471 0.0549
v 0.330322 0.069336 -0.091553 0.1137 0.1216 0.1176
v 0.343506 0.081055 -0.091553 0.1059 0.1137 0.1137
v 0.358643 0.098145 -0.091553 0.0902 0.0941 0.0980
v 0.369385 0.117676 -0.091553 0.0980 0.1059 0.1020
v 0.350342 0.077148 -0.098389 0.0314 0.0353 0.0431
v 0.364502 0.093262 -0.098389 0.0314 0.0353 0.0431
v 0.374756 0.112305 -0.098389 0.0353 0.0392 0.0471
v 0.251221 0.129395 -0.019775 0.0196 0.0196 0.0196
v 0.260010 0.129883 -0.019775 0.0157 0.0196 0.0157
v 0.267822 0.129395 -0.019775 0.0196 0.0196 0.0235
v 0.250244 0.037109 -0.158936 0.0157 0.0157 0.0157
v 0.255615 0.044434 -0.160400 0.0196 0.0196 0.0235
v 0.257080 0.043457 -0.170166 0.0667 0.0667 0.0667
v 0.261475 0.043945 -0.159912 0.0157 0.0157 0.0235
v 0.264404 0.043457 -0.157471 0.0196 0.0196 0.0275
v 0.256592 0.051270 -0.177002 0.1020 0.1098 0.1059
v 0.286865 0.044922 -0.170166 0.0431 0.0471 0.0510
v 0.285889 0.052734 -0.177002 0.1059 0.1059 0.1059
v 0.260010 0.005371 -0.188232 0.0824 0.0902 0.0863
v 0.278076 0.007324 -0.188232 0.0667 0.0706 0.0745
v 0.295166 0.012695 -0.188232 0.0627 0.0667 0.0706
v 0.297119 0.007812 -0.194092 0.0275 0.0314 0.0275
v 0.311279 0.021484 -0.188232 0.1059 0.1137 0.1098
v 0.254150 0.071777 -0.192627 0.1020 0.1098 0.1059
v 0.260010 0.071289 -0.192627 0.0902 0.0941 0.1020
v 0.265869 0.072266 -0.192627 0.0784 0.0824 0.0902
v 0.271240 0.074219 -0.192627 0.0745 0.0784 0.0784
v 0.275635 0.077637 -0.192627 0.0824 0.0824 0.0824
v 0.280518 0.081543 -0.192627 0.0784 0.0784 0.0784
v 0.260010 0.098633 -0.188232 0.1020 0.1098 0.1098
v 0.254150 0.126465 -0.192627 0.0980 0.1020 0.1098
v 0.260010 0.126465 -0.192627 0.0980 0.1059 0.1020
v 0.265869 0.125977 -0.192627 0.0941 0.1020 0.0980
v 0.270752 0.123535 -0.192627 0.0784 0.0863 0.0824
v 0.275635 0.120117 -0.192627 0.0706 0.0784 0.0745
v 0.280029 0.116211 -0.192627 0.0745 0.0824 0.0784
v 0.284912 0.086914 -0.192627 0.0627 0.0706 0.0667
v 0.286865 0.092773 -0.192627 0.0745 0.0784 0.0745
v 0.287354 0.099121 -0.192627 0.0588 0.0667 0.0627
v 0.286865 0.105469 -0.192627 0.0588 0.0667 0.0627
v 0.284912 0.111328 -0.192627 0.0706 0.0784 0.0745
v 0.315674 0.053223 -0.170166 0.0314 0.0314 0.0314
v 0.314697 0.061035 -0.177002 0.0902 0.0941 0.0980
v 0.334229 0.063477 -0.170166 0.0000 0.0000 0.0000
v 0.330322 0.069336 -0.177002 0.0784 0.0824 0.0902
v 0.343506 0.081055 -0.177002 0.0667 0.0706 0.0784
v 0.350342 0.077148 -0.170166 0.0039 0.0039 0.0078
v 0.364502 0.093262 -0.170166 0.0196 0.0275 0.0353
v 0.358643 0.098145 -0.177002 0.0549 0.0588 0.0667
v 0.374756 0.112305 -0.170166 0.0275 0.0314 0.0431
v 0.369385 0.117676 -0.177002 0.0627 0.0667 0.0745
v 0.313721 0.017090 -0.193115 0.0510 0.0549 0.0627
v 0.325439 0.032715 -0.188232 0.1176 0.1216 0.1176
v 0.328369 0.029785 -0.192627 0.0706 0.0667 0.0706
v 0.336670 0.046875 -0.188232 0.0941 0.1020 0.0980
v 0.340576 0.044434 -0.192627 0.0627 0.0667 0.0745
v 0.345459 0.062988 -0.188232 0.0745 0.0784 0.0863
v 0.349854 0.061523 -0.192627 0.0627 0.0667 0.0745
v 0.350342 0.080566 -0.188232 0.0510 0.0549 0.0627
v 0.354736 0.079590 -0.192627 0.0353 0.0353 0.0392
v 0.352295 0.098633 -0.188232 0.0431 0.0471 0.0510
v 0.356689 0.098633 -0.192627 0.0314 0.0314 0.0353
v 0.350342 0.116699 -0.188232 0.0431 0.0471 0.0549
v 0.354736 0.117676 -0.192627 0.0314 0.0314 0.0392
v 0.278076 0.189941 -0.188232 0.0275 0.0353 0.0314
v 0.295166 0.184570 -0.188232 0.0314 0.0353 0.0314
v 0.311279 0.175781 -0.188232 0.0275 0.0353 0.0353
v 0.297119 0.188965 -0.192627 0.0078 0.0078 0.0078
v 0.260010 0.191895 -0.188232 0.0275 0.0314 0.0353
v 0.260010 0.196289 -0.192627 0.0196 0.0196 0.0196
v 0.279053 0.194336 -0.192627 0.0235 0.0235 0.0235
v 0.336670 0.150391 -0.188232 0.0353 0.0392 0.0471
v 0.340576 0.152832 -0.192627 0.0235 0.0235 0.0235
v 0.325439 0.164551 -0.188232 0.0314 0.0353 0.0431
v 0.313721 0.179688 -0.192627 0.0118 0.0118 0.0118
v 0.328369 0.167480 -0.192627 0.0157 0.0157 0.0157
v 0.345459 0.134277 -0.188232 0.0353 0.0392 0.0471
v 0.349854 0.135742 -0.192627 0.0275 0.0275 0.0353
v 0.429443 0.186523 -0.001709 0.0314 0.0314 0.0314
v 0.429932 0.187988 -0.010498 0.0314 0.0314 0.0314
v 0.430420 0.191406 -0.018799 0.0196 0.0235 0.0196
v 0.430420 0.175293 -0.062256 0.0314 0.0353 0.0392
v 0.431396 0.196777 -0.025635 0.0118 0.0118 0.0118
v 0.433350 0.204102 -0.031006 0.0157 0.0157 0.0157
v 0.429932 0.253418 -0.009522 0.0392 0.0471 0.0471
v 0.433350 0.237793 -0.030029 0.0392 0.0471 0.0471
v 0.430420 0.250000 -0.017822 0.0431 0.0471 0.0510
v 0.431885 0.244629 -0.024658 0.0431 0.0471 0.0549
v 0.434814 0.212402 -0.033936 0.0275 0.0275 0.0353
v 0.435303 0.221191 -0.035400 0.0510 0.0549 0.0627
v 0.434814 0.229980 -0.033936 0.0392 0.0471 0.0431
v 0.375732 0.139648 -0.091553 0.0784 0.0824 0.0902
v 0.376709 0.158691 -0.091553 0.0275 0.0314 0.0314
v 0.406006 0.153809 -0.089600 0.0196 0.0196 0.0196
v 0.382080 0.137695 -0.098389 0.0314 0.0353 0.0431
v 0.384033 0.158691 -0.098389 0.0196 0.0196 0.0196
v 0.408447 0.160156 -0.085205 0.0314 0.0353 0.0431
v 0.408447 0.151855 -0.093506 0.0196 0.0196 0.0275
v 0.407471 0.156250 -0.087158 0.0314 0.0353 0.0353
v 0.411865 0.156250 -0.089111 0.0392 0.0431 0.0510
v 0.413818 0.154785 -0.093506 0.0314 0.0353 0.0431
v 0.414307 0.160156 -0.088135 0.0431 0.0471 0.0549
v 0.416748 0.159180 -0.093018 0.0275 0.0314 0.0471
v 0.415283 0.171875 -0.074463 0.0157 0.0157 0.0235
v 0.420654 0.171875 -0.072998 0.0196 0.0235 0.0314
v 0.409424 0.165039 -0.084717 0.0314 0.0353 0.0431
v 0.413818 0.175293 -0.080322 0.0314 0.0353 0.0431
v 0.414307 0.165039 -0.087647 0.0431 0.0471 0.0588
v 0.417725 0.165039 -0.092529 0.0353 0.0392 0.0549
v 0.415283 0.182129 -0.084229 0.0235 0.0235 0.0235
v 0.416748 0.189941 -0.086182 0.0196 0.0196 0.0196
v 0.425537 0.171875 -0.062744 0.0000 0.0000 0.0000
v 0.424072 0.171875 -0.069092 0.0118 0.0157 0.0235
v 0.422119 0.175293 -0.077881 0.0235 0.0235 0.0235
v 0.427979 0.175293 -0.071533 0.0392 0.0431 0.0510
v 0.434326 0.182129 -0.063232 0.0784 0.0824 0.1020
v 0.436768 0.189941 -0.064209 0.0392 0.0431 0.0510
v 0.431885 0.182129 -0.073975 0.0392 0.0431 0.0588
v 0.433838 0.189941 -0.074951 0.0392 0.0431 0.0510
v 0.425049 0.182129 -0.081299 0.0078 0.0078 0.0118
v 0.426514 0.189941 -0.083252 0.0157 0.0196 0.0275
v 0.409424 0.150879 -0.098877 0.0078 0.0078 0.0157
v 0.414307 0.154297 -0.098877 0.0235 0.0314 0.0275
v 0.417725 0.159180 -0.098877 0.0588 0.0627 0.0784
v 0.419189 0.165039 -0.098877 0.0431 0.0471 0.0549
v 0.409912 0.203613 -0.084717 0.0235 0.0314 0.0275
v 0.414795 0.203613 -0.087647 0.0235 0.0314 0.0275
v 0.417725 0.203613 -0.092529 0.0275 0.0353 0.0314
v 0.416748 0.221191 -0.086182 0.0431 0.0471 0.0471
v 0.436768 0.221191 -0.064209 0.0588 0.0627 0.0706
v 0.433838 0.221191 -0.074951 0.0510 0.0549 0.0627
v 0.426514 0.221191 -0.083252 0.0471 0.0510 0.0549
v 0.417236 0.226562 -0.077881 0.0431 0.0431 0.0431
v 0.428467 0.226562 -0.064697 0.0314 0.0392 0.0353
v 0.423096 0.226562 -0.075928 0.0431 0.0471 0.0471
v 0.427002 0.226562 -0.071533 0.0353 0.0392 0.0392
v 0.419189 0.203613 -0.098877 0.0235 0.0235 0.0275
v 0.479736 0.167969 -0.001709 0.3451 0.3568 0.3961
v 0.483154 0.166504 -0.001709 0.2941 0.3098 0.3568
v 0.477295 0.170410 -0.001709 0.1647 0.1765 0.1961
v 0.479736 0.169922 -0.015381 0.3608 0.3725 0.4078
v 0.477295 0.172363 -0.014893 0.1882 0.1922 0.2078
v 0.471924 0.186523 -0.001709 0.0000 0.0000 0.0000
v 0.471924 0.187988 -0.010498 0.0000 0.0000 0.0000
v 0.483154 0.168457 -0.015869 0.3059 0.3176 0.3568
v 0.479248 0.175293 -0.028076 0.2941 0.3059 0.3412
v 0.482666 0.174316 -0.028564 0.2863 0.3019 0.3451
v 0.472412 0.191406 -0.018799 0.0000 0.0000 0.0000
v 0.476807 0.177734 -0.026611 0.1176 0.1294 0.1490
v 0.490479 0.166504 -0.001709 0.3019 0.3176 0.3647
v 0.494873 0.167969 -0.001709 0.1804 0.1922 0.2039
v 0.497803 0.171875 -0.001709 0.1882 0.1922 0.2118
v 0.494873 0.169922 -0.015381 0.2863 0.2902 0.3059
v 0.497803 0.173828 -0.014404 0.2980 0.3098 0.3372
v 0.489990 0.168457 -0.015869 0.2863 0.3019 0.3451
v 0.489990 0.174316 -0.028564 0.2941 0.3137 0.3529
v 0.494385 0.175293 -0.028076 0.3686 0.3843 0.4196
v 0.497314 0.178711 -0.026123 0.4118 0.4196 0.4432
v 0.476807 0.185547 -0.036865 0.0902 0.0941 0.1098
v 0.479248 0.183594 -0.039307 0.2471 0.2588 0.2902
v 0.482666 0.183105 -0.039795 0.2941 0.3019 0.3412
v 0.489990 0.183105 -0.039795 0.3372 0.3451 0.3921
v 0.494385 0.184082 -0.038818 0.3765 0.3882 0.4196
v 0.497314 0.186523 -0.036377 0.4628 0.4628 0.4902
v 0.473877 0.196777 -0.025635 0.0000 0.0000 0.0000
v 0.475342 0.204102 -0.031006 0.0000 0.0000 0.0000
v 0.499756 0.220215 -0.001221 0.1294 0.1333 0.1490
v 0.472412 0.253418 -0.009522 0.0706 0.0706 0.0706
v 0.475342 0.237793 -0.030029 0.0314 0.0353 0.0431
v 0.472412 0.250000 -0.017822 0.0588 0.0588 0.0627
v 0.473877 0.244629 -0.024658 0.0588 0.0588 0.0627
v 0.477783 0.196289 -0.044678 0.1176 0.1137 0.1333
v 0.476807 0.212402 -0.033936 0.0039 0.0039 0.0039
v 0.477783 0.221191 -0.035400 0.0039 0.0118 0.0078
v 0.479736 0.194824 -0.047119 0.2510 0.2549 0.2745
v 0.483154 0.194336 -0.048096 0.3921 0.3921 0.4314
v 0.479248 0.208496 -0.049561 0.1922 0.1961 0.2118
v 0.481201 0.207520 -0.052490 0.4589 0.4550 0.4823
v 0.484131 0.207520 -0.053467 0.5412 0.5333 0.5530
v 0.479736 0.221191 -0.051025 0.2667 0.2706 0.2902
v 0.481689 0.221191 -0.053955 0.5294 0.5216 0.5412
v 0.498291 0.196777 -0.043701 0.4157 0.4275 0.4471
v 0.490479 0.194336 -0.048096 0.4157 0.4275 0.4628
v 0.495361 0.194824 -0.047119 0.4628 0.4706 0.4980
v 0.491455 0.207520 -0.053467 0.5764 0.5725 0.5961
v 0.485107 0.221191 -0.054932 0.7451 0.7412 0.7490
v 0.491943 0.221191 -0.054932 0.7372 0.7333 0.7412
v 0.499268 0.208496 -0.048584 0.5255 0.5216 0.5412
v 0.496338 0.207520 -0.052002 0.5921 0.5921 0.6039
v 0.499756 0.221191 -0.050049 0.6039 0.6039 0.6118
v 0.496826 0.221191 -0.053467 0.7333 0.7294 0.7372
v 0.476807 0.229980 -0.033936 0.0118 0.0157 0.0196
v 0.477783 0.246094 -0.044189 0.0431 0.0431 0.0510
v 0.479736 0.247559 -0.046631 0.4589 0.4550 0.4745
v 0.479248 0.234375 -0.049072 0.2314 0.2275 0.2471
v 0.481201 0.234863 -0.052002 0.3686 0.3686 0.3843
v 0.483154 0.248047 -0.047607 0.8862 0.8784 0.8823
v 0.498291 0.245605 -0.043213 0.1530 0.1569 0.1725
v 0.495361 0.247559 -0.046143 0.2000 0.1961 0.1961
v 0.484619 0.235352 -0.052979 0.8784 0.8706 0.8745
v 0.491455 0.235352 -0.052979 0.8666 0.8588 0.8627
v 0.499268 0.233887 -0.048096 0.2745 0.2784 0.2863
v 0.496338 0.234863 -0.051514 0.8470 0.8470 0.8470
v 0.490479 0.248047 -0.047607 0.8039 0.7960 0.8000
v 0.382080 0.137695 -0.170166 0.0196 0.0235 0.0392
v 0.384033 0.158691 -0.170166 0.0235 0.0235 0.0235
v 0.375732 0.139648 -0.177002 0.0471 0.0510 0.0627
v 0.376709 0.158691 -0.177002 0.0235 0.0235 0.0235
v 0.398682 0.153809 -0.181397 0.0157 0.0235 0.0235
v 0.404541 0.155762 -0.183350 0.0118 0.0118 0.0118
v 0.409424 0.150879 -0.171631 0.0000 0.0000 0.0000
v 0.414307 0.154297 -0.171631 0.0353 0.0392 0.0510
v 0.417725 0.159180 -0.171631 0.0471 0.0510 0.0706
v 0.406494 0.152344 -0.179443 0.0471 0.0510 0.0588
v 0.408936 0.151367 -0.176025 0.0118 0.0157 0.0235
v 0.413818 0.154297 -0.176514 0.0745 0.0784 0.0941
v 0.408447 0.159668 -0.184814 0.0039 0.0078 0.0235
v 0.410889 0.155273 -0.180420 0.0510 0.0549 0.0627
v 0.413330 0.159668 -0.181885 0.0510 0.0549 0.0706
v 0.416260 0.159180 -0.177490 0.0431 0.0549 0.0745
v 0.419189 0.165039 -0.171631 0.0510 0.0549 0.0706
v 0.409424 0.165039 -0.185303 0.0353 0.0392 0.0471
v 0.417725 0.165039 -0.177490 0.0353 0.0392 0.0549
v 0.414307 0.165039 -0.182373 0.0431 0.0471 0.0627
v 0.419189 0.203613 -0.171631 0.0196 0.0196 0.0196
v 0.409424 0.203613 -0.185303 0.0157 0.0157 0.0157
v 0.413818 0.203613 -0.182373 0.0196 0.0196 0.0196
v 0.417725 0.203613 -0.177490 0.0196 0.0196 0.0196
v 0.260010 0.000000 -0.260010 0.0000 0.0000 0.0000
v 0.279053 0.001953 -0.260498 0.0000 0.0000 0.0000
v 0.260010 0.024414 -0.251221 0.2039 0.2078 0.2118
v 0.260010 0.024414 -0.261963 0.6039 0.6157 0.6236
v 0.260010 0.006836 -0.267334 0.4667 0.4706 0.4863
v 0.260010 0.020020 -0.267334 0.7568 0.7568 0.7568
v 0.274170 0.025879 -0.251221 0.0471 0.0510 0.0549
v 0.274170 0.025879 -0.261963 0.4667 0.4863 0.5019
v 0.278076 0.008789 -0.267334 0.4628 0.4706 0.4902
v 0.275146 0.021484 -0.267334 0.7372 0.7372 0.7372
v 0.253662 0.066406 -0.251221 0.0824 0.0824 0.0863
v 0.260010 0.065918 -0.251221 0.0784 0.0824 0.0863
v 0.266357 0.066406 -0.251221 0.0745 0.0784 0.0863
v 0.287842 0.029785 -0.251221 0.0196 0.0196 0.0235
v 0.287842 0.029785 -0.261963 0.4589 0.4902 0.5059
v 0.295166 0.014160 -0.267334 0.4667 0.4706 0.4863
v 0.289795 0.025879 -0.267334 0.7412 0.7412 0.7412
v 0.297119 0.007812 -0.260986 0.0314 0.0314 0.0314
v 0.302978 0.033691 -0.267334 0.7412 0.7412 0.7372
v 0.311279 0.021973 -0.267334 0.4157 0.4196 0.4392
v 0.301025 0.037109 -0.251221 0.0275 0.0353 0.0353
v 0.301025 0.037109 -0.261963 0.5451 0.5608 0.5686
v 0.311768 0.045898 -0.251221 0.0314 0.0314 0.0314
v 0.311768 0.045898 -0.261963 0.5569 0.5725 0.5804
v 0.253662 0.067871 -0.264404 0.0824 0.0824 0.0824
v 0.260010 0.067383 -0.263916 0.0784 0.0784 0.0824
v 0.255615 0.088867 -0.265381 0.5412 0.5412 0.5333
v 0.252197 0.091309 -0.265381 0.3372 0.3412 0.3372
v 0.259521 0.087891 -0.265381 0.2078 0.2078 0.2078
v 0.263916 0.088867 -0.265381 0.0235 0.0275 0.0392
v 0.254150 0.071777 -0.267822 0.1294 0.1333 0.1373
v 0.260010 0.071289 -0.267822 0.2432 0.2471 0.2510
v 0.264893 0.071777 -0.267822 0.2980 0.3059 0.3098
v 0.255615 0.088867 -0.272705 0.3333 0.3372 0.3412
v 0.252197 0.091309 -0.272705 0.1725 0.1725 0.1765
v 0.253174 0.092285 -0.274658 0.0941 0.0941 0.0980
v 0.251221 0.095703 -0.274658 0.1176 0.1216 0.1294
v 0.256103 0.090332 -0.274658 0.0667 0.0667 0.0706
v 0.259521 0.087891 -0.272705 0.2432 0.2471 0.2510
v 0.263916 0.088867 -0.272705 0.1725 0.1725 0.1765
v 0.259521 0.089844 -0.274658 0.0706 0.0745 0.0784
v 0.263428 0.090332 -0.274658 0.0784 0.0784 0.0824
v 0.272217 0.068359 -0.251221 0.0706 0.0745 0.0824
v 0.265869 0.067871 -0.263916 0.0627 0.0706 0.0667
v 0.272217 0.069824 -0.263916 0.0588 0.0667 0.0627
v 0.278076 0.071289 -0.251221 0.0627 0.0706 0.0706
v 0.277100 0.072754 -0.263916 0.0510 0.0588 0.0588
v 0.267334 0.091309 -0.265381 0.2706 0.2706 0.2784
v 0.269775 0.094727 -0.265381 0.2745 0.2823 0.2863
v 0.270264 0.073242 -0.267822 0.2745 0.2784 0.2941
v 0.275146 0.076172 -0.267822 0.4196 0.4235 0.4392
v 0.279053 0.079590 -0.267822 0.4589 0.4628 0.4863
v 0.267334 0.091309 -0.272705 0.1412 0.1412 0.1412
v 0.269775 0.094727 -0.272705 0.1294 0.1294 0.1294
v 0.266357 0.092285 -0.274658 0.1098 0.1098 0.1176
v 0.268311 0.095703 -0.274658 0.1882 0.1922 0.2039
v 0.250244 0.103027 -0.265381 0.0706 0.0706 0.0706
v 0.252197 0.106934 -0.265381 0.1255 0.1255 0.1333
v 0.255615 0.109375 -0.265381 0.0980 0.0980 0.1059
v 0.259521 0.109863 -0.265381 0.1882 0.1922 0.2000
v 0.263916 0.109375 -0.265381 0.2235 0.2314 0.2275
v 0.250244 0.103027 -0.272705 0.2432 0.2549 0.2627
v 0.252197 0.106934 -0.272705 0.3019 0.3059 0.3176
v 0.255615 0.109375 -0.272705 0.3019 0.3137 0.3255
v 0.250732 0.099121 -0.274658 0.2353 0.2432 0.2432
v 0.251221 0.102539 -0.274658 0.2588 0.2667 0.2745
v 0.253174 0.105469 -0.274658 0.2706 0.2745 0.2784
v 0.256103 0.107910 -0.274658 0.2588 0.2627 0.2784
v 0.260010 0.098633 -0.267822 0.2314 0.2432 0.2471
v 0.259521 0.109863 -0.272705 0.2510 0.2549 0.2706
v 0.263916 0.109375 -0.272705 0.2745 0.2784 0.2941
v 0.259521 0.099121 -0.274658 0.1725 0.1686 0.1882
v 0.259521 0.108398 -0.274658 0.2471 0.2510 0.2667
v 0.263428 0.107910 -0.274658 0.2196 0.2235 0.2392
v 0.254150 0.125488 -0.267822 0.8235 0.8235 0.8235
v 0.260010 0.125977 -0.267822 0.8117 0.8117 0.8117
v 0.264893 0.125488 -0.267822 0.7921 0.7921 0.7921
v 0.270264 0.099121 -0.265381 0.2000 0.1922 0.1961
v 0.269775 0.103027 -0.265381 0.1490 0.1530 0.1608
v 0.267334 0.106934 -0.265381 0.2275 0.2275 0.2353
v 0.272217 0.128906 -0.251221 0.0039 0.0039 0.0039
v 0.272217 0.127441 -0.263916 0.8353 0.8353 0.8353
v 0.278076 0.125977 -0.251221 0.0000 0.0000 0.0000
v 0.277100 0.125000 -0.264404 0.5882 0.5843 0.5804
v 0.270264 0.099121 -0.272705 0.1569 0.1647 0.1725
v 0.269775 0.103027 -0.272705 0.1922 0.1961 0.2078
v 0.267334 0.106934 -0.272705 0.2471 0.2510 0.2627
v 0.268799 0.099121 -0.274658 0.1765 0.1804 0.1961
v 0.266357 0.105469 -0.274658 0.2078 0.2118 0.2275
v 0.268311 0.102539 -0.274658 0.1843 0.1882 0.2039
v 0.270264 0.123535 -0.267822 0.7804 0.7725 0.7764
v 0.275146 0.121094 -0.267822 0.7960 0.7882 0.7921
v 0.279053 0.117676 -0.267822 0.8000 0.7921 0.7960
v 0.282959 0.075684 -0.251221 0.0667 0.0667 0.0627
v 0.286865 0.080566 -0.251221 0.0431 0.0510 0.0549
v 0.281982 0.076172 -0.263916 0.0471 0.0510 0.0510
v 0.285889 0.081055 -0.263916 0.0353 0.0431 0.0392
v 0.288818 0.086426 -0.263916 0.0196 0.0275 0.0235
v 0.289795 0.085938 -0.251221 0.0392 0.0471 0.0471
v 0.291748 0.092285 -0.251221 0.0314 0.0353 0.0314
v 0.290283 0.092285 -0.264404 0.0157 0.0235 0.0275
v 0.282471 0.083496 -0.267822 0.5059 0.5019 0.5255
v 0.284912 0.087891 -0.267822 0.5530 0.5490 0.5647
v 0.286377 0.093262 -0.267822 0.5764 0.5764 0.5843
v 0.288818 0.110840 -0.264404 0.0039 0.0039 0.0039
v 0.292236 0.098633 -0.251221 0.0353 0.0471 0.0510
v 0.291748 0.104980 -0.251221 0.0078 0.0157 0.0157
v 0.289795 0.111328 -0.251221 0.0078 0.0118 0.0118
v 0.291260 0.098633 -0.263916 0.0078 0.0078 0.0157
v 0.290283 0.104980 -0.264404 0.0039 0.0039 0.0078
v 0.286865 0.116699 -0.251221 0.0078 0.0078 0.0078
v 0.282959 0.121582 -0.251221 0.0039 0.0039 0.0039
v 0.281982 0.120605 -0.263916 0.4353 0.4275 0.4314
v 0.285889 0.116211 -0.263916 0.1176 0.1137 0.1098
v 0.287353 0.098633 -0.267822 0.6157 0.6157 0.6236
v 0.286377 0.104004 -0.267822 0.7333 0.7255 0.7333
v 0.284912 0.108887 -0.267822 0.7882 0.7843 0.7882
v 0.282471 0.113770 -0.267822 0.8039 0.8039 0.7960
v 0.313721 0.017090 -0.261963 0.0078 0.0078 0.0078
v 0.325439 0.033203 -0.267334 0.3882 0.3921 0.4118
v 0.328369 0.029785 -0.262451 0.0235 0.0235 0.0275
v 0.321045 0.057617 -0.251221 0.0392 0.0392 0.0471
v 0.321045 0.057617 -0.261963 0.2980 0.3059 0.3176
v 0.314697 0.043457 -0.267334 0.7647 0.7647 0.7608
v 0.324463 0.055176 -0.267334 0.7921 0.8000 0.7960
v 0.340576 0.044434 -0.262939 0.0784 0.0784 0.0824
v 0.336670 0.046875 -0.267334 0.4392 0.4432 0.4510
v 0.349365 0.061523 -0.262939 0.0353 0.0353 0.0392
v 0.344971 0.062988 -0.267334 0.5490 0.5530 0.5608
v 0.327881 0.070312 -0.251221 0.0549 0.0588 0.0667
v 0.327881 0.070312 -0.261963 0.2902 0.3019 0.3098
v 0.332275 0.083984 -0.251221 0.0588 0.0588 0.0667
v 0.332275 0.083984 -0.261963 0.4941 0.5019 0.5098
v 0.331787 0.068848 -0.267334 0.8000 0.8000 0.8000
v 0.336182 0.083496 -0.267334 0.8392 0.8392 0.8353
v 0.327881 0.126953 -0.251221 0.0863 0.0902 0.0980
v 0.327881 0.126953 -0.261963 0.3451 0.3608 0.3608
v 0.333740 0.098633 -0.251221 0.0588 0.0588 0.0667
v 0.332275 0.113281 -0.251221 0.0902 0.0941 0.1020
v 0.333740 0.098633 -0.261963 0.4392 0.4471 0.4550
v 0.332275 0.113281 -0.261963 0.4550 0.4706 0.4745
v 0.337646 0.098633 -0.267334 0.8392 0.8392 0.8353
v 0.331787 0.128418 -0.267334 0.7372 0.7412 0.7372
v 0.336182 0.113770 -0.267334 0.7882 0.7882 0.7804
v 0.354736 0.079590 -0.262939 0.0078 0.0078 0.0078
v 0.350342 0.080566 -0.267334 0.6039 0.6000 0.6079
v 0.356689 0.098633 -0.262939 0.0000 0.0000 0.0000
v 0.354736 0.117676 -0.262939 0.0039 0.0039 0.0039
v 0.352295 0.098633 -0.267334 0.6510 0.6510 0.6628
v 0.350342 0.116699 -0.267334 0.7216 0.7216 0.7216
v 0.253662 0.130859 -0.251221 0.0039 0.0039 0.0039
v 0.253662 0.129395 -0.263916 0.8157 0.8157 0.8157
v 0.260010 0.131348 -0.251221 0.0000 0.0000 0.0000
v 0.260010 0.129883 -0.263916 0.8392 0.8392 0.8392
v 0.266357 0.130859 -0.251221 0.0039 0.0039 0.0039
v 0.265869 0.129395 -0.263916 0.8470 0.8470 0.8470
v 0.260010 0.172852 -0.251221 0.0902 0.0941 0.0941
v 0.260010 0.172852 -0.261963 0.1490 0.1490 0.1490
v 0.260010 0.177246 -0.267334 0.4863 0.4863 0.5098
v 0.274170 0.171387 -0.251221 0.0902 0.0902 0.0902
v 0.274170 0.171387 -0.261963 0.1569 0.1569 0.1569
v 0.275146 0.175781 -0.267334 0.4863 0.4902 0.5098
v 0.278076 0.189941 -0.267334 0.7882 0.7843 0.7764
v 0.301025 0.160156 -0.251221 0.0902 0.0941 0.1020
v 0.301025 0.160156 -0.261963 0.2314 0.2432 0.2510
v 0.311768 0.151367 -0.251221 0.0863 0.0902 0.0980
v 0.311768 0.151367 -0.261963 0.1922 0.2000 0.2157
v 0.287842 0.167480 -0.251221 0.0824 0.0824 0.0863
v 0.287842 0.167480 -0.261963 0.3176 0.3216 0.3255
v 0.289795 0.171387 -0.267334 0.4667 0.4706 0.4823
v 0.295166 0.184570 -0.267334 0.8353 0.8353 0.8353
v 0.297119 0.188965 -0.262939 0.0039 0.0078 0.0039
v 0.302978 0.164062 -0.267334 0.5608 0.5608 0.5804
v 0.311279 0.175781 -0.267334 0.8353 0.8274 0.8313
v 0.260010 0.196289 -0.262939 0.1765 0.1804 0.1882
v 0.260010 0.191895 -0.267334 0.7843 0.7843 0.7843
v 0.279053 0.194336 -0.262939 0.0235 0.0314 0.0275
v 0.321045 0.139648 -0.251221 0.0706 0.0745 0.0824
v 0.321045 0.139648 -0.261963 0.3059 0.3216 0.3255
v 0.324463 0.142090 -0.267334 0.6236 0.6276 0.6315
v 0.314697 0.153809 -0.267334 0.5373 0.5373 0.5530
v 0.340576 0.152832 -0.262939 0.0039 0.0039 0.0039
v 0.336670 0.150391 -0.267334 0.7960 0.7882 0.7882
v 0.313721 0.179688 -0.262939 0.0039 0.0039 0.0039
v 0.325439 0.164551 -0.267334 0.7725 0.7686 0.7608
v 0.328369 0.167480 -0.262939 0.0196 0.0196 0.0235
v 0.349365 0.135742 -0.262939 0.0000 0.0000 0.0000
v 0.344971 0.134277 -0.267334 0.7804 0.7725 0.7764
v 0.374756 0.252930 -0.282471 0.0549 0.0627 0.0588
v 0.377197 0.237305 -0.282471 0.0314 0.0353 0.0431
v 0.381103 0.233887 -0.282471 0.0196 0.0275 0.0275
v 0.385986 0.231934 -0.282471 0.0196 0.0196 0.0275
v 0.375244 0.243164 -0.282471 0.0471 0.0549 0.0510
v 0.381103 0.235352 -0.300049 0.2667 0.2706 0.2902
v 0.381103 0.236328 -0.302979 0.2784 0.2863 0.3059
v 0.382080 0.237793 -0.304443 0.3098 0.3137 0.3294
v 0.385986 0.233398 -0.300049 0.3216 0.3176 0.3412
v 0.385986 0.234375 -0.302979 0.4823 0.4863 0.5019
v 0.386475 0.236816 -0.304932 0.4589 0.4667 0.4823
v 0.377197 0.238770 -0.300049 0.3568 0.3608 0.3804
v 0.375244 0.244629 -0.300049 0.5725 0.5725 0.5921
v 0.378174 0.239746 -0.302979 0.4628 0.4667 0.4863
v 0.375732 0.244629 -0.302490 0.6589 0.6628 0.6785
v 0.377197 0.245117 -0.304443 0.6745 0.6745 0.6824
v 0.379639 0.240723 -0.304932 0.4706 0.4745 0.4941
v 0.380127 0.246094 -0.305908 0.8353 0.8392 0.8392
v 0.382080 0.242676 -0.305908 0.6510 0.6550 0.6706
v 0.384033 0.240723 -0.305908 0.5059 0.5098 0.5255
v 0.386963 0.239746 -0.305908 0.4667 0.4667 0.4980
v 0.390381 0.252930 -0.304932 0.6902 0.6824 0.6941
v 0.390381 0.252930 -0.312256 0.5137 0.5137 0.5176
v 0.400146 0.231934 -0.282471 0.0196 0.0196 0.0196
v 0.405029 0.233887 -0.282471 0.0392 0.0471 0.0471
v 0.400146 0.233398 -0.300049 0.3098 0.3059 0.3294
v 0.400146 0.234375 -0.302979 0.3294 0.3333 0.3490
v 0.405029 0.235352 -0.300049 0.2510 0.2588 0.2784
v 0.403564 0.237793 -0.304443 0.3568 0.3608 0.3804
v 0.404541 0.236328 -0.302979 0.3961 0.4078 0.4314
v 0.399658 0.236816 -0.304932 0.3882 0.3921 0.4118
v 0.393799 0.252441 -0.304932 0.7098 0.7020 0.7137
v 0.393799 0.252441 -0.312256 0.3804 0.3804 0.3804
v 0.397217 0.252930 -0.304932 0.6902 0.6902 0.6941
v 0.397217 0.252930 -0.312256 0.4039 0.4078 0.4118
v 0.399658 0.239746 -0.305908 0.4196 0.4196 0.4471
v 0.402100 0.240723 -0.305908 0.4863 0.4863 0.5059
v 0.406006 0.240723 -0.304932 0.4353 0.4432 0.4589
v 0.403564 0.242676 -0.305908 0.7608 0.7608 0.7647
v 0.416748 0.203125 -0.275147 0.0039 0.0039 0.0039
v 0.420654 0.204590 -0.280518 0.0039 0.0039 0.0039
v 0.428467 0.203125 -0.261963 0.0000 0.0000 0.0000
v 0.422607 0.203125 -0.273193 0.0000 0.0000 0.0000
v 0.426514 0.203125 -0.268311 0.0000 0.0000 0.0000
v 0.427002 0.204590 -0.279053 0.0039 0.0039 0.0039
v 0.433350 0.204590 -0.267334 0.0000 0.0000 0.0000
v 0.431396 0.204590 -0.274170 0.0000 0.0000 0.0000
v 0.437256 0.208984 -0.271729 0.0039 0.0078 0.0118
v 0.434814 0.208984 -0.278076 0.0039 0.0078 0.0078
v 0.436279 0.214844 -0.280029 0.0235 0.0275 0.0431
v 0.423096 0.208984 -0.284912 0.0392 0.0471 0.0431
v 0.422119 0.215332 -0.286865 0.0784 0.0824 0.0980
v 0.429932 0.208984 -0.282959 0.0314 0.0353 0.0431
v 0.429932 0.214844 -0.284912 0.0784 0.0824 0.0980
v 0.408447 0.237305 -0.282471 0.0706 0.0784 0.0784
v 0.410889 0.243164 -0.282471 0.0824 0.0863 0.0941
v 0.411865 0.252930 -0.282471 0.0549 0.0588 0.0667
v 0.408447 0.238770 -0.300049 0.1647 0.1725 0.2000
v 0.407959 0.239746 -0.302979 0.3608 0.3647 0.3843
v 0.408936 0.245117 -0.304443 0.6236 0.6276 0.6432
v 0.410889 0.244629 -0.300049 0.3882 0.3921 0.4118
v 0.410400 0.244629 -0.302490 0.5569 0.5608 0.5804
v 0.406494 0.246094 -0.305908 0.8157 0.8117 0.8196
v 0.390869 0.253906 -0.313721 0.3255 0.3294 0.3412
v 0.393799 0.253418 -0.313721 0.3647 0.3647 0.3686
v 0.396728 0.253906 -0.313721 0.2588 0.2588 0.2706
v 0.438232 0.215332 -0.272705 0.0627 0.0706 0.0863
v 0.124756 0.254395 -0.300049 0.3725 0.3725 0.3882
v 0.124756 0.471191 -0.278076 0.0392 0.0471 0.0431
v 0.124756 0.472656 -0.295654 0.1922 0.2078 0.2196
v 0.125732 0.254395 -0.302490 0.7686 0.7725 0.7882
v 0.127686 0.254883 -0.304932 0.7882 0.7882 0.7960
v 0.130615 0.255371 -0.305420 0.8353 0.8353 0.8392
v 0.136475 0.261230 -0.304932 0.2118 0.2196 0.2196
v 0.136475 0.261230 -0.312256 0.2784 0.2823 0.2863
v 0.136963 0.257812 -0.304932 0.6236 0.6276 0.6354
v 0.138916 0.254883 -0.304932 0.6276 0.6315 0.6393
v 0.136963 0.257812 -0.312256 0.2039 0.2078 0.2118
v 0.138916 0.254883 -0.312256 0.3412 0.3490 0.3529
v 0.136963 0.264160 -0.304932 0.1569 0.1569 0.1569
v 0.138916 0.267090 -0.304932 0.3098 0.3216 0.3294
v 0.136963 0.264648 -0.312256 0.4039 0.4157 0.4235
v 0.138916 0.267090 -0.312256 0.6863 0.6941 0.6980
v 0.141846 0.269043 -0.304932 0.3608 0.3765 0.3882
v 0.141846 0.269043 -0.312256 0.7882 0.7882 0.7960
v 0.144775 0.269531 -0.304932 0.5216 0.5333 0.5608
v 0.148193 0.269043 -0.304932 0.7764 0.7804 0.7960
v 0.148193 0.269043 -0.312256 0.8235 0.8274 0.8353
v 0.151123 0.254883 -0.304932 0.7098 0.7137 0.7216
v 0.151123 0.254883 -0.312256 0.5608 0.5647 0.5686
v 0.152588 0.257812 -0.304932 0.6980 0.7020 0.7098
v 0.153564 0.261230 -0.304932 0.6589 0.6628 0.6706
v 0.153076 0.257812 -0.312256 0.4823 0.4902 0.4902
v 0.153564 0.261230 -0.312256 0.3059 0.3137 0.3137
v 0.151123 0.267090 -0.304932 0.7647 0.7686 0.7764
v 0.151123 0.267090 -0.312256 0.7098 0.7098 0.7176
v 0.152588 0.264160 -0.304932 0.6824 0.6863 0.7020
v 0.153076 0.264648 -0.312256 0.4039 0.4118 0.4078
v 0.144775 0.270020 -0.312256 0.7568 0.7568 0.7686
v 0.161865 0.254395 -0.300049 0.3137 0.3333 0.3490
v 0.161377 0.254395 -0.302490 0.5137 0.5333 0.5451
v 0.156494 0.255371 -0.305420 0.7843 0.7843 0.7843
v 0.159424 0.254883 -0.304932 0.7608 0.7647 0.7725
v 0.139893 0.255859 -0.313721 0.1137 0.1176 0.1294
v 0.137939 0.258301 -0.313721 0.1451 0.1490 0.1608
v 0.137451 0.261230 -0.313721 0.3961 0.4000 0.4039
v 0.137939 0.264160 -0.313721 0.7020 0.7059 0.7059
v 0.139893 0.266602 -0.313721 0.7608 0.7647 0.7608
v 0.144775 0.261230 -0.313721 0.7255 0.7255 0.7255
v 0.142334 0.268066 -0.313721 0.7921 0.7921 0.7960
v 0.144775 0.268555 -0.313721 0.8431 0.8431 0.8509
v 0.147705 0.268066 -0.313721 0.8431 0.8470 0.8549
v 0.150146 0.255859 -0.313721 0.1961 0.2000 0.2039
v 0.152100 0.258301 -0.313721 0.1961 0.2000 0.2078
v 0.152588 0.261230 -0.313721 0.1882 0.1922 0.1961
v 0.152100 0.264160 -0.313721 0.4863 0.4902 0.4863
v 0.150146 0.266602 -0.313721 0.8823 0.8823 0.8862
v 0.125732 0.472656 -0.298584 0.2823 0.2784 0.2980
v 0.130127 0.472656 -0.301514 0.3255 0.3216 0.3372
v 0.127686 0.473145 -0.300537 0.3255 0.3255 0.3333
v 0.161865 0.471191 -0.278076 0.0392 0.0392 0.0392
v 0.161865 0.472656 -0.295654 0.0706 0.0706 0.0706
v 0.156494 0.472656 -0.301514 0.3490 0.3529 0.3686
v 0.161377 0.472656 -0.298584 0.1255 0.1333 0.1294
v 0.159424 0.473145 -0.300537 0.2588 0.2667 0.2667
v 0.374756 0.279297 -0.236572 0.0549 0.0588 0.0549
v 0.373291 0.279297 -0.240967 0.0431 0.0510 0.0471
v 0.373291 0.273438 -0.246826 0.0353 0.0431 0.0392
v 0.374756 0.342285 -0.236572 0.1333 0.1451 0.1530
v 0.373291 0.341797 -0.240967 0.0471 0.0510 0.0588
v 0.373291 0.347656 -0.246826 0.0824 0.0863 0.0941
v 0.374756 0.354492 -0.236572 0.0353 0.0431 0.0392
v 0.373291 0.354492 -0.240967 0.0314 0.0392 0.0353
v 0.373291 0.348633 -0.246826 0.0314 0.0392 0.0353
v 0.374756 0.421387 -0.236572 0.0941 0.1020 0.1098
v 0.373291 0.420898 -0.240967 0.0627 0.0667 0.0706
v 0.374756 0.433594 -0.236572 0.0510 0.0588 0.0549
v 0.373291 0.432129 -0.240967 0.0431 0.0510 0.0510
v 0.373291 0.426270 -0.246826 0.0784 0.0863 0.0902
v 0.373291 0.427246 -0.246826 0.0392 0.0471 0.0431
v 0.359131 0.470703 -0.214111 0.1882 0.2039 0.2118
v 0.361084 0.470703 -0.206299 0.2118 0.2275 0.2392
v 0.358154 0.500977 -0.213623 0.2000 0.2157 0.2275
v 0.360107 0.500977 -0.206299 0.5176 0.5216 0.5373
v 0.345459 0.470703 -0.221924 0.1686 0.1725 0.1804
v 0.353271 0.470703 -0.219971 0.1608 0.1647 0.1804
v 0.374756 0.471191 -0.236572 0.0353 0.0392 0.0353
v 0.373291 0.471191 -0.240967 0.0314 0.0392 0.0392
v 0.345459 0.500977 -0.221436 0.2980 0.3019 0.3098
v 0.352783 0.500977 -0.219482 0.2039 0.2078 0.2157
v 0.429932 0.254395 -0.000732 0.0392 0.0392 0.0471
v 0.471924 0.254395 -0.000732 0.0157 0.0157 0.0157
v 0.474854 0.268555 -0.013428 0.0706 0.0745 0.0824
v 0.474854 0.270020 -0.000244 0.0784 0.0824 0.0941
v 0.477295 0.272949 -0.000244 0.8000 0.8000 0.8000
v 0.480225 0.274414 -0.000244 0.7960 0.7960 0.7960
v 0.477295 0.271484 -0.013916 0.7372 0.7372 0.7372
v 0.480225 0.272461 -0.014404 0.7451 0.7451 0.7451
v 0.475342 0.264160 -0.025635 0.1451 0.1451 0.1451
v 0.477295 0.266602 -0.026611 0.5686 0.5686 0.5686
v 0.480713 0.267578 -0.027588 0.7216 0.7176 0.7294
v 0.495361 0.269043 -0.000244 0.1216 0.1373 0.1412
v 0.495361 0.267578 -0.012939 0.1294 0.1294 0.1412
v 0.487549 0.274414 -0.000244 0.8000 0.8000 0.8000
v 0.487549 0.272461 -0.014404 0.7764 0.7725 0.7804
v 0.492432 0.272461 -0.000244 0.1530 0.1530 0.1608
v 0.492432 0.270996 -0.013916 0.1647 0.1647 0.1725
v 0.488037 0.267578 -0.027588 0.7568 0.7568 0.7608
v 0.495850 0.263184 -0.024658 0.1137 0.1176 0.1255
v 0.492920 0.266113 -0.026611 0.4118 0.4118 0.4196
v 0.476318 0.256348 -0.035889 0.0980 0.1020 0.1098
v 0.478271 0.258301 -0.037842 0.2588 0.2588 0.2667
v 0.481689 0.259277 -0.038818 0.7529 0.7529 0.7568
v 0.489014 0.259277 -0.038818 0.7647 0.7647 0.7647
v 0.493896 0.258301 -0.037842 0.2667 0.2667 0.2706
v 0.496826 0.255371 -0.034912 0.1530 0.1569 0.1647
v 0.380615 0.272949 -0.236572 0.0510 0.0588 0.0549
v 0.380127 0.273438 -0.241943 0.0392 0.0392 0.0431
v 0.382568 0.273438 -0.240967 0.0353 0.0353 0.0353
v 0.378662 0.273438 -0.244873 0.0588 0.0627 0.0706
v 0.378174 0.273438 -0.248291 0.0627 0.0667 0.0745
v 0.380615 0.279297 -0.242432 0.0392 0.0471 0.0549
v 0.379150 0.279297 -0.246826 0.1098 0.1137 0.1216
v 0.406006 0.272949 -0.236572 0.0431 0.0510 0.0549
v 0.406006 0.279297 -0.242432 0.0235 0.0235 0.0235
v 0.411865 0.279297 -0.236572 0.0157 0.0196 0.0275
v 0.420166 0.273438 -0.240967 0.0745 0.0784 0.0863
v 0.422607 0.273438 -0.241943 0.0902 0.0941 0.1059
v 0.423584 0.273438 -0.244385 0.0784 0.0784 0.0941
v 0.424072 0.273438 -0.248291 0.0549 0.0588 0.0667
v 0.380615 0.342285 -0.242432 0.0471 0.0510 0.0588
v 0.379150 0.341797 -0.246826 0.1451 0.1569 0.1686
v 0.406006 0.342285 -0.242432 0.0392 0.0431 0.0510
v 0.380615 0.348145 -0.236572 0.1843 0.2039 0.2157
v 0.380615 0.348633 -0.236572 0.1294 0.1451 0.1569
v 0.380615 0.354492 -0.242432 0.0784 0.0824 0.0863
v 0.379150 0.354492 -0.246826 0.1176 0.1333 0.1451
v 0.406006 0.348145 -0.236572 0.0863 0.0902 0.0980
v 0.406006 0.348633 -0.236572 0.0471 0.0510 0.0510
v 0.406006 0.354492 -0.242432 0.0196 0.0275 0.0235
v 0.411865 0.342285 -0.236572 0.0510 0.0549 0.0627
v 0.411865 0.354492 -0.236572 0.0196 0.0275 0.0235
v 0.380615 0.421387 -0.242432 0.0824 0.0863 0.0941
v 0.379150 0.420898 -0.246826 0.1137 0.1216 0.1255
v 0.380615 0.427246 -0.236572 0.0745 0.0784 0.0863
v 0.380615 0.427734 -0.236572 0.0275 0.0314 0.0392
v 0.380615 0.433594 -0.242432 0.0275 0.0275 0.0353
v 0.379150 0.432129 -0.246826 0.1530 0.1725 0.1882
v 0.406006 0.421387 -0.242432 0.0275 0.0314 0.0314
v 0.406006 0.427246 -0.236572 0.0745 0.0784 0.0863
v 0.406006 0.427734 -0.236572 0.0235 0.0314 0.0353
v 0.406006 0.433594 -0.242432 0.0196 0.0275 0.0235
v 0.411865 0.421387 -0.236572 0.0510 0.0549 0.0627
v 0.411865 0.433594 -0.236572 0.0118 0.0118 0.0118
v 0.380127 0.471191 -0.241943 0.0275 0.0275 0.0275
v 0.382568 0.471191 -0.240967 0.0275 0.0275 0.0275
v 0.378662 0.471191 -0.244873 0.0353 0.0353 0.0353
v 0.378174 0.471191 -0.248291 0.0431 0.0431 0.0431
v 0.380615 0.471191 -0.242432 0.0275 0.0275 0.0275
v 0.379150 0.471191 -0.246826 0.0392 0.0392 0.0392
v 0.406006 0.471191 -0.242432 0.0314 0.0353 0.0314
v 0.411865 0.471191 -0.236572 0.0314 0.0314 0.0314
v 0.420166 0.471191 -0.240967 0.0275 0.0314 0.0392
v 0.422607 0.471191 -0.241943 0.0431 0.0471 0.0549
v 0.423584 0.471191 -0.244385 0.0549 0.0588 0.0706
v 0.424072 0.471191 -0.248291 0.0588 0.0627 0.0745
v 0.361572 0.504395 -0.207764 0.5764 0.5804 0.5882
v 0.359619 0.504395 -0.215576 0.3961 0.4078 0.4157
v 0.364502 0.507324 -0.211670 0.4863 0.4863 0.4902
v 0.367920 0.508301 -0.216553 0.4275 0.4314 0.4471
v 0.346924 0.504395 -0.222900 0.2471 0.2627 0.2706
v 0.349365 0.507324 -0.226318 0.1961 0.2078 0.2275
v 0.354248 0.504395 -0.220947 0.2667 0.2706 0.2823
v 0.356689 0.507324 -0.224365 0.2510 0.2549 0.2745
v 0.353271 0.508301 -0.230713 0.5255 0.5294 0.5451
v 0.362061 0.507324 -0.218994 0.6510 0.6510 0.6550
v 0.365478 0.508301 -0.223877 0.4314 0.4353 0.4510
v 0.360107 0.508301 -0.228760 0.4471 0.4510 0.4667
v 0.373291 0.273438 -0.273193 0.0275 0.0314 0.0314
v 0.373291 0.279297 -0.279541 0.0431 0.0431 0.0431
v 0.374756 0.254395 -0.300049 0.4980 0.4980 0.5137
v 0.373291 0.347656 -0.273193 0.1843 0.1882 0.2039
v 0.373291 0.341797 -0.279541 0.0431 0.0431 0.0510
v 0.373291 0.348633 -0.273193 0.0392 0.0392 0.0353
v 0.373291 0.354492 -0.279541 0.0392 0.0392 0.0392
v 0.373291 0.420898 -0.279541 0.0549 0.0549 0.0549
v 0.373291 0.426270 -0.273193 0.0745 0.0784 0.0824
v 0.373291 0.427246 -0.273193 0.0353 0.0392 0.0431
v 0.373291 0.432129 -0.279541 0.0235 0.0275 0.0235
v 0.374756 0.471191 -0.278076 0.0275 0.0314 0.0314
v 0.373291 0.471191 -0.279541 0.0392 0.0431 0.0392
v 0.374756 0.472656 -0.295654 0.1961 0.2157 0.2275
v 0.378174 0.273438 -0.270752 0.0667 0.0745 0.0706
v 0.379150 0.279297 -0.273193 0.0941 0.0980 0.1098
v 0.378174 0.273438 -0.274170 0.0667 0.0706 0.0784
v 0.379639 0.273438 -0.277100 0.0431 0.0510 0.0471
v 0.381592 0.273438 -0.278564 0.0353 0.0392 0.0431
v 0.375244 0.254395 -0.302490 0.7686 0.7686 0.7764
v 0.377197 0.254883 -0.304932 0.8039 0.8000 0.8000
v 0.380127 0.255371 -0.305420 0.8549 0.8470 0.8509
v 0.385986 0.257812 -0.304932 0.7333 0.7333 0.7412
v 0.385498 0.261230 -0.304932 0.3882 0.3882 0.3843
v 0.385986 0.257812 -0.312256 0.3529 0.3529 0.3568
v 0.385010 0.261230 -0.312256 0.1882 0.1922 0.2000
v 0.387939 0.254883 -0.304932 0.7020 0.7020 0.7020
v 0.387451 0.254883 -0.312256 0.4118 0.4196 0.4196
v 0.385986 0.264160 -0.304932 0.1451 0.1451 0.1373
v 0.385986 0.264648 -0.312256 0.2392 0.2353 0.2432
v 0.387939 0.267090 -0.304932 0.5333 0.5451 0.5764
v 0.390381 0.269043 -0.304932 0.6667 0.6628 0.6863
v 0.387451 0.267090 -0.312256 0.6510 0.6589 0.6628
v 0.390381 0.269043 -0.312256 0.7647 0.7725 0.7804
v 0.393799 0.269531 -0.304932 0.6550 0.6589 0.6785
v 0.397217 0.269043 -0.304932 0.6902 0.6902 0.7059
v 0.397217 0.269043 -0.312256 0.7960 0.8000 0.8000
v 0.399658 0.254883 -0.304932 0.7176 0.7176 0.7255
v 0.401611 0.257812 -0.304932 0.5255 0.5255 0.5333
v 0.402100 0.261230 -0.304932 0.4628 0.4667 0.4706
v 0.399658 0.254883 -0.312256 0.3333 0.3412 0.3412
v 0.401611 0.257812 -0.312256 0.2549 0.2627 0.2667
v 0.406006 0.255371 -0.305420 0.7843 0.7843 0.7804
v 0.402588 0.261230 -0.312256 0.3647 0.3686 0.3686
v 0.401611 0.264160 -0.304932 0.5725 0.5804 0.5764
v 0.399658 0.267090 -0.304932 0.6706 0.6745 0.6824
v 0.401611 0.264648 -0.312256 0.5647 0.5764 0.5764
v 0.399658 0.267090 -0.312256 0.7294 0.7294 0.7333
v 0.393799 0.270020 -0.312256 0.8235 0.8274 0.8196
v 0.416748 0.275879 -0.275147 0.0392 0.0431 0.0510
v 0.419189 0.273438 -0.278564 0.0353 0.0392 0.0471
v 0.419678 0.274414 -0.280518 0.0627 0.0667 0.0745
v 0.428467 0.275879 -0.261963 0.1255 0.1294 0.1451
v 0.437256 0.269531 -0.271729 0.1686 0.1725 0.1882
v 0.436279 0.262695 -0.280029 0.0941 0.0980 0.1137
v 0.434814 0.269531 -0.278076 0.1255 0.1333 0.1451
v 0.424072 0.273438 -0.271240 0.0627 0.0667 0.0745
v 0.422607 0.275879 -0.273193 0.0745 0.0784 0.0863
v 0.427002 0.275879 -0.268311 0.1020 0.1059 0.1216
v 0.423584 0.273438 -0.274658 0.0627 0.0667 0.0745
v 0.422119 0.273438 -0.277588 0.0549 0.0588 0.0667
v 0.426514 0.274414 -0.279053 0.1176 0.1216 0.1373
v 0.433350 0.274414 -0.267334 0.1059 0.1137 0.1294
v 0.431396 0.274414 -0.274170 0.1216 0.1255 0.1451
v 0.421631 0.269531 -0.284912 0.2078 0.2118 0.2275
v 0.411865 0.254395 -0.300049 0.5882 0.5921 0.6079
v 0.410889 0.254395 -0.302490 0.6824 0.6863 0.6980
v 0.408936 0.254883 -0.304932 0.7568 0.7568 0.7490
v 0.422119 0.262695 -0.286865 0.1020 0.1059 0.1137
v 0.428955 0.269531 -0.283447 0.1608 0.1765 0.1922
v 0.429932 0.262695 -0.284912 0.1530 0.1490 0.1686
v 0.379150 0.341797 -0.273193 0.1451 0.1530 0.1647
v 0.379150 0.354492 -0.273193 0.0941 0.0980 0.1059
v 0.386475 0.261230 -0.313721 0.2471 0.2510 0.2549
v 0.388428 0.255859 -0.313721 0.2432 0.2432 0.2549
v 0.386963 0.258301 -0.313721 0.1490 0.1530 0.1569
v 0.386963 0.264160 -0.313721 0.6589 0.6589 0.6589
v 0.388428 0.266602 -0.313721 0.7843 0.7843 0.7843
v 0.393799 0.261230 -0.313721 0.6980 0.6902 0.6941
v 0.390869 0.268066 -0.313721 0.7921 0.7921 0.7921
v 0.393799 0.268555 -0.313721 0.8078 0.8039 0.8078
v 0.396728 0.268066 -0.313721 0.7960 0.7960 0.7882
v 0.399170 0.255859 -0.313721 0.1961 0.2000 0.2000
v 0.400635 0.258301 -0.313721 0.2353 0.2314 0.2392
v 0.401123 0.261230 -0.313721 0.2627 0.2627 0.2627
v 0.400635 0.264160 -0.313721 0.7020 0.7020 0.6902
v 0.399170 0.266602 -0.313721 0.8117 0.8117 0.8078
v 0.438232 0.262695 -0.272705 0.1255 0.1294 0.1451
v 0.379150 0.420898 -0.273193 0.1020 0.1137 0.1255
v 0.379150 0.432129 -0.273193 0.1176 0.1294 0.1373
v 0.378174 0.471191 -0.270752 0.0471 0.0471 0.0471
v 0.379150 0.471191 -0.273193 0.0471 0.0471 0.0471
v 0.378174 0.471191 -0.274170 0.0431 0.0471 0.0471
v 0.379639 0.471191 -0.277100 0.0235 0.0235 0.0235
v 0.381592 0.471191 -0.278564 0.0235 0.0235 0.0235
v 0.375244 0.472656 -0.298584 0.2471 0.2627 0.2706
v 0.380127 0.472656 -0.301514 0.4039 0.4118 0.4353
v 0.377197 0.473145 -0.300537 0.3765 0.3882 0.4157
v 0.411865 0.471191 -0.278076 0.0275 0.0275 0.0275
v 0.419189 0.471191 -0.278564 0.0314 0.0353 0.0392
v 0.424072 0.471191 -0.271240 0.0863 0.0941 0.0980
v 0.423584 0.471191 -0.274658 0.0706 0.0745 0.0824
v 0.422119 0.471191 -0.277588 0.0471 0.0510 0.0588
v 0.411865 0.472656 -0.295654 0.1725 0.1882 0.2000
v 0.406494 0.472656 -0.301514 0.4000 0.4039 0.4235
v 0.410889 0.472656 -0.298584 0.2196 0.2392 0.2510
v 0.408936 0.467285 -0.305908 0.3490 0.3568 0.3686
v 0.411377 0.469727 -0.309814 0.1608 0.1608 0.1725
v 0.417725 0.467285 -0.303467 0.3294 0.3333 0.3529
v 0.421631 0.469727 -0.306885 0.2510 0.2471 0.2745
v 0.426514 0.467285 -0.286865 0.0275 0.0314 0.0392
v 0.424072 0.467285 -0.296631 0.1216 0.1176 0.1373
v 0.430908 0.469727 -0.289795 0.1294 0.1333 0.1490
v 0.428467 0.469727 -0.300049 0.2235 0.2314 0.2549
v 0.408936 0.473145 -0.300537 0.3333 0.3451 0.3608
v 0.415283 0.501465 -0.312256 0.8862 0.8823 0.8745
v 0.434326 0.473633 -0.292236 0.4353 0.4392 0.4745
v 0.436279 0.479004 -0.293701 0.7568 0.7568 0.7725
v 0.436279 0.494629 -0.293701 0.7647 0.7568 0.7686
v 0.434814 0.501465 -0.291748 0.8313 0.8313 0.8313
v 0.424072 0.473633 -0.309814 0.4550 0.4589 0.4823
v 0.426025 0.479004 -0.311279 0.8196 0.8196 0.8274
v 0.431396 0.473633 -0.302490 0.4589 0.4589 0.4980
v 0.433350 0.479004 -0.303955 0.7529 0.7490 0.7608
v 0.426025 0.494629 -0.311279 0.9255 0.9176 0.9176
v 0.425049 0.501465 -0.309326 0.8862 0.8862 0.8862
v 0.433350 0.494629 -0.303955 0.8274 0.8274 0.8353
v 0.432373 0.501465 -0.302002 0.8627 0.8627 0.8627
v 0.414307 0.473633 -0.312744 0.4667 0.4706 0.4902
v 0.415771 0.479004 -0.313721 0.8588 0.8509 0.8588
v 0.415771 0.494629 -0.313721 0.8745 0.8706 0.8627
v 0.427490 0.508301 -0.280518 0.3529 0.3568 0.3725
v 0.409912 0.508301 -0.301514 0.4628 0.4589 0.4784
v 0.413330 0.506348 -0.307373 0.6510 0.6432 0.6432
v 0.419189 0.508301 -0.298584 0.4510 0.4471 0.4667
v 0.425537 0.508301 -0.290772 0.4157 0.4118 0.4314
v 0.431885 0.506348 -0.286865 0.7960 0.7960 0.8039
v 0.429443 0.506348 -0.297119 0.8509 0.8588 0.8549
v 0.422607 0.506348 -0.304932 0.7294 0.7294 0.7372
s 1
f 3 4 1001
f 1001 997 3
f 4 5 1001
f 1001 998 997
f 1005 1001 5
f 996 998 1001
f 1001 999 996
f 1001 1000 999
f 1000 1001 1002
f 1003 1002 1001
f 1004 1003 1001
f 1009 1004 1001
f 1001 1005 1006
f 1001 1006 1007
f 1001 1007 1008
f 1001 1008 1009
f 181 120 115
f 115 130 181
f 181 121 120
f 130 131 181
f 181 158 121
f 128 129 181
f 181 131 128
f 129 140 181
f 140 141 181
f 141 142 181
f 520 181 142
f 181 159 158
f 181 160 159
f 181 161 160
f 161 181 183
f 184 183 181
f 185 184 181
f 555 185 181
f 181 520 521
f 181 521 522
f 181 522 523
f 181 523 537
f 181 537 538
f 181 538 539
f 181 539 567
f 556 555 181
f 557 556 181
f 558 557 181
f 570 558 181
f 181 567 568
f 181 568 569
f 181 569 570
f 143 144 177
f 177 170 143
f 144 149 177
f 177 171 170
f 148 150 177
f 177 149 148
f 524 177 150
f 177 172 171
f 172 177 178
f 179 178 177
f 180 179 177
f 548 180 177
f 177 524 525
f 177 525 549
f 550 548 177
f 177 549 550
f 418 404 403
f 418 403 402
f 404 418 688
f 1327 268 261
f 261 286 1327
f 1327 270 268
f 286 288 1327
f 1327 1300 270
f 283 303 1327
f 1327 288 283
f 303 305 1327
f 305 1181 1327
f 1181 1187 1327
f 1187 1190 1327
f 2275 1327 1190
f 1327 1301 1300
f 1327 1308 1301
f 1327 1322 1308
f 1322 1327 1334
f 1339 1334 1327
f 1340 1339 1327
f 1356 1340 1327
f 1327 1354 1356
f 2294 1354 1327
f 1327 2275 2276
f 1327 2276 2281
f 1327 2281 2294
f 345 344 324
f 376 378 418
f 418 400 376
f 378 380 418
f 418 402 400
f 380 382 418
f 382 384 418
f 384 386 418
f 433 418 386
f 418 433 434
f 418 434 437
f 418 437 441
f 418 441 444
f 418 444 445
f 418 445 448
f 418 448 777
f 690 688 418
f 692 690 418
f 693 692 418
f 730 693 418
f 732 730 418
f 734 732 418
f 736 734 418
f 738 736 418
f 786 738 418
f 418 777 779
f 418 779 780
f 418 780 781
f 418 781 784
f 418 784 786
f 397 398 723
f 425 429 431
f 431 430 425
f 430 431 710
f 461 460 458
f 462 461 458
f 710 711 715
f 811 456 455
f 461 462 797
f 799 798 797
f 631 632 1246
f 1246 1240 631
f 632 633 1246
f 1246 1242 1240
f 1247 1246 633
f 1246 1243 1241
f 1241 1242 1246
f 1246 1244 1243
f 1246 1245 1244
f 1245 1246 1248
f 1246 1247 1251
f 1249 1248 1246
f 1250 1249 1246
f 1253 1250 1246
f 1246 1251 1252
f 1246 1252 1253
f 715 711 708
f 719 715 708
f 721 722 726
f 741 726 722
f 743 748 754
f 755 754 748
f 757 759 764
f 765 764 759
f 764 765 767
f 764 767 769
f 768 769 771
f 795 798 799
f 795 799 804
f 810 808 807
f 808 810 839
f 848 847 844
f 847 848 852
f 860 859 858
f 859 860 867
f 868 867 860
f 869 868 860
f 866 869 870
f 994 901 886
f 900 901 994
f 994 902 900
f 994 903 902
f 994 987 903
f 1980 1988 1992
f 1993 1992 1988
f 1996 1993 1988
f 2002 1996 1988
f 2030 2002 1988
f 1111 1109 1063
f 1064 1112 1113
f 1203 1201 1142
f 1150 1204 1206
f 1115 1114 1065
f 1068 1116 1118
f 1209 1207 1155
f 1212 1211 1165
f 1119 1117 1069
f 1215 1213 1167
f 3636 3637 3697
f 3720 3639 3638
f 3640 3641 3721
f 3725 3644 3642
f 3643 3645 3726
f 1141 1140 1139
f 1147 1149 1153
f 2307 2306 2305
f 1143 1146 1202
f 1205 1157 1151
f 2308 2311 2347
f 2318 2315 2313
f 1154 1152 1148
f 1159 1161 1163
f 2320 2319 2314
f 1156 1158 1208
f 1210 1169 1166
f 2316 2321 2352
f 2322 2323 2355
f 2328 2327 2325
f 1164 1162 1160
f 2330 2329 2326
f 1168 1170 1214
f 2331 2333 2358
f 2334 2335 2360
f 3774 3775 3801
f 3813 3778 3777
f 3780 3781 3816
f 3783 3785 3825
f 3786 3787 3827
f 1528 1529 1543
f 1527 1528 1543
f 1892 1543 1529
f 1407 1406 1381
f 1452 1453 1831
f 1488 1487 1484
f 1490 1488 1484
f 1487 1488 1489
f 1520 1519 1517
f 1522 1520 1517
f 1489 1827 1830
f 1830 1827 1824
f 1832 1830 1824
f 1889 1502 1501
f 1543 1506 1504
f 1504 1525 1543
f 1543 1507 1506
f 1525 1527 1543
f 1543 1510 1507
f 1543 1512 1510
f 1543 1514 1512
f 1514 1543 1548
f 1550 1548 1543
f 1553 1550 1543
f 1554 1553 1543
f 1556 1554 1543
f 1558 1556 1543
f 1560 1558 1543
f 1951 1560 1543
f 1543 1892 1894
f 1543 1894 1896
f 1543 1896 1897
f 1543 1897 1941
f 1543 1941 1943
f 1543 1943 1945
f 1543 1945 1947
f 1543 1947 1949
f 1543 1949 1962
f 1952 1951 1543
f 1954 1952 1543
f 1955 1954 1543
f 1960 1955 1543
f 1962 1960 1543
f 1522 1521 1520
f 1879 1878 1521
f 1876 1878 1879
f 1876 1879 1885
f 2449 1621 1620
f 1620 2445 2449
f 2449 1622 1621
f 1622 2449 2453
f 2445 2446 2449
f 2444 2447 2449
f 2449 2446 2444
f 2447 2448 2449
f 2450 2449 2448
f 2449 2450 2451
f 2449 2452 2457
f 2449 2451 2452
f 2454 2453 2449
f 2455 2454 2449
f 2456 2455 2449
f 2457 2456 2449
f 1697 1699 1743
f 1743 1698 1697
f 1743 1699 1686
f 1686 1726 1743
f 1726 1727 1743
f 1727 1728 1743
f 1743 1696 1695
f 1743 1706 1696
f 1695 1698 1743
f 1743 1707 1706
f 1743 1708 1707
f 1708 1743 2116
f 1728 1729 1743
f 1729 1730 1743
f 1749 1743 1730
f 1743 1749 1750
f 1743 1750 1751
f 1743 1751 2151
f 2117 2116 1743
f 2118 2117 1743
f 2119 2118 1743
f 2133 2119 1743
f 2134 2133 1743
f 2135 2134 1743
f 2165 2135 1743
f 1743 2151 2152
f 1743 2152 2153
f 1743 2153 2154
f 1743 2154 2168
f 2166 2165 1743
f 2167 2166 1743
f 2168 2167 1743
f 1745 1716 1713
f 1715 1716 1745
f 1745 1713 1712
f 1712 1740 1745
f 1740 1741 1745
f 1745 1717 1715
f 1717 1745 2123
f 1741 1742 1745
f 1746 1745 1742
f 1745 1746 1747
f 1745 1747 1748
f 1745 1748 2148
f 2124 2123 1745
f 2149 2124 1745
f 1745 2148 2150
f 2150 2149 1745
f 1835 1836 1840
f 1843 1840 1836
f 1840 1843 1844
f 1840 1844 1854
f 1844 1849 1854
f 1856 1854 1849
f 1854 1856 1863
f 1856 1857 1863
f 1864 1863 1857
f 1863 1864 1865
f 1869 1866 1865
f 1866 1869 1872
f 1866 1872 1979
f 1938 1939 1958
f 1990 1958 1939
f 1890 1888 1887
f 1888 1890 1916
f 1923 1920 1918
f 1932 1930 1928
f 1930 1932 1935
f 1937 1935 1932
f 1939 1938 1937
f 2564 2266 2265
f 2265 2558 2564
f 2564 2267 2266
f 2267 2564 2565
f 2558 2560 2564
f 2559 2561 2564
f 2564 2560 2559
f 2561 2562 2564
f 2562 2563 2564
f 2566 2564 2563
f 2569 2565 2564
f 2564 2566 2567
f 2564 2567 2568
f 2564 2568 2571
f 2570 2569 2564
f 2571 2570 2564
f 2351 2348 2312
f 2317 2353 2354
f 2500 2498 2409
f 2442 2504 2505
f 2357 2356 2324
f 2332 2359 2362
f 2507 2506 2443
f 2509 2508 2458
f 2363 2361 2336
f 2511 2510 2459
f 4909 4910 4965
f 4974 4913 4912
f 4915 4916 4979
f 4986 4921 4918
f 4920 4922 4990
f 5021 5022 5036
f 5092 5025 5024
f 5026 5027 5093
f 5028 5029 5109
f 5030 5031 5110
f 3117 2635 2634
f 2634 2645 3117
f 3117 2652 2635
f 3117 2645 2642
f 2642 2644 3117
f 2643 3073 3117
f 3117 2644 2643
f 3117 2653 2652
f 3117 2654 2653
f 3117 2664 2654
f 3117 2665 2664
f 3117 2666 2665
f 3117 2667 2666
f 2667 3117 3120
f 3073 3074 3117
f 3074 3075 3117
f 3075 3093 3117
f 3093 3094 3117
f 3094 3095 3117
f 3144 3117 3095
f 3121 3120 3117
f 3122 3121 3117
f 3134 3122 3117
f 3135 3134 3117
f 3136 3135 3117
f 3158 3136 3117
f 3117 3144 3145
f 3117 3145 3146
f 3117 3146 3155
f 3117 3155 3156
f 3117 3156 3157
f 3117 3157 3158
f 3114 3107 3077
f 3114 3108 3107
f 2675 2676 3585
f 3585 3580 2675
f 2676 2677 3585
f 3585 3581 3580
f 3589 3585 2677
f 3585 3582 3581
f 3585 3583 3582
f 3585 3584 3583
f 3584 3585 3586
f 3587 3586 3585
f 3588 3587 3585
f 3593 3588 3585
f 3585 3589 3590
f 3585 3590 3591
f 3585 3591 3592
f 3585 3592 3593
f 3319 3308 2921
f 3319 2921 2920
f 2807 2835 2867
f 2867 2835 2829
f 2829 2836 2867
f 2836 2837 2867
f 2837 2858 2867
f 2860 2999 3047
f 2897 2900 2901
f 3469 3470 3472
f 3951 3901 3888
f 2999 2998 2995
f 3047 2999 2995
f 3901 3951 3952
f 3901 3952 3957
f 3901 3957 3966
f 3901 3966 3989
f 2871 2872 3319
f 2872 2874 3319
f 3319 2916 2871
f 3319 2918 2916
f 2874 2876 3319
f 2876 2878 3319
f 2878 2956 3319
f 3319 2920 2918
f 2956 2958 3319
f 2958 2963 3319
f 2963 2964 3319
f 2964 2967 3319
f 2967 2968 3319
f 3373 3319 2968
f 3319 3309 3308
f 3319 3310 3309
f 3319 3312 3310
f 3312 3319 3341
f 3343 3341 3319
f 3345 3343 3319
f 3347 3345 3319
f 3349 3347 3319
f 3351 3349 3319
f 3380 3351 3319
f 3319 3368 3369
f 3319 3369 3370
f 3319 3370 3377
f 3373 3368 3319
f 3377 3375 3319
f 3319 3375 3380
f 2913 2892 2882
f 2970 2971 2974
f 2974 2973 2970
f 2883 2885 2939
f 2885 2934 2939
f 2934 2936 2939
f 2973 2974 2979
f 2904 2894 2893
f 2904 2896 2894
f 2904 2898 2896
f 2904 2901 2898
f 2941 3358 3359
f 2938 2945 2951
f 2952 2951 2945
f 2951 2952 3334
f 3333 3335 3339
f 3333 3334 3335
f 3335 3336 3339
f 2975 2974 2971
f 2975 2976 2980
f 2976 2977 2978
f 3002 2978 2977
f 2977 2988 3002
f 2976 2978 2981
f 2981 2980 2976
f 3014 3009 2981
f 3014 3012 3009
f 2989 2990 3000
f 2990 2996 3000
f 2996 2997 3000
f 2997 2998 3000
f 3425 3424 3016
f 3021 3019 3013
f 3019 3021 3023
f 3384 3023 3021
f 3383 3386 3388
f 3384 3385 3386
f 3388 3386 3385
f 3114 3077 3076
f 3076 3078 3114
f 3078 3082 3114
f 3082 3083 3114
f 3083 3096 3114
f 3096 3097 3114
f 3128 3114 3097
f 3114 3109 3108
f 3114 3110 3109
f 3110 3114 3115
f 3116 3115 3114
f 3129 3116 3114
f 3114 3128 3130
f 3130 3129 3114
f 3240 3241 3654
f 3654 3650 3240
f 3241 3242 3654
f 3654 3651 3650
f 3658 3654 3242
f 3649 3651 3654
f 3654 3652 3649
f 3654 3653 3652
f 3653 3654 3655
f 3656 3655 3654
f 3657 3656 3654
f 3662 3657 3654
f 3654 3658 3659
f 3654 3659 3660
f 3654 3660 3661
f 3654 3661 3662
f 3523 3534 4533
f 4533 3556 3523
f 3534 3537 4533
f 4533 3557 3556
f 3537 4518 4533
f 4533 3567 3553
f 3553 3557 4533
f 4533 3570 3567
f 4533 3854 3570
f 4533 3863 3854
f 4533 3864 3863
f 3864 4533 4944
f 4518 4520 4533
f 4520 4524 4533
f 4524 4530 4533
f 4548 4533 4530
f 4533 4548 4554
f 4533 4554 4556
f 4533 4556 4568
f 4533 4564 4958
f 4568 4564 4533
f 4945 4944 4533
f 4951 4945 4533
f 4958 4951 4533
f 3776 3804 3805
f 3779 3814 3818
f 4964 4959 4908
f 4976 4973 4911
f 3819 3817 3782
f 3784 3826 3829
f 4978 4977 4914
f 4987 4985 4917
f 3830 3828 3788
f 4989 4988 4919
f 3808 3807 3806
f 4966 4967 4968
f 3823 3821 3815
f 3820 3822 3824
f 3835 3833 3831
f 4975 4980 4983
f 4981 4982 4984
f 3832 3834 3836
f 4991 4992 4995
f 4993 4994 4996
f 4128 4385 4396
f 4127 4128 4396
f 4466 4465 4460
f 4064 4011 3900
f 3968 4086 4140
f 4015 4012 4011
f 4064 4015 4011
f 4086 4085 4084
f 4140 4086 4084
f 3994 3998 4021
f 4021 4006 3994
f 3998 4001 4054
f 4054 4021 3998
f 4017 4007 4006
f 4021 4017 4006
f 4001 4045 4054
f 4045 4046 4054
f 4017 4010 4007
f 4017 4012 4010
f 4044 4367 4368
f 4050 4056 4061
f 4062 4061 4056
f 4061 4062 4358
f 4359 4361 4363
f 4357 4358 4359
f 4357 4359 4363
f 4089 4072 4067
f 4111 4074 4072
f 4072 4089 4111
f 4080 4081 4087
f 4111 4107 4074
f 4111 4108 4107
f 4081 4083 4087
f 4083 4085 4087
f 4412 4411 4113
f 4396 4096 4095
f 4396 4098 4096
f 4095 4123 4396
f 4123 4125 4396
f 4396 4100 4098
f 4396 4102 4100
f 4396 4143 4102
f 4125 4127 4396
f 4396 4145 4143
f 4396 4147 4145
f 4396 4148 4147
f 4396 4150 4148
f 4396 4152 4150
f 4152 4396 4435
f 4385 4386 4396
f 4386 4387 4396
f 4387 4389 4396
f 4419 4396 4389
f 4396 4419 4421
f 4396 4421 4423
f 4396 4423 4425
f 4396 4425 4427
f 4396 4427 4429
f 4396 4429 4443
f 4432 4431 4396
f 4433 4432 4396
f 4440 4433 4396
f 4396 4431 4435
f 4443 4438 4396
f 4396 4438 4440
f 4118 4116 4110
f 4116 4118 4121
f 4378 4121 4118
f 4383 4381 4380
f 4378 4379 4380
f 4383 4380 4379
f 4220 4221 4663
f 4217 4220 4663
f 4663 4221 4209
f 4209 4231 4663
f 4231 4232 4663
f 4663 4625 4218
f 4663 4219 4217
f 4218 4219 4663
f 4232 4240 4663
f 4240 4242 4663
f 4242 4243 4663
f 4243 4244 4663
f 4244 4245 4663
f 4669 4663 4245
f 4663 4626 4625
f 4663 4627 4626
f 4663 4644 4627
f 4663 4645 4644
f 4663 4646 4645
f 4646 4663 4696
f 4663 4669 4670
f 4663 4670 4671
f 4663 4671 4685
f 4663 4685 4686
f 4663 4686 4687
f 4663 4687 4712
f 4697 4696 4663
f 4698 4697 4663
f 4709 4698 4663
f 4710 4709 4663
f 4711 4710 4663
f 4712 4711 4663
f 4630 4631 4666
f 4631 4659 4666
f 4659 4660 4666
f 4891 4298 4297
f 4297 4886 4891
f 4891 4299 4298
f 4299 4891 4895
f 4886 4887 4891
f 4888 4889 4891
f 4887 4888 4891
f 4889 4890 4891
f 4892 4891 4890
f 4891 4892 4893
f 4891 4894 4899
f 4891 4893 4894
f 4896 4895 4891
f 4897 4896 4891
f 4898 4897 4891
f 4899 4898 4891
f 4666 4632 4630
f 4666 4635 4632
f 4666 4636 4635
f 4666 4649 4636
f 4666 4650 4649
f 4650 4666 4682
f 4660 4661 4666
f 4661 4662 4666
f 4667 4666 4662
f 4666 4667 4668
f 4666 4668 4683
f 4684 4682 4666
f 4666 4683 4684
f 5099 4847 4846
f 4846 5095 5099
f 5099 4848 4847
f 4848 5099 5103
f 5095 5096 5099
f 5094 5097 5099
f 5099 5096 5094
f 5097 5098 5099
f 5100 5099 5098
f 5099 5100 5101
f 5099 5102 5107
f 5099 5101 5102
f 5104 5103 5099
f 5105 5104 5099
f 5106 5105 5099
f 5107 5106 5099
f 95 97 1 105
f 1 2 109 105
f 236 2 1 235
f 1 97 401 235
f 498 109 2 497
f 2 236 687 497
f 50 4 3 49
f 1036 49 3 997
f 51 5 4 50
f 5 51 1049 1005
f 7 8 6 16
f 6 12 13 16
f 6 8 1012 1010
f 1014 12 6 1010
f 7 16 19 20
f 3283 8 7 3282
f 7 20 3293 3282
f 3701 1012 8 3283
f 10 42 9 1011
f 32 33 9 35
f 39 35 9 42
f 9 33 1031 1011
f 10 1011 1077 1096
f 1124 207 10 1096
f 11 13 14 17
f 11 19 16 13
f 11 17 18 21
f 22 19 11 21
f 14 13 12 15
f 1016 15 12 1014
f 1565 17 14 1567
f 14 15 1568 1567
f 15 1016 2389 1568
f 1564 18 17 1565
f 3297 21 18 3303
f 18 1564 4824 3303
f 23 20 19 22
f 20 23 3294 3293
f 3296 22 21 3297
f 3294 23 22 3296
f 24 25 27 28
f 31 36 24 37
f 32 25 24 36
f 24 28 38 37
f 25 26 29 27
f 35 26 25 32
f 26 35 39 40
f 41 29 26 40
f 44 28 27 43
f 27 29 45 43
f 55 38 28 44
f 29 41 60 45
f 30 34 36 31
f 30 31 57 58
f 1032 34 30 1033
f 30 58 1056 1033
f 31 37 56 57
f 34 33 32 36
f 33 34 1032 1031
f 37 38 55 56
f 46 44 43 47
f 43 45 48 47
f 44 46 56 55
f 61 48 45 60
f 57 56 46 59
f 46 47 200 59
f 47 48 203 200
f 48 61 205 203
f 53 50 49 52
f 1041 52 49 1036
f 54 51 50 53
f 51 54 1054 1049
f 201 58 57 59
f 58 201 1105 1056
f 59 200 202 201
f 66 63 62 64
f 68 64 62 100
f 62 92 93 100
f 62 63 94 92
f 63 66 377 375
f 399 94 63 375
f 64 65 67 66
f 78 65 64 68
f 72 67 65 71
f 77 71 65 78
f 66 67 379 377
f 67 72 381 379
f 68 69 79 78
f 68 100 101 69
f 69 70 80 79
f 102 70 69 101
f 118 80 70 134
f 70 102 135 134
f 75 72 71 73
f 83 73 71 77
f 72 75 383 381
f 73 74 76 75
f 84 74 73 83
f 74 84 87 191
f 193 76 74 191
f 75 76 385 383
f 76 193 432 385
f 77 78 79 81
f 77 81 85 83
f 79 80 82 81
f 119 82 80 118
f 81 82 86 85
f 125 86 82 119
f 88 84 83 85
f 90 87 84 88
f 85 86 89 88
f 126 89 86 125
f 192 191 87 195
f 87 90 196 195
f 88 89 91 90
f 127 91 89 126
f 90 91 197 196
f 91 127 164 197
f 96 93 92 95
f 92 94 97 95
f 93 96 98 103
f 101 100 93 103
f 401 97 94 399
f 95 105 106 96
f 107 98 96 106
f 104 103 98 99
f 108 99 98 107
f 99 108 113 139
f 138 104 99 139
f 104 102 101 103
f 102 104 138 135
f 110 106 105 109
f 111 107 106 110
f 112 108 107 111
f 108 112 114 113
f 499 110 109 498
f 500 111 110 499
f 501 112 111 500
f 505 114 112 501
f 137 139 113 152
f 113 114 153 152
f 529 153 114 505
f 115 117 116 130
f 122 117 115 120
f 119 118 116 117
f 131 130 116 132
f 116 118 134 132
f 125 119 117 122
f 120 121 123 122
f 124 123 121 158
f 126 125 122 123
f 127 126 123 124
f 124 158 159 162
f 164 127 124 162
f 128 131 132 133
f 136 129 128 133
f 129 136 137 140
f 132 134 135 133
f 133 135 138 136
f 136 138 139 137
f 137 152 141 140
f 141 152 153 142
f 142 153 529 520
f 147 144 143 146
f 173 146 143 170
f 144 147 145 149
f 148 149 145 151
f 145 147 156 154
f 157 151 145 154
f 156 147 146 155
f 186 155 146 173
f 148 151 526 150
f 527 524 150 526
f 151 157 534 526
f 163 162 159 160
f 160 161 166 163
f 167 166 161 183
f 162 163 165 164
f 168 165 163 166
f 210 197 164 165
f 165 168 212 210
f 166 167 169 168
f 167 183 184 221
f 222 169 167 221
f 168 169 219 212
f 228 219 169 222
f 170 171 174 173
f 171 172 175 174
f 176 175 172 178
f 173 174 187 186
f 174 175 188 187
f 175 176 189 188
f 176 178 179 182
f 176 182 190 189
f 553 182 179 180
f 180 548 554 553
f 561 190 182 553
f 223 221 184 185
f 607 223 185 555
f 191 192 194 193
f 199 194 192 198
f 192 195 208 198
f 193 194 435 432
f 194 199 436 435
f 195 196 209 208
f 196 197 210 209
f 198 208 214 213
f 215 199 198 213
f 199 215 442 436
f 204 202 200 203
f 201 202 1106 1105
f 202 204 1107 1106
f 206 204 203 205
f 207 1107 204 206
f 1121 1107 207 1124
f 208 209 211 214
f 209 210 212 211
f 216 214 211 218
f 211 212 219 218
f 213 214 216 217
f 220 215 213 217
f 215 220 443 442
f 226 217 216 225
f 216 218 227 225
f 232 220 217 226
f 218 219 228 227
f 220 232 446 443
f 224 222 221 223
f 222 224 231 228
f 608 224 223 607
f 612 231 224 608
f 225 227 230 229
f 233 226 225 229
f 234 232 226 233
f 227 228 231 230
f 610 233 229 609
f 229 230 611 609
f 230 231 612 611
f 232 234 447 446
f 630 234 233 610
f 783 447 234 630
f 235 401 402 403
f 404 236 235 403
f 236 404 688 687
f 237 238 239 246
f 243 238 237 242
f 247 245 237 246
f 255 242 237 245
f 241 239 238 240
f 244 240 238 243
f 249 246 239 248
f 239 241 251 248
f 320 241 240 319
f 240 244 321 319
f 340 251 241 320
f 257 243 242 256
f 242 255 259 256
f 258 244 243 257
f 244 258 348 321
f 245 247 915 914
f 921 255 245 914
f 250 247 246 249
f 247 250 916 915
f 917 249 248 918
f 248 251 920 918
f 916 250 249 917
f 251 340 986 920
f 252 254 253 438
f 252 438 439 440
f 253 254 342 341
f 393 438 253 395
f 253 341 452 395
f 922 259 255 921
f 267 262 260 266
f 260 261 268 266
f 286 261 260 287
f 260 262 289 287
f 272 263 262 267
f 262 263 295 289
f 273 264 263 272
f 263 264 296 295
f 274 265 264 273
f 264 265 297 296
f 265 274 278 314
f 313 297 265 314
f 266 268 270 269
f 271 267 266 269
f 267 271 275 272
f 269 270 1300 1302
f 1303 271 269 1302
f 1309 275 271 1303
f 276 273 272 275
f 277 274 273 276
f 274 277 279 278
f 1310 276 275 1309
f 1311 277 276 1310
f 1314 279 277 1311
f 278 279 364 363
f 370 314 278 363
f 1367 364 279 1314
f 280 282 283 288
f 280 281 284 282
f 286 287 280 288
f 280 287 289 281
f 285 284 281 290
f 281 289 295 290
f 282 284 301 300
f 303 283 282 300
f 284 285 302 301
f 285 290 291 293
f 285 293 307 302
f 290 295 296 291
f 294 293 291 292
f 291 296 297 292
f 298 294 292 299
f 292 297 313 299
f 293 294 308 307
f 294 298 309 308
f 298 299 366 367
f 368 309 298 367
f 299 313 369 366
f 305 303 300 304
f 300 301 306 304
f 301 302 312 306
f 302 307 310 312
f 1181 305 304 1182
f 304 306 1183 1182
f 306 312 1184 1183
f 307 308 311 310
f 308 309 315 311
f 371 315 309 368
f 1184 312 310 1185
f 310 311 1186 1185
f 311 315 316 1186
f 313 314 370 369
f 372 316 315 371
f 373 317 316 372
f 1195 1186 316 317
f 374 318 317 373
f 317 318 1196 1195
f 2290 1196 318 2284
f 318 374 2300 2284
f 323 320 319 322
f 319 321 330 322
f 320 323 343 340
f 351 330 321 348
f 324 323 322 325
f 331 325 322 330
f 323 324 344 343
f 324 325 346 345
f 325 331 347 346
f 326 329 328 333
f 326 333 334 335
f 350 329 326 349
f 326 335 353 349
f 327 336 333 328
f 337 336 327 338
f 327 328 360 359
f 362 338 327 359
f 328 329 361 360
f 329 350 365 361
f 352 331 330 351
f 358 347 331 352
f 333 336 332 334
f 332 336 337 339
f 983 334 332 982
f 332 339 985 982
f 984 335 334 983
f 993 353 335 984
f 337 338 362 339
f 339 362 1390 1394
f 1975 985 339 1394
f 340 343 988 986
f 453 452 341 493
f 341 342 494 493
f 343 344 989 988
f 344 345 990 989
f 345 346 991 990
f 346 347 992 991
f 347 358 995 992
f 354 350 349 356
f 349 353 357 356
f 350 354 355 365
f 353 993 2868 3495
f 1412 365 355 1418
f 359 360 1385 1370
f 1390 362 359 1370
f 360 361 1386 1385
f 361 365 1412 1386
f 378 376 375 377
f 375 376 400 399
f 380 378 377 379
f 382 380 379 381
f 384 382 381 383
f 386 384 383 385
f 433 386 385 432
f 391 388 387 389
f 397 389 387 398
f 422 398 387 421
f 387 388 423 421
f 388 391 450 449
f 457 423 388 449
f 389 390 392 391
f 396 390 389 397
f 394 393 390 396
f 390 393 395 392
f 391 392 451 450
f 392 395 452 451
f 439 438 393 394
f 394 396 751 761
f 789 439 394 761
f 396 397 723 751
f 398 422 713 723
f 399 400 402 401
f 405 406 1531 1530
f 1536 411 405 1530
f 406 407 1532 1531
f 407 414 1539 1532
f 1535 410 408 1533
f 408 411 1536 1533
f 409 410 1535 1534
f 1537 412 409 1534
f 1538 413 412 1537
f 1898 694 413 1538
f 414 415 1540 1539
f 415 416 1541 1540
f 416 417 1542 1541
f 417 419 1544 1542
f 419 420 1545 1544
f 420 700 1904 1545
f 421 423 425 424
f 426 422 421 424
f 422 426 428 713
f 458 425 423 457
f 428 426 424 427
f 424 425 430 427
f 460 429 425 458
f 713 428 427 712
f 427 430 714 712
f 707 431 429 716
f 429 460 792 716
f 430 710 715 714
f 431 707 711 710
f 434 433 432 435
f 434 435 436 437
f 441 437 436 442
f 890 440 439 789
f 441 442 443 444
f 445 444 443 446
f 445 446 447 448
f 777 448 447 783
f 449 450 455 456
f 449 456 459 457
f 450 451 454 455
f 451 452 453 454
f 850 454 453 871
f 453 493 874 871
f 811 455 454 850
f 801 459 456 811
f 463 458 457 459
f 464 462 458 463
f 464 463 459 801
f 460 461 796 792
f 798 796 461 797
f 799 797 462 800
f 801 800 462 464
f 465 467 466 479
f 470 467 465 468
f 473 479 466 474
f 466 467 1455 1454
f 1462 474 466 1454
f 467 470 1457 1455
f 468 469 471 470
f 472 471 469 484
f 470 471 1458 1457
f 471 472 1459 1458
f 472 484 485 486
f 472 486 1474 1459
f 473 474 475 477
f 1463 475 474 1462
f 476 477 475 478
f 1465 478 475 1463
f 476 478 481 480
f 1469 481 478 1465
f 480 481 483 482
f 1471 483 481 1469
f 482 483 814 812
f 1797 814 483 1471
f 487 486 485 488
f 486 487 1475 1474
f 487 488 489 490
f 487 490 1477 1475
f 495 490 489 491
f 490 495 1493 1477
f 491 492 496 495
f 872 496 492 824
f 493 494 981 874
f 495 496 1494 1493
f 496 872 1870 1494
f 506 498 497 508
f 689 508 497 687
f 502 499 498 506
f 503 500 499 502
f 504 501 500 503
f 501 504 532 505
f 502 506 509 507
f 512 503 502 507
f 513 504 503 512
f 504 513 533 532
f 530 529 505 532
f 506 508 511 509
f 507 509 510 514
f 516 512 507 514
f 691 511 508 689
f 581 510 509 511
f 515 514 510 582
f 510 581 583 582
f 729 581 511 691
f 517 513 512 516
f 513 517 542 533
f 514 515 518 516
f 515 582 584 586
f 588 518 515 586
f 519 517 516 518
f 517 519 543 542
f 589 519 518 588
f 546 543 519 589
f 530 521 520 529
f 531 522 521 530
f 540 523 522 531
f 541 537 523 540
f 528 525 524 527
f 525 528 551 549
f 535 527 526 534
f 536 528 527 535
f 528 536 559 551
f 530 532 533 531
f 531 533 542 540
f 544 538 537 541
f 545 539 538 544
f 539 545 571 567
f 540 542 543 541
f 541 543 546 544
f 547 545 544 546
f 545 547 574 571
f 546 589 591 547
f 599 574 547 591
f 548 550 552 554
f 552 550 549 551
f 560 552 551 559
f 562 554 552 560
f 553 554 562 561
f 555 556 563 607
f 556 557 564 563
f 557 558 577 564
f 558 570 578 577
f 563 564 566 565
f 608 607 563 565
f 580 566 564 577
f 612 608 565 615
f 565 566 617 615
f 566 580 623 617
f 572 568 567 571
f 573 569 568 572
f 578 570 569 573
f 575 572 571 574
f 576 573 572 575
f 573 576 579 578
f 600 575 574 599
f 602 576 575 600
f 621 579 576 602
f 577 578 579 580
f 623 580 579 621
f 731 583 581 729
f 582 583 585 584
f 733 585 583 731
f 587 586 584 592
f 584 585 593 592
f 735 593 585 733
f 586 587 590 588
f 597 590 587 594
f 587 592 603 594
f 591 589 588 590
f 599 591 590 597
f 592 593 605 603
f 737 605 593 735
f 594 596 598 597
f 604 596 594 603
f 598 596 595 601
f 595 596 604 636
f 620 601 595 618
f 634 618 595 636
f 600 599 597 598
f 602 600 598 601
f 621 602 601 620
f 606 604 603 605
f 637 636 604 606
f 739 606 605 737
f 787 637 606 739
f 609 611 614 613
f 625 610 609 613
f 610 625 626 630
f 611 612 615 614
f 613 614 616 624
f 613 624 627 625
f 614 615 617 616
f 619 624 616 622
f 616 617 623 622
f 622 620 618 619
f 628 619 618 634
f 627 624 619 628
f 623 621 620 622
f 629 626 625 627
f 626 629 782 778
f 783 630 626 778
f 627 628 638 629
f 628 634 635 638
f 629 638 788 782
f 669 632 631 658
f 1259 658 631 1240
f 670 633 632 669
f 633 670 1270 1247
f 634 636 637 635
f 635 637 787 785
f 788 638 635 785
f 639 641 640 654
f 639 654 655 656
f 1255 641 639 1254
f 639 656 1256 1254
f 640 641 643 642
f 647 654 640 645
f 640 642 660 645
f 644 643 641 1255
f 644 1255 1286 1288
f 1297 686 644 1288
f 648 647 645 650
f 661 650 645 660
f 646 647 648 649
f 646 652 653 655
f 654 647 646 655
f 646 649 657 652
f 663 649 648 662
f 648 650 664 662
f 668 657 649 663
f 650 661 679 664
f 651 656 655 653
f 651 653 674 675
f 1256 656 651 1257
f 651 675 1282 1257
f 652 657 668 673
f 674 653 652 673
f 658 659 671 669
f 1265 659 658 1259
f 665 663 662 666
f 662 664 667 666
f 663 665 673 668
f 680 667 664 679
f 674 673 665 676
f 665 666 677 676
f 666 667 682 677
f 667 680 684 682
f 672 670 669 671
f 670 672 1273 1270
f 678 675 674 676
f 675 678 1291 1282
f 676 677 681 678
f 683 681 677 682
f 678 681 1292 1291
f 681 683 1293 1292
f 685 683 682 684
f 683 685 686 1293
f 1295 1293 686 1297
f 687 688 690 689
f 689 690 692 691
f 691 692 693 729
f 731 729 693 730
f 1899 695 694 1898
f 1900 696 695 1899
f 1901 697 696 1900
f 1902 698 697 1901
f 1903 699 698 1902
f 1908 704 699 1903
f 700 701 1905 1904
f 701 702 1906 1905
f 702 703 1907 1906
f 703 706 1910 1907
f 1909 705 704 1908
f 1910 706 705 1909
f 707 709 708 711
f 707 716 717 709
f 708 709 718 719
f 709 717 727 718
f 723 713 712 724
f 712 714 725 724
f 714 715 726 725
f 715 719 721 726
f 793 717 716 792
f 802 727 717 793
f 721 719 718 720
f 728 720 718 727
f 722 721 720 740
f 720 728 745 740
f 722 740 742 741
f 752 751 723 724
f 724 725 753 752
f 725 726 754 753
f 726 741 743 754
f 805 728 727 802
f 837 745 728 805
f 733 731 730 732
f 735 733 732 734
f 737 735 734 736
f 739 737 736 738
f 787 739 738 786
f 746 742 740 745
f 741 742 744 743
f 747 744 742 746
f 743 744 749 748
f 744 747 750 749
f 840 746 745 837
f 842 747 746 840
f 846 750 747 842
f 748 749 756 755
f 749 750 772 756
f 853 772 750 846
f 762 761 751 752
f 752 753 763 762
f 753 754 764 763
f 754 755 757 764
f 755 756 758 757
f 773 758 756 772
f 757 758 760 759
f 774 760 758 773
f 759 760 766 765
f 775 766 760 774
f 761 762 790 789
f 762 763 768 790
f 763 764 769 768
f 765 766 770 767
f 776 770 766 775
f 771 769 767 770
f 768 771 791 892
f 891 790 768 892
f 791 771 770 776
f 855 773 772 853
f 856 774 773 855
f 862 775 774 856
f 864 776 775 862
f 873 791 776 864
f 778 779 777 783
f 780 779 778 782
f 788 781 780 782
f 785 784 781 788
f 784 785 787 786
f 789 790 891 890
f 980 892 791 873
f 794 793 792 796
f 793 794 803 802
f 794 796 798 795
f 794 795 804 803
f 807 804 799 810
f 799 800 809 810
f 800 801 811 809
f 802 803 806 805
f 803 804 807 806
f 805 806 838 837
f 806 807 808 838
f 841 838 808 839
f 848 810 809 849
f 809 811 850 849
f 844 839 810 848
f 816 813 812 814
f 818 815 813 816
f 1800 816 814 1797
f 819 817 815 818
f 1802 818 816 1800
f 817 819 822 820
f 1803 819 818 1802
f 1807 822 819 1803
f 823 821 820 822
f 821 823 832 829
f 1808 823 822 1807
f 1817 832 823 1808
f 824 825 827 872
f 825 826 828 827
f 836 828 826 835
f 827 828 1812 1811
f 1870 872 827 1811
f 828 836 1820 1812
f 833 830 829 832
f 834 831 830 833
f 836 835 831 834
f 1818 833 832 1817
f 1819 834 833 1818
f 1820 836 834 1819
f 837 838 841 840
f 843 841 839 844
f 840 841 843 842
f 842 843 845 846
f 843 844 847 845
f 845 847 852 851
f 853 846 845 851
f 858 852 848 860
f 848 849 861 860
f 849 850 871 861
f 855 853 851 854
f 851 852 858 854
f 856 855 854 857
f 859 857 854 858
f 856 857 863 862
f 857 859 867 863
f 860 861 870 869
f 861 871 874 870
f 862 863 865 864
f 863 867 868 865
f 864 865 866 873
f 865 868 869 866
f 980 873 866 870
f 870 874 981 980
f 875 884 885 897
f 875 879 887 884
f 896 893 875 897
f 904 879 875 893
f 876 881 910 911
f 913 877 876 911
f 932 881 876 933
f 876 877 934 933
f 919 907 877 913
f 877 907 935 934
f 879 904 878 880
f 878 904 905 906
f 878 906 964 963
f 966 880 878 963
f 879 880 888 887
f 961 888 880 966
f 881 882 912 910
f 931 882 881 932
f 882 883 889 912
f 960 883 882 931
f 901 897 885 886
f 894 895 893 896
f 893 895 905 904
f 898 895 894 899
f 894 896 900 902
f 903 899 894 902
f 895 898 908 905
f 896 897 901 900
f 898 899 972 971
f 973 908 898 971
f 899 903 987 972
f 909 906 905 908
f 906 909 969 964
f 907 919 975 974
f 977 935 907 974
f 974 909 908 973
f 978 969 909 974
f 923 924 927 925
f 937 924 923 936
f 941 936 923 950
f 923 925 951 950
f 2756 927 924 2753
f 924 937 2765 2753
f 925 927 926 928
f 925 928 952 951
f 929 928 926 958
f 2754 958 926 2755
f 926 927 2756 2755
f 928 929 930 952
f 929 958 2754 2757
f 2758 930 929 2757
f 955 952 930 956
f 2777 956 930 2758
f 931 932 2790 2789
f 2800 960 931 2789
f 932 933 2791 2790
f 933 934 2792 2791
f 934 935 2810 2792
f 935 977 2844 2810
f 938 937 936 944
f 936 941 940 944
f 937 938 2763 2765
f 938 944 942 939
f 938 939 2764 2763
f 939 942 943 959
f 939 959 2762 2764
f 942 944 940 945
f 949 945 940 947
f 940 941 957 947
f 941 950 953 957
f 946 943 942 945
f 2762 959 943 2766
f 943 946 2768 2766
f 948 946 945 949
f 946 948 2774 2768
f 950 951 954 953
f 951 952 955 954
f 961 966 967 962
f 967 966 963 965
f 963 964 968 965
f 970 968 964 969
f 979 970 969 978
f 971 972 1965 1966
f 1967 973 971 1966
f 972 987 1980 1965
f 1968 974 973 1967
f 1969 976 974 1968
f 1971 977 974 1968
f 1973 978 974 1968
f 977 1971 3882 2844
f 1972 979 978 1973
f 987 994 1988 1980
f 1034 998 996 1035
f 996 999 1037 1035
f 997 998 1034 1036
f 999 1000 1038 1037
f 1000 1002 1044 1038
f 1002 1003 1060 1044
f 1003 1004 1045 1060
f 1004 1009 1053 1045
f 1050 1006 1005 1049
f 1051 1007 1006 1050
f 1052 1008 1007 1051
f 1053 1009 1008 1052
f 1010 1012 1013 1018
f 1015 1014 1010 1018
f 1011 1031 1098 1077
f 3702 1013 1012 3701
f 1023 1018 1013 1029
f 3705 1029 1013 3702
f 1014 1015 1017 1016
f 1020 1017 1015 1019
f 1015 1018 1023 1019
f 1016 1017 2390 2389
f 1017 1020 2393 2390
f 1021 1020 1019 1027
f 1019 1023 1028 1027
f 1020 1021 2388 2393
f 1021 1027 3716 3718
f 5073 2388 1021 3718
f 1022 1025 1094 1092
f 1095 1026 1022 1092
f 1023 1029 1030 1028
f 1094 1025 1024 1093
f 1024 1061 1102 1093
f 1026 1095 1171 1135
f 1027 1028 3708 3716
f 1028 1030 3707 3708
f 3707 1030 1029 3705
f 1031 1032 1099 1098
f 1032 1033 1100 1099
f 1033 1056 1101 1100
f 1034 1035 1040 1039
f 1041 1036 1034 1039
f 1035 1037 1042 1040
f 1037 1038 1043 1042
f 1046 1043 1038 1044
f 1047 1046 1044 1060
f 1047 1060 1045 1048
f 1059 1048 1045 1053
f 1055 1050 1049 1054
f 1057 1051 1050 1055
f 1058 1052 1051 1057
f 1059 1053 1052 1058
f 1122 1101 1056 1105
f 1061 1062 1103 1102
f 1123 1103 1062 1108
f 1112 1064 1063 1109
f 1201 1111 1063 1142
f 1064 1113 1204 1150
f 1116 1068 1065 1114
f 1207 1115 1065 1155
f 1066 1087 1086 1088
f 1066 1067 1089 1087
f 3724 1067 1066 3723
f 1066 1088 3745 3723
f 1090 1089 1067 1091
f 3748 1091 1067 3724
f 1068 1118 1212 1165
f 1125 1104 1069 1117
f 1213 1119 1069 1167
f 1070 1071 1072 1076
f 1074 1073 1070 1076
f 1082 1071 1070 1078
f 1070 1073 1086 1078
f 2465 1072 1071 2466
f 1071 1082 2473 2466
f 1221 1076 1072 1222
f 2364 1222 1072 2465
f 1073 1075 1088 1086
f 1073 1074 1097 1075
f 1074 1076 1221 1220
f 1226 1097 1074 1220
f 1075 1097 3735 3736
f 3745 1088 1075 3736
f 1078 1079 1083 1082
f 1078 1086 1087 1079
f 1079 1080 1084 1083
f 1079 1087 1089 1080
f 1080 1081 1085 1084
f 1080 1089 1090 1081
f 1128 1085 1081 1127
f 1081 1090 1129 1127
f 1082 1083 2474 2473
f 1083 1084 2475 2474
f 1084 1085 2476 2475
f 1085 1128 2520 2476
f 1090 1091 1131 1129
f 3766 1131 1091 3748
f 1097 1226 3789 3735
f 1105 1106 1120 1122
f 1106 1107 1121 1120
f 1108 1110 1126 1123
f 1109 1111 3637 3636
f 3638 1112 1109 3636
f 1216 1126 1110 1199
f 3639 1113 1112 3638
f 3777 1204 1113 3639
f 1114 1115 3641 3640
f 3642 1116 1114 3640
f 3644 1118 1116 3642
f 1117 1119 3645 3643
f 3647 1125 1117 3643
f 3785 1212 1118 3644
f 1119 1213 3786 3645
f 1127 1129 1130 1132
f 1133 1128 1127 1132
f 1128 1133 2519 2520
f 1134 1130 1129 1131
f 1228 1132 1130 1229
f 1130 1134 1231 1229
f 3767 1134 1131 3766
f 1234 1133 1132 1228
f 1133 1234 2376 2519
f 3869 1231 1134 3767
f 1172 1136 1135 1171
f 1173 1137 1136 1172
f 1174 1138 1137 1173
f 1179 1144 1138 1174
f 1139 1140 1149 1147
f 2306 1141 1139 2305
f 1139 1147 2313 2305
f 1140 1141 1146 1143
f 1142 1150 1206 1203
f 1205 1151 1143 1202
f 1180 1145 1144 1179
f 1145 1180 1217 1200
f 2347 1202 1146 2308
f 1147 1153 2318 2313
f 1148 1152 1161 1159
f 2319 1154 1148 2314
f 1148 1159 2325 2314
f 1149 1151 1157 1153
f 1152 1154 1158 1156
f 1153 1157 2321 2318
f 1155 1165 1211 1209
f 1210 1166 1156 1208
f 1157 1205 2352 2321
f 2355 1208 1158 2322
f 1159 1163 2328 2325
f 1160 1162 1176 1175
f 2329 1164 1160 2326
f 1160 1175 2341 2326
f 1169 1163 1161 1166
f 1162 1164 1170 1168
f 1163 1169 2333 2328
f 1167 1177 1219 1215
f 1218 1178 1168 1214
f 1169 1210 2358 2333
f 2360 1214 1170 2334
f 1181 1182 1188 1187
f 1182 1183 1189 1188
f 1183 1184 1193 1189
f 1184 1185 1194 1193
f 1185 1186 1195 1194
f 1187 1188 1191 1190
f 1188 1189 1192 1191
f 1197 1192 1189 1193
f 1190 1191 2277 2275
f 1191 1192 2279 2277
f 1192 1197 2286 2279
f 1193 1194 1198 1197
f 1194 1195 1196 1198
f 2287 1198 1196 2290
f 1197 1198 2287 2286
f 1199 1200 1217 1216
f 1201 1203 3775 3774
f 2352 1205 1202 2347
f 1203 1206 3778 3775
f 3778 1206 1204 3777
f 1207 1209 3781 3780
f 2358 1210 1208 2355
f 1209 1211 3783 3781
f 1211 1212 3785 3783
f 1213 1215 3787 3786
f 2368 1218 1214 2360
f 1215 1219 3791 3787
f 1220 1221 1223 1225
f 1220 1225 1227 1226
f 1221 1222 1224 1223
f 2366 1224 1222 2364
f 1232 1225 1223 1237
f 1223 1224 1238 1237
f 2378 1238 1224 2366
f 1239 1227 1225 1232
f 1226 1227 3793 3789
f 1227 1239 3867 3793
f 1228 1229 1230 1236
f 1235 1234 1228 1236
f 1233 1230 1229 1231
f 1230 1232 1237 1236
f 1239 1232 1230 1233
f 3868 1233 1231 3869
f 3867 1239 1233 3868
f 1234 1235 2377 2376
f 1235 1236 1237 1238
f 1235 1238 2378 2377
f 1240 1242 1258 1259
f 1258 1242 1241 1260
f 1241 1243 1261 1260
f 1243 1244 1262 1261
f 1244 1245 1263 1262
f 1245 1248 1284 1263
f 1277 1251 1247 1270
f 1248 1249 1271 1284
f 1249 1250 1272 1271
f 1250 1253 1279 1272
f 1278 1252 1251 1277
f 1279 1253 1252 1278
f 1286 1255 1254 1285
f 1254 1256 1287 1285
f 1256 1257 1289 1287
f 1257 1282 1290 1289
f 1265 1259 1258 1264
f 1258 1260 1266 1264
f 1260 1261 1267 1266
f 1261 1262 1268 1267
f 1262 1263 1269 1268
f 1274 1269 1263 1284
f 1270 1273 1280 1277
f 1274 1284 1271 1275
f 1271 1272 1276 1275
f 1283 1276 1272 1279
f 1281 1278 1277 1280
f 1283 1279 1278 1281
f 1296 1290 1282 1291
f 1291 1292 1294 1296
f 1292 1293 1295 1294
f 1527 1526 1298 1528
f 1298 1299 1529 1528
f 1563 1299 1298 1562
f 1298 1526 1656 1562
f 1892 1529 1299 1796
f 1299 1563 2085 1796
f 1304 1302 1300 1301
f 1306 1304 1301 1308
f 1305 1303 1302 1304
f 1303 1305 1316 1309
f 1307 1305 1304 1306
f 1305 1307 1317 1316
f 1306 1308 1322 1321
f 1323 1307 1306 1321
f 1324 1317 1307 1323
f 1312 1310 1309 1316
f 1313 1311 1310 1312
f 1311 1313 1315 1314
f 1312 1316 1317 1318
f 1320 1313 1312 1318
f 1319 1315 1313 1320
f 1314 1315 1368 1367
f 1315 1319 1369 1368
f 1325 1318 1317 1324
f 1326 1320 1318 1325
f 1319 1320 1326 1328
f 1319 1328 1371 1369
f 1321 1322 1334 1335
f 1337 1323 1321 1335
f 1347 1324 1323 1337
f 1348 1325 1324 1347
f 1344 1326 1325 1348
f 1329 1328 1326 1344
f 1328 1329 1372 1371
f 1329 1344 1350 1346
f 1329 1346 1377 1372
f 1374 1331 1330 1373
f 2290 2284 1330 2285
f 1330 1331 2293 2285
f 1330 2284 2300 1373
f 1375 1332 1331 1374
f 1331 1332 2298 2293
f 1332 1333 1362 2298
f 1376 1333 1332 1375
f 1333 1361 1365 1362
f 1379 1361 1333 1376
f 1336 1335 1334 1339
f 1335 1336 1338 1337
f 1336 1339 1340 1341
f 1342 1338 1336 1341
f 1337 1338 1349 1347
f 1338 1342 1343 1349
f 1357 1341 1340 1356
f 1358 1342 1341 1357
f 1359 1343 1342 1358
f 1351 1349 1343 1352
f 1364 1352 1343 1359
f 1344 1348 1351 1350
f 1345 1346 1350 1353
f 1365 1361 1345 1353
f 1377 1346 1345 1378
f 1345 1361 1379 1378
f 1351 1348 1347 1349
f 1352 1353 1350 1351
f 1365 1353 1352 1364
f 1357 1356 1354 1355
f 2295 1355 1354 2294
f 1358 1357 1355 1360
f 2296 1360 1355 2295
f 1366 1359 1358 1360
f 1363 1364 1359 1366
f 2297 1366 1360 2296
f 1364 1363 1362 1365
f 2299 2298 1362 1363
f 1363 1366 2297 2299
f 1387 1384 1370 1385
f 1370 1384 1391 1390
f 1381 1382 1380 1383
f 1380 1382 1397 1396
f 1402 1383 1380 1401
f 1380 1396 1403 1401
f 1404 1382 1381 1406
f 1381 1383 1405 1407
f 1408 1397 1382 1404
f 1383 1402 1409 1405
f 1392 1391 1384 1393
f 1384 1387 1398 1393
f 1385 1386 1388 1387
f 1413 1388 1386 1412
f 1387 1388 1389 1398
f 1414 1389 1388 1413
f 1399 1398 1389 1400
f 1417 1400 1389 1414
f 1392 1394 1390 1391
f 1395 1394 1392 1393
f 1399 1395 1393 1398
f 1394 1395 1976 1975
f 1395 1399 1977 1976
f 1396 1397 1416 1415
f 1422 1403 1396 1415
f 1397 1408 1423 1416
f 1399 1400 1978 1977
f 1400 1417 1987 1978
f 1425 1402 1401 1424
f 1401 1403 1429 1424
f 1432 1409 1402 1425
f 1403 1422 1442 1429
f 1404 1406 1983 1981
f 1985 1408 1404 1981
f 1984 1407 1405 1982
f 1405 1409 1986 1982
f 1406 1407 1984 1983
f 1989 1423 1408 1985
f 1409 1432 2004 1986
f 1410 1411 1440 1439
f 1410 1451 1447 1491
f 1492 1411 1410 1491
f 1410 1439 1498 1451
f 1412 1418 1419 1413
f 1420 1414 1413 1419
f 1421 1417 1414 1420
f 3903 1987 1417 4495
f 1427 1425 1424 1426
f 1430 1426 1424 1429
f 1425 1427 1433 1432
f 1431 1428 1426 1430
f 1435 1427 1426 1428
f 1434 1433 1427 1435
f 1437 1435 1428 1436
f 1428 1431 1441 1436
f 1443 1430 1429 1442
f 1444 1431 1430 1443
f 1445 1441 1431 1444
f 1432 1433 2013 2004
f 1433 1434 2014 2013
f 1434 1435 1437 1438
f 1434 1438 2015 2014
f 2016 1437 1436 2017
f 1436 1441 2018 2017
f 2015 1438 1437 2016
f 1499 1498 1439 1546
f 1439 1440 1547 1546
f 1441 1445 2019 2018
f 1452 1449 1446 1453
f 1482 1453 1446 1483
f 1446 1449 1496 1495
f 1515 1483 1446 1495
f 1447 1451 1450 1448
f 1447 1448 1852 1855
f 1871 1491 1447 1855
f 1448 1450 1449 1452
f 1448 1452 1831 1852
f 1449 1450 1497 1496
f 1450 1451 1498 1497
f 1453 1482 1822 1831
f 1454 1455 1456 1468
f 1464 1462 1454 1468
f 1460 1456 1455 1457
f 1457 1458 1461 1460
f 1458 1459 1473 1461
f 1476 1473 1459 1474
f 1467 1463 1462 1464
f 1466 1465 1463 1467
f 1465 1466 1470 1469
f 1469 1470 1472 1471
f 1471 1472 1798 1797
f 1474 1475 1478 1476
f 1475 1477 1479 1478
f 1480 1479 1477 1493
f 1480 1493 1494 1481
f 1481 1494 1870 1809
f 1482 1483 1484 1485
f 1482 1485 1486 1822
f 1517 1484 1483 1515
f 1486 1485 1484 1487
f 1519 1490 1484 1517
f 1829 1822 1486 1487
f 1487 1489 1830 1829
f 1488 1490 1823 1828
f 1827 1489 1488 1828
f 1490 1519 1873 1823
f 1974 1492 1491 1871
f 1495 1496 1501 1502
f 1495 1502 1516 1515
f 1496 1497 1500 1501
f 1497 1498 1499 1500
f 1922 1500 1499 1934
f 1499 1546 1959 1934
f 1889 1501 1500 1922
f 1881 1516 1502 1889
f 1503 1504 1506 1505
f 1525 1504 1503 1524
f 1503 1505 1625 1623
f 1653 1524 1503 1623
f 1505 1506 1507 1508
f 1505 1508 1626 1625
f 1509 1508 1507 1510
f 1508 1509 1632 1626
f 1509 1510 1512 1511
f 1509 1511 1634 1632
f 1511 1512 1514 1513
f 1511 1513 1635 1634
f 1513 1514 1548 1549
f 1513 1549 1752 1635
f 1515 1516 1518 1517
f 1523 1518 1516 1881
f 1517 1518 1523 1522
f 1519 1520 1877 1873
f 1520 1521 1878 1877
f 1521 1522 1880 1879
f 1522 1523 1881 1880
f 1524 1526 1527 1525
f 1656 1526 1524 1653
f 1546 1547 1991 1959
f 1551 1549 1548 1550
f 1549 1551 1753 1752
f 1552 1551 1550 1553
f 1551 1552 1759 1753
f 1552 1553 1554 1555
f 1552 1555 1774 1759
f 1557 1555 1554 1556
f 1555 1557 1779 1774
f 1559 1557 1556 1558
f 1557 1559 1793 1779
f 1561 1559 1558 1560
f 1559 1561 1794 1793
f 1957 1561 1560 1951
f 2218 1794 1561 1957
f 1562 1656 1659 1668
f 1672 1563 1562 1668
f 1563 1672 2088 2085
f 1564 1565 1566 1571
f 1564 1571 4826 4824
f 1565 1567 1569 1566
f 1572 1571 1566 1573
f 1566 1569 1577 1573
f 1567 1568 1570 1569
f 2391 1570 1568 2389
f 1569 1570 1576 1577
f 2404 1576 1570 2391
f 1571 1572 4825 4826
f 1572 1573 1574 1575
f 1572 1575 4822 4825
f 1578 1574 1573 1577
f 4822 1575 1574 4823
f 1574 1578 4833 4823
f 1578 1577 1576 1579
f 2407 1579 1576 2404
f 1578 1579 4834 4833
f 1579 2407 5089 4834
f 1581 1585 1580 2408
f 2468 2408 1580 2464
f 1580 1763 2514 2464
f 1582 1585 1581 1592
f 1593 1592 1581 1594
f 1581 2408 2412 1594
f 1582 1592 1586 1583
f 1589 1584 1583 1586
f 1584 1589 1603 1601
f 1586 1587 1590 1589
f 1586 1592 1593 1587
f 1587 1588 1591 1590
f 1596 1588 1587 1593
f 1588 1596 1598 1599
f 1600 1591 1588 1599
f 1589 1590 1604 1603
f 1590 1591 1608 1604
f 1591 1600 1615 1608
f 1593 1594 1595 1596
f 2413 1595 1594 2412
f 1598 1596 1595 1597
f 2414 1597 1595 2413
f 1618 1598 1597 1619
f 2434 1619 1597 2414
f 1616 1599 1598 1618
f 1615 1600 1599 1616
f 1605 1602 1601 1603
f 1602 1605 1764 1761
f 1603 1604 1607 1605
f 1606 1607 1604 1608
f 1605 1607 1765 1764
f 1606 1608 1615 1616
f 1606 1616 1618 1617
f 1765 1607 1606 1617
f 1612 1610 1609 1611
f 2420 1611 1609 2419
f 1610 1612 1614 1613
f 1621 1612 1611 1620
f 2445 1620 1611 2420
f 1622 1614 1612 1621
f 1613 1614 2432 2430
f 1614 1622 2453 2432
f 1617 1618 1619 1767
f 1766 1765 1617 1767
f 2503 1767 1619 2434
f 1627 1624 1623 1625
f 1623 1624 1654 1653
f 1624 1627 1631 1663
f 1655 1654 1624 1663
f 1625 1626 1628 1627
f 1633 1628 1626 1632
f 1627 1628 1643 1631
f 1628 1633 1638 1643
f 1629 1630 1640 1639
f 1662 1630 1629 1661
f 1629 1639 1676 1687
f 1688 1661 1629 1687
f 1630 1631 1643 1640
f 1663 1631 1630 1662
f 1636 1633 1632 1634
f 1633 1636 1646 1638
f 1634 1635 1637 1636
f 1754 1637 1635 1752
f 1636 1637 1647 1646
f 1652 1647 1637 1754
f 1640 1643 1638 1642
f 1645 1642 1638 1646
f 1639 1640 1642 1641
f 1639 1641 1677 1676
f 1641 1642 1645 1644
f 1641 1644 1680 1677
f 1644 1645 1649 1648
f 1644 1648 1681 1680
f 1645 1646 1647 1649
f 1651 1649 1647 1652
f 1648 1649 1651 1650
f 1648 1650 1682 1681
f 1718 1682 1650 1756
f 1650 1651 1757 1756
f 1651 1652 1758 1757
f 1652 1754 1755 1758
f 1653 1654 1659 1656
f 1654 1655 1660 1659
f 1658 1660 1655 1665
f 1655 1663 1662 1665
f 1657 1658 1665 1664
f 1667 1658 1657 1666
f 1674 1666 1657 1692
f 1657 1664 1691 1692
f 1669 1660 1658 1667
f 1669 1668 1659 1660
f 1665 1662 1661 1664
f 1691 1664 1661 1688
f 1671 1667 1666 1670
f 1675 1670 1666 1674
f 1673 1669 1667 1671
f 1668 1669 1673 1672
f 2087 1671 1670 2086
f 1670 1675 2094 2086
f 2089 1673 1671 2087
f 1672 1673 2089 2088
f 1674 1692 1694 1700
f 1701 1675 1674 1700
f 1675 1701 2108 2094
f 1676 1677 1679 1678
f 1689 1687 1676 1678
f 1683 1679 1677 1680
f 1698 1689 1678 1697
f 1678 1679 1699 1697
f 1679 1683 1686 1699
f 1680 1681 1684 1683
f 1681 1682 1685 1684
f 1720 1685 1682 1718
f 1683 1684 1726 1686
f 1684 1685 1727 1726
f 1685 1720 1728 1727
f 1690 1688 1687 1689
f 1688 1690 1693 1691
f 1695 1690 1689 1698
f 1696 1693 1690 1695
f 1694 1692 1691 1693
f 1706 1694 1693 1696
f 1707 1700 1694 1706
f 1708 1701 1700 1707
f 1701 1708 2116 2108
f 1702 1704 1711 1709
f 1714 1705 1702 1709
f 1711 1704 1703 1710
f 1736 1710 1703 1731
f 1705 1714 2120 2113
f 1709 1711 1713 1716
f 1715 1714 1709 1716
f 1713 1711 1710 1712
f 1740 1712 1710 1736
f 1714 1715 1717 2120
f 2121 2120 1717 2123
f 1718 1719 1721 1720
f 1718 1756 1769 1719
f 1724 1721 1719 1722
f 1772 1722 1719 1769
f 1720 1721 1729 1728
f 1721 1724 1730 1729
f 1722 1723 1725 1724
f 1777 1723 1722 1772
f 1783 1725 1723 1782
f 1723 1777 1786 1782
f 1724 1725 1749 1730
f 1750 1749 1725 1783
f 1731 1732 1737 1736
f 1732 1733 1738 1737
f 1733 1734 1739 1738
f 1734 1735 1744 1739
f 2146 1744 1735 2138
f 1736 1737 1741 1740
f 1737 1738 1742 1741
f 1738 1739 1746 1742
f 1739 1744 1747 1746
f 1748 1747 1744 2146
f 1748 2146 2147 2148
f 1750 1783 1785 1751
f 1751 1785 2196 2151
f 1752 1753 1755 1754
f 1760 1755 1753 1759
f 1771 1758 1755 1760
f 1756 1757 1770 1769
f 1757 1758 1771 1770
f 1775 1760 1759 1774
f 1776 1771 1760 1775
f 1768 1762 1761 1764
f 2501 1763 1762 1768
f 1763 2501 2516 2514
f 1764 1765 1766 1768
f 2501 1768 1766 2502
f 1766 1767 2503 2502
f 1769 1770 1773 1772
f 1770 1771 1776 1773
f 1772 1773 1778 1777
f 1773 1776 1780 1778
f 1781 1775 1774 1779
f 1780 1776 1775 1781
f 1777 1778 1787 1786
f 1778 1780 1788 1787
f 1789 1781 1779 1793
f 1780 1781 1789 1788
f 1785 1783 1782 1784
f 1790 1784 1782 1786
f 2196 1785 1784 2195
f 1784 1790 2197 2195
f 1786 1787 1791 1790
f 1787 1788 1792 1791
f 1788 1789 1795 1792
f 1789 1793 1794 1795
f 1790 1791 2198 2197
f 1791 1792 2199 2198
f 1792 1795 2200 2199
f 2200 1795 1794 2218
f 1894 1892 1796 1893
f 2095 1893 1796 2085
f 1797 1798 1799 1800
f 1802 1800 1799 1801
f 1803 1802 1801 1804
f 1803 1804 1805 1807
f 1808 1807 1805 1806
f 1817 1808 1806 1814
f 1809 1870 1811 1810
f 1810 1811 1812 1813
f 1821 1813 1812 1820
f 1818 1817 1814 1815
f 1819 1818 1815 1816
f 1820 1819 1816 1821
f 1839 1831 1822 1829
f 1826 1828 1823 1825
f 1874 1825 1823 1873
f 1824 1827 1828 1826
f 1824 1826 1833 1832
f 1833 1826 1825 1834
f 1882 1834 1825 1874
f 1829 1830 1840 1839
f 1830 1832 1835 1840
f 1853 1852 1831 1839
f 1832 1833 1837 1835
f 1833 1834 1838 1837
f 1883 1838 1834 1882
f 1841 1836 1835 1837
f 1836 1841 1845 1843
f 1837 1838 1842 1841
f 1911 1842 1838 1883
f 1839 1840 1854 1853
f 1841 1842 1846 1845
f 1913 1846 1842 1911
f 1847 1844 1843 1845
f 1844 1847 1850 1849
f 1845 1846 1848 1847
f 1914 1848 1846 1913
f 1847 1848 1851 1850
f 1919 1851 1848 1914
f 1849 1850 1858 1856
f 1850 1851 1859 1858
f 1925 1859 1851 1919
f 1862 1855 1852 1853
f 1853 1854 1863 1862
f 1855 1862 1866 1871
f 1860 1857 1856 1858
f 1857 1860 1867 1864
f 1858 1859 1861 1860
f 1926 1861 1859 1925
f 1860 1861 1868 1867
f 1927 1868 1861 1926
f 1862 1863 1865 1866
f 1869 1865 1864 1867
f 1974 1871 1866 1979
f 1867 1868 1872 1869
f 1958 1872 1868 1927
f 1872 1958 1990 1979
f 1875 1874 1873 1877
f 1874 1875 1884 1882
f 1875 1877 1878 1876
f 1875 1876 1885 1884
f 1887 1885 1879 1890
f 1879 1880 1891 1890
f 1880 1881 1889 1891
f 1886 1883 1882 1884
f 1883 1886 1912 1911
f 1884 1885 1887 1886
f 1886 1887 1888 1912
f 1917 1912 1888 1916
f 1889 1922 1924 1891
f 1918 1916 1890 1923
f 1890 1891 1924 1923
f 1896 1894 1893 1895
f 2097 1895 1893 2095
f 1897 1896 1895 1940
f 2169 1940 1895 2097
f 1897 1940 1942 1941
f 1911 1912 1917 1913
f 1915 1914 1913 1917
f 1914 1915 1921 1919
f 1915 1917 1916 1918
f 1915 1918 1920 1921
f 1919 1921 1929 1925
f 1929 1921 1920 1928
f 1920 1923 1932 1928
f 1922 1934 1933 1924
f 1923 1924 1933 1932
f 1931 1926 1925 1929
f 1936 1927 1926 1931
f 1927 1936 1938 1958
f 1931 1929 1928 1930
f 1936 1931 1930 1935
f 1932 1933 1939 1937
f 1933 1934 1959 1939
f 1938 1936 1935 1937
f 1939 1959 1991 1990
f 2170 1942 1940 2169
f 1941 1942 1944 1943
f 2172 1944 1942 2170
f 1943 1944 1946 1945
f 2180 1946 1944 2172
f 1945 1946 1948 1947
f 2191 1948 1946 2180
f 1947 1948 1950 1949
f 2192 1950 1948 2191
f 1949 1950 1963 1962
f 2221 1963 1950 2192
f 1951 1952 1953 1957
f 1956 1953 1952 1954
f 1953 1956 2215 2213
f 2218 1957 1953 2213
f 1954 1955 1964 1956
f 1955 1960 1961 1964
f 1956 1964 2223 2215
f 1960 1962 1963 1961
f 1961 1963 2221 2219
f 2223 1964 1961 2219
f 1965 1980 1992 1994
f 1995 1966 1965 1994
f 2005 1967 1966 1995
f 2006 1968 1967 2005
f 1968 1970 2003 2008
f 2038 1973 1968 2006
f 2040 1971 1968 2008
f 1971 2040 3971 3882
f 1972 1973 2038 2037
f 1997 1994 1992 1993
f 1993 1996 2000 1997
f 1998 1995 1994 1997
f 1995 1998 2007 2005
f 2001 2000 1996 2002
f 1999 1998 1997 2000
f 1998 1999 2021 2007
f 1999 2000 2001 2020
f 1999 2020 2025 2021
f 2001 2002 2030 2031
f 2032 2020 2001 2031
f 2022 2008 2003 2010
f 2009 2006 2005 2007
f 2006 2009 2041 2038
f 2023 2009 2007 2021
f 2008 2022 2045 2040
f 2009 2023 2043 2041
f 2010 2011 2024 2022
f 2011 2012 2028 2024
f 2012 2027 2029 2028
f 2033 2025 2020 2032
f 2026 2023 2021 2025
f 2022 2024 2046 2045
f 2023 2026 2047 2043
f 2024 2028 2048 2046
f 2034 2026 2025 2033
f 2026 2034 2083 2047
f 2036 2029 2027 2035
f 2028 2029 2049 2048
f 2029 2036 2084 2049
f 2037 2038 2041 2039
f 2039 2041 2043 2042
f 2040 2045 3972 3971
f 2042 2043 2047 2044
f 2044 2047 2083 2082
f 2045 2046 3973 3972
f 2046 2048 3975 3973
f 2048 2049 3976 3975
f 2049 2084 3992 3976
f 2054 2053 2050 2064
f 2055 2052 2050 2053
f 2051 2052 2055 2057
f 2051 2057 3910 3907
f 2056 2055 2053 2060
f 2053 2054 2059 2060
f 2054 2064 2065 2069
f 2071 2059 2054 2069
f 2058 2057 2055 2056
f 2056 2060 2063 2062
f 2080 2058 2056 2062
f 2057 2058 3911 3910
f 2058 2080 3913 3911
f 2063 2060 2059 2061
f 2072 2061 2059 2071
f 3915 2063 2061 3916
f 2061 2072 3929 3916
f 3913 2080 2062 3914
f 2062 2063 3915 3914
f 2070 2069 2065 2066
f 2066 2067 2076 2070
f 2067 2068 2078 2076
f 3933 2078 2068 3923
f 2069 2070 2073 2071
f 2077 2073 2070 2076
f 2074 2072 2071 2073
f 2072 2074 3931 3929
f 2075 2074 2073 2077
f 2074 2075 3932 3931
f 2075 2077 2079 2081
f 2075 2081 3930 3932
f 2079 2077 2076 2078
f 3934 2079 2078 3933
f 3930 2081 2079 3934
f 2085 2088 2092 2095
f 2091 2087 2086 2090
f 2109 2090 2086 2094
f 2093 2089 2087 2091
f 2088 2089 2093 2092
f 2101 2091 2090 2100
f 2110 2100 2090 2109
f 2096 2093 2091 2101
f 2092 2093 2096 2098
f 2097 2095 2092 2098
f 2094 2108 2111 2109
f 2099 2098 2096 2106
f 2096 2101 2103 2106
f 2097 2098 2099 2169
f 2099 2106 2107 2171
f 2170 2169 2099 2171
f 2103 2101 2100 2102
f 2125 2102 2100 2110
f 2105 2103 2102 2104
f 2126 2104 2102 2125
f 2107 2106 2103 2105
f 2104 2126 2129 2174
f 2175 2105 2104 2174
f 2178 2107 2105 2175
f 2173 2171 2107 2178
f 2108 2116 2117 2111
f 2112 2110 2109 2111
f 2110 2112 2127 2125
f 2111 2117 2118 2112
f 2112 2118 2119 2127
f 2121 2114 2113 2120
f 2122 2115 2114 2121
f 2115 2122 2144 2136
f 2128 2127 2119 2133
f 2121 2123 2124 2122
f 2122 2124 2149 2144
f 2128 2126 2125 2127
f 2126 2128 2131 2129
f 2128 2133 2134 2131
f 2132 2130 2129 2131
f 2176 2174 2129 2130
f 2130 2132 2158 2155
f 2130 2155 2182 2176
f 2131 2134 2135 2132
f 2132 2135 2165 2158
f 2145 2137 2136 2144
f 2147 2139 2137 2145
f 2138 2139 2147 2146
f 2140 2141 2143 2142
f 2196 2195 2140 2142
f 2140 2195 2197 2201
f 2205 2141 2140 2201
f 2163 2143 2141 2162
f 2209 2162 2141 2205
f 2142 2152 2151 2196
f 2153 2152 2142 2143
f 2154 2153 2143 2163
f 2144 2149 2150 2145
f 2145 2150 2148 2147
f 2154 2163 2164 2168
f 2159 2156 2155 2158
f 2155 2156 2183 2182
f 2160 2157 2156 2159
f 2156 2157 2186 2183
f 2157 2160 2164 2161
f 2157 2161 2207 2186
f 2158 2165 2166 2159
f 2159 2166 2167 2160
f 2160 2167 2168 2164
f 2163 2162 2161 2164
f 2161 2162 2209 2207
f 2170 2171 2173 2172
f 2172 2173 2181 2180
f 2173 2178 2179 2181
f 2177 2175 2174 2176
f 2175 2177 2179 2178
f 2184 2177 2176 2182
f 2188 2179 2177 2184
f 2193 2181 2179 2188
f 2180 2181 2193 2191
f 2182 2183 2185 2184
f 2187 2185 2183 2186
f 2184 2185 2190 2188
f 2185 2187 2189 2190
f 2208 2187 2186 2207
f 2211 2189 2187 2208
f 2188 2190 2194 2193
f 2194 2190 2189 2222
f 2189 2211 2220 2222
f 2194 2192 2191 2193
f 2222 2221 2192 2194
f 2197 2198 2202 2201
f 2198 2199 2203 2202
f 2199 2200 2204 2203
f 2200 2218 2213 2204
f 2201 2202 2206 2205
f 2202 2203 2214 2206
f 2203 2204 2216 2214
f 2204 2213 2215 2216
f 2205 2206 2210 2209
f 2212 2210 2206 2214
f 2210 2208 2207 2209
f 2208 2210 2212 2211
f 2211 2212 2217 2220
f 2212 2214 2216 2217
f 2217 2216 2215 2223
f 2219 2220 2217 2223
f 2219 2221 2222 2220
f 2224 2225 2228 2227
f 2224 2227 2232 2230
f 2225 2226 2527 2228
f 2573 2527 2226 2572
f 2226 2270 2581 2572
f 2227 2228 2229 2238
f 2233 2232 2227 2238
f 2528 2229 2228 2527
f 2240 2238 2229 2239
f 2529 2239 2229 2528
f 2235 2231 2230 2232
f 2231 2235 2249 2247
f 2232 2233 2236 2235
f 2233 2234 2237 2236
f 2233 2238 2240 2234
f 2234 2240 2243 2242
f 2244 2237 2234 2242
f 2235 2236 2250 2249
f 2236 2237 2251 2250
f 2237 2244 2255 2251
f 2243 2240 2239 2241
f 2530 2241 2239 2529
f 2262 2243 2241 2264
f 2554 2264 2241 2530
f 2255 2244 2242 2261
f 2242 2243 2262 2261
f 2245 2246 2257 2256
f 2535 2246 2245 2532
f 2266 2257 2246 2265
f 2558 2265 2246 2535
f 2253 2248 2247 2249
f 2248 2253 2271 2268
f 2249 2250 2254 2253
f 2250 2251 2252 2254
f 2261 2252 2251 2255
f 2260 2254 2252 2263
f 2252 2261 2262 2263
f 2253 2254 2260 2271
f 2256 2257 2259 2258
f 2267 2259 2257 2266
f 2258 2259 2544 2543
f 2259 2267 2565 2544
f 2272 2271 2260 2273
f 2260 2263 2274 2273
f 2262 2264 2274 2263
f 2580 2274 2264 2554
f 2272 2269 2268 2271
f 2578 2270 2269 2272
f 2270 2578 2582 2581
f 2272 2273 2579 2578
f 2273 2274 2580 2579
f 2278 2276 2275 2277
f 2276 2278 2282 2281
f 2280 2278 2277 2279
f 2278 2280 2283 2282
f 2288 2280 2279 2286
f 2291 2283 2280 2288
f 2295 2294 2281 2282
f 2296 2295 2282 2283
f 2297 2296 2283 2291
f 2287 2290 2285 2289
f 2292 2289 2285 2293
f 2286 2287 2289 2288
f 2288 2289 2292 2291
f 2299 2297 2291 2292
f 2292 2293 2298 2299
f 2301 2302 2338 2337
f 2339 2303 2301 2337
f 2302 2309 2343 2338
f 2340 2304 2303 2339
f 2304 2340 2460 2396
f 2315 2307 2305 2313
f 2306 2307 2311 2308
f 2309 2310 2344 2343
f 2370 2344 2310 2349
f 2352 2347 2311 2316
f 2353 2317 2312 2348
f 2498 2351 2312 2409
f 2327 2320 2314 2325
f 2315 2318 2321 2316
f 2317 2354 2504 2442
f 2319 2320 2323 2322
f 2358 2355 2323 2331
f 2359 2332 2324 2356
f 2506 2357 2324 2443
f 2342 2330 2326 2341
f 2327 2328 2333 2331
f 2329 2330 2335 2334
f 2332 2362 2509 2458
f 2368 2360 2335 2345
f 2369 2346 2336 2361
f 2510 2363 2336 2459
f 2348 2351 4910 4909
f 4912 2353 2348 4909
f 2349 2350 2371 2370
f 2512 2371 2350 2497
f 4913 2354 2353 4912
f 5024 2504 2354 4913
f 2356 2357 4916 4915
f 4918 2359 2356 4915
f 4921 2362 2359 4918
f 2361 2363 4922 4920
f 4930 2369 2361 4920
f 5029 2509 2362 4921
f 2363 2510 5030 4922
f 2364 2365 2367 2366
f 2364 2465 2469 2365
f 2373 2367 2365 2372
f 2470 2372 2365 2469
f 2366 2367 2379 2378
f 2367 2373 2384 2379
f 2375 2373 2372 2374
f 2491 2374 2372 2470
f 2373 2375 2387 2384
f 4931 2375 2374 4927
f 2374 2491 5127 4927
f 5013 2387 2375 4931
f 2376 2377 2381 2380
f 2522 2519 2376 2380
f 2377 2378 2379 2381
f 2382 2381 2379 2384
f 2380 2381 2382 2383
f 2380 2383 2523 2522
f 2386 2383 2382 2385
f 2382 2384 2387 2385
f 2383 2386 2526 2523
f 2385 2387 5013 5014
f 5017 2386 2385 5014
f 5153 2526 2386 5017
f 2394 2393 2388 2395
f 5079 2395 2388 5073
f 2389 2390 2392 2391
f 2394 2392 2390 2393
f 2391 2392 2405 2404
f 2392 2394 2399 2405
f 2394 2395 2397 2399
f 5078 2397 2395 5079
f 2461 2398 2396 2460
f 2402 2399 2397 2403
f 5070 2403 2397 5078
f 2462 2400 2398 2461
f 2406 2405 2399 2402
f 2463 2401 2400 2462
f 2487 2410 2401 2463
f 2402 2403 5070 5072
f 5085 2406 2402 5072
f 2404 2405 2406 2407
f 5089 2407 2406 5085
f 2489 2412 2408 2468
f 2409 2442 2505 2500
f 2488 2411 2410 2487
f 2411 2488 2513 2499
f 2493 2413 2412 2489
f 2490 2414 2413 2493
f 2492 2434 2414 2490
f 2415 2416 2418 2417
f 2420 2419 2415 2417
f 2422 2418 2416 2421
f 2417 2418 2444 2446
f 2445 2420 2417 2446
f 2418 2422 2447 2444
f 2424 2422 2421 2423
f 2422 2424 2448 2447
f 2427 2424 2423 2425
f 2424 2427 2450 2448
f 2425 2426 2441 2427
f 2426 2428 2429 2441
f 2427 2441 2451 2450
f 2440 2429 2428 2438
f 2451 2441 2429 2452
f 2429 2440 2457 2452
f 2433 2431 2430 2432
f 2431 2433 2436 2435
f 2454 2433 2432 2453
f 2455 2436 2433 2454
f 2434 2492 2518 2503
f 2435 2436 2439 2437
f 2456 2439 2436 2455
f 2440 2438 2437 2439
f 2457 2440 2439 2456
f 2443 2458 2508 2507
f 2459 2486 2515 2511
f 2465 2466 2467 2469
f 2477 2467 2466 2473
f 2470 2469 2467 2471
f 2481 2471 2467 2477
f 2470 2471 2472 2491
f 2495 2472 2471 2481
f 5127 2491 2472 5128
f 2472 2495 5149 5128
f 2473 2474 2478 2477
f 2474 2475 2479 2478
f 2475 2476 2480 2479
f 2521 2480 2476 2520
f 2477 2478 2482 2481
f 2478 2479 2483 2482
f 2479 2480 2484 2483
f 2524 2484 2480 2521
f 2481 2482 2494 2495
f 2482 2483 2496 2494
f 2483 2484 2485 2496
f 2525 2485 2484 2524
f 5151 2496 2485 5136
f 2485 2525 5154 5136
f 5149 2495 2494 5150
f 2494 2496 5151 5150
f 2497 2499 2513 2512
f 2498 2500 5022 5021
f 2500 2505 5025 5022
f 2501 2502 2517 2516
f 2502 2503 2518 2517
f 5025 2505 2504 5024
f 2506 2507 5027 5026
f 2507 2508 5028 5027
f 2508 2509 5029 5028
f 2510 2511 5031 5030
f 2511 2515 5033 5031
f 2521 2520 2519 2522
f 2521 2522 2523 2524
f 2525 2524 2523 2526
f 2525 2526 5153 5154
f 2574 2528 2527 2573
f 2575 2529 2528 2574
f 2576 2530 2529 2575
f 2577 2554 2530 2576
f 2535 2532 2531 2534
f 2531 2533 2536 2534
f 2539 2536 2533 2537
f 2558 2535 2534 2560
f 2534 2536 2559 2560
f 2536 2539 2561 2559
f 2537 2538 2540 2539
f 2542 2540 2538 2541
f 2539 2540 2562 2561
f 2540 2542 2563 2562
f 2557 2542 2541 2545
f 2542 2557 2566 2563
f 2543 2544 2552 2550
f 2569 2552 2544 2565
f 2545 2546 2548 2557
f 2546 2547 2549 2548
f 2556 2549 2547 2555
f 2566 2557 2548 2567
f 2548 2549 2568 2567
f 2549 2556 2571 2568
f 2553 2551 2550 2552
f 2556 2555 2551 2553
f 2570 2553 2552 2569
f 2571 2556 2553 2570
f 2554 2577 2583 2580
f 2578 2579 2584 2582
f 2579 2580 2583 2584
f 2615 2617 2585 2620
f 2585 2617 2919 2752
f 3051 2620 2585 3049
f 2585 2752 3306 3049
f 2586 2701 2694 3577
f 2586 3577 3578 3579
f 3634 2728 2586 3579
f 2588 2589 2587 2590
f 2587 2589 2591 2592
f 2870 2590 2587 2869
f 2587 2592 2873 2869
f 2588 2590 2603 2602
f 2588 2602 2610 2607
f 2624 2589 2588 2607
f 2593 2591 2589 2624
f 2915 2603 2590 2870
f 2596 2592 2591 2594
f 2591 2593 2598 2594
f 2592 2596 2875 2873
f 2600 2598 2593 2627
f 2593 2624 2625 2627
f 2594 2595 2597 2596
f 2599 2595 2594 2598
f 2595 2599 2629 2679
f 2678 2597 2595 2679
f 2596 2597 2877 2875
f 2597 2678 2955 2877
f 2630 2599 2598 2600
f 2632 2629 2599 2630
f 2600 2627 2628 2601
f 2600 2601 2631 2630
f 2601 2628 2641 2658
f 2659 2631 2601 2658
f 2602 2604 2605 2610
f 2602 2603 2606 2604
f 2917 2606 2603 2915
f 2616 2605 2604 2615
f 2604 2606 2617 2615
f 2611 2610 2605 2613
f 2618 2613 2605 2616
f 2919 2617 2606 2917
f 2611 2608 2607 2610
f 2607 2608 2625 2624
f 2612 2609 2608 2611
f 2608 2609 2626 2625
f 2640 2626 2609 2637
f 2609 2612 2649 2637
f 2611 2613 2614 2612
f 2612 2614 2648 2649
f 2619 2614 2613 2618
f 2614 2619 2651 2648
f 2615 2620 2621 2616
f 2622 2618 2616 2621
f 2623 2619 2618 2622
f 2619 2623 3059 2651
f 3052 2621 2620 3051
f 3053 2622 2621 3052
f 3054 2623 2622 3053
f 2623 3054 3060 3059
f 2628 2627 2625 2626
f 2641 2628 2626 2640
f 2680 2679 2629 2729
f 2629 2632 2730 2729
f 2630 2631 2633 2632
f 2660 2633 2631 2659
f 2632 2633 2731 2730
f 2633 2660 2662 2731
f 2634 2638 2636 2645
f 2634 2635 2639 2638
f 2655 2639 2635 2652
f 2640 2637 2636 2638
f 2642 2645 2636 2647
f 2636 2637 2649 2647
f 2641 2640 2638 2639
f 2658 2641 2639 2655
f 2642 2647 2646 2644
f 2643 2644 2646 2650
f 2643 2650 3086 3073
f 2646 2647 2649 2648
f 2646 2648 2651 2650
f 2650 2651 3059 3086
f 2652 2653 2656 2655
f 2653 2654 2657 2656
f 2661 2657 2654 2664
f 2659 2658 2655 2656
f 2660 2659 2656 2657
f 2662 2660 2657 2661
f 2661 2664 2665 2669
f 2671 2662 2661 2669
f 2734 2731 2662 2671
f 2663 3081 3077 3107
f 2663 2668 3090 3081
f 2663 3107 3108 3111
f 3123 2668 2663 3111
f 2670 2669 2665 2666
f 2666 2667 2673 2670
f 3201 2673 2667 3120
f 2669 2670 2672 2671
f 2674 2672 2670 2673
f 2671 2672 2736 2734
f 2672 2674 2745 2736
f 3202 2674 2673 3201
f 2750 2745 2674 3202
f 2709 2676 2675 2708
f 3599 2708 2675 3580
f 2710 2677 2676 2709
f 2677 2710 3612 3589
f 2678 2679 2680 2681
f 2678 2681 2957 2955
f 2680 2729 2732 2737
f 2738 2681 2680 2737
f 2681 2738 2962 2957
f 2682 2683 2686 2684
f 2682 2684 2687 2685
f 2693 2683 2682 2690
f 2682 2685 2695 2690
f 2683 2693 2698 2699
f 2700 2686 2683 2699
f 2703 2687 2684 2702
f 2684 2686 2704 2702
f 2688 2695 2685 2696
f 2685 2687 2697 2696
f 2686 2700 2718 2704
f 2714 2697 2687 2703
f 2692 2695 2688 2689
f 2688 2696 2715 2716
f 2717 2689 2688 2716
f 3595 2692 2689 3596
f 2689 2717 3623 3596
f 2690 2695 2692 2691
f 2690 2691 2694 2693
f 2691 3594 3577 2694
f 2691 2692 3595 3594
f 2701 2698 2693 2694
f 2696 2697 2714 2715
f 2705 2703 2702 2706
f 2702 2704 2707 2706
f 2703 2705 2715 2714
f 2719 2707 2704 2718
f 2716 2715 2705 2720
f 2705 2706 2721 2720
f 2706 2707 2723 2721
f 2707 2719 2726 2723
f 2712 2709 2708 2711
f 3604 2711 2708 3599
f 2713 2710 2709 2712
f 2710 2713 3617 3612
f 2722 2717 2716 2720
f 2717 2722 3624 3623
f 2720 2721 2724 2722
f 2721 2723 2725 2724
f 2722 2724 3625 3624
f 2727 2725 2723 2726
f 2724 2725 3626 3625
f 2728 3626 2725 2727
f 3631 3626 2728 3634
f 2729 2730 2733 2732
f 2730 2731 2734 2733
f 2732 2733 2735 2740
f 2739 2737 2732 2740
f 2733 2734 2736 2735
f 2742 2740 2735 2744
f 2735 2736 2745 2744
f 2741 2738 2737 2739
f 2738 2741 2965 2962
f 2739 2740 2742 2743
f 2746 2741 2739 2743
f 2741 2746 2966 2965
f 2748 2743 2742 2747
f 2742 2744 2749 2747
f 2751 2746 2743 2748
f 2744 2745 2750 2749
f 2746 2751 2969 2966
f 2747 2749 3208 3207
f 3225 2748 2747 3207
f 3226 2751 2748 3225
f 2749 2750 3209 3208
f 2750 3202 3204 3209
f 3372 2969 2751 3226
f 2752 2919 2920 2921
f 2752 2921 3308 3306
f 2761 2756 2753 2760
f 2769 2760 2753 2765
f 2754 2755 2759 2757
f 2755 2756 2761 2759
f 2779 2758 2757 2759
f 2783 2777 2758 2779
f 2759 2761 2780 2779
f 2760 2769 2772 2778
f 2780 2761 2760 2778
f 2767 2764 2762 2766
f 2763 2764 2767 2770
f 2769 2765 2763 2770
f 2773 2767 2766 2768
f 2771 2770 2767 2773
f 2775 2773 2768 2774
f 2769 2770 2771 2772
f 2771 2773 2775 2776
f 2784 2772 2771 2776
f 2781 2778 2772 2784
f 2782 2780 2778 2781
f 2779 2780 2782 2783
f 2785 2787 2811 2802
f 2786 2788 2809 2808
f 2811 2787 2786 2808
f 2812 2809 2788 2820
f 2789 2790 2793 2794
f 2789 2794 2801 2800
f 2790 2791 2795 2793
f 2791 2792 2796 2795
f 2816 2796 2792 2810
f 2793 2795 2815 2814
f 2817 2794 2793 2814
f 2804 2801 2794 2817
f 2795 2796 2818 2815
f 2796 2816 2821 2818
f 2799 2798 2797 2822
f 2797 2808 2809 2813
f 2811 2808 2797 2798
f 2797 2813 2823 2822
f 2802 2811 2798 2803
f 2798 2799 2805 2803
f 2806 2805 2799 2827
f 2799 2822 2826 2827
f 2806 2827 2835 2807
f 2809 2812 2819 2813
f 2847 2816 2810 2844
f 2812 2820 2846 2845
f 2848 2819 2812 2845
f 2813 2819 2824 2823
f 2850 2821 2816 2847
f 2851 2824 2819 2848
f 2822 2823 2825 2826
f 2823 2824 2828 2825
f 2852 2828 2824 2851
f 2829 2826 2825 2836
f 2825 2828 2837 2836
f 2835 2827 2826 2829
f 2858 2837 2828 2852
f 2830 2831 3441 3443
f 3452 2839 2830 3443
f 2831 2832 3440 3441
f 2832 2833 3442 3440
f 2833 2834 3446 3442
f 2834 2838 3449 3446
f 2838 2853 3464 3449
f 3456 2843 2839 3452
f 2840 2842 2897 2959
f 2960 2841 2840 2959
f 2841 2960 3434 3436
f 2900 2897 2842 2961
f 2842 2860 3047 2961
f 3885 2847 2844 3882
f 2845 2846 3880 3881
f 3885 2848 2845 3881
f 2847 2849 3883 3885
f 3886 2851 2848 3885
f 3887 2852 2851 3886
f 3888 2858 2852 3887
f 2853 2854 3468 3464
f 2854 2855 3469 3468
f 2855 2856 3470 3469
f 2856 2857 3473 3470
f 2857 2859 3476 3473
f 3901 2867 2858 3888
f 2859 2866 3492 3476
f 2860 2861 3048 2999
f 3462 3048 2861 3463
f 3480 2863 2862 3477
f 2862 2865 3482 3477
f 3481 2864 2863 3480
f 3495 2868 2864 3481
f 4470 3482 2865 3896
f 2871 2870 2869 2872
f 2874 2872 2869 2873
f 2870 2871 2916 2915
f 2876 2874 2873 2875
f 2878 2876 2875 2877
f 2956 2878 2877 2955
f 2879 2881 2883 2882
f 2879 2880 2887 2881
f 2879 2882 2892 2891
f 2907 2880 2879 2891
f 2973 2887 2880 2970
f 2880 2907 2986 2970
f 2885 2883 2881 2884
f 2888 2884 2881 2887
f 2882 2883 2939 2913
f 2884 2888 2886 2933
f 2934 2885 2884 2933
f 2935 2933 2886 2943
f 2886 2888 2979 2972
f 3007 2943 2886 2972
f 2979 2888 2887 2973
f 2889 2891 2892 2893
f 2894 2890 2889 2893
f 2889 2890 2906 2905
f 2907 2891 2889 2905
f 2890 2894 2896 2895
f 2890 2895 2908 2906
f 2904 2893 2892 2913
f 2895 2896 2898 2899
f 2895 2899 2909 2908
f 2902 2959 2897 2903
f 2897 2901 2904 2903
f 2900 2899 2898 2901
f 2899 2900 2961 2909
f 2902 2910 2911 2914
f 2902 2903 2912 2910
f 2960 2959 2902 2914
f 2903 2904 2913 2912
f 2905 2906 2983 2982
f 2986 2907 2905 2982
f 2906 2908 2991 2983
f 2908 2909 2993 2991
f 2909 2961 3047 2993
f 2941 2911 2910 2940
f 2910 2912 2942 2940
f 2911 2941 3359 3364
f 3365 2914 2911 3364
f 2912 2913 2939 2942
f 3434 2960 2914 3365
f 2915 2916 2918 2917
f 2917 2918 2920 2919
f 4133 2926 2922 4129
f 2922 2927 4134 4129
f 4132 2925 2923 4130
f 2923 2926 4133 4130
f 2924 2925 4132 4131
f 4390 3313 2924 4131
f 2927 2928 4135 4134
f 2928 2929 4136 4135
f 2929 2930 4137 4136
f 2930 2931 4138 4137
f 2931 2932 4139 4138
f 2932 3320 4397 4139
f 2936 2934 2933 2935
f 2938 2936 2935 2937
f 2935 2943 2944 2937
f 2951 2939 2936 2938
f 2945 2938 2937 2946
f 2937 2944 2953 2946
f 2950 2942 2939 2951
f 2949 2941 2940 2948
f 2940 2942 2950 2948
f 2941 2949 3354 3358
f 3010 2944 2943 3007
f 3017 2953 2944 3010
f 2945 2946 2947 2952
f 2954 2947 2946 2953
f 3334 2952 2947 3335
f 2947 2954 3336 3335
f 3332 2949 2948 3331
f 2948 2950 3333 3331
f 2949 3332 3338 3354
f 2950 2951 3334 3333
f 3020 2954 2953 3017
f 2954 3020 3383 3336
f 2958 2956 2955 2957
f 2963 2958 2957 2962
f 2964 2963 2962 2965
f 2964 2965 2966 2967
f 2968 2967 2966 2969
f 2968 2969 3372 3373
f 2987 2971 2970 2986
f 2976 2975 2971 2977
f 2988 2977 2971 2987
f 2972 2979 2980 3006
f 2972 3006 3008 3007
f 2980 2979 2974 2975
f 3014 2981 2978 3002
f 3009 3006 2980 2981
f 2982 2983 2985 2984
f 2987 2986 2982 2984
f 2992 2985 2983 2991
f 2988 2987 2984 2989
f 2984 2985 2990 2989
f 2996 2990 2985 2992
f 2988 2989 3000 3002
f 2994 2992 2991 2993
f 2992 2994 2997 2996
f 2993 3047 2995 2994
f 2994 2995 2998 2997
f 2998 2999 3001 3000
f 3005 3001 2999 3048
f 3003 3002 3000 3001
f 3004 3003 3001 3005
f 3002 3003 3015 3014
f 3003 3004 3016 3015
f 3425 3016 3004 3429
f 3004 3005 3430 3429
f 3005 3048 3462 3430
f 3012 3008 3006 3009
f 3007 3008 3011 3010
f 3013 3011 3008 3012
f 3010 3011 3018 3017
f 3011 3013 3019 3018
f 3012 3014 3021 3013
f 3014 3015 3022 3021
f 3015 3016 3024 3022
f 3423 3024 3016 3424
f 3017 3018 3382 3020
f 3018 3019 3023 3382
f 3020 3382 3386 3383
f 3021 3022 3385 3384
f 3022 3024 3387 3385
f 3386 3382 3023 3384
f 3389 3387 3024 3423
f 3032 3029 3025 3030
f 3034 3027 3025 3029
f 3025 3027 4023 4022
f 4026 3030 3025 4022
f 3027 3034 3026 3028
f 3037 3028 3026 3035
f 3027 3028 4024 4023
f 3028 3037 4032 4024
f 3031 3032 3030 3033
f 4028 3033 3030 4026
f 3031 3033 3391 3390
f 4325 3391 3033 4028
f 3035 3036 3038 3037
f 3039 3038 3036 3041
f 3037 3038 4033 4032
f 3038 3039 4034 4033
f 3039 3041 3042 3040
f 3039 3040 4037 4034
f 3040 3042 3044 3043
f 3040 3043 4039 4037
f 3043 3044 3045 3046
f 3043 3046 4041 4039
f 3431 3046 3045 3400
f 3046 3431 4374 4041
f 3049 3050 3055 3051
f 3307 3050 3049 3306
f 3062 3055 3050 3068
f 3311 3068 3050 3307
f 3056 3052 3051 3055
f 3057 3053 3052 3056
f 3058 3054 3053 3057
f 3054 3058 3061 3060
f 3063 3056 3055 3062
f 3064 3057 3056 3063
f 3065 3058 3057 3064
f 3102 3061 3058 3065
f 3059 3060 3087 3086
f 3060 3061 3100 3087
f 3101 3100 3061 3102
f 3066 3063 3062 3067
f 3062 3068 3170 3067
f 3069 3064 3063 3066
f 3070 3065 3064 3069
f 3065 3070 3104 3102
f 3071 3069 3066 3172
f 3066 3067 3169 3172
f 3171 3169 3067 3170
f 3340 3170 3068 3311
f 3072 3070 3069 3071
f 3070 3072 3149 3104
f 3071 3172 3173 3174
f 3175 3072 3071 3174
f 3150 3149 3072 3175
f 3073 3086 3087 3074
f 3074 3087 3100 3075
f 3075 3100 3101 3093
f 3079 3078 3076 3080
f 3076 3077 3081 3080
f 3078 3079 3084 3082
f 3079 3080 3089 3088
f 3091 3084 3079 3088
f 3080 3081 3090 3089
f 3085 3083 3082 3084
f 3083 3085 3098 3096
f 3092 3085 3084 3091
f 3085 3092 3105 3098
f 3103 3094 3093 3101
f 3147 3095 3094 3103
f 3148 3144 3095 3147
f 3099 3097 3096 3098
f 3097 3099 3131 3128
f 3106 3099 3098 3105
f 3099 3106 3137 3131
f 3101 3102 3104 3103
f 3103 3104 3149 3147
f 3112 3111 3108 3109
f 3109 3110 3113 3112
f 3118 3113 3110 3115
f 3111 3112 3124 3123
f 3112 3113 3125 3124
f 3113 3118 3126 3125
f 3115 3116 3119 3118
f 3133 3119 3116 3129
f 3118 3119 3127 3126
f 3139 3127 3119 3133
f 3120 3121 3203 3201
f 3121 3122 3205 3203
f 3122 3134 3140 3205
f 3132 3130 3128 3131
f 3129 3130 3132 3133
f 3138 3132 3131 3137
f 3139 3133 3132 3138
f 3134 3135 3142 3140
f 3135 3136 3165 3142
f 3136 3158 3166 3165
f 3143 3141 3140 3142
f 3206 3205 3140 3141
f 3213 3206 3141 3221
f 3141 3143 3215 3221
f 3168 3143 3142 3165
f 3143 3168 3217 3215
f 3151 3145 3144 3148
f 3152 3146 3145 3151
f 3146 3152 3160 3155
f 3147 3149 3150 3148
f 3148 3150 3153 3151
f 3150 3175 3181 3153
f 3154 3152 3151 3153
f 3152 3154 3162 3160
f 3185 3154 3153 3181
f 3193 3162 3154 3185
f 3161 3156 3155 3160
f 3159 3157 3156 3161
f 3166 3158 3157 3159
f 3159 3161 3163 3164
f 3159 3164 3167 3166
f 3163 3161 3160 3162
f 3194 3163 3162 3193
f 3187 3164 3163 3194
f 3231 3167 3164 3187
f 3165 3166 3167 3168
f 3217 3168 3167 3231
f 3173 3172 3169 3176
f 3169 3171 3177 3176
f 3342 3171 3170 3340
f 3344 3177 3171 3342
f 3173 3176 3178 3182
f 3180 3174 3173 3182
f 3181 3175 3174 3180
f 3176 3177 3179 3178
f 3346 3179 3177 3344
f 3183 3182 3178 3195
f 3178 3179 3196 3195
f 3348 3196 3179 3346
f 3180 3182 3183 3184
f 3185 3181 3180 3184
f 3191 3184 3183 3188
f 3183 3195 3197 3188
f 3193 3185 3184 3191
f 3190 3189 3186 3192
f 3186 3187 3194 3192
f 3186 3189 3228 3230
f 3231 3187 3186 3230
f 3192 3191 3188 3190
f 3198 3190 3188 3197
f 3189 3190 3198 3237
f 3232 3228 3189 3237
f 3194 3193 3191 3192
f 3195 3196 3199 3197
f 3350 3199 3196 3348
f 3200 3198 3197 3199
f 3238 3237 3198 3200
f 3352 3200 3199 3350
f 3381 3238 3200 3352
f 3204 3202 3201 3203
f 3203 3205 3206 3204
f 3213 3209 3204 3206
f 3207 3210 3211 3225
f 3207 3208 3212 3210
f 3208 3209 3213 3212
f 3219 3211 3210 3218
f 3210 3212 3220 3218
f 3211 3219 3224 3227
f 3226 3225 3211 3227
f 3212 3213 3221 3220
f 3214 3215 3217 3216
f 3218 3220 3214 3222
f 3221 3215 3214 3220
f 3214 3216 3229 3222
f 3216 3230 3228 3229
f 3216 3217 3231 3230
f 3223 3219 3218 3222
f 3219 3223 3235 3224
f 3234 3223 3222 3229
f 3223 3234 3236 3235
f 3374 3227 3224 3371
f 3224 3235 3378 3371
f 3226 3227 3374 3372
f 3234 3229 3228 3232
f 3236 3234 3232 3233
f 3232 3237 3238 3233
f 3379 3236 3233 3376
f 3233 3238 3381 3376
f 3235 3236 3379 3378
f 3239 3264 3255 3635
f 3239 3635 3646 3648
f 3761 3292 3239 3648
f 3271 3241 3240 3259
f 3668 3259 3240 3650
f 3272 3242 3241 3271
f 3242 3272 3681 3658
f 3243 3244 3246 3247
f 3250 3256 3243 3257
f 3251 3244 3243 3256
f 3243 3247 3258 3257
f 3244 3245 3248 3246
f 3254 3245 3244 3251
f 3245 3254 3261 3262
f 3263 3248 3245 3262
f 3266 3247 3246 3265
f 3246 3248 3267 3265
f 3275 3258 3247 3266
f 3248 3263 3280 3267
f 3256 3250 3249 3253
f 3249 3250 3277 3278
f 3664 3253 3249 3665
f 3249 3278 3689 3665
f 3250 3257 3276 3277
f 3251 3256 3253 3252
f 3251 3252 3255 3254
f 3252 3663 3635 3255
f 3252 3253 3664 3663
f 3264 3261 3254 3255
f 3257 3258 3275 3276
f 3259 3260 3273 3271
f 3674 3260 3259 3668
f 3268 3266 3265 3269
f 3265 3267 3270 3269
f 3276 3275 3266 3268
f 3281 3270 3267 3280
f 3277 3276 3268 3279
f 3268 3269 3285 3279
f 3269 3270 3288 3285
f 3270 3281 3290 3288
f 3274 3272 3271 3273
f 3272 3274 3686 3681
f 3286 3278 3277 3279
f 3278 3286 3698 3689
f 3279 3285 3287 3286
f 3284 3283 3282 3299
f 3282 3293 3295 3299
f 3283 3284 3703 3701
f 3284 3299 3301 3300
f 3284 3300 3710 3703
f 3289 3287 3285 3288
f 3286 3287 3699 3698
f 3287 3289 3700 3699
f 3291 3289 3288 3290
f 3289 3291 3292 3700
f 3740 3700 3292 3761
f 3293 3294 3296 3295
f 3295 3296 3297 3298
f 3301 3299 3295 3298
f 3297 3303 3304 3298
f 3302 3301 3298 3304
f 3300 3301 3302 3305
f 3300 3305 3722 3710
f 3302 3304 4828 4830
f 4849 3305 3302 4830
f 4828 3304 3303 4824
f 5108 3722 3305 4849
f 3309 3307 3306 3308
f 3307 3309 3310 3311
f 3340 3311 3310 3312
f 3342 3340 3312 3341
f 4391 3314 3313 4390
f 4392 3315 3314 4391
f 4393 3316 3315 4392
f 4394 3317 3316 4393
f 4395 3318 3317 4394
f 4403 3326 3318 4395
f 3320 3321 4398 4397
f 3321 3322 4399 4398
f 3322 3323 4400 4399
f 3323 3324 4401 4400
f 3324 3325 4402 4401
f 3325 3330 4407 4402
f 4404 3327 3326 4403
f 4405 3328 3327 4404
f 4406 3329 3328 4405
f 4407 3330 3329 4406
f 3338 3332 3331 3337
f 3331 3333 3339 3337
f 3388 3339 3336 3383
f 3337 3353 3354 3338
f 3337 3339 3355 3353
f 3421 3355 3339 3388
f 3344 3342 3341 3343
f 3346 3344 3343 3345
f 3348 3346 3345 3347
f 3350 3348 3347 3349
f 3352 3350 3349 3351
f 3381 3352 3351 3380
f 3353 3355 3357 3356
f 3358 3354 3353 3356
f 3422 3357 3355 3421
f 3359 3358 3356 3360
f 3356 3357 3361 3360
f 3426 3361 3357 3422
f 3362 3364 3359 3360
f 3360 3361 3363 3362
f 3427 3363 3361 3426
f 3365 3364 3362 3366
f 3362 3363 3367 3366
f 3428 3367 3363 3427
f 3365 3366 3435 3434
f 3366 3367 3438 3435
f 3367 3428 3460 3438
f 3368 3374 3371 3369
f 3368 3373 3372 3374
f 3369 3371 3378 3370
f 3370 3378 3379 3377
f 3379 3376 3375 3377
f 3375 3376 3381 3380
f 3385 3387 3389 3388
f 3388 3389 3423 3421
f 3390 3391 3393 3392
f 4327 3393 3391 4325
f 3392 3393 3396 3394
f 4329 3396 3393 4327
f 3398 3395 3394 3396
f 3399 3397 3395 3398
f 4332 3398 3396 4329
f 3397 3399 3408 3407
f 4333 3399 3398 4332
f 4342 3408 3399 4333
f 3400 3401 3432 3431
f 3401 3402 3433 3432
f 3402 3403 3405 3433
f 3403 3404 3406 3405
f 3420 3406 3404 3419
f 3405 3406 4340 4339
f 4376 3433 3405 4339
f 3406 3420 4354 4340
f 3407 3408 3411 3409
f 4344 3411 3408 4342
f 3412 3410 3409 3411
f 3410 3412 3417 3413
f 4347 3412 3411 4344
f 4352 3417 3412 4347
f 3418 3414 3413 3417
f 3416 3415 3414 3418
f 3420 3419 3415 3416
f 3416 3418 4353 4348
f 4354 3420 3416 4348
f 4353 3418 3417 4352
f 3421 3423 3424 3422
f 3422 3424 3425 3426
f 3425 3429 3427 3426
f 3427 3429 3430 3428
f 3428 3430 3462 3460
f 3431 3432 4375 4374
f 3432 3433 4376 4375
f 3437 3436 3434 3435
f 3439 3437 3435 3438
f 3461 3439 3438 3460
f 3444 3441 3440 3442
f 3445 3443 3441 3444
f 3447 3444 3442 3446
f 3443 3445 3453 3452
f 3448 3445 3444 3447
f 3445 3448 3454 3453
f 3450 3447 3446 3449
f 3451 3448 3447 3450
f 3448 3451 3455 3454
f 3465 3450 3449 3464
f 3466 3451 3450 3465
f 3467 3455 3451 3466
f 3452 3453 3457 3456
f 3453 3454 3458 3457
f 3454 3455 3459 3458
f 3491 3459 3455 3467
f 3460 3462 3463 3461
f 3471 3465 3464 3468
f 3474 3466 3465 3471
f 3478 3467 3466 3474
f 3467 3478 3493 3491
f 3468 3469 3472 3471
f 3475 3472 3470 3473
f 3471 3472 3475 3474
f 3479 3475 3473 3476
f 3474 3475 3479 3478
f 3494 3479 3476 3492
f 3477 3482 3483 3486
f 3484 3480 3477 3486
f 3478 3479 3494 3493
f 3485 3481 3480 3484
f 3496 3495 3481 3485
f 3487 3483 3482 3502
f 4478 3502 3482 4470
f 3488 3486 3483 3487
f 3484 3486 3488 3489
f 3490 3485 3484 3489
f 3485 3490 3497 3496
f 3487 3502 3503 3488
f 3504 3489 3488 3503
f 3505 3490 3489 3504
f 3508 3497 3490 3505
f 3495 3496 3499 3498
f 3496 3497 3500 3499
f 3501 3500 3497 3508
f 3501 3508 4496 4500
f 4448 3503 3502 4478
f 4482 3504 3503 4448
f 4483 3505 3504 4482
f 4496 3508 3505 4483
f 3506 3507 3531 3530
f 3572 3513 3506 3530
f 4509 3531 3507 4445
f 3547 3510 3509 3546
f 3509 3512 3571 3546
f 3560 3511 3510 3547
f 3573 3514 3511 3560
f 3512 3513 3572 3571
f 3574 3515 3514 3573
f 3575 3516 3515 3574
f 3576 3517 3516 3575
f 3517 3576 4934 4933
f 3525 3519 3518 3524
f 3518 3520 3526 3524
f 3544 3520 3518 3543
f 3518 3519 3545 3543
f 3532 3521 3519 3525
f 3519 3521 3554 3545
f 3520 3572 3530 3526
f 3571 3572 3520 3544
f 3533 3522 3521 3532
f 3521 3522 3555 3554
f 3534 3523 3522 3533
f 3522 3523 3556 3555
f 3524 3526 3528 3527
f 3529 3525 3524 3527
f 3525 3529 3535 3532
f 3526 3530 3531 3528
f 4505 3529 3527 4504
f 3527 3528 4506 4504
f 3528 3531 4509 4506
f 4516 3535 3529 4505
f 3536 3533 3532 3535
f 3537 3534 3533 3536
f 4517 3536 3535 4516
f 4518 3537 3536 4517
f 3538 3539 3542 3541
f 3538 3544 3543 3539
f 3547 3546 3538 3541
f 3538 3546 3571 3544
f 3539 3543 3545 3540
f 3539 3540 3550 3542
f 3540 3548 3551 3550
f 3540 3545 3554 3548
f 3541 3542 3559 3558
f 3560 3547 3541 3558
f 3542 3550 3564 3559
f 3548 3549 3552 3551
f 3548 3554 3555 3549
f 3553 3552 3549 3557
f 3549 3555 3556 3557
f 3550 3551 3565 3564
f 3551 3552 3566 3565
f 3552 3553 3567 3566
f 3558 3559 3561 3562
f 3573 3560 3558 3562
f 3563 3561 3559 3564
f 3850 3562 3561 3849
f 3561 3563 3851 3849
f 3574 3573 3562 3850
f 3563 3564 3565 3568
f 3563 3568 3852 3851
f 3565 3566 3569 3568
f 3566 3567 3570 3569
f 3568 3569 3853 3852
f 3569 3570 3854 3853
f 3855 3575 3574 3850
f 3858 3576 3575 3855
f 3576 3858 4936 4934
f 3627 3578 3577 3594
f 3580 3581 3598 3599
f 3581 3582 3597 3598
f 3582 3583 3600 3597
f 3583 3584 3601 3600
f 3584 3586 3607 3601
f 3586 3587 3622 3607
f 3587 3588 3608 3622
f 3588 3593 3615 3608
f 3613 3590 3589 3612
f 3614 3591 3590 3613
f 3616 3592 3591 3614
f 3615 3593 3592 3616
f 3594 3595 3628 3627
f 3595 3596 3629 3628
f 3596 3623 3632 3629
f 3603 3598 3597 3602
f 3597 3600 3605 3602
f 3604 3599 3598 3603
f 3600 3601 3606 3605
f 3609 3606 3601 3607
f 3610 3609 3607 3622
f 3610 3622 3608 3611
f 3620 3611 3608 3615
f 3618 3613 3612 3617
f 3619 3614 3613 3618
f 3621 3616 3614 3619
f 3615 3616 3621 3620
f 3623 3624 3633 3632
f 3624 3625 3630 3633
f 3625 3626 3631 3630
f 3727 3646 3635 3663
f 3720 3638 3636 3697
f 3801 3697 3637 3774
f 3639 3720 3813 3777
f 3725 3642 3640 3721
f 3816 3721 3641 3780
f 3734 3647 3643 3726
f 3644 3725 3825 3785
f 3827 3726 3645 3786
f 3666 3651 3649 3667
f 3649 3652 3669 3667
f 3650 3651 3666 3668
f 3652 3653 3670 3669
f 3653 3655 3671 3670
f 3655 3656 3692 3671
f 3656 3657 3678 3692
f 3657 3662 3685 3678
f 3682 3659 3658 3681
f 3683 3660 3659 3682
f 3684 3661 3660 3683
f 3685 3662 3661 3684
f 3663 3664 3728 3727
f 3664 3665 3729 3728
f 3665 3689 3746 3729
f 3666 3667 3673 3672
f 3674 3668 3666 3672
f 3667 3669 3675 3673
f 3669 3670 3676 3675
f 3670 3671 3677 3676
f 3679 3677 3671 3692
f 3679 3692 3678 3680
f 3691 3680 3678 3685
f 3687 3682 3681 3686
f 3688 3683 3682 3687
f 3690 3684 3683 3688
f 3691 3685 3684 3690
f 3689 3698 3747 3746
f 3731 3694 3693 3730
f 3693 3704 3762 3730
f 3732 3695 3694 3731
f 3733 3696 3695 3732
f 3696 3733 3837 3799
f 3698 3699 3737 3747
f 3699 3700 3740 3737
f 3709 3702 3701 3703
f 3714 3705 3702 3709
f 3711 3709 3703 3710
f 3704 3706 3763 3762
f 3705 3714 3708 3707
f 3706 3713 3764 3763
f 3717 3716 3708 3714
f 3709 3711 3717 3714
f 3712 3711 3710 3722
f 3711 3712 3719 3717
f 5083 3719 3712 5074
f 3712 3722 5108 5074
f 3713 3715 3765 3764
f 3846 3765 3715 3810
f 3719 3718 3716 3717
f 3718 3719 5083 5073
f 3723 3745 3749 3750
f 3753 3724 3723 3750
f 3754 3748 3724 3753
f 3738 3736 3735 3739
f 3790 3739 3735 3789
f 3736 3738 3749 3745
f 3738 3739 3741 3742
f 3738 3742 3751 3749
f 3794 3741 3739 3790
f 3744 3742 3741 3743
f 3795 3743 3741 3794
f 3742 3744 3757 3751
f 3743 3795 4924 5131
f 5133 3744 3743 5131
f 5137 3757 3744 5133
f 3748 3754 3769 3766
f 3752 3750 3749 3751
f 3750 3752 3755 3753
f 3758 3752 3751 3757
f 3759 3755 3752 3758
f 3756 3754 3753 3755
f 3754 3756 3771 3769
f 3760 3756 3755 3759
f 3756 3760 3772 3771
f 5138 3758 3757 5137
f 5139 3759 3758 5138
f 5140 3760 3759 5139
f 5157 3772 3760 5140
f 3768 3767 3766 3769
f 3767 3768 3872 3869
f 3768 3769 3771 3770
f 3768 3770 3873 3872
f 3770 3771 3772 3773
f 3770 3773 3878 3873
f 5152 3773 3772 5157
f 5012 3878 3773 5152
f 3775 3778 3813 3801
f 3814 3779 3776 3805
f 3776 3779 4911 4908
f 4959 3804 3776 4908
f 3779 3818 4976 4911
f 3781 3783 3825 3816
f 3826 3784 3782 3817
f 3782 3784 4917 4914
f 4977 3819 3782 4914
f 3784 3829 4987 4917
f 3787 3791 3839 3827
f 3841 3792 3788 3828
f 3788 3792 4929 4919
f 4988 3830 3788 4919
f 3796 3790 3789 3793
f 3797 3794 3790 3796
f 3870 3796 3793 3867
f 3798 3795 3794 3797
f 3795 3798 4926 4924
f 3874 3797 3796 3870
f 3877 3798 3797 3874
f 3798 3877 5009 4926
f 3838 3800 3799 3837
f 3840 3802 3800 3838
f 3842 3803 3802 3840
f 3845 3809 3803 3842
f 3807 3805 3804 3806
f 4968 3808 3806 4966
f 3807 3808 3823 3815
f 4983 3823 3808 4968
f 3848 3812 3809 3845
f 3810 3811 3847 3846
f 3811 3812 3848 3847
f 3814 3815 3821 3818
f 3817 3819 3822 3820
f 3818 3821 4980 4976
f 3820 3824 3835 3831
f 3821 3823 4983 4980
f 4984 3824 3822 4981
f 4995 3835 3824 4984
f 3833 3829 3826 3831
f 3828 3830 3834 3832
f 3829 3833 4992 4987
f 3832 3836 3844 3843
f 3833 3835 4995 4992
f 4996 3836 3834 4993
f 5004 3844 3836 4996
f 3855 3850 3849 3856
f 3849 3851 3857 3856
f 3851 3852 3861 3857
f 3852 3853 3862 3861
f 3853 3854 3863 3862
f 3855 3856 3859 3858
f 3856 3857 3860 3859
f 3865 3860 3857 3861
f 3858 3859 4937 4936
f 3859 3860 4938 4937
f 3860 3865 4946 4938
f 3861 3862 3866 3865
f 3862 3863 3864 3866
f 4948 3866 3864 4944
f 3865 3866 4948 4946
f 3867 3868 3871 3870
f 3868 3869 3872 3871
f 3870 3871 3875 3874
f 3871 3872 3873 3875
f 3876 3875 3873 3878
f 3874 3875 3876 3877
f 5009 3877 3876 5011
f 3876 3878 5012 5011
f 4127 4126 3879 4128
f 3879 4126 4184 4154
f 4385 4128 3879 4323
f 3879 4154 4595 4323
f 3942 3881 3880 3940
f 3946 3885 3881 3942
f 3948 3885 3882 3971
f 3884 3885 3948 3941
f 3954 3886 3885 3946
f 3956 3887 3886 3954
f 3951 3888 3887 3956
f 3889 3891 4465 4463
f 4472 3893 3889 4463
f 4460 3892 3890 4464
f 3890 3894 4488 4464
f 3891 3892 4460 4465
f 4492 3902 3893 4472
f 3894 3953 4577 4488
f 3895 3900 4011 4063
f 3895 4063 4458 4459
f 3896 3897 4473 4470
f 3897 3898 4476 4473
f 3898 3899 4477 4476
f 3899 3903 4495 4477
f 3900 3968 4140 4064
f 3942 3940 3904 3943
f 3904 3905 3944 3943
f 3905 3906 3974 3944
f 3906 3939 3986 3974
f 3917 3908 3907 3910
f 3919 3909 3908 3917
f 3909 3919 3920 3922
f 3910 3911 3912 3917
f 3911 3913 3914 3912
f 3912 3914 3915 3918
f 3919 3917 3912 3918
f 3915 3916 3921 3918
f 3936 3921 3916 3929
f 3920 3919 3918 3921
f 3924 3922 3920 3927
f 3920 3921 3936 3927
f 3923 3926 3938 3933
f 3924 3927 3928 3925
f 3938 3926 3925 3928
f 3937 3928 3927 3936
f 3928 3937 3935 3938
f 3929 3931 3937 3936
f 3935 3932 3930 3934
f 3931 3932 3935 3937
f 3935 3934 3933 3938
f 3977 3945 3941 3948
f 3942 3943 3949 3946
f 3943 3944 3978 3949
f 3944 3974 3981 3978
f 3979 3947 3945 3977
f 3946 3949 3955 3954
f 3982 3950 3947 3979
f 3948 3971 3972 3977
f 3984 3955 3949 3978
f 3983 3980 3950 3982
f 3951 3956 3958 3952
f 3959 3957 3952 3958
f 3953 3961 4581 4577
f 3954 3955 3958 3956
f 3959 3958 3955 3984
f 3957 3959 3960 3966
f 3959 3984 3985 3960
f 3989 3966 3960 3991
f 3960 3985 3990 3991
f 3961 3962 4580 4581
f 3962 3963 4575 4580
f 3963 3964 4576 4575
f 3964 3965 4583 4576
f 3965 3967 4588 4583
f 3967 3970 4592 4588
f 3968 3969 4141 4086
f 4573 4141 3969 4574
f 3972 3973 3979 3977
f 3973 3975 3982 3979
f 3988 3981 3974 3986
f 3975 3976 3983 3982
f 3993 3983 3976 3992
f 3985 3984 3978 3981
f 3980 3983 3993 3987
f 3990 3985 3981 3988
f 3994 3995 3999 3998
f 4008 3995 3994 4006
f 3995 3996 4000 3999
f 4009 3996 3995 4008
f 4069 4000 3996 4065
f 3996 4009 4076 4065
f 4002 4003 3997 4047
f 4048 4047 3997 4049
f 3997 4003 4071 4068
f 4104 4049 3997 4068
f 3998 3999 4002 4001
f 3999 4000 4003 4002
f 4071 4003 4000 4069
f 4001 4002 4047 4045
f 4004 4009 4008 4005
f 4004 4005 4013 4014
f 4076 4009 4004 4075
f 4004 4014 4077 4075
f 4005 4008 4006 4007
f 4005 4007 4010 4013
f 4015 4013 4010 4012
f 4011 4012 4017 4016
f 4019 4063 4011 4016
f 4064 4014 4013 4015
f 4014 4064 4140 4077
f 4018 4019 4016 4020
f 4016 4017 4021 4020
f 4018 4020 4053 4044
f 4018 4044 4368 4369
f 4370 4019 4018 4369
f 4458 4063 4019 4370
f 4020 4021 4054 4053
f 4030 4026 4022 4027
f 4022 4023 4031 4027
f 4023 4024 4025 4031
f 4035 4025 4024 4032
f 4029 4028 4026 4030
f 4028 4029 4326 4325
f 4032 4033 4036 4035
f 4033 4034 4038 4036
f 4034 4037 4040 4038
f 4037 4039 4042 4040
f 4039 4041 4043 4042
f 4335 4043 4041 4374
f 4044 4053 4060 4055
f 4044 4055 4364 4367
f 4045 4047 4048 4046
f 4046 4048 4051 4050
f 4061 4054 4046 4050
f 4048 4049 4052 4051
f 4106 4052 4049 4104
f 4050 4051 4058 4056
f 4051 4052 4057 4058
f 4114 4057 4052 4106
f 4053 4054 4061 4060
f 4055 4060 4357 4356
f 4055 4356 4362 4364
f 4056 4058 4360 4062
f 4115 4059 4057 4114
f 4360 4058 4057 4059
f 4359 4360 4059 4361
f 4059 4115 4381 4361
f 4060 4061 4358 4357
f 4359 4358 4062 4360
f 4065 4066 4070 4069
f 4079 4066 4065 4076
f 4066 4067 4072 4070
f 4080 4067 4066 4079
f 4067 4080 4087 4089
f 4068 4071 4073 4103
f 4068 4103 4105 4104
f 4069 4070 4073 4071
f 4070 4072 4074 4073
f 4107 4103 4073 4074
f 4079 4076 4075 4078
f 4075 4077 4082 4078
f 4077 4140 4084 4082
f 4080 4079 4078 4081
f 4083 4081 4078 4082
f 4085 4083 4082 4084
f 4085 4086 4088 4087
f 4092 4088 4086 4141
f 4090 4089 4087 4088
f 4091 4090 4088 4092
f 4089 4090 4112 4111
f 4090 4091 4113 4112
f 4412 4113 4091 4415
f 4091 4092 4417 4415
f 4092 4141 4573 4417
f 4093 4094 4095 4096
f 4093 4096 4098 4097
f 4157 4094 4093 4156
f 4093 4097 4160 4156
f 4123 4095 4094 4122
f 4171 4122 4094 4157
f 4097 4098 4100 4099
f 4097 4099 4163 4160
f 4099 4100 4102 4101
f 4099 4101 4164 4163
f 4101 4102 4143 4142
f 4101 4142 4246 4164
f 4108 4105 4103 4107
f 4104 4105 4109 4106
f 4105 4108 4110 4109
f 4106 4109 4117 4114
f 4108 4111 4118 4110
f 4109 4110 4116 4117
f 4111 4112 4119 4118
f 4112 4113 4120 4119
f 4409 4120 4113 4411
f 4377 4115 4114 4117
f 4115 4377 4380 4381
f 4377 4117 4116 4121
f 4118 4119 4379 4378
f 4119 4120 4382 4379
f 4384 4382 4120 4409
f 4380 4377 4121 4378
f 4125 4123 4122 4124
f 4173 4124 4122 4171
f 4124 4126 4127 4125
f 4184 4126 4124 4173
f 4142 4143 4145 4144
f 4142 4144 4247 4246
f 4144 4145 4147 4146
f 4144 4146 4308 4247
f 4146 4147 4148 4149
f 4146 4149 4310 4308
f 4151 4149 4148 4150
f 4149 4151 4315 4310
f 4153 4151 4150 4152
f 4151 4153 4322 4315
f 4436 4153 4152 4435
f 4769 4322 4153 4436
f 4154 4184 4187 4191
f 4154 4191 4599 4595
f 4261 4253 4155 4850
f 4852 4850 4155 4851
f 4155 4289 4903 4851
f 4158 4157 4156 4159
f 4161 4159 4156 4160
f 4157 4158 4172 4171
f 4183 4172 4158 4178
f 4158 4159 4197 4178
f 4159 4161 4162 4197
f 4165 4161 4160 4163
f 4169 4162 4161 4165
f 4162 4169 4168 4196
f 4194 4197 4162 4196
f 4163 4164 4166 4165
f 4248 4166 4164 4246
f 4165 4166 4170 4169
f 4202 4170 4166 4248
f 4167 4195 4196 4168
f 4167 4168 4199 4198
f 4206 4195 4167 4223
f 4167 4198 4224 4223
f 4168 4169 4170 4199
f 4201 4199 4170 4202
f 4171 4172 4174 4173
f 4175 4174 4172 4183
f 4173 4174 4187 4184
f 4174 4175 4188 4187
f 4175 4183 4180 4182
f 4175 4182 4186 4188
f 4180 4177 4176 4179
f 4176 4177 4194 4193
f 4176 4193 4205 4203
f 4211 4179 4176 4203
f 4183 4178 4177 4180
f 4177 4178 4197 4194
f 4182 4180 4179 4181
f 4210 4181 4179 4211
f 4186 4182 4181 4185
f 4214 4185 4181 4210
f 4190 4186 4185 4189
f 4605 4189 4185 4214
f 4192 4188 4186 4190
f 4192 4191 4187 4188
f 4598 4190 4189 4597
f 4606 4597 4189 4605
f 4600 4192 4190 4598
f 4191 4192 4600 4599
f 4196 4195 4193 4194
f 4193 4195 4206 4205
f 4198 4199 4201 4200
f 4198 4200 4225 4224
f 4229 4225 4200 4300
f 4200 4201 4301 4300
f 4201 4202 4302 4301
f 4202 4248 4249 4302
f 4207 4204 4203 4205
f 4203 4204 4213 4211
f 4217 4213 4204 4220
f 4204 4207 4221 4220
f 4205 4206 4208 4207
f 4206 4223 4226 4208
f 4207 4208 4209 4221
f 4231 4209 4208 4226
f 4210 4211 4213 4212
f 4210 4212 4215 4214
f 4212 4213 4217 4219
f 4218 4215 4212 4219
f 4214 4215 4619 4605
f 4215 4218 4625 4619
f 4241 4222 4216 4233
f 4216 4222 4629 4622
f 4630 4629 4222 4631
f 4222 4241 4659 4631
f 4223 4224 4227 4226
f 4224 4225 4228 4227
f 4230 4228 4225 4229
f 4226 4227 4232 4231
f 4227 4228 4240 4232
f 4228 4230 4242 4240
f 4236 4230 4229 4234
f 4229 4300 4303 4234
f 4230 4236 4243 4242
f 4656 4241 4233 4651
f 4234 4235 4237 4236
f 4305 4235 4234 4303
f 4239 4237 4235 4238
f 4313 4238 4235 4305
f 4236 4237 4244 4243
f 4237 4239 4245 4244
f 4238 4313 4318 4745
f 4746 4239 4238 4745
f 4669 4245 4239 4746
f 4241 4656 4660 4659
f 4246 4247 4249 4248
f 4309 4249 4247 4308
f 4307 4302 4249 4309
f 4254 4251 4250 4260
f 4250 4253 4261 4260
f 4256 4252 4251 4254
f 4252 4256 4272 4270
f 4254 4255 4257 4256
f 4254 4260 4262 4255
f 4259 4257 4255 4258
f 4265 4258 4255 4262
f 4256 4257 4273 4272
f 4257 4259 4277 4273
f 4258 4265 4267 4268
f 4269 4259 4258 4268
f 4259 4269 4284 4277
f 4260 4261 4263 4262
f 4261 4850 4853 4263
f 4262 4263 4264 4265
f 4854 4264 4263 4853
f 4267 4265 4264 4266
f 4855 4266 4264 4854
f 4286 4267 4266 4296
f 4884 4296 4266 4855
f 4285 4268 4267 4286
f 4284 4269 4268 4285
f 4274 4271 4270 4272
f 4271 4274 4290 4287
f 4272 4273 4276 4274
f 4275 4276 4273 4277
f 4274 4276 4291 4290
f 4275 4277 4284 4285
f 4275 4285 4286 4295
f 4291 4276 4275 4295
f 4278 4279 4282 4280
f 4861 4279 4278 4859
f 4298 4282 4279 4297
f 4886 4297 4279 4861
f 4283 4281 4280 4282
f 4281 4283 4872 4871
f 4299 4283 4282 4298
f 4283 4299 4895 4872
f 4286 4296 4292 4295
f 4293 4288 4287 4290
f 4882 4289 4288 4293
f 4289 4882 4904 4903
f 4290 4291 4294 4293
f 4291 4295 4292 4294
f 4883 4294 4292 4885
f 4292 4296 4884 4885
f 4293 4294 4883 4882
f 4300 4301 4304 4303
f 4301 4302 4307 4304
f 4303 4304 4306 4305
f 4312 4306 4304 4307
f 4305 4306 4314 4313
f 4306 4312 4316 4314
f 4307 4309 4311 4312
f 4311 4309 4308 4310
f 4317 4311 4310 4315
f 4316 4312 4311 4317
f 4313 4314 4319 4318
f 4314 4316 4320 4319
f 4321 4317 4315 4322
f 4316 4317 4321 4320
f 4747 4745 4318 4751
f 4318 4319 4752 4751
f 4319 4320 4753 4752
f 4320 4321 4770 4753
f 4321 4322 4769 4770
f 4323 4324 4386 4385
f 4596 4324 4323 4595
f 4387 4386 4324 4388
f 4612 4388 4324 4596
f 4325 4326 4328 4327
f 4327 4328 4330 4329
f 4329 4330 4331 4332
f 4333 4332 4331 4334
f 4333 4334 4343 4342
f 4335 4374 4375 4336
f 4336 4375 4376 4337
f 4337 4376 4339 4338
f 4338 4339 4340 4341
f 4355 4341 4340 4354
f 4342 4343 4345 4344
f 4344 4345 4346 4347
f 4352 4347 4346 4349
f 4350 4351 4348 4353
f 4355 4354 4348 4351
f 4353 4352 4349 4350
f 4356 4357 4363 4362
f 4383 4363 4361 4381
f 4365 4364 4362 4363
f 4408 4365 4363 4383
f 4366 4367 4364 4365
f 4410 4366 4365 4408
f 4368 4367 4366 4371
f 4413 4371 4366 4410
f 4372 4369 4368 4371
f 4373 4370 4369 4372
f 4370 4373 4461 4458
f 4414 4372 4371 4413
f 4416 4373 4372 4414
f 4373 4416 4571 4461
f 4379 4382 4384 4383
f 4409 4408 4383 4384
f 4387 4388 4418 4389
f 4713 4418 4388 4612
f 4389 4418 4420 4419
f 4408 4409 4411 4410
f 4410 4411 4412 4413
f 4412 4415 4414 4413
f 4414 4415 4417 4416
f 4416 4417 4573 4571
f 4715 4420 4418 4713
f 4419 4420 4422 4421
f 4720 4422 4420 4715
f 4421 4422 4424 4423
f 4722 4424 4422 4720
f 4423 4424 4426 4425
f 4739 4426 4424 4722
f 4425 4426 4428 4427
f 4741 4428 4426 4739
f 4427 4428 4430 4429
f 4742 4430 4428 4741
f 4429 4430 4444 4443
f 4781 4444 4430 4742
f 4431 4432 4434 4437
f 4436 4435 4431 4437
f 4432 4433 4441 4434
f 4433 4440 4442 4441
f 4771 4437 4434 4766
f 4434 4441 4778 4766
f 4436 4437 4771 4769
f 4438 4439 4442 4440
f 4438 4443 4444 4439
f 4780 4442 4439 4776
f 4439 4444 4781 4776
f 4441 4442 4780 4778
f 4445 4446 4510 4509
f 4446 4447 4514 4510
f 4447 4449 4531 4514
f 4448 4478 4479 4481
f 4448 4481 4484 4482
f 4449 4450 4532 4531
f 4450 4455 4539 4532
f 4536 4453 4451 4534
f 4451 4933 4934 4534
f 4452 4454 4537 4535
f 4558 4457 4452 4535
f 4537 4454 4453 4536
f 4455 4456 4540 4539
f 4456 4457 4558 4540
f 4462 4459 4458 4461
f 4460 4464 4467 4466
f 4572 4462 4461 4571
f 4463 4465 4466 4468
f 4463 4468 4474 4472
f 4489 4467 4464 4488
f 4466 4467 4469 4468
f 4490 4469 4467 4489
f 4468 4469 4475 4474
f 4491 4475 4469 4490
f 4470 4471 4479 4478
f 4480 4471 4470 4473
f 4481 4479 4471 4480
f 4472 4474 4493 4492
f 4473 4476 4486 4480
f 4474 4475 4494 4493
f 4475 4491 4503 4494
f 4476 4477 4487 4486
f 4477 4495 4498 4487
f 4484 4481 4480 4486
f 4485 4483 4482 4484
f 4483 4485 4497 4496
f 4484 4486 4487 4485
f 4485 4487 4498 4497
f 4578 4489 4488 4577
f 4579 4490 4489 4578
f 4587 4491 4490 4579
f 4591 4503 4491 4587
f 4501 4498 4495 4499
f 4502 4500 4496 4497
f 4497 4498 4501 4502
f 4504 4506 4508 4507
f 4511 4505 4504 4507
f 4505 4511 4521 4516
f 4506 4509 4510 4508
f 4513 4511 4507 4512
f 4507 4508 4515 4512
f 4508 4510 4514 4515
f 4511 4513 4522 4521
f 4512 4515 4525 4526
f 4527 4513 4512 4526
f 4528 4522 4513 4527
f 4525 4515 4514 4531
f 4519 4517 4516 4521
f 4520 4518 4517 4519
f 4519 4521 4522 4523
f 4524 4520 4519 4523
f 4529 4523 4522 4528
f 4530 4524 4523 4529
f 4525 4531 4532 4538
f 4541 4526 4525 4538
f 4542 4527 4526 4541
f 4549 4528 4527 4542
f 4550 4529 4528 4549
f 4548 4530 4529 4550
f 4543 4538 4532 4539
f 4534 4934 4936 4935
f 4941 4536 4534 4935
f 4561 4558 4535 4559
f 4535 4537 4953 4559
f 4953 4537 4536 4941
f 4544 4541 4538 4543
f 4539 4540 4546 4543
f 4561 4546 4540 4558
f 4545 4542 4541 4544
f 4542 4545 4551 4549
f 4547 4544 4543 4546
f 4552 4545 4544 4547
f 4553 4551 4545 4552
f 4562 4547 4546 4561
f 4566 4552 4547 4562
f 4548 4550 4555 4554
f 4555 4550 4549 4551
f 4551 4553 4557 4555
f 4567 4553 4552 4566
f 4569 4557 4553 4567
f 4554 4555 4557 4556
f 4556 4557 4569 4568
f 4562 4561 4559 4560
f 4954 4560 4559 4953
f 4566 4562 4560 4563
f 4955 4563 4560 4954
f 4567 4566 4563 4570
f 4956 4570 4563 4955
f 4564 4568 4569 4565
f 4564 4565 4957 4958
f 4565 4569 4567 4570
f 4565 4570 4956 4957
f 4571 4573 4574 4572
f 4584 4580 4575 4576
f 4576 4583 4585 4584
f 4582 4578 4577 4581
f 4586 4579 4578 4582
f 4579 4586 4589 4587
f 4582 4581 4580 4584
f 4582 4584 4585 4586
f 4590 4585 4583 4588
f 4589 4586 4585 4590
f 4587 4589 4594 4591
f 4593 4590 4588 4592
f 4589 4590 4593 4594
f 4603 4596 4595 4599
f 4596 4603 4610 4612
f 4602 4598 4597 4601
f 4607 4601 4597 4606
f 4604 4600 4598 4602
f 4599 4600 4604 4603
f 4609 4602 4601 4608
f 4601 4607 4637 4608
f 4611 4604 4602 4609
f 4603 4604 4611 4610
f 4620 4606 4605 4619
f 4638 4607 4606 4620
f 4639 4637 4607 4638
f 4616 4609 4608 4615
f 4640 4615 4608 4637
f 4613 4611 4609 4616
f 4610 4611 4613 4614
f 4713 4612 4610 4614
f 4613 4616 4618 4718
f 4714 4614 4613 4718
f 4715 4713 4614 4714
f 4618 4616 4615 4617
f 4688 4617 4615 4640
f 4617 4688 4689 4716
f 4717 4618 4617 4716
f 4719 4718 4618 4717
f 4626 4620 4619 4625
f 4620 4626 4627 4638
f 4621 4622 4629 4628
f 4633 4623 4621 4628
f 4634 4624 4623 4633
f 4624 4634 4647 4642
f 4639 4638 4627 4644
f 4628 4629 4630 4632
f 4628 4632 4635 4633
f 4636 4634 4633 4635
f 4634 4636 4649 4647
f 4637 4639 4641 4640
f 4639 4644 4645 4641
f 4640 4641 4690 4688
f 4641 4645 4646 4690
f 4648 4643 4642 4647
f 4643 4648 4679 4672
f 4691 4690 4646 4696
f 4650 4648 4647 4649
f 4648 4650 4682 4679
f 4651 4652 4657 4656
f 4652 4653 4658 4657
f 4653 4654 4664 4658
f 4654 4655 4665 4664
f 4681 4665 4655 4674
f 4656 4657 4661 4660
f 4657 4658 4662 4661
f 4667 4662 4658 4664
f 4664 4665 4668 4667
f 4683 4668 4665 4681
f 4669 4746 4748 4670
f 4750 4671 4670 4748
f 4676 4685 4671 4750
f 4680 4673 4672 4679
f 4681 4674 4673 4680
f 4678 4676 4675 4677
f 4675 4676 4750 4749
f 4675 4749 4754 4762
f 4758 4677 4675 4762
f 4686 4685 4676 4678
f 4707 4678 4677 4706
f 4760 4706 4677 4758
f 4687 4686 4678 4707
f 4679 4682 4684 4680
f 4683 4681 4680 4684
f 4687 4707 4708 4712
f 4691 4689 4688 4690
f 4689 4691 4692 4693
f 4724 4716 4689 4693
f 4691 4696 4697 4692
f 4694 4693 4692 4695
f 4692 4697 4698 4695
f 4693 4694 4726 4724
f 4694 4695 4703 4700
f 4694 4700 4732 4726
f 4695 4698 4709 4703
f 4699 4702 4701 4704
f 4705 4702 4699 4708
f 4710 4711 4699 4704
f 4699 4711 4712 4708
f 4700 4703 4704 4701
f 4700 4701 4733 4732
f 4701 4702 4730 4733
f 4702 4705 4772 4730
f 4703 4709 4710 4704
f 4707 4706 4705 4708
f 4705 4706 4760 4772
f 4714 4718 4719 4721
f 4720 4715 4714 4721
f 4725 4717 4716 4724
f 4728 4719 4717 4725
f 4723 4721 4719 4728
f 4720 4721 4723 4722
f 4722 4723 4740 4739
f 4723 4728 4729 4740
f 4727 4725 4724 4726
f 4725 4727 4729 4728
f 4734 4727 4726 4732
f 4736 4729 4727 4734
f 4743 4740 4729 4736
f 4735 4733 4730 4731
f 4773 4731 4730 4772
f 4738 4735 4731 4737
f 4774 4737 4731 4773
f 4732 4733 4735 4734
f 4734 4735 4738 4736
f 4736 4738 4744 4743
f 4744 4738 4737 4782
f 4737 4774 4777 4782
f 4739 4740 4743 4741
f 4744 4742 4741 4743
f 4782 4781 4742 4744
f 4748 4746 4745 4747
f 4750 4748 4747 4749
f 4747 4751 4754 4749
f 4751 4752 4755 4754
f 4752 4753 4756 4755
f 4757 4756 4753 4770
f 4763 4762 4754 4755
f 4755 4756 4764 4763
f 4756 4757 4765 4764
f 4757 4771 4766 4765
f 4757 4770 4769 4771
f 4758 4759 4761 4760
f 4758 4762 4763 4759
f 4759 4763 4764 4767
f 4775 4761 4759 4767
f 4773 4772 4760 4761
f 4774 4773 4761 4775
f 4764 4765 4768 4767
f 4765 4766 4778 4768
f 4767 4768 4779 4775
f 4768 4778 4780 4779
f 4774 4775 4779 4777
f 4779 4780 4776 4777
f 4776 4781 4782 4777
f 4795 4787 4783 5023
f 5034 5023 4783 5032
f 4783 4839 5119 5032
f 4788 4785 4784 4794
f 4784 4787 4795 4794
f 4791 4786 4785 4788
f 4786 4791 4808 4806
f 4788 4789 4792 4791
f 4788 4794 4796 4789
f 4789 4790 4793 4792
f 4799 4790 4789 4796
f 4790 4799 4801 4802
f 4803 4793 4790 4802
f 4791 4792 4809 4808
f 4792 4793 4813 4809
f 4793 4803 4818 4813
f 4794 4795 4797 4796
f 4795 5023 5040 4797
f 4796 4797 4798 4799
f 5041 4798 4797 5040
f 4801 4799 4798 4800
f 5042 4800 4798 5041
f 4821 4801 4800 4845
f 5063 4845 4800 5042
f 4819 4802 4801 4821
f 4818 4803 4802 4819
f 4804 4805 4815 4814
f 5048 4805 4804 5047
f 4847 4815 4805 4846
f 5095 4846 4805 5048
f 4810 4807 4806 4808
f 4807 4810 4840 4837
f 4808 4809 4812 4810
f 4811 4812 4809 4813
f 4810 4812 4841 4840
f 4811 4813 4818 4819
f 4811 4819 4821 4820
f 4841 4812 4811 4820
f 4814 4815 4817 4816
f 4848 4817 4815 4847
f 4816 4817 5061 5058
f 4817 4848 5103 5061
f 4844 4841 4820 4842
f 4820 4821 4845 4842
f 4827 4825 4822 4823
f 4835 4827 4823 4833
f 4824 4826 4829 4828
f 4829 4826 4825 4827
f 4831 4829 4827 4835
f 4831 4830 4828 4829
f 4830 4831 4832 4849
f 4831 4835 4836 4832
f 4832 4836 5091 5075
f 5108 4849 4832 5075
f 4833 4834 4836 4835
f 5091 4836 4834 5089
f 4843 4838 4837 4840
f 5086 4839 4838 4843
f 4839 5086 5124 5119
f 4840 4841 4844 4843
f 4842 4845 5063 5088
f 5087 4844 4842 5088
f 4843 4844 5087 5086
f 4850 4852 4900 4853
f 4902 4854 4853 4900
f 4901 4855 4854 4902
f 4905 4884 4855 4901
f 4856 4857 4860 4858
f 4864 4857 4856 4862
f 4887 4860 4857 4888
f 4857 4864 4889 4888
f 4861 4859 4858 4860
f 4886 4861 4860 4887
f 4862 4863 4865 4864
f 4867 4865 4863 4866
f 4864 4865 4890 4889
f 4865 4867 4892 4890
f 4881 4867 4866 4868
f 4867 4881 4893 4892
f 4868 4869 4870 4881
f 4878 4870 4869 4877
f 4893 4881 4870 4894
f 4870 4878 4899 4894
f 4871 4872 4875 4873
f 4896 4875 4872 4895
f 4876 4874 4873 4875
f 4874 4876 4880 4879
f 4897 4876 4875 4896
f 4898 4880 4876 4897
f 4880 4878 4877 4879
f 4878 4880 4898 4899
f 4882 4883 4906 4904
f 4883 4885 4907 4906
f 4907 4885 4884 4905
f 4908 4911 4973 4964
f 4974 4912 4909 4965
f 5036 4965 4910 5021
f 4913 4974 5092 5024
f 4914 4917 4985 4978
f 4986 4918 4915 4979
f 5093 4979 4916 5026
f 4919 4929 5001 4989
f 5002 4930 4920 4990
f 4921 4986 5109 5029
f 5110 4990 4922 5030
f 4923 4924 4926 4925
f 4923 4925 4932 4928
f 4923 4928 5129 5132
f 5131 4924 4923 5132
f 4925 4926 5009 5010
f 5015 4932 4925 5010
f 4927 4928 4932 4931
f 5129 4928 4927 5127
f 4931 4932 5015 5013
f 4935 4936 4937 4939
f 4935 4939 4942 4941
f 4937 4938 4940 4939
f 4947 4940 4938 4946
f 4939 4940 4943 4942
f 4950 4943 4940 4947
f 4954 4953 4941 4942
f 4955 4954 4942 4943
f 4956 4955 4943 4950
f 4944 4945 4949 4948
f 4952 4949 4945 4951
f 4949 4947 4946 4948
f 4947 4949 4952 4950
f 4957 4956 4950 4952
f 4951 4958 4957 4952
f 4959 4964 4967 4966
f 4960 4961 4998 4997
f 4999 4962 4960 4997
f 4961 4969 5005 4998
f 5000 4963 4962 4999
f 4963 5000 5111 5035
f 4983 4968 4967 4975
f 4969 4970 5006 5005
f 4970 4971 5007 5006
f 4971 4972 5008 5007
f 5121 5008 4972 5077
f 4973 4976 4980 4975
f 4977 4978 4982 4981
f 4995 4984 4982 4991
f 4985 4987 4992 4991
f 4988 4989 4994 4993
f 5004 4996 4994 5003
f 5009 5011 5018 5010
f 5016 5015 5010 5018
f 5011 5012 5019 5018
f 5012 5152 5156 5019
f 5016 5014 5013 5015
f 5014 5016 5020 5017
f 5016 5018 5019 5020
f 5017 5020 5155 5153
f 5155 5020 5019 5156
f 5022 5025 5092 5036
f 5023 5034 5116 5040
f 5027 5028 5109 5093
f 5031 5033 5112 5110
f 5113 5037 5035 5111
f 5114 5038 5037 5113
f 5115 5039 5038 5114
f 5120 5071 5039 5115
f 5118 5041 5040 5116
f 5117 5042 5041 5118
f 5125 5063 5042 5117
f 5043 5044 5046 5045
f 5048 5047 5043 5045
f 5050 5046 5044 5049
f 5045 5046 5094 5096
f 5095 5048 5045 5096
f 5046 5050 5097 5094
f 5053 5050 5049 5051
f 5050 5053 5098 5097
f 5051 5052 5054 5053
f 5069 5054 5052 5055
f 5053 5054 5100 5098
f 5054 5069 5101 5100
f 5055 5056 5057 5069
f 5068 5057 5056 5066
f 5101 5069 5057 5102
f 5057 5068 5107 5102
f 5062 5059 5058 5061
f 5064 5060 5059 5062
f 5060 5064 5067 5065
f 5104 5062 5061 5103
f 5105 5064 5062 5104
f 5135 5088 5063 5125
f 5106 5067 5064 5105
f 5068 5066 5065 5067
f 5107 5068 5067 5106
f 5070 5078 5082 5072
f 5123 5081 5071 5120
f 5072 5082 5090 5085
f 5084 5079 5073 5083
f 5074 5108 5075 5076
f 5074 5076 5084 5083
f 5090 5076 5075 5091
f 5076 5090 5082 5084
f 5077 5080 5122 5121
f 5078 5079 5084 5082
f 5080 5081 5123 5122
f 5091 5089 5085 5090
f 5086 5087 5126 5124
f 5087 5088 5135 5126
f 5127 5128 5130 5129
f 5141 5130 5128 5149
f 5134 5132 5129 5130
f 5143 5134 5130 5141
f 5131 5132 5134 5133
f 5133 5134 5143 5137
f 5136 5146 5145 5151
f 5159 5146 5136 5154
f 5144 5138 5137 5143
f 5147 5139 5138 5144
f 5148 5140 5139 5147
f 5140 5148 5158 5157
f 5144 5143 5141 5142
f 5141 5149 5150 5142
f 5147 5144 5142 5145
f 5142 5150 5151 5145
f 5145 5146 5148 5147
f 5158 5148 5146 5159
f 5152 5157 5158 5156
f 5159 5154 5153 5155
f 5155 5156 5158 5159
