# Blender 5.0.1
# www.blender.org
o tripo_node_3572f6d0-cacb-4616-b19e-67fedca99eb7
v -0.416260 0.027344 0.317627 0.0118 0.0118 0.0118
v -0.416748 0.033691 0.319092 0.0706 0.0706 0.0706
v -0.393311 0.027832 0.347900 0.0118 0.0118 0.0118
v -0.393799 0.033691 0.349365 0.0667 0.0667 0.0667
v -0.377686 0.028809 0.364990 0.0392 0.0392 0.0392
v -0.379639 0.034180 0.365479 0.1608 0.1608 0.1608
v -0.387451 0.023438 0.337158 0.0431 0.0431 0.0431
v -0.383057 0.024902 0.329834 0.0078 0.0078 0.0078
v -0.389893 0.050781 0.341553 0.9137 0.9137 0.9137
v -0.387939 0.051758 0.331299 0.7372 0.7372 0.7372
v -0.375244 0.043945 0.321045 0.0667 0.0667 0.0667
v -0.381103 0.048828 0.320068 0.0275 0.0275 0.0275
v -0.436279 0.027344 0.283936 0.0157 0.0157 0.0157
v -0.436768 0.033203 0.284912 0.0784 0.0784 0.0784
v -0.409912 0.023438 0.307861 0.0118 0.0118 0.0118
v -0.416260 0.049805 0.303467 0.8823 0.8823 0.8823
v -0.408936 0.051270 0.301025 0.2078 0.2078 0.2078
v -0.428955 0.023438 0.275147 0.0039 0.0039 0.0039
v -0.423096 0.024902 0.269287 0.0039 0.0039 0.0039
v -0.428955 0.049805 0.280518 0.9725 0.9725 0.9725
v -0.424072 0.050781 0.272705 0.7882 0.7882 0.7882
v -0.410400 0.043457 0.265869 0.0235 0.0235 0.0235
v -0.416260 0.048828 0.262939 0.0353 0.0353 0.0353
v -0.404541 0.024902 0.301025 0.0000 0.0000 0.0000
v -0.401123 0.048828 0.290283 0.0431 0.0471 0.0510
v -0.401611 0.043457 0.281494 0.1176 0.1216 0.1294
v -0.373779 0.036621 0.369385 0.1412 0.1412 0.1412
v -0.369385 0.032227 0.369873 0.0196 0.0196 0.0196
v -0.369385 0.040527 0.370361 0.1176 0.1176 0.1176
v -0.367432 0.048828 0.365479 0.1530 0.1530 0.1530
v -0.362549 0.038086 0.370850 0.0157 0.0157 0.0157
v -0.360107 0.047852 0.364502 0.0667 0.0667 0.0667
v -0.371826 0.024414 0.354248 0.0235 0.0235 0.0235
v -0.368896 0.025879 0.345459 0.0235 0.0235 0.0235
v -0.363525 0.028320 0.359131 0.0039 0.0039 0.0039
v -0.362549 0.028320 0.349365 0.0039 0.0039 0.0039
v -0.356689 0.034180 0.359619 0.0000 0.0000 0.0000
v -0.358154 0.032715 0.349854 0.0000 0.0000 0.0000
v -0.354736 0.043945 0.352295 0.0000 0.0000 0.0000
v -0.356689 0.041016 0.343506 0.1490 0.1490 0.1569
v -0.360596 0.039551 0.289307 0.0039 0.0039 0.0039
v -0.364502 0.045410 0.289307 0.0078 0.0078 0.0078
v -0.362549 0.050293 0.291260 0.0078 0.0078 0.0078
v -0.366943 0.040039 0.284424 0.0118 0.0118 0.0118
v -0.358154 0.045410 0.293701 0.0039 0.0039 0.0039
v -0.356201 0.050293 0.295166 0.0039 0.0039 0.0039
v -0.368408 0.036621 0.272705 0.0078 0.0078 0.0078
v -0.368896 0.036133 0.267334 0.0078 0.0078 0.0078
v -0.363037 0.035156 0.275635 0.0039 0.0039 0.0039
v -0.364014 0.033203 0.267822 0.0039 0.0039 0.0039
v -0.286865 0.039551 0.289307 0.0000 0.0000 0.0000
v -0.285400 0.045410 0.293701 0.0000 0.0000 0.0000
v -0.284424 0.050293 0.295166 0.0039 0.0039 0.0039
v -0.287842 0.035156 0.275635 0.0078 0.0078 0.0078
v -0.288330 0.033203 0.267822 0.0078 0.0078 0.0078
v -0.260010 0.047363 0.293701 0.0000 0.0000 0.0000
v -0.258545 0.052246 0.295166 0.0000 0.0000 0.0000
v -0.261475 0.041504 0.287354 0.0000 0.0000 0.0000
v -0.252686 0.048828 0.293701 0.0000 0.0000 0.0000
v -0.254150 0.042969 0.286865 0.0039 0.0039 0.0039
v -0.262939 0.035156 0.267822 0.0039 0.0039 0.0039
v -0.256103 0.036621 0.267822 0.0078 0.0078 0.0078
v -0.262451 0.037109 0.275635 0.0078 0.0078 0.0078
v -0.255615 0.038574 0.275635 0.0078 0.0078 0.0078
v -0.355225 0.068359 0.291260 0.0078 0.0078 0.0078
v -0.348877 0.068359 0.295166 0.0078 0.0078 0.0078
v -0.345947 0.152344 0.271729 0.0157 0.0157 0.0157
v -0.344971 0.160156 0.266357 0.6118 0.6118 0.6118
v -0.318603 0.145020 0.297119 0.0353 0.0353 0.0353
v -0.318115 0.143555 0.287354 0.0549 0.0627 0.0588
v -0.333740 0.151855 0.302979 0.2039 0.2039 0.2039
v -0.328369 0.158691 0.301514 0.2314 0.2314 0.2314
v -0.341064 0.153320 0.289307 0.9686 0.9686 0.9686
v -0.336670 0.160156 0.285889 0.9529 0.9529 0.9529
v -0.326416 0.147949 0.305908 0.1020 0.1020 0.1020
v -0.321045 0.154785 0.304443 0.0745 0.0745 0.0745
v -0.313721 0.163086 0.302979 0.0549 0.0549 0.0549
v -0.320557 0.155273 0.291260 0.0745 0.0745 0.0745
v -0.313232 0.151855 0.296143 0.0314 0.0314 0.0314
v -0.312744 0.152344 0.296631 0.0196 0.0196 0.0196
v -0.314697 0.155273 0.295166 0.0118 0.0157 0.0118
v -0.322021 0.166992 0.296143 0.2784 0.2784 0.2784
v -0.313721 0.170410 0.288818 0.0784 0.0784 0.0863
v -0.328857 0.144043 0.257080 0.0118 0.0118 0.0118
v -0.340576 0.153809 0.262939 0.0588 0.0588 0.0588
v -0.335205 0.149414 0.256104 0.0353 0.0353 0.0353
v -0.329346 0.150879 0.251709 0.0196 0.0196 0.0196
v -0.337158 0.168457 0.260986 0.3961 0.3961 0.4039
v -0.329346 0.170898 0.255615 0.1412 0.1412 0.1412
v -0.323975 0.146973 0.274658 0.1804 0.1882 0.1843
v -0.319580 0.153809 0.271729 0.1843 0.1922 0.1882
v -0.327393 0.168945 0.280029 0.5294 0.5294 0.5373
v -0.319092 0.170898 0.275635 0.1176 0.1176 0.1176
v -0.281982 0.068359 0.295166 0.0078 0.0078 0.0078
v -0.251221 0.053711 0.295166 0.0000 0.0000 0.0000
v -0.309326 0.152344 0.301025 0.0039 0.0039 0.0039
v -0.312256 0.167969 0.297119 0.0745 0.0745 0.0745
v -0.306396 0.162109 0.301025 0.4432 0.4432 0.4510
v -0.309326 0.148438 0.296631 0.0118 0.0118 0.0118
v -0.305420 0.160645 0.296143 0.1922 0.1922 0.1922
v -0.312256 0.150391 0.286377 0.0118 0.0118 0.0118
v -0.304932 0.158203 0.286377 0.1373 0.1412 0.1412
v -0.309814 0.162109 0.296631 0.1216 0.1294 0.1255
v -0.306396 0.166016 0.296631 0.0863 0.0863 0.0863
v -0.305420 0.169922 0.281982 0.0588 0.0588 0.0588
v -0.303467 0.166504 0.290283 0.0510 0.0588 0.0549
v -0.308350 0.164062 0.266846 0.0902 0.0980 0.0941
v -0.310791 0.170410 0.269287 0.0471 0.0549 0.0510
v -0.303955 0.162598 0.279541 0.1020 0.1059 0.1098
v -0.312744 0.249023 0.250732 0.9764 0.9843 0.9804
v -0.312744 0.254395 0.251709 0.9725 0.9725 0.9725
v -0.312744 0.259766 0.250732 0.9686 0.9764 0.9725
v -0.283447 0.237305 0.281494 0.0471 0.0471 0.0471
v -0.312256 0.193359 0.254639 0.0510 0.0510 0.0510
v -0.311768 0.197266 0.256592 0.4078 0.4078 0.4078
v -0.311279 0.207520 0.255615 0.0196 0.0196 0.0196
v -0.306396 0.238281 0.279541 0.0314 0.0314 0.0314
v -0.309814 0.227539 0.266846 0.2941 0.2941 0.2941
v -0.306396 0.224609 0.269775 0.0471 0.0471 0.0471
v -0.306396 0.214844 0.254639 0.0039 0.0039 0.0039
v -0.309814 0.218750 0.253174 0.0039 0.0039 0.0039
v -0.309814 0.231445 0.261475 0.0980 0.0980 0.0980
v -0.308838 0.235352 0.257568 0.6157 0.6157 0.6157
v -0.304443 0.234375 0.258545 0.1451 0.1451 0.1451
v -0.286377 0.222656 0.271729 0.0471 0.0431 0.0471
v -0.290771 0.211426 0.255615 0.0039 0.0039 0.0039
v -0.306396 0.254395 0.283447 0.0157 0.0157 0.0157
v -0.282471 0.254395 0.285889 0.0510 0.0510 0.0510
v -0.283447 0.271484 0.281494 0.0549 0.0549 0.0549
v -0.309814 0.240234 0.275635 0.4706 0.4706 0.4706
v -0.309814 0.254395 0.279053 0.7098 0.7098 0.7059
v -0.309814 0.241699 0.268799 0.0902 0.0902 0.0902
v -0.309814 0.254395 0.271729 0.0588 0.0588 0.0588
v -0.308838 0.254395 0.266357 1.0000 1.0000 0.9960
v -0.304443 0.254395 0.267822 0.0980 0.0980 0.0941
v -0.309814 0.269043 0.275635 0.8196 0.8196 0.8157
v -0.306396 0.270508 0.279541 0.0706 0.0706 0.0706
v -0.309814 0.267090 0.268799 0.0235 0.0235 0.0235
v -0.308838 0.244141 0.263916 0.8980 0.8980 0.8980
v -0.304443 0.243652 0.265381 0.1294 0.1294 0.1294
v -0.308838 0.264648 0.263916 0.9960 0.9960 0.9960
v -0.304443 0.265625 0.265381 0.2863 0.2863 0.2863
v -0.309814 0.281250 0.266846 0.0157 0.0157 0.0157
v -0.306396 0.284180 0.269775 0.1216 0.1216 0.1216
v -0.309814 0.277832 0.261475 0.0039 0.0039 0.0039
v -0.308838 0.273438 0.257568 0.9764 0.9804 0.9882
v -0.304443 0.274414 0.258545 0.9764 0.9764 0.9764
v -0.309814 0.290039 0.253174 0.0000 0.0000 0.0000
v -0.306396 0.293945 0.254639 0.0902 0.0902 0.0902
v -0.286377 0.286621 0.271729 0.1059 0.1098 0.1059
v -0.290771 0.297363 0.255615 0.2078 0.2078 0.2078
v -0.468994 0.027344 0.206787 0.0706 0.0706 0.0706
v -0.469482 0.033203 0.207764 0.1176 0.1176 0.1176
v -0.453857 0.033203 0.249268 0.0863 0.0863 0.0863
v -0.452881 0.027344 0.248291 0.0196 0.0196 0.0196
v -0.445557 0.023438 0.240967 0.0039 0.0039 0.0039
v -0.439209 0.024902 0.236084 0.0078 0.0078 0.0078
v -0.449951 0.048340 0.234619 0.7412 0.7451 0.7451
v -0.442139 0.049805 0.232178 0.0431 0.0431 0.0431
v -0.460693 0.023438 0.200928 0.0000 0.0000 0.0000
v -0.453857 0.024902 0.196533 0.0118 0.0118 0.0118
v -0.464111 0.047852 0.195557 0.5804 0.5804 0.5804
v -0.456299 0.049316 0.195068 0.0863 0.0902 0.0902
v -0.445557 0.048828 0.192627 0.0706 0.0745 0.0706
v -0.440674 0.042969 0.197022 0.0706 0.0784 0.0745
v -0.481689 0.033203 0.164307 0.1020 0.1020 0.1020
v -0.481201 0.027344 0.163330 0.0314 0.0314 0.0314
v -0.472412 0.023438 0.158936 0.0039 0.0039 0.0039
v -0.473389 0.047852 0.165283 0.8862 0.8862 0.8862
v -0.466553 0.048828 0.159912 0.3255 0.3255 0.3255
v -0.451904 0.042969 0.159424 0.1176 0.1176 0.1176
v -0.465576 0.024902 0.155518 0.0235 0.0235 0.0235
v -0.456787 0.048828 0.154053 0.0431 0.0431 0.0431
v -0.432373 0.048828 0.228272 0.0118 0.0118 0.0118
v -0.431885 0.042969 0.219971 0.0863 0.0941 0.0902
v -0.393311 0.159180 0.157959 0.1373 0.1373 0.1373
v -0.383545 0.159668 0.186279 0.0745 0.0745 0.0745
v -0.379150 0.153320 0.183350 0.0588 0.0588 0.0588
v -0.375244 0.168457 0.181397 0.4078 0.4078 0.4078
v -0.396240 0.151367 0.151123 0.9372 0.9372 0.9333
v -0.400146 0.158691 0.129639 0.9137 0.9137 0.9137
v -0.395264 0.152344 0.128174 0.0314 0.0353 0.0353
v -0.387939 0.152832 0.155518 0.1294 0.1333 0.1333
v -0.381592 0.149414 0.153564 0.0314 0.0353 0.0392
v -0.375244 0.150391 0.150635 0.0275 0.0353 0.0314
v -0.385010 0.168457 0.153564 0.4235 0.4235 0.4314
v -0.376221 0.170898 0.150147 0.1490 0.1490 0.1490
v -0.388428 0.149414 0.126221 0.1255 0.1333 0.1412
v -0.489990 0.027344 0.118897 0.0588 0.0588 0.0588
v -0.490967 0.033203 0.119385 0.1137 0.1137 0.1137
v -0.481201 0.023438 0.115479 0.0000 0.0000 0.0000
v -0.473877 0.024902 0.113037 0.0235 0.0235 0.0235
v -0.484131 0.047363 0.111572 0.4941 0.4941 0.4941
v -0.476318 0.048828 0.112549 0.1373 0.1373 0.1373
v -0.496338 0.027344 0.072022 0.0588 0.0588 0.0588
v -0.496826 0.033203 0.072022 0.1216 0.1216 0.1216
v -0.487061 0.023438 0.070068 0.0000 0.0000 0.0000
v -0.488525 0.047363 0.075928 0.8862 0.8862 0.8862
v -0.479736 0.024902 0.068604 0.0196 0.0196 0.0196
v -0.481689 0.048828 0.071533 0.1020 0.1020 0.1020
v -0.470947 0.048828 0.069092 0.0314 0.0275 0.0275
v -0.465576 0.048828 0.109131 0.0431 0.0471 0.0431
v -0.463623 0.042969 0.101318 0.1059 0.1098 0.1176
v -0.467041 0.042969 0.075928 0.0784 0.0863 0.0824
v -0.499268 0.027344 0.024170 0.0667 0.0667 0.0667
v -0.499756 0.033203 0.024170 0.1255 0.1255 0.1255
v -0.489990 0.023438 0.023682 0.0000 0.0000 0.0000
v -0.492432 0.047363 0.018799 0.5843 0.5764 0.5804
v -0.484619 0.048828 0.021240 0.1373 0.1373 0.1373
v -0.482666 0.024902 0.023193 0.0157 0.0196 0.0196
v -0.473877 0.048828 0.020752 0.0353 0.0392 0.0353
v -0.470947 0.042969 0.013428 0.0627 0.0667 0.0745
v -0.407471 0.148438 0.084229 0.1843 0.1843 0.1843
v -0.409424 0.148438 0.066162 0.9176 0.9176 0.9176
v -0.392334 0.168457 0.122803 0.4353 0.4392 0.4471
v -0.381592 0.150391 0.123779 0.0980 0.1059 0.1020
v -0.383545 0.170898 0.119873 0.1373 0.1373 0.1373
v -0.391846 0.143555 0.062744 0.0980 0.1059 0.1020
v -0.389893 0.143555 0.080811 0.1569 0.1608 0.1686
v -0.400635 0.149902 0.090576 0.0431 0.0431 0.0431
v -0.405518 0.155273 0.092041 0.1020 0.1020 0.1020
v -0.394287 0.149414 0.088623 0.0549 0.0549 0.0549
v -0.397217 0.168457 0.090088 0.4902 0.4941 0.5019
v -0.387451 0.150391 0.087647 0.1020 0.1098 0.1059
v -0.388428 0.170898 0.088623 0.1216 0.1216 0.1216
v -0.379150 0.170410 0.086182 0.0118 0.0118 0.0118
v -0.376709 0.163574 0.085693 0.0157 0.0157 0.0157
v -0.408936 0.155273 0.057861 0.5804 0.5804 0.5804
v -0.410889 0.155273 0.017822 0.1176 0.1176 0.1176
v -0.412354 0.148438 0.009522 0.9333 0.9411 0.9411
v -0.404053 0.149902 0.057373 0.1333 0.1333 0.1333
v -0.397705 0.149414 0.056397 0.0510 0.0549 0.0627
v -0.390869 0.150391 0.055420 0.1059 0.1059 0.1059
v -0.401123 0.168457 0.054443 0.4941 0.4941 0.5019
v -0.391846 0.170898 0.053467 0.1137 0.1137 0.1137
v -0.380127 0.163574 0.052002 0.0275 0.0275 0.0275
v -0.382568 0.170410 0.052002 0.0235 0.0235 0.0235
v -0.394287 0.143555 0.009522 0.1098 0.1137 0.1216
v -0.406006 0.149902 0.017334 0.0824 0.0863 0.0824
v -0.399658 0.149414 0.016846 0.0588 0.0627 0.0588
v -0.392822 0.150391 0.016357 0.0588 0.0588 0.0588
v -0.402588 0.168457 0.018311 0.4784 0.4784 0.4823
v -0.393799 0.170898 0.017822 0.1255 0.1255 0.1255
v -0.384033 0.170410 0.017822 0.0314 0.0314 0.0314
v -0.381592 0.163574 0.017334 0.0235 0.0235 0.0235
v -0.368896 0.036133 0.156982 0.0000 0.0078 0.0039
v -0.364014 0.033203 0.156494 0.0039 0.0039 0.0039
v -0.368408 0.036621 0.151611 0.0118 0.0196 0.0157
v -0.363037 0.035156 0.148682 0.0000 0.0000 0.0000
v -0.366943 0.040039 0.139893 0.0078 0.0157 0.0118
v -0.360596 0.039551 0.135498 0.0039 0.0039 0.0039
v -0.364502 0.045410 0.135010 0.0118 0.0157 0.0235
v -0.362549 0.050293 0.133545 0.0471 0.0549 0.0510
v -0.358154 0.045410 0.131104 0.0078 0.0078 0.0078
v -0.356201 0.050293 0.129150 0.0118 0.0118 0.0118
v -0.288330 0.033203 0.156494 0.0039 0.0039 0.0039
v -0.287842 0.035156 0.148682 0.0078 0.0078 0.0078
v -0.286865 0.039551 0.135498 0.0039 0.0039 0.0039
v -0.285400 0.045410 0.131104 0.0078 0.0078 0.0078
v -0.284424 0.050293 0.129150 0.0078 0.0078 0.0078
v -0.262939 0.035156 0.156494 0.0039 0.0039 0.0039
v -0.256104 0.036621 0.156494 0.0039 0.0039 0.0039
v -0.262451 0.037109 0.148682 0.0039 0.0039 0.0039
v -0.255615 0.038574 0.148682 0.0078 0.0078 0.0078
v -0.261475 0.041504 0.136963 0.0039 0.0039 0.0039
v -0.260010 0.047363 0.131104 0.0078 0.0078 0.0078
v -0.258545 0.052246 0.129150 0.0078 0.0078 0.0078
v -0.254150 0.042969 0.137451 0.0039 0.0039 0.0039
v -0.252686 0.048828 0.131104 0.0078 0.0078 0.0078
v -0.364014 0.152344 0.236084 0.2235 0.2235 0.2157
v -0.360107 0.160156 0.238525 0.3412 0.3412 0.3412
v -0.355713 0.153809 0.234619 0.0824 0.0824 0.0824
v -0.349365 0.149414 0.230225 0.0784 0.0824 0.0902
v -0.351318 0.168457 0.234131 0.4078 0.4078 0.4078
v -0.371826 0.152344 0.218506 0.9490 0.9490 0.9490
v -0.372314 0.160156 0.212647 0.9294 0.9294 0.9294
v -0.366943 0.153320 0.209717 0.0353 0.0353 0.0353
v -0.362061 0.149414 0.204346 0.0392 0.0392 0.0392
v -0.364502 0.168457 0.206787 0.4000 0.4039 0.4118
v -0.356201 0.150879 0.199951 0.0745 0.0824 0.0784
v -0.356689 0.170898 0.201904 0.1530 0.1530 0.1530
v -0.347900 0.170410 0.196533 0.0196 0.0196 0.0196
v -0.345459 0.164062 0.194580 0.0157 0.0157 0.0157
v -0.343506 0.150879 0.225342 0.0706 0.0745 0.0824
v -0.343018 0.170898 0.229248 0.1686 0.1686 0.1725
v -0.332275 0.164062 0.221436 0.0118 0.0118 0.0118
v -0.334717 0.170410 0.223389 0.0235 0.0235 0.0157
v -0.320557 0.160156 0.242920 0.0157 0.0157 0.0157
v -0.320068 0.152344 0.242920 0.1451 0.1530 0.1686
v -0.316162 0.148438 0.242920 0.1098 0.1098 0.1137
v -0.313232 0.160156 0.247314 0.3412 0.3451 0.3529
v -0.321045 0.170410 0.249756 0.0235 0.0235 0.0235
v -0.318603 0.164062 0.247803 0.0118 0.0118 0.0118
v -0.316650 0.162109 0.242920 0.0157 0.0235 0.0196
v -0.313232 0.166016 0.242920 0.0118 0.0118 0.0118
v -0.325928 0.160156 0.232666 0.0039 0.0039 0.0039
v -0.334228 0.160156 0.211182 0.0196 0.0196 0.0196
v -0.355225 0.068359 0.133545 0.2863 0.2863 0.2863
v -0.348877 0.068359 0.129150 0.0314 0.0314 0.0314
v -0.369385 0.143555 0.172119 0.1020 0.1059 0.1137
v -0.374756 0.143555 0.156494 0.0863 0.0902 0.0980
v -0.372314 0.149414 0.180420 0.0275 0.0275 0.0275
v -0.365967 0.150391 0.176514 0.0471 0.0471 0.0471
v -0.366943 0.170898 0.177002 0.1294 0.1294 0.1294
v -0.343994 0.160156 0.187256 0.0314 0.0314 0.0314
v -0.358154 0.170410 0.172119 0.0353 0.0353 0.0353
v -0.351318 0.160156 0.162354 0.0118 0.0118 0.0118
v -0.355713 0.164062 0.170654 0.0196 0.0196 0.0196
v -0.367432 0.170410 0.145752 0.0431 0.0431 0.0431
v -0.364990 0.164062 0.144287 0.0196 0.0196 0.0196
v -0.358643 0.160156 0.130127 0.0118 0.0118 0.0118
v -0.320557 0.155273 0.133545 0.0784 0.0941 0.0980
v -0.314697 0.155273 0.129150 0.0196 0.0196 0.0196
v -0.280518 0.068359 0.129150 0.0078 0.0078 0.0078
v -0.251221 0.053711 0.129150 0.0078 0.0078 0.0078
v -0.251709 0.089355 0.155518 0.1843 0.1647 0.1725
v -0.254150 0.099121 0.155518 0.1647 0.1725 0.1608
v -0.371826 0.164062 0.115479 0.0314 0.0314 0.0314
v -0.374268 0.170410 0.116943 0.0471 0.0471 0.0471
v -0.363525 0.160156 0.096924 0.0078 0.0078 0.0078
v -0.366455 0.160156 0.040772 0.0078 0.0078 0.0078
v -0.367432 0.160156 0.000244 0.0078 0.0078 0.0078
v -0.251709 0.089355 0.000244 0.0078 0.0078 0.0078
v -0.254150 0.099121 0.000244 0.0078 0.0078 0.0078
v -0.328369 0.193359 0.236084 0.0510 0.0510 0.0510
v -0.329346 0.197266 0.236572 0.4706 0.4706 0.4706
v -0.328857 0.207520 0.236084 0.0000 0.0000 0.0000
v -0.319580 0.187012 0.242432 0.0510 0.0510 0.0510
v -0.318603 0.190430 0.239014 0.0588 0.0588 0.0588
v -0.321533 0.193359 0.248779 0.1530 0.1530 0.1530
v -0.322021 0.197266 0.249756 0.4902 0.4902 0.4902
v -0.321533 0.207520 0.249268 0.1020 0.1020 0.1020
v -0.324951 0.187012 0.232666 0.0549 0.0549 0.0549
v -0.322998 0.190430 0.230225 0.0706 0.0706 0.0706
v -0.319580 0.212402 0.241943 0.0275 0.0275 0.0275
v -0.325439 0.212402 0.230713 0.0000 0.0000 0.0000
v -0.316162 0.212402 0.231201 0.0745 0.0745 0.0745
v -0.320068 0.212402 0.223389 0.0353 0.0353 0.0353
v -0.333252 0.187012 0.210693 0.0627 0.0627 0.0627
v -0.331299 0.190430 0.208740 0.0784 0.0784 0.0784
v -0.338135 0.197266 0.215088 0.6354 0.6354 0.6354
v -0.337158 0.193359 0.214600 0.0745 0.0745 0.0745
v -0.337646 0.207520 0.214111 0.0039 0.0039 0.0039
v -0.334228 0.212402 0.209229 0.0196 0.0196 0.0196
v -0.328369 0.212402 0.202393 0.0431 0.0431 0.0431
v -0.312744 0.244629 0.247314 0.9843 0.9843 0.9843
v -0.312744 0.241699 0.242432 0.9882 0.9882 0.9882
v -0.312744 0.240723 0.236572 0.9843 0.9843 0.9843
v -0.314209 0.254395 0.236572 0.9686 0.9686 0.9686
v -0.312744 0.264160 0.247314 0.9686 0.9686 0.9686
v -0.312744 0.267090 0.242432 0.9686 0.9686 0.9686
v -0.312744 0.268555 0.236572 0.9647 0.9647 0.9647
v -0.312744 0.241699 0.230713 0.9764 0.9764 0.9764
v -0.312744 0.244629 0.225830 0.9686 0.9686 0.9686
v -0.312744 0.249023 0.222412 0.9647 0.9647 0.9647
v -0.312744 0.254395 0.221436 0.9647 0.9647 0.9647
v -0.312744 0.267090 0.230713 0.9529 0.9607 0.9568
v -0.312744 0.259766 0.222412 0.9607 0.9607 0.9607
v -0.312744 0.264160 0.225830 0.9647 0.9647 0.9647
v -0.347900 0.197266 0.185791 0.4823 0.4823 0.4823
v -0.346924 0.193359 0.185303 0.0784 0.0784 0.0784
v -0.347412 0.207520 0.185303 0.0078 0.0078 0.0078
v -0.355713 0.197266 0.156494 0.5216 0.5216 0.5216
v -0.350342 0.187012 0.153076 0.0588 0.0588 0.0588
v -0.347900 0.190430 0.151611 0.0784 0.0784 0.0784
v -0.354736 0.193359 0.156006 0.0784 0.0784 0.0784
v -0.355225 0.207520 0.155518 0.0039 0.0039 0.0039
v -0.351807 0.212402 0.151611 0.0392 0.0392 0.0392
v -0.343994 0.212402 0.146240 0.0353 0.0353 0.0353
v -0.342529 0.187012 0.182373 0.0667 0.0667 0.0667
v -0.340576 0.190430 0.180420 0.0784 0.0784 0.0784
v -0.343506 0.212402 0.180908 0.0392 0.0392 0.0392
v -0.337158 0.212402 0.174561 0.0431 0.0431 0.0431
v -0.312256 0.187012 0.247314 0.0510 0.0510 0.0510
v -0.312256 0.190430 0.242920 0.0549 0.0549 0.0549
v -0.296143 0.206543 0.236572 0.0118 0.0118 0.0039
v -0.311279 0.212402 0.247314 0.0235 0.0235 0.0235
v -0.311279 0.212402 0.234619 0.0118 0.0118 0.0118
v -0.309814 0.214844 0.236572 0.0157 0.0157 0.0157
v -0.306396 0.210449 0.236572 0.0000 0.0000 0.0000
v -0.309814 0.222168 0.236572 0.1020 0.1020 0.1020
v -0.309814 0.224609 0.249756 0.1137 0.1137 0.1137
v -0.308838 0.229980 0.247803 0.8706 0.8706 0.8706
v -0.308838 0.227539 0.236572 0.9607 0.9607 0.9607
v -0.304443 0.228516 0.248779 0.1490 0.1490 0.1490
v -0.304443 0.226074 0.236572 0.1294 0.1294 0.1294
v -0.309814 0.218262 0.220459 0.0078 0.0078 0.0078
v -0.309814 0.224609 0.223389 0.0627 0.0627 0.0627
v -0.308838 0.229980 0.225342 0.9921 0.9921 0.9921
v -0.304443 0.228516 0.224854 0.4118 0.4118 0.4118
v -0.306396 0.214355 0.218506 0.0078 0.0078 0.0078
v -0.301514 0.211426 0.218018 0.0118 0.0118 0.0118
v -0.309814 0.231445 0.212158 0.0157 0.0157 0.0157
v -0.308838 0.235352 0.215576 0.9960 0.9960 0.9960
v -0.309814 0.227051 0.206299 0.0196 0.0196 0.0196
v -0.304443 0.234375 0.214600 0.9921 0.9921 0.9921
v -0.306396 0.223633 0.202393 0.0392 0.0431 0.0392
v -0.304932 0.212402 0.188232 0.0157 0.0157 0.0157
v -0.309814 0.239746 0.196533 0.0000 0.0000 0.0000
v -0.306885 0.237793 0.192139 0.0353 0.0353 0.0353
v -0.296143 0.254395 0.236572 0.9882 0.9882 0.9882
v -0.308838 0.279297 0.247803 0.9215 0.9255 0.9333
v -0.309814 0.284668 0.249756 0.0039 0.0039 0.0039
v -0.308838 0.281250 0.236572 0.8862 0.8862 0.8941
v -0.304443 0.280762 0.248779 0.9255 0.9333 0.9294
v -0.304443 0.282715 0.236572 0.8862 0.8862 0.8862
v -0.309814 0.287109 0.236572 0.2314 0.2314 0.2314
v -0.309814 0.293945 0.236572 0.0118 0.0118 0.0118
v -0.306396 0.298340 0.236572 0.0706 0.0706 0.0706
v -0.308838 0.279297 0.225342 0.8588 0.8588 0.8588
v -0.309814 0.284668 0.223389 0.4078 0.4078 0.4078
v -0.304443 0.280762 0.224854 0.8549 0.8549 0.8549
v -0.309814 0.290527 0.220459 0.0000 0.0000 0.0000
v -0.308838 0.244141 0.209229 0.9372 0.9372 0.9372
v -0.309814 0.241699 0.204346 0.0000 0.0000 0.0000
v -0.308838 0.254395 0.206787 0.8784 0.8784 0.8784
v -0.304443 0.243652 0.207764 0.9333 0.9333 0.9333
v -0.304443 0.254395 0.205322 0.8745 0.8745 0.8745
v -0.308838 0.264648 0.209229 0.8470 0.8470 0.8470
v -0.309814 0.267090 0.204346 0.6980 0.6980 0.6980
v -0.304443 0.265625 0.207764 0.8431 0.8431 0.8431
v -0.309814 0.254395 0.201416 0.4039 0.4039 0.4039
v -0.309814 0.254395 0.192627 0.0000 0.0000 0.0000
v -0.306885 0.254395 0.187744 0.0078 0.0118 0.0118
v -0.309814 0.269531 0.196533 0.0000 0.0000 0.0000
v -0.308838 0.273438 0.215576 0.8392 0.8392 0.8392
v -0.309814 0.277832 0.212158 0.5686 0.5686 0.5686
v -0.309814 0.281738 0.206299 0.0039 0.0039 0.0039
v -0.304443 0.274414 0.214600 0.8392 0.8392 0.8392
v -0.306396 0.294434 0.218506 0.0118 0.0118 0.0118
v -0.301514 0.297363 0.218018 0.0471 0.0510 0.0471
v -0.306396 0.285156 0.202393 0.0275 0.0235 0.0275
v -0.306885 0.271484 0.192139 0.0118 0.0118 0.0118
v -0.299561 0.298828 0.157959 0.6824 0.6863 0.6863
v -0.295654 0.296875 0.152100 0.2745 0.2902 0.2863
v -0.296143 0.296875 0.150147 0.3137 0.3372 0.3294
v -0.288818 0.294434 0.155029 0.0118 0.0118 0.0118
v -0.317627 0.378906 0.203857 0.0667 0.0667 0.0667
v -0.317627 0.386719 0.205811 0.4235 0.4235 0.4235
v -0.317627 0.394043 0.203857 0.1490 0.1490 0.1490
v -0.320557 0.378906 0.199463 0.1176 0.1176 0.1176
v -0.317627 0.374512 0.199463 0.0980 0.0980 0.0980
v -0.320557 0.386719 0.199463 0.9372 0.9372 0.9372
v -0.320557 0.394043 0.199463 0.8902 0.8902 0.8902
v -0.316650 0.386719 0.189209 0.9804 0.9725 0.9843
v -0.317627 0.398438 0.199463 0.1804 0.1804 0.1804
v -0.316650 0.345703 0.180908 0.2078 0.2078 0.2078
v -0.321533 0.348633 0.171631 0.0471 0.0471 0.0471
v -0.321533 0.310059 0.148193 0.0000 0.0000 0.0000
v -0.316650 0.304688 0.155518 0.1569 0.1569 0.1608
v -0.322998 0.311523 0.126221 0.0078 0.0078 0.0078
v -0.322998 0.346680 0.149658 0.0078 0.0078 0.0078
v -0.318604 0.349121 0.143311 0.0078 0.0078 0.0078
v -0.326904 0.354492 0.130127 0.0078 0.0078 0.0078
v -0.320557 0.377441 0.181885 0.0039 0.0039 0.0039
v -0.317627 0.372559 0.181885 0.0863 0.0863 0.0863
v -0.320557 0.386719 0.181885 0.8784 0.8784 0.8784
v -0.320557 0.395508 0.181885 0.7529 0.7529 0.7529
v -0.321533 0.386719 0.179443 0.8941 0.8941 0.8941
v -0.320557 0.378906 0.159424 0.0039 0.0039 0.0039
v -0.317627 0.374512 0.163818 0.0078 0.0078 0.0078
v -0.322998 0.386719 0.157959 0.0078 0.0078 0.0078
v -0.320557 0.394043 0.159424 0.0078 0.0078 0.0078
v -0.317627 0.400391 0.181885 0.3294 0.3294 0.3294
v -0.317627 0.398438 0.163818 0.0118 0.0118 0.0118
v -0.321533 0.424316 0.171631 0.1020 0.1020 0.1020
v -0.318604 0.386719 0.151123 0.0078 0.0078 0.0078
v -0.326904 0.386719 0.136963 0.0039 0.0039 0.0039
v -0.322998 0.426758 0.149658 0.0078 0.0078 0.0078
v -0.318604 0.423828 0.143311 0.0078 0.0078 0.0078
v -0.326904 0.418457 0.130127 0.0078 0.0078 0.0078
v -0.296143 0.302734 0.236572 0.3529 0.3568 0.3647
v -0.308350 0.377930 0.205322 0.0000 0.0039 0.0000
v -0.299072 0.378906 0.203857 0.3686 0.3686 0.3843
v -0.308350 0.386719 0.207764 0.0039 0.0039 0.0039
v -0.308350 0.395508 0.205322 0.0000 0.0000 0.0000
v -0.299072 0.386719 0.205811 0.5412 0.5412 0.5412
v -0.299072 0.394043 0.203857 0.5647 0.5647 0.5686
v -0.308350 0.372559 0.200439 0.1490 0.1490 0.1490
v -0.299072 0.374512 0.199463 0.4589 0.4589 0.4667
v -0.299561 0.386719 0.193604 0.6118 0.6079 0.6315
v -0.295654 0.386719 0.189697 0.1059 0.1098 0.1059
v -0.288818 0.385742 0.191650 0.0353 0.0353 0.0353
v -0.308350 0.400391 0.200439 0.0157 0.0157 0.0157
v -0.299072 0.398438 0.199463 0.6000 0.6000 0.6000
v -0.299561 0.341797 0.184326 0.5843 0.5843 0.5921
v -0.295654 0.342285 0.180908 0.0549 0.0549 0.0588
v -0.296143 0.339355 0.176514 0.0157 0.0157 0.0157
v -0.288818 0.337891 0.182373 0.0353 0.0353 0.0353
v -0.308350 0.370117 0.181885 0.0902 0.0902 0.0902
v -0.299072 0.372559 0.181885 0.1020 0.1020 0.1020
v -0.308350 0.372559 0.163330 0.0157 0.0157 0.0078
v -0.299072 0.374512 0.163818 0.0157 0.0157 0.0157
v -0.299072 0.378906 0.159424 0.0157 0.0157 0.0157
v -0.299072 0.386719 0.157471 0.0157 0.0157 0.0157
v -0.299072 0.394043 0.159424 0.0157 0.0157 0.0157
v -0.296143 0.385742 0.185791 0.0196 0.0196 0.0196
v -0.308350 0.402832 0.181885 0.0902 0.0902 0.0980
v -0.299072 0.400391 0.181885 0.2078 0.2078 0.2118
v -0.308350 0.400391 0.163330 0.0157 0.0157 0.0078
v -0.299072 0.398438 0.163818 0.0157 0.0157 0.0157
v -0.362061 0.193359 0.119385 0.0745 0.0745 0.0745
v -0.363037 0.197266 0.119873 0.5725 0.5725 0.5725
v -0.362549 0.207520 0.119385 0.0039 0.0039 0.0039
v -0.357178 0.187012 0.117432 0.0627 0.0627 0.0627
v -0.354736 0.190430 0.116455 0.0784 0.0784 0.0784
v -0.358643 0.212402 0.116455 0.0392 0.0392 0.0392
v -0.350830 0.212402 0.112061 0.0510 0.0510 0.0510
v -0.362061 0.187012 0.081299 0.0588 0.0588 0.0588
v -0.359619 0.190430 0.080811 0.0745 0.0745 0.0745
v -0.367432 0.193359 0.082764 0.0745 0.0745 0.0745
v -0.368408 0.197266 0.083252 0.5490 0.5490 0.5490
v -0.367920 0.207520 0.082764 0.0118 0.0118 0.0118
v -0.363525 0.212402 0.080322 0.0471 0.0471 0.0471
v -0.355225 0.212402 0.077881 0.0588 0.0588 0.0588
v -0.316650 0.269531 0.114502 0.5255 0.5255 0.5255
v -0.321533 0.276855 0.109131 0.0000 0.0000 0.0000
v -0.322998 0.284668 0.091064 0.0078 0.0078 0.0078
v -0.326904 0.302246 0.080811 0.0078 0.0078 0.0078
v -0.318604 0.290527 0.088135 0.0078 0.0078 0.0078
v -0.365479 0.187012 0.040772 0.0588 0.0588 0.0588
v -0.362549 0.190430 0.040283 0.0745 0.0745 0.0745
v -0.371826 0.197266 0.041748 0.6706 0.6706 0.6706
v -0.370361 0.193359 0.041260 0.0706 0.0706 0.0706
v -0.370850 0.207520 0.041260 0.0157 0.0157 0.0157
v -0.366943 0.212402 0.040283 0.0275 0.0275 0.0275
v -0.358154 0.212402 0.038818 0.0118 0.0118 0.0118
v -0.366455 0.187012 0.000244 0.0588 0.0588 0.0588
v -0.363525 0.190430 0.000244 0.0706 0.0706 0.0706
v -0.371826 0.193359 0.000244 0.0706 0.0706 0.0706
v -0.372803 0.197266 0.000244 0.5804 0.5804 0.5804
v -0.372314 0.207520 0.000244 0.0039 0.0039 0.0039
v -0.367920 0.212402 0.000244 0.0118 0.0118 0.0118
v -0.359131 0.212402 0.000244 0.0275 0.0275 0.0275
v -0.321533 0.254395 0.057861 0.0000 0.0000 0.0000
v -0.316650 0.246094 0.060791 0.5686 0.5686 0.5764
v -0.322998 0.267578 0.047607 0.0078 0.0078 0.0078
v -0.326904 0.286621 0.042725 0.0078 0.0078 0.0078
v -0.318604 0.273926 0.046143 0.0078 0.0078 0.0078
v -0.326904 0.281250 0.000244 0.0078 0.0078 0.0078
v -0.299561 0.262695 0.115479 0.0235 0.0235 0.0235
v -0.295654 0.263672 0.114502 0.0157 0.0157 0.0157
v -0.288818 0.259277 0.112549 0.0157 0.0157 0.0157
v -0.296143 0.263184 0.109131 0.1608 0.1686 0.1647
v -0.299561 0.239258 0.061279 0.0118 0.0118 0.0118
v -0.288818 0.212402 0.059326 0.0118 0.0118 0.0118
v -0.295654 0.239258 0.061279 0.0314 0.0353 0.0314
v -0.296143 0.239746 0.057373 0.0314 0.0353 0.0431
v -0.288818 0.234863 0.059326 0.0157 0.0235 0.0196
v -0.288818 0.212402 0.000244 0.0039 0.0039 0.0039
v -0.296143 0.233887 0.000244 0.1255 0.1333 0.1294
v -0.288818 0.229004 0.000244 0.0000 0.0000 0.0000
v -0.318604 0.316406 0.121338 0.0078 0.0078 0.0078
v -0.326904 0.325684 0.111084 0.0078 0.0078 0.0078
v -0.335693 0.345703 0.069092 0.0157 0.0157 0.0157
v -0.348389 0.371094 0.064697 0.1569 0.1569 0.1569
v -0.348389 0.386719 0.067627 0.1216 0.1216 0.1216
v -0.348389 0.402344 0.064697 0.0784 0.0784 0.0784
v -0.335693 0.386719 0.088623 0.0078 0.0078 0.0078
v -0.342041 0.368652 0.070557 0.0784 0.0784 0.0784
v -0.342041 0.386719 0.074463 0.0784 0.0784 0.0784
v -0.327881 0.368164 0.072022 0.0392 0.0392 0.0392
v -0.327881 0.386719 0.075928 0.0353 0.0353 0.0353
v -0.342041 0.404785 0.070557 0.0745 0.0745 0.0745
v -0.335693 0.427246 0.069092 0.0118 0.0118 0.0118
v -0.327881 0.405273 0.072022 0.0235 0.0235 0.0235
v -0.348389 0.356445 0.054932 0.5647 0.5647 0.5647
v -0.348389 0.344727 0.040283 0.9882 0.9882 0.9882
v -0.348389 0.337402 0.021240 0.9921 0.9921 0.9921
v -0.352783 0.360840 0.024658 0.8666 0.8666 0.8666
v -0.352783 0.356445 0.012939 0.8666 0.8666 0.8666
v -0.342041 0.352539 0.059814 0.0863 0.0863 0.0863
v -0.342041 0.339355 0.043701 0.0902 0.0902 0.0902
v -0.327881 0.351074 0.061279 0.0235 0.0235 0.0235
v -0.327881 0.337891 0.044678 0.0353 0.0353 0.0353
v -0.342041 0.331543 0.022705 0.1255 0.1255 0.1255
v -0.335693 0.318359 0.000244 0.0392 0.0392 0.0392
v -0.327881 0.329590 0.023193 0.0275 0.0275 0.0275
v -0.352783 0.376953 0.039795 0.9137 0.9137 0.9137
v -0.352783 0.368164 0.033936 0.8902 0.8902 0.8902
v -0.352783 0.386719 0.041748 0.9294 0.9294 0.9294
v -0.352783 0.395996 0.039795 0.9333 0.9333 0.9333
v -0.348389 0.416504 0.054932 0.9960 0.9960 0.9960
v -0.352783 0.404785 0.033936 0.9529 0.9529 0.9529
v -0.352783 0.412109 0.024658 0.9960 0.9960 0.9960
v -0.352783 0.416992 0.012939 0.9921 0.9921 0.9921
v -0.342041 0.420898 0.059814 0.0706 0.0706 0.0706
v -0.327881 0.421875 0.061279 0.0157 0.0157 0.0157
v -0.335693 0.386719 0.000244 0.0118 0.0118 0.0118
v -0.315674 0.386719 0.000244 0.0118 0.0118 0.0118
v -0.295654 0.386719 0.000244 0.2196 0.2235 0.2314
v -0.248291 0.055176 0.295166 0.0000 0.0000 0.0000
v -0.244385 0.058594 0.295166 0.0000 0.0000 0.0000
v -0.240479 0.055176 0.293213 0.0000 0.0000 0.0000
v -0.237061 0.058594 0.293213 0.0000 0.0000 0.0000
v -0.240967 0.068359 0.295166 0.0078 0.0078 0.0078
v -0.231201 0.055176 0.285889 0.0157 0.0157 0.0157
v -0.228271 0.058594 0.285400 0.0157 0.0157 0.0157
v -0.234131 0.068359 0.293213 0.0000 0.0000 0.0000
v -0.224854 0.068359 0.285400 0.0118 0.0118 0.0118
v -0.224365 0.055176 0.275635 0.0039 0.0039 0.0039
v -0.220947 0.058594 0.275635 0.0078 0.0078 0.0078
v -0.221436 0.055176 0.267822 0.0039 0.0039 0.0039
v -0.218506 0.058594 0.267822 0.0078 0.0078 0.0078
v -0.218018 0.068359 0.275635 0.0078 0.0078 0.0078
v -0.215576 0.068359 0.267822 0.0078 0.0078 0.0078
v -0.236572 0.152344 0.301025 0.0392 0.0392 0.0392
v -0.236572 0.162109 0.301025 0.4589 0.4589 0.4667
v -0.237061 0.148438 0.296631 0.0353 0.0353 0.0353
v -0.240967 0.155273 0.295166 0.0118 0.0118 0.0118
v -0.237061 0.166016 0.296631 0.0353 0.0431 0.0392
v -0.228271 0.152344 0.297607 0.0431 0.0431 0.0431
v -0.228271 0.162109 0.297607 0.4392 0.4392 0.4471
v -0.229736 0.148438 0.293701 0.0353 0.0353 0.0353
v -0.234131 0.155273 0.293213 0.0392 0.0392 0.0471
v -0.221924 0.152344 0.292725 0.0314 0.0314 0.0314
v -0.223389 0.148438 0.287842 0.0157 0.0157 0.0157
v -0.224854 0.155273 0.285400 0.0196 0.0235 0.0235
v -0.229736 0.166016 0.293701 0.0157 0.0196 0.0196
v -0.221924 0.162109 0.292725 0.4863 0.4863 0.4941
v -0.223389 0.166016 0.288330 0.0275 0.0314 0.0314
v -0.219482 0.148438 0.279541 0.0039 0.0039 0.0039
v -0.219482 0.166016 0.279541 0.0706 0.0706 0.0706
v -0.217529 0.152344 0.284424 0.0000 0.0000 0.0000
v -0.217529 0.162109 0.284424 0.5137 0.5137 0.5216
v -0.218018 0.155273 0.275635 0.0745 0.0745 0.0745
v -0.212158 0.152344 0.266357 0.0000 0.0000 0.0000
v -0.215576 0.155273 0.267822 0.1530 0.1530 0.1451
v -0.212158 0.162109 0.266357 0.5294 0.5294 0.5373
v -0.215576 0.148438 0.265381 0.0078 0.0078 0.0078
v -0.215088 0.166016 0.264404 0.1255 0.1255 0.1255
v -0.233154 0.237305 0.281494 0.0392 0.0392 0.0392
v -0.221436 0.197266 0.255127 0.2196 0.2196 0.2275
v -0.221924 0.193359 0.253662 0.0549 0.0549 0.0588
v -0.220947 0.207520 0.254150 0.0039 0.0039 0.0039
v -0.233643 0.222656 0.271729 0.0510 0.0510 0.0510
v -0.224365 0.239258 0.276123 0.1373 0.1373 0.1373
v -0.224365 0.226562 0.267334 0.0275 0.0275 0.0275
v -0.234131 0.211426 0.255615 0.0000 0.0000 0.0000
v -0.224854 0.216797 0.253174 0.0000 0.0000 0.0000
v -0.233154 0.254395 0.285889 0.0392 0.0392 0.0392
v -0.233154 0.271484 0.281494 0.0471 0.0471 0.0471
v -0.223877 0.254395 0.279541 0.1294 0.1294 0.1373
v -0.224365 0.269531 0.276123 0.1804 0.1804 0.1882
v -0.233643 0.286621 0.271729 0.0667 0.0667 0.0667
v -0.224365 0.282715 0.267334 0.1804 0.1804 0.1843
v -0.234131 0.297363 0.255615 0.0471 0.0471 0.0471
v -0.224854 0.292480 0.253174 0.1922 0.1922 0.1961
v -0.233154 0.148438 0.242920 0.0627 0.0627 0.0667
v -0.224365 0.160156 0.246826 0.5686 0.5843 0.6079
v -0.233154 0.166016 0.242920 0.0157 0.0157 0.0157
v -0.217529 0.160156 0.239014 0.7216 0.7412 0.7647
v -0.214600 0.160156 0.226807 0.7333 0.7451 0.7647
v -0.235107 0.082520 0.160889 0.0275 0.0275 0.0275
v -0.221436 0.055176 0.156494 0.0039 0.0039 0.0039
v -0.249268 0.090820 0.160889 0.1176 0.1176 0.1176
v -0.243408 0.084961 0.160889 0.0392 0.0392 0.0392
v -0.239502 0.091309 0.164795 0.0235 0.0235 0.0235
v -0.240967 0.099121 0.165771 0.0157 0.0157 0.0157
v -0.244385 0.082520 0.155518 0.1020 0.1020 0.1020
v -0.235107 0.080078 0.155518 0.0275 0.0275 0.0275
v -0.248291 0.055176 0.129150 0.0118 0.0118 0.0118
v -0.244385 0.058594 0.129150 0.0157 0.0157 0.0157
v -0.240479 0.055176 0.131104 0.0157 0.0157 0.0157
v -0.237061 0.058594 0.131104 0.0196 0.0196 0.0196
v -0.240967 0.068359 0.129150 0.0235 0.0235 0.0235
v -0.224365 0.055176 0.148682 0.0078 0.0078 0.0078
v -0.220947 0.058594 0.148682 0.0157 0.0157 0.0157
v -0.231201 0.055176 0.138916 0.0157 0.0157 0.0157
v -0.228271 0.058594 0.138916 0.0235 0.0235 0.0235
v -0.234131 0.068359 0.131104 0.0314 0.0314 0.0314
v -0.224854 0.068359 0.138916 0.0431 0.0431 0.0431
v -0.218506 0.058594 0.156494 0.0157 0.0157 0.0157
v -0.215576 0.068359 0.156494 0.0275 0.0275 0.0275
v -0.218018 0.068359 0.148682 0.0314 0.0314 0.0314
v -0.240967 0.155273 0.129150 0.0078 0.0078 0.0078
v -0.233154 0.148438 0.137939 0.0431 0.0431 0.0431
v -0.234131 0.155273 0.131104 0.0157 0.0157 0.0157
v -0.224854 0.155273 0.138916 0.1098 0.1098 0.1098
v -0.233154 0.166016 0.137939 0.1843 0.1882 0.1961
v -0.216553 0.155273 0.153076 0.1922 0.1922 0.1843
v -0.215576 0.148438 0.137939 0.2000 0.1961 0.1882
v -0.212158 0.152344 0.137939 0.2118 0.2078 0.2000
v -0.215576 0.166016 0.137939 0.0275 0.0353 0.0314
v -0.212158 0.162109 0.137939 0.1255 0.1255 0.1255
v -0.244385 0.082520 0.000244 0.0078 0.0078 0.0078
v -0.235107 0.080078 0.000244 0.0078 0.0078 0.0078
v -0.214600 0.160156 0.000244 0.0078 0.0078 0.0078
v -0.034912 0.020508 0.223877 0.0078 0.0078 0.0078
v -0.054443 0.034668 0.223877 0.0078 0.0078 0.0078
v -0.051025 0.038574 0.230713 0.0039 0.0039 0.0039
v -0.031982 0.025391 0.230713 0.0000 0.0000 0.0000
v -0.041748 0.049316 0.230713 0.0471 0.0471 0.0471
v -0.010010 0.014648 0.230713 0.0000 0.0000 0.0000
v -0.011963 0.009277 0.223877 0.0039 0.0039 0.0039
v -0.024658 0.037109 0.230713 0.0627 0.0627 0.0627
v -0.021728 0.041992 0.226807 0.4157 0.4157 0.4235
v -0.005127 0.027832 0.230713 0.0667 0.0667 0.0667
v -0.003174 0.033203 0.226807 0.3647 0.3568 0.3686
v -0.021728 0.042969 0.218018 0.0902 0.0902 0.0902
v -0.003174 0.034180 0.218018 0.2039 0.2039 0.2118
v -0.034912 0.020508 0.185791 0.0314 0.0314 0.0314
v -0.054443 0.034668 0.185791 0.0157 0.0157 0.0157
v -0.051025 0.038574 0.179443 0.1020 0.1020 0.1020
v -0.031982 0.025391 0.179443 0.1333 0.1412 0.1373
v -0.037354 0.034668 0.158936 0.0078 0.0078 0.0078
v -0.011963 0.009277 0.185791 0.0353 0.0353 0.0353
v -0.010010 0.014648 0.179443 0.0980 0.1020 0.0941
v -0.095459 0.094727 0.223877 0.0118 0.0118 0.0118
v -0.086182 0.072266 0.223877 0.0078 0.0078 0.0078
v -0.081299 0.074707 0.230225 0.0157 0.0157 0.0157
v -0.072021 0.052734 0.223877 0.0078 0.0078 0.0078
v -0.067627 0.056152 0.230713 0.0157 0.0157 0.0157
v -0.068604 0.081543 0.230225 0.1098 0.1098 0.1098
v -0.090088 0.096191 0.230225 0.0039 0.0039 0.0039
v -0.063721 0.083984 0.226807 0.4392 0.4314 0.4432
v -0.076904 0.100586 0.230225 0.4392 0.4392 0.4392
v -0.071533 0.102051 0.226807 0.0824 0.0824 0.0824
v -0.062744 0.084473 0.218018 0.0824 0.0824 0.0902
v -0.070557 0.102051 0.218018 0.0941 0.0941 0.0941
v -0.101807 0.118652 0.223877 0.0118 0.0118 0.0118
v -0.096436 0.119141 0.230225 0.0039 0.0039 0.0039
v -0.103271 0.143066 0.223877 0.0078 0.0078 0.0078
v -0.097900 0.142578 0.230225 0.0039 0.0039 0.0039
v -0.095947 0.166016 0.230225 0.0078 0.0078 0.0039
v -0.101318 0.167480 0.223877 0.0118 0.0118 0.0118
v -0.082275 0.121094 0.230225 0.4157 0.4078 0.4196
v -0.083740 0.142090 0.230225 0.3921 0.3843 0.3961
v -0.076416 0.121582 0.226807 0.1020 0.1020 0.1098
v -0.077881 0.141602 0.226318 0.1137 0.1137 0.1216
v -0.081787 0.163086 0.230225 0.3843 0.3804 0.3882
v -0.076416 0.161621 0.226318 0.1059 0.1059 0.1137
v -0.075439 0.121582 0.218018 0.1020 0.1020 0.1020
v -0.076904 0.141113 0.218018 0.1137 0.1137 0.1216
v -0.075439 0.160645 0.218018 0.1137 0.1137 0.1216
v -0.095459 0.094727 0.185791 0.0235 0.0235 0.0235
v -0.086182 0.072266 0.185791 0.0235 0.0235 0.0235
v -0.081299 0.074707 0.179443 0.1373 0.1451 0.1451
v -0.082275 0.082031 0.161377 0.0196 0.0196 0.0196
v -0.072021 0.052734 0.185791 0.0196 0.0196 0.0196
v -0.067627 0.056152 0.179443 0.1373 0.1412 0.1412
v -0.090088 0.096191 0.179443 0.1373 0.1451 0.1412
v -0.101807 0.118652 0.185791 0.0157 0.0157 0.0157
v -0.096436 0.119141 0.179443 0.1294 0.1294 0.1294
v -0.103271 0.143066 0.185791 0.0157 0.0157 0.0157
v -0.097900 0.142578 0.179443 0.1216 0.1216 0.1216
v -0.096924 0.142578 0.158936 0.0078 0.0078 0.0078
v -0.101318 0.167480 0.185791 0.0157 0.0157 0.0157
v -0.095947 0.166016 0.179443 0.1059 0.1059 0.1059
v -0.100342 0.145508 0.144287 0.0157 0.0157 0.0157
v -0.056396 0.064453 0.230225 0.0392 0.0392 0.0392
v -0.052002 0.067871 0.226807 0.5294 0.5216 0.5333
v -0.037842 0.053223 0.226807 0.4980 0.4980 0.5059
v -0.051514 0.068359 0.218018 0.1020 0.1020 0.1020
v -0.037354 0.054199 0.218018 0.0824 0.0824 0.0863
v -0.008057 0.129395 0.243896 0.0078 0.0078 0.0078
v -0.003662 0.118652 0.243896 0.0078 0.0078 0.0039
v -0.009521 0.141602 0.243896 0.0118 0.0118 0.0118
v -0.003174 0.130859 0.249756 0.0157 0.0157 0.0157
v -0.004150 0.141602 0.249756 0.0196 0.0196 0.0196
v -0.007568 0.153320 0.243896 0.0118 0.0118 0.0118
v -0.002686 0.151855 0.249268 0.0196 0.0196 0.0196
v -0.002686 0.164062 0.243896 0.0039 0.0039 0.0039
v -0.008057 0.129395 0.199951 0.0941 0.0941 0.0941
v -0.003662 0.118164 0.200439 0.0941 0.0941 0.0941
v -0.009521 0.141113 0.199951 0.0941 0.0941 0.0941
v -0.007568 0.152832 0.199951 0.1020 0.1020 0.1020
v -0.002686 0.164062 0.199951 0.0980 0.1020 0.1020
v -0.100342 0.145508 0.000244 0.0118 0.0118 0.0118
v -0.234619 0.206543 0.236572 0.0118 0.0118 0.0118
v -0.223389 0.187012 0.246338 0.0431 0.0431 0.0431
v -0.223877 0.190430 0.242432 0.0510 0.0510 0.0510
v -0.221924 0.212402 0.246338 0.0549 0.0549 0.0549
v -0.225830 0.212402 0.236572 0.0118 0.0118 0.0118
v -0.224365 0.212402 0.234619 0.1137 0.1137 0.1137
v -0.220947 0.212402 0.230713 0.2353 0.2353 0.2432
v -0.219482 0.212402 0.223877 0.2667 0.2667 0.2745
v -0.226318 0.216797 0.219971 0.0235 0.0275 0.0353
v -0.235596 0.211426 0.218018 0.0118 0.0118 0.0118
v -0.236084 0.222656 0.201904 0.0353 0.0353 0.0353
v -0.236572 0.237305 0.191650 0.0431 0.0431 0.0431
v -0.226807 0.226562 0.206299 0.0275 0.0314 0.0353
v -0.227295 0.239258 0.197021 0.0431 0.0471 0.0431
v -0.216553 0.187012 0.239014 0.0314 0.0314 0.0314
v -0.218506 0.190430 0.236572 0.0157 0.0157 0.0157
v -0.212646 0.193359 0.243408 0.0235 0.0235 0.0235
v -0.211182 0.197266 0.244385 0.0941 0.0941 0.0941
v -0.211182 0.207520 0.243408 0.0353 0.0353 0.0353
v -0.213623 0.187012 0.226807 0.0235 0.0235 0.0235
v -0.216064 0.190430 0.226318 0.0235 0.0235 0.0235
v -0.208252 0.193359 0.227295 0.0157 0.0157 0.0157
v -0.206787 0.197266 0.227295 0.5098 0.5176 0.5059
v -0.206787 0.207520 0.226807 0.0039 0.0118 0.0078
v -0.197021 0.198242 0.226807 0.0235 0.0235 0.0235
v -0.197021 0.203125 0.227783 0.0627 0.0627 0.0627
v -0.201416 0.199707 0.224365 0.0235 0.0235 0.0235
v -0.201416 0.196289 0.222412 0.0118 0.0118 0.0118
v -0.197021 0.194336 0.224365 0.0118 0.0118 0.0118
v -0.201416 0.203613 0.225342 0.0196 0.0196 0.0196
v -0.191162 0.197754 0.227783 0.0275 0.0275 0.0275
v -0.191162 0.203125 0.228760 0.1216 0.1216 0.1216
v -0.191162 0.193359 0.225342 0.0157 0.0157 0.0157
v -0.214600 0.212402 0.238525 0.0078 0.0078 0.0078
v -0.211182 0.212402 0.225342 0.0039 0.0039 0.0039
v -0.197021 0.237793 0.227783 0.1647 0.1647 0.1647
v -0.201416 0.237793 0.225342 0.0078 0.0078 0.0078
v -0.191162 0.237793 0.228760 0.1843 0.1843 0.1922
v -0.204346 0.198730 0.216064 0.6118 0.6276 0.6236
v -0.205322 0.204102 0.216064 0.0118 0.0196 0.0157
v -0.197021 0.190918 0.216064 0.0000 0.0000 0.0000
v -0.191162 0.189453 0.216064 0.0078 0.0078 0.0078
v -0.201416 0.193848 0.216064 0.0078 0.0078 0.0078
v -0.205322 0.237305 0.216064 0.0235 0.0235 0.0235
v -0.225830 0.254395 0.236572 0.2235 0.2235 0.2314
v -0.225830 0.296875 0.236572 0.2235 0.2235 0.2275
v -0.226318 0.292480 0.219971 0.0471 0.0510 0.0471
v -0.236572 0.254395 0.187744 0.0549 0.0549 0.0549
v -0.227295 0.254395 0.193604 0.0549 0.0549 0.0549
v -0.227295 0.269531 0.197021 0.0588 0.0588 0.0588
v -0.235596 0.297363 0.218018 0.0588 0.0588 0.0588
v -0.236084 0.286621 0.201904 0.1059 0.1059 0.1059
v -0.236572 0.271484 0.191650 0.0588 0.0588 0.0588
v -0.226807 0.282715 0.206299 0.0510 0.0510 0.0510
v -0.197021 0.242676 0.226807 0.1098 0.1098 0.1098
v -0.201416 0.241699 0.224365 0.0157 0.0157 0.0157
v -0.201416 0.244629 0.222412 0.0235 0.0235 0.0235
v -0.197021 0.247070 0.224365 0.0078 0.0078 0.0078
v -0.191162 0.243164 0.227783 0.1961 0.1961 0.1961
v -0.191162 0.248047 0.225342 0.0000 0.0000 0.0000
v -0.204346 0.242676 0.216064 0.0275 0.0275 0.0275
v -0.201416 0.247559 0.216064 0.0196 0.0196 0.0196
v -0.197021 0.250488 0.216064 0.0196 0.0196 0.0196
v -0.191162 0.251465 0.216064 0.0157 0.0157 0.0157
v -0.240967 0.191895 0.165771 0.0118 0.0118 0.0118
v -0.129639 0.296387 0.168701 0.0235 0.0235 0.0235
v -0.129639 0.266113 0.145752 0.0196 0.0235 0.0196
v -0.135986 0.279297 0.155029 0.0078 0.0078 0.0078
v -0.128662 0.279785 0.152100 0.0157 0.0157 0.0157
v -0.234619 0.302734 0.236572 0.0431 0.0431 0.0431
v -0.129639 0.369141 0.192139 0.0157 0.0157 0.0157
v -0.135986 0.385742 0.191650 0.0078 0.0078 0.0078
v -0.128662 0.385742 0.188232 0.0118 0.0118 0.0118
v -0.129639 0.394531 0.193604 0.0118 0.0157 0.0118
v -0.129639 0.419922 0.192139 0.0235 0.0235 0.0235
v -0.135986 0.330078 0.182373 0.0039 0.0039 0.0039
v -0.129639 0.319824 0.179932 0.0196 0.0196 0.0196
v -0.128662 0.330078 0.178955 0.0353 0.0353 0.0353
v -0.129639 0.343750 0.187256 0.0196 0.0196 0.0196
v -0.219482 0.212402 0.000244 0.0118 0.0118 0.0039
v -0.216064 0.190430 0.000244 0.0118 0.0118 0.0118
v -0.213623 0.187012 0.000244 0.0078 0.0078 0.0078
v -0.208252 0.193359 0.000244 0.0157 0.0157 0.0157
v -0.206787 0.197266 0.000244 0.0039 0.0118 0.0078
v -0.204346 0.197266 0.000244 0.0118 0.0157 0.0118
v -0.205811 0.204102 0.000244 0.0078 0.0078 0.0078
v -0.206787 0.207520 0.000244 0.0078 0.0078 0.0078
v -0.201416 0.191406 0.000244 0.0157 0.0235 0.0196
v -0.197021 0.189941 0.000244 0.0078 0.0078 0.0078
v -0.191162 0.189453 0.000244 0.0078 0.0078 0.0078
v -0.211182 0.212402 0.000244 0.0118 0.0118 0.0118
v -0.205811 0.237305 0.000244 0.0196 0.0196 0.0196
v -0.204346 0.242676 0.000244 0.0235 0.0235 0.0235
v -0.201416 0.247559 0.000244 0.0235 0.0235 0.0235
v -0.197021 0.250488 0.000244 0.0157 0.0157 0.0157
v -0.191162 0.251465 0.000244 0.0157 0.0157 0.0118
v -0.135986 0.238770 0.112549 0.0275 0.0353 0.0314
v -0.129639 0.237793 0.118408 0.1294 0.1490 0.1451
v -0.128662 0.239746 0.110596 0.7686 0.7921 0.7843
v -0.135986 0.212891 0.059326 0.8000 0.8078 0.7921
v -0.128662 0.212402 0.053467 0.8157 0.8235 0.8196
v -0.129639 0.394531 0.000244 0.0118 0.0118 0.0118
v -0.094482 0.190430 0.223877 0.0118 0.0118 0.0118
v -0.089111 0.187988 0.230225 0.0196 0.0196 0.0196
v -0.075928 0.182617 0.230225 0.0314 0.0235 0.0275
v -0.070557 0.180176 0.226318 0.1098 0.1098 0.1098
v -0.066650 0.202148 0.230225 0.1804 0.1804 0.1804
v -0.078857 0.209961 0.230225 0.0745 0.0745 0.0745
v -0.083740 0.213379 0.223877 0.0667 0.0667 0.0667
v -0.065186 0.229004 0.230225 0.1020 0.1020 0.1020
v -0.069580 0.232910 0.223877 0.1725 0.1725 0.1725
v -0.069580 0.178711 0.218018 0.1137 0.1137 0.1216
v -0.094482 0.190430 0.185791 0.0314 0.0314 0.0314
v -0.089111 0.187988 0.179443 0.0314 0.0314 0.0314
v -0.083740 0.213379 0.185791 0.0784 0.0784 0.0784
v -0.078857 0.209961 0.179443 0.1530 0.1569 0.1647
v -0.069580 0.232910 0.185791 0.0784 0.0784 0.0784
v -0.065186 0.229004 0.179443 0.1569 0.1569 0.1608
v -0.070557 0.219238 0.158936 0.0863 0.0902 0.0863
v -0.124268 0.293945 0.173584 0.0157 0.0157 0.0157
v -0.106201 0.293945 0.173584 0.2000 0.2000 0.2000
v -0.100342 0.296875 0.167725 0.3059 0.3216 0.3255
v -0.124268 0.264648 0.151611 0.0157 0.0157 0.0157
v -0.106201 0.264648 0.151611 0.0078 0.0078 0.0078
v -0.100342 0.266113 0.144775 0.2627 0.2784 0.2823
v -0.094482 0.270020 0.140381 0.0157 0.0157 0.0157
v -0.103271 0.274902 0.132568 0.1686 0.1725 0.1804
v -0.061768 0.198730 0.226318 0.0431 0.0471 0.0431
v -0.054443 0.219238 0.230225 0.1686 0.1686 0.1686
v -0.050049 0.214844 0.226318 0.1412 0.1490 0.1451
v -0.039307 0.233887 0.230225 0.1647 0.1647 0.1647
v -0.035889 0.229004 0.226318 0.2275 0.2275 0.2196
v -0.060791 0.197266 0.218018 0.1412 0.1412 0.1412
v -0.049561 0.213379 0.218018 0.1451 0.1451 0.1451
v -0.035400 0.227051 0.218018 0.1412 0.1412 0.1412
v -0.019287 0.239746 0.226318 0.1804 0.1843 0.1922
v -0.018799 0.237793 0.218018 0.1373 0.1451 0.1412
v -0.048584 0.245117 0.230225 0.0824 0.0824 0.0824
v -0.052002 0.250000 0.223877 0.0000 0.0000 0.0000
v -0.031494 0.263672 0.223877 0.0000 0.0000 0.0000
v -0.021728 0.245117 0.230225 0.0627 0.0627 0.0667
v -0.029053 0.258301 0.230225 0.0824 0.0824 0.0824
v -0.003174 0.254395 0.230225 0.0118 0.0118 0.0118
v -0.001221 0.248535 0.226318 0.0000 0.0000 0.0000
v -0.007568 0.268555 0.230225 0.1059 0.1059 0.1059
v -0.009521 0.274414 0.223877 0.0039 0.0039 0.0039
v -0.001221 0.246094 0.218018 0.1216 0.1294 0.1255
v -0.052002 0.250000 0.185791 0.0392 0.0471 0.0431
v -0.048584 0.245117 0.179443 0.1137 0.1216 0.1176
v -0.031494 0.263672 0.185791 0.0118 0.0118 0.0118
v -0.029053 0.258301 0.179443 0.0431 0.0431 0.0431
v -0.007568 0.268555 0.179443 0.0235 0.0235 0.0235
v -0.013916 0.263672 0.158936 0.0627 0.0627 0.0627
v -0.009521 0.274414 0.185791 0.0078 0.0078 0.0078
v -0.124268 0.342773 0.192627 0.0235 0.0235 0.0235
v -0.106201 0.342773 0.192627 0.2667 0.2588 0.2706
v -0.124268 0.368652 0.197510 0.0314 0.0314 0.0314
v -0.124268 0.394531 0.198975 0.0392 0.0392 0.0392
v -0.106201 0.368652 0.197510 0.2588 0.2510 0.2627
v -0.100342 0.369141 0.190674 0.4392 0.4550 0.4510
v -0.106201 0.394531 0.198975 0.2980 0.2980 0.2980
v -0.094482 0.385742 0.188232 0.0157 0.0157 0.0157
v -0.100342 0.394531 0.192139 0.4628 0.4863 0.4863
v -0.124268 0.420410 0.197510 0.0353 0.0353 0.0353
v -0.106201 0.420410 0.197510 0.3059 0.3059 0.3059
v -0.100342 0.419922 0.190674 0.4471 0.4628 0.4628
v -0.124268 0.317871 0.184814 0.0196 0.0196 0.0196
v -0.106201 0.317871 0.184814 0.2549 0.2471 0.2588
v -0.100342 0.320312 0.178467 0.3372 0.3529 0.3568
v -0.094482 0.329102 0.175537 0.0118 0.0118 0.0118
v -0.103271 0.328613 0.161865 0.1725 0.1804 0.1765
v -0.100342 0.344238 0.185791 0.3098 0.3176 0.3216
v -0.103271 0.384766 0.174072 0.1882 0.1922 0.2000
v -0.124268 0.237793 0.124756 0.0235 0.0235 0.0235
v -0.106201 0.237793 0.124756 0.0235 0.0275 0.0275
v -0.100342 0.237793 0.116455 0.1882 0.1961 0.1922
v -0.100342 0.237793 0.103271 0.1843 0.1843 0.1843
v -0.100342 0.394531 0.000244 0.2118 0.2118 0.2118
v -0.316650 0.427734 0.180908 0.2432 0.2432 0.2471
v -0.321533 0.462891 0.148193 0.0078 0.0078 0.0078
v -0.316650 0.468750 0.155518 0.2000 0.2000 0.2000
v -0.322998 0.461426 0.126221 0.0078 0.0078 0.0078
v -0.299561 0.431641 0.184326 0.8039 0.8039 0.8117
v -0.295654 0.431152 0.180908 0.2784 0.2823 0.2784
v -0.296143 0.432617 0.176514 0.3137 0.3137 0.3137
v -0.288818 0.434082 0.182373 0.0431 0.0431 0.0431
v -0.299561 0.474609 0.157959 0.7647 0.7647 0.7725
v -0.295654 0.473145 0.154541 0.2235 0.2235 0.2314
v -0.296143 0.474609 0.150147 0.1255 0.1255 0.1255
v -0.288818 0.477539 0.155029 0.0588 0.0588 0.0588
v -0.326904 0.447754 0.111084 0.0078 0.0078 0.0078
v -0.318604 0.457031 0.121338 0.0078 0.0078 0.0078
v -0.326904 0.471191 0.080811 0.0078 0.0078 0.0078
v -0.322998 0.488281 0.091064 0.0078 0.0078 0.0078
v -0.318604 0.482910 0.088135 0.0078 0.0078 0.0078
v -0.316650 0.503906 0.114502 0.1725 0.1725 0.1725
v -0.321533 0.496094 0.109131 0.0157 0.0157 0.0157
v -0.331299 0.552246 0.070557 0.0549 0.0549 0.0549
v -0.313232 0.552246 0.065674 0.0000 0.0000 0.0000
v -0.348389 0.428223 0.040283 0.9647 0.9647 0.9647
v -0.348389 0.436035 0.021240 0.9255 0.9255 0.9255
v -0.342041 0.433594 0.043701 0.1647 0.1647 0.1647
v -0.327881 0.435059 0.044678 0.0157 0.0157 0.0157
v -0.326904 0.486328 0.042725 0.0078 0.0078 0.0078
v -0.342041 0.441895 0.022705 0.7804 0.7804 0.7804
v -0.335693 0.454590 0.000244 0.0000 0.0000 0.0000
v -0.327881 0.443359 0.023193 0.0157 0.0157 0.0157
v -0.343994 0.533691 0.014404 0.0549 0.0549 0.0549
v -0.322998 0.505371 0.047607 0.0078 0.0078 0.0078
v -0.321533 0.518555 0.057861 0.0275 0.0275 0.0275
v -0.318604 0.499512 0.046143 0.0078 0.0078 0.0078
v -0.339600 0.543945 0.052490 0.0784 0.0784 0.0784
v -0.333252 0.539551 0.053467 0.0275 0.0275 0.0275
v -0.341553 0.536133 0.033936 0.0549 0.0549 0.0549
v -0.335693 0.531250 0.033936 0.0353 0.0353 0.0353
v -0.316650 0.527344 0.060791 0.1922 0.1922 0.1922
v -0.315186 0.539551 0.048584 0.0000 0.0000 0.0000
v -0.338135 0.528320 0.012451 0.0471 0.0471 0.0471
v -0.317627 0.531250 0.029053 0.0549 0.0549 0.0549
v -0.312744 0.536133 0.026123 0.0314 0.0314 0.0314
v -0.314697 0.538086 0.027100 0.0196 0.0275 0.0235
v -0.320068 0.528320 0.007568 0.0588 0.0588 0.0588
v -0.317139 0.535645 0.007568 0.0353 0.0392 0.0392
v -0.315186 0.533691 0.006592 0.0471 0.0471 0.0471
v -0.299561 0.510254 0.115479 0.5843 0.5843 0.5921
v -0.295654 0.508301 0.113037 0.2471 0.2471 0.2549
v -0.288818 0.511719 0.112549 0.0627 0.0627 0.0627
v -0.296143 0.507812 0.109131 0.1725 0.1765 0.1843
v -0.299561 0.533691 0.061279 0.5569 0.5725 0.5686
v -0.310791 0.543945 0.044678 0.0118 0.0118 0.0118
v -0.312256 0.545898 0.045166 0.0078 0.0078 0.0078
v -0.295654 0.531738 0.059814 0.2000 0.2039 0.2039
v -0.296143 0.529297 0.057373 0.2510 0.2549 0.2627
v -0.288818 0.534180 0.059326 0.0353 0.0353 0.0353
v -0.295654 0.539551 0.000244 0.0510 0.0510 0.0510
v -0.288818 0.541992 0.000244 0.0235 0.0235 0.0235
v -0.328369 0.611328 0.095459 0.0745 0.0745 0.0745
v -0.336182 0.571777 0.080811 0.0902 0.0902 0.0902
v -0.329834 0.569336 0.083740 0.0745 0.0745 0.0745
v -0.337646 0.556152 0.068604 0.0549 0.0549 0.0549
v -0.338135 0.582031 0.063721 0.0353 0.0353 0.0353
v -0.335205 0.590332 0.089111 0.1098 0.1098 0.1098
v -0.328857 0.589355 0.092529 0.0745 0.0745 0.0745
v -0.334717 0.611328 0.092041 0.1059 0.1059 0.1059
v -0.337646 0.596191 0.070068 0.0275 0.0275 0.0275
v -0.334229 0.596680 0.065674 0.8353 0.8353 0.8353
v -0.337158 0.611328 0.072022 0.0196 0.0196 0.0196
v -0.333740 0.611328 0.067627 0.9843 0.9843 0.9843
v -0.335205 0.632324 0.089111 0.0902 0.0902 0.0902
v -0.328857 0.633789 0.092529 0.0745 0.0745 0.0745
v -0.337646 0.626953 0.070068 0.0039 0.0039 0.0039
v -0.334229 0.625977 0.065674 0.9921 0.9921 0.9921
v -0.338135 0.641113 0.063721 0.0000 0.0000 0.0000
v -0.336182 0.651367 0.080811 0.0824 0.0824 0.0824
v -0.329834 0.653809 0.083740 0.0627 0.0627 0.0627
v -0.337646 0.666992 0.068604 0.0471 0.0471 0.0471
v -0.331299 0.670410 0.070557 0.0431 0.0431 0.0431
v -0.313232 0.670410 0.065674 0.0235 0.0235 0.0235
v -0.344482 0.581543 0.024170 0.9725 0.9725 0.9725
v -0.343994 0.553711 0.014404 0.0196 0.0196 0.0196
v -0.345947 0.580078 0.014893 0.9725 0.9725 0.9725
v -0.346924 0.581543 0.005127 0.9725 0.9725 0.9725
v -0.347412 0.611328 0.014893 0.9725 0.9725 0.9725
v -0.339111 0.570312 0.054932 0.0275 0.0275 0.0275
v -0.334717 0.583496 0.060303 0.2039 0.2039 0.2039
v -0.335693 0.572754 0.051514 0.1765 0.1765 0.1765
v -0.340576 0.561035 0.042725 0.0353 0.0353 0.0353
v -0.337158 0.563965 0.040283 0.0784 0.0784 0.0784
v -0.342529 0.592773 0.039795 0.9725 0.9725 0.9725
v -0.343506 0.585938 0.032959 0.9686 0.9686 0.9686
v -0.342041 0.601562 0.044678 0.9725 0.9725 0.9725
v -0.342041 0.611328 0.046143 0.9686 0.9725 0.9804
v -0.342529 0.555664 0.029053 0.0353 0.0353 0.0353
v -0.338623 0.558594 0.027100 0.2039 0.2039 0.2039
v -0.340088 0.556641 0.012939 0.3961 0.3961 0.3961
v -0.317139 0.612305 0.007568 0.9725 0.9725 0.9725
v -0.344482 0.641602 0.024170 0.9725 0.9725 0.9725
v -0.345947 0.643066 0.014893 0.9647 0.9725 0.9686
v -0.346924 0.641602 0.005127 0.9647 0.9725 0.9686
v -0.343994 0.669434 0.014404 0.0000 0.0000 0.0000
v -0.334717 0.639160 0.060303 0.9725 0.9725 0.9725
v -0.342041 0.621582 0.044678 0.9764 0.9686 0.9725
v -0.342529 0.630371 0.039795 0.9686 0.9686 0.9686
v -0.343506 0.637207 0.032959 0.9725 0.9725 0.9725
v -0.339111 0.652832 0.054932 0.0000 0.0000 0.0000
v -0.335693 0.650391 0.051514 0.9843 0.9843 0.9843
v -0.340576 0.661621 0.042725 0.0000 0.0000 0.0000
v -0.337158 0.658691 0.040283 0.9568 0.9607 0.9607
v -0.342529 0.667480 0.029053 0.0039 0.0039 0.0039
v -0.338623 0.664062 0.027100 0.9451 0.9451 0.9451
v -0.340088 0.666016 0.012939 0.9176 0.9176 0.9176
v -0.311768 0.569336 0.078857 0.0039 0.0039 0.0039
v -0.308838 0.573242 0.072998 0.0314 0.0314 0.0314
v -0.307373 0.571777 0.072998 0.0784 0.0784 0.0784
v -0.310791 0.589355 0.087647 0.0078 0.0078 0.0078
v -0.306396 0.590332 0.081299 0.0667 0.0667 0.0667
v -0.307861 0.591797 0.080811 0.0353 0.0353 0.0353
v -0.310303 0.611328 0.090576 0.0157 0.0157 0.0157
v -0.307373 0.612305 0.083740 0.0392 0.0392 0.0392
v -0.305908 0.611328 0.084229 0.0588 0.0588 0.0549
v -0.310791 0.633789 0.087647 0.0157 0.0157 0.0157
v -0.307861 0.632324 0.080811 0.0314 0.0314 0.0314
v -0.306396 0.632324 0.081299 0.0471 0.0471 0.0431
v -0.311768 0.653809 0.078857 0.0078 0.0078 0.0078
v -0.308838 0.650879 0.072998 0.0353 0.0353 0.0353
v -0.307373 0.651367 0.072998 0.0941 0.0941 0.0941
v -0.308838 0.556152 0.060791 0.0549 0.0549 0.0510
v -0.310303 0.557617 0.060791 0.0275 0.0275 0.0235
v -0.310303 0.666504 0.060791 0.0510 0.0510 0.0510
v -0.308838 0.666992 0.060791 0.0824 0.0824 0.0824
v -0.343994 0.689453 0.014404 0.8549 0.8509 0.8549
v -0.339600 0.679199 0.052490 0.0863 0.0863 0.0863
v -0.333252 0.683594 0.053467 0.0706 0.0706 0.0706
v -0.341553 0.686523 0.033936 0.8235 0.8235 0.8235
v -0.335693 0.691406 0.033936 0.0980 0.0980 0.0980
v -0.315186 0.683594 0.048584 0.0275 0.0275 0.0275
v -0.338135 0.694336 0.012451 0.0980 0.0980 0.0980
v -0.317627 0.691406 0.029053 0.0392 0.0392 0.0392
v -0.314697 0.686035 0.027100 0.0980 0.1059 0.1020
v -0.312744 0.686523 0.026123 0.1137 0.1216 0.1176
v -0.317139 0.688477 0.007568 0.0941 0.1020 0.0980
v -0.315186 0.689453 0.006592 0.1412 0.1490 0.1451
v -0.320068 0.694336 0.007568 0.0314 0.0314 0.0314
v -0.312256 0.678223 0.045166 0.0745 0.0745 0.0745
v -0.310791 0.679199 0.044678 0.1176 0.1216 0.1216
v -0.293701 0.801270 0.001709 0.0706 0.0706 0.0706
v -0.285400 0.800293 0.001709 0.0510 0.0510 0.0510
v -0.282471 0.798828 0.001709 0.0471 0.0471 0.0471
v -0.280518 0.801758 0.022217 0.0510 0.0510 0.0510
v -0.265869 0.822266 0.088135 0.1569 0.1569 0.1569
v -0.275635 0.809570 0.066650 0.0627 0.0627 0.0627
v -0.280029 0.819336 0.069092 0.1451 0.1451 0.1451
v -0.261963 0.812012 0.085205 0.0627 0.0627 0.0627
v -0.256592 0.811035 0.080322 0.0353 0.0353 0.0353
v -0.254150 0.809082 0.076904 0.0392 0.0471 0.0431
v -0.266357 0.840332 0.086670 0.8588 0.8588 0.8588
v -0.281006 0.837891 0.067627 0.8078 0.8078 0.8078
v -0.260986 0.850098 0.079834 0.1922 0.1922 0.2000
v -0.290771 0.816895 0.047607 0.1333 0.1333 0.1333
v -0.285400 0.807129 0.046631 0.0745 0.0745 0.0745
v -0.291260 0.834961 0.046143 0.8196 0.8196 0.8196
v -0.283936 0.845215 0.041748 0.1843 0.1843 0.1922
v -0.297119 0.813477 0.024658 0.1412 0.1412 0.1412
v -0.297607 0.832031 0.022705 0.5921 0.5921 0.5921
v -0.299072 0.810547 0.000732 0.1530 0.1530 0.1530
v -0.291748 0.804199 0.024658 0.0784 0.0784 0.0784
v -0.290283 0.842285 0.020264 0.1647 0.1686 0.1686
v -0.265869 0.806641 0.060303 0.0549 0.0588 0.0667
v -0.278076 0.806152 0.044189 0.0549 0.0627 0.0588
v -0.275146 0.804199 0.042236 0.0510 0.0510 0.0510
v -0.274170 0.847656 0.062256 0.1882 0.1843 0.1922
v -0.135986 0.441895 0.182373 0.0039 0.0039 0.0039
v -0.128662 0.441406 0.178955 0.0431 0.0431 0.0431
v -0.129639 0.444824 0.187256 0.0235 0.0235 0.0235
v -0.129639 0.467773 0.179932 0.0314 0.0314 0.0314
v -0.129639 0.488770 0.169678 0.0392 0.0392 0.0392
v -0.129639 0.508301 0.156494 0.0235 0.0235 0.0235
v -0.135986 0.492676 0.155029 0.0039 0.0039 0.0039
v -0.128662 0.491699 0.152100 0.0078 0.0078 0.0078
v -0.129639 0.525879 0.140381 0.0471 0.0471 0.0471
v -0.220459 0.537598 0.041748 0.0196 0.0196 0.0196
v -0.220459 0.549316 0.041748 0.0157 0.0157 0.0157
v -0.247803 0.552246 0.026123 0.0275 0.0275 0.0275
v -0.249756 0.545410 0.009522 0.0157 0.0157 0.0157
v -0.236084 0.537598 0.000244 0.0392 0.0392 0.0392
v -0.239502 0.552246 0.005615 0.0196 0.0196 0.0196
v -0.236084 0.552246 0.000244 0.0353 0.0353 0.0353
v -0.228760 0.537598 0.029541 0.0196 0.0196 0.0196
v -0.228760 0.551270 0.029541 0.0275 0.0275 0.0275
v -0.234131 0.537598 0.015381 0.0275 0.0275 0.0275
v -0.234131 0.552246 0.015381 0.0196 0.0196 0.0196
v -0.209229 0.537598 0.051514 0.0157 0.0157 0.0157
v -0.209229 0.547852 0.051514 0.0118 0.0118 0.0118
v -0.196045 0.537598 0.057373 0.0196 0.0196 0.0196
v -0.196045 0.545898 0.057373 0.0196 0.0196 0.0196
v -0.135986 0.533203 0.112549 0.0039 0.0039 0.0039
v -0.128662 0.531738 0.110596 0.0078 0.0078 0.0078
v -0.129639 0.540527 0.121338 0.8941 0.8980 0.8902
v -0.181885 0.537598 0.059326 0.0353 0.0353 0.0353
v -0.181885 0.545410 0.059326 0.0353 0.0353 0.0353
v -0.167725 0.537598 0.057373 0.0431 0.0431 0.0431
v -0.167725 0.545898 0.057373 0.0431 0.0510 0.0471
v -0.154541 0.537598 0.051514 0.0510 0.0588 0.0549
v -0.154541 0.547852 0.051514 0.0510 0.0588 0.0549
v -0.143311 0.537598 0.041748 0.0549 0.0549 0.0549
v -0.143311 0.549316 0.041748 0.0549 0.0627 0.0588
v -0.134521 0.537598 0.029541 0.0275 0.0275 0.0275
v -0.134521 0.551270 0.029541 0.0275 0.0353 0.0314
v -0.129150 0.537598 0.015381 0.0196 0.0196 0.0196
v -0.129150 0.552246 0.015381 0.0314 0.0314 0.0314
v -0.127686 0.537598 0.000244 0.0196 0.0196 0.0157
v -0.127686 0.552246 0.000244 0.0275 0.0275 0.0275
v -0.243896 0.577148 0.050537 0.0235 0.0235 0.0235
v -0.245361 0.562988 0.039795 0.0118 0.0118 0.0118
v -0.235596 0.568359 0.032471 0.0627 0.0627 0.0627
v -0.234131 0.580566 0.042236 0.0235 0.0275 0.0235
v -0.219482 0.579102 0.039795 0.0235 0.0235 0.0235
v -0.221924 0.583496 0.042236 0.0314 0.0314 0.0314
v -0.242920 0.593262 0.057861 0.0275 0.0275 0.0275
v -0.242432 0.611816 0.060303 0.0353 0.0353 0.0353
v -0.233154 0.595215 0.048584 0.0118 0.0118 0.0118
v -0.233154 0.611816 0.050537 0.0196 0.0196 0.0196
v -0.229736 0.598633 0.034912 0.0314 0.0314 0.0314
v -0.221436 0.593750 0.041748 0.0000 0.0000 0.0000
v -0.229248 0.611816 0.036865 0.0824 0.0824 0.0824
v -0.237549 0.558594 0.020264 0.0431 0.0431 0.0431
v -0.234619 0.564941 0.001221 0.1098 0.1098 0.1098
v -0.236572 0.583496 0.015381 0.0980 0.1059 0.1020
v -0.238525 0.583496 0.000244 0.1020 0.1059 0.1137
v -0.235107 0.579102 0.000244 0.0745 0.0824 0.0824
v -0.222900 0.560547 0.025635 0.0314 0.0314 0.0314
v -0.231201 0.583496 0.030029 0.0902 0.0980 0.0941
v -0.227783 0.579102 0.028076 0.0235 0.0235 0.0235
v -0.226807 0.580078 0.028076 0.0196 0.0196 0.0196
v -0.231689 0.577637 0.022217 0.0706 0.0706 0.0627
v -0.227783 0.561523 0.013428 0.0118 0.0118 0.0118
v -0.229248 0.562012 0.000244 0.0118 0.0118 0.0118
v -0.233154 0.569824 0.012451 0.0353 0.0353 0.0353
v -0.233154 0.579102 0.014404 0.0431 0.0471 0.0471
v -0.232178 0.580078 0.014404 0.0157 0.0157 0.0157
v -0.233643 0.580078 0.000244 0.0157 0.0157 0.0157
v -0.236084 0.593262 0.015381 0.0235 0.0235 0.0235
v -0.238037 0.593262 0.000244 0.0549 0.0549 0.0549
v -0.230225 0.587402 0.030029 0.1686 0.1765 0.1725
v -0.230713 0.593750 0.029541 0.0235 0.0235 0.0235
v -0.225830 0.599609 0.026611 0.0275 0.0275 0.0275
v -0.232178 0.599121 0.000244 0.0235 0.0235 0.0235
v -0.230713 0.599609 0.013916 0.0471 0.0471 0.0392
v -0.210205 0.583496 0.052002 0.0784 0.0784 0.0824
v -0.208740 0.579102 0.048584 0.0314 0.0314 0.0314
v -0.207764 0.580078 0.048096 0.0157 0.0157 0.0157
v -0.215576 0.559082 0.036377 0.0157 0.0157 0.0157
v -0.205811 0.557617 0.044678 0.0118 0.0118 0.0118
v -0.218506 0.580078 0.039307 0.0196 0.0196 0.0196
v -0.194092 0.555664 0.050049 0.0118 0.0118 0.0118
v -0.196533 0.583496 0.057861 0.0353 0.0353 0.0353
v -0.195557 0.579102 0.054443 0.0314 0.0314 0.0314
v -0.195068 0.580078 0.053955 0.0157 0.0157 0.0157
v -0.210205 0.594238 0.051514 0.0000 0.0000 0.0000
v -0.217529 0.600098 0.037842 0.1020 0.1020 0.0980
v -0.207275 0.600098 0.046143 0.0784 0.0824 0.0784
v -0.196533 0.594727 0.057373 0.0000 0.0000 0.0000
v -0.195068 0.600586 0.051514 0.0431 0.0431 0.0431
v -0.242920 0.629883 0.057861 0.0353 0.0353 0.0353
v -0.233154 0.627930 0.048584 0.0471 0.0471 0.0471
v -0.229736 0.624512 0.034912 0.0824 0.0902 0.0863
v -0.234131 0.642578 0.042236 0.0627 0.0627 0.0627
v -0.243896 0.646484 0.050537 0.0353 0.0353 0.0353
v -0.245361 0.660156 0.039795 0.0431 0.0431 0.0431
v -0.235596 0.655273 0.032471 0.0431 0.0471 0.0471
v -0.231201 0.641113 0.026123 0.0549 0.0627 0.0588
v -0.222900 0.632812 0.025635 0.0118 0.0118 0.0118
v -0.227783 0.632812 0.013428 0.0196 0.0196 0.0196
v -0.229248 0.632812 0.000244 0.0196 0.0196 0.0196
v -0.247803 0.670898 0.026123 0.0627 0.0627 0.0627
v -0.237549 0.664551 0.020264 0.0314 0.0314 0.0314
v -0.234619 0.658203 0.001221 0.0078 0.0157 0.0118
v -0.239502 0.670898 0.005615 0.0118 0.0118 0.0118
v -0.233154 0.653320 0.012451 0.0157 0.0157 0.0157
v -0.215576 0.632812 0.036377 0.0078 0.0078 0.0078
v -0.205811 0.632812 0.044678 0.0078 0.0078 0.0078
v -0.194092 0.632812 0.050049 0.0078 0.0078 0.0078
v -0.129639 0.553711 0.100830 0.9137 0.9215 0.9176
v -0.129639 0.563477 0.077393 0.8666 0.9098 0.8862
v -0.181885 0.555176 0.052002 0.0118 0.0118 0.0118
v -0.181885 0.583496 0.060303 0.0235 0.0235 0.0235
v -0.181885 0.579102 0.056396 0.0314 0.0314 0.0314
v -0.181885 0.580078 0.055908 0.0157 0.0157 0.0157
v -0.169189 0.555664 0.050049 0.0118 0.0118 0.0118
v -0.166748 0.583496 0.057861 0.0157 0.0157 0.0157
v -0.168213 0.580078 0.053955 0.0157 0.0235 0.0196
v -0.167725 0.579102 0.054443 0.0392 0.0392 0.0392
v -0.157959 0.557617 0.044678 0.0118 0.0118 0.0118
v -0.181885 0.595215 0.059326 0.0000 0.0000 0.0000
v -0.181885 0.601074 0.053467 0.0078 0.0078 0.0078
v -0.167236 0.595703 0.057373 0.0000 0.0000 0.0000
v -0.168701 0.601562 0.051514 0.0078 0.0118 0.0118
v -0.156494 0.602051 0.046143 0.0706 0.0706 0.0706
v -0.181885 0.579102 0.000244 0.0078 0.0078 0.0078
v -0.181885 0.601074 0.000244 0.2275 0.2275 0.2275
v -0.153076 0.583496 0.052002 0.0157 0.0157 0.0157
v -0.155029 0.579102 0.048584 0.0314 0.0314 0.0314
v -0.155518 0.580078 0.048096 0.0196 0.0235 0.0196
v -0.148193 0.559082 0.036377 0.0118 0.0118 0.0118
v -0.144775 0.580078 0.039307 0.0235 0.0235 0.0235
v -0.143799 0.579102 0.039795 0.0196 0.0196 0.0196
v -0.141357 0.583496 0.042236 0.0157 0.0157 0.0157
v -0.135986 0.559082 0.059326 0.0157 0.0157 0.0157
v -0.128662 0.557617 0.058350 0.0196 0.0196 0.0196
v -0.129639 0.570801 0.052490 0.7764 0.8000 0.8000
v -0.153564 0.596191 0.051514 0.0000 0.0000 0.0000
v -0.141846 0.596680 0.041748 0.0000 0.0000 0.0000
v -0.145752 0.602539 0.037842 0.0353 0.0431 0.0392
v -0.140381 0.560547 0.025635 0.0157 0.0157 0.0157
v -0.135498 0.579102 0.028076 0.0000 0.0000 0.0000
v -0.136475 0.580078 0.028076 0.0627 0.0667 0.0627
v -0.129639 0.575684 0.026611 0.1294 0.1373 0.1451
v -0.132568 0.583496 0.030029 0.0745 0.0745 0.0745
v -0.135986 0.561523 0.013428 0.0235 0.0235 0.0235
v -0.134033 0.562012 0.000244 0.0235 0.0235 0.0235
v -0.128662 0.566406 0.000244 0.1176 0.1216 0.1294
v -0.135986 0.568359 0.000244 0.0118 0.0118 0.0118
v -0.130127 0.579102 0.014404 0.1490 0.1530 0.1569
v -0.131592 0.580078 0.014404 0.1882 0.1961 0.1922
v -0.126709 0.583496 0.015381 0.1843 0.1922 0.1882
v -0.129639 0.577637 0.000244 0.0275 0.0314 0.0314
v -0.129639 0.580078 0.000244 0.1686 0.1765 0.1765
v -0.128662 0.579102 0.000244 0.1451 0.1490 0.1569
v -0.133057 0.597168 0.029541 0.0000 0.0000 0.0000
v -0.137939 0.603027 0.026611 0.0275 0.0353 0.0353
v -0.127197 0.597168 0.015381 0.0118 0.0118 0.0118
v -0.125732 0.597168 0.000244 0.0118 0.0118 0.0118
v -0.133057 0.603027 0.013916 0.0078 0.0078 0.0078
v -0.131104 0.603027 0.000244 0.0078 0.0078 0.0078
v -0.181885 0.632812 0.052002 0.0078 0.0078 0.0078
v -0.169189 0.632812 0.050049 0.0078 0.0078 0.0078
v -0.157959 0.632812 0.044678 0.0078 0.0078 0.0078
v -0.148193 0.632812 0.036377 0.0000 0.0000 0.0000
v -0.140381 0.632812 0.025635 0.0000 0.0000 0.0000
v -0.135986 0.632812 0.013428 0.0078 0.0078 0.0078
v -0.134033 0.632812 0.000244 0.0078 0.0078 0.0078
v -0.124268 0.446289 0.192627 0.0549 0.0549 0.0549
v -0.106201 0.446289 0.192627 0.2902 0.2823 0.2941
v -0.094482 0.442871 0.181885 0.0275 0.0275 0.0275
v -0.100342 0.444824 0.185791 0.3019 0.3059 0.3098
v -0.103271 0.440918 0.168213 0.1961 0.2000 0.2078
v -0.124268 0.469727 0.185303 0.0667 0.0667 0.0667
v -0.106201 0.469727 0.185303 0.3294 0.3216 0.3333
v -0.100342 0.467285 0.178955 0.3451 0.3608 0.3647
v -0.100342 0.488281 0.168213 0.3529 0.3686 0.3804
v -0.124268 0.491211 0.174561 0.0667 0.0667 0.0667
v -0.124268 0.511230 0.160889 0.0549 0.0549 0.0549
v -0.106201 0.491211 0.174561 0.3255 0.3176 0.3216
v -0.094482 0.494629 0.157471 0.0314 0.0314 0.0314
v -0.106201 0.511230 0.160889 0.3216 0.3137 0.3176
v -0.103271 0.491699 0.145264 0.1686 0.1765 0.1725
v -0.100342 0.507812 0.155518 0.4039 0.4353 0.4471
v -0.124268 0.529297 0.144287 0.0549 0.0549 0.0549
v -0.106201 0.529297 0.144287 0.2980 0.2902 0.2941
v -0.100342 0.524902 0.139404 0.4314 0.4667 0.4823
v -0.124268 0.544434 0.124756 0.0510 0.0510 0.0510
v -0.094482 0.536621 0.116943 0.0314 0.0314 0.0314
v -0.106201 0.544434 0.124756 0.2941 0.2863 0.2902
v -0.100342 0.539551 0.120361 0.3412 0.3608 0.3725
v -0.103271 0.532715 0.107178 0.1647 0.1647 0.1725
v -0.064697 0.552246 0.019287 0.1294 0.1373 0.1333
v -0.067627 0.552246 0.000244 0.1804 0.1647 0.1686
v -0.008545 0.552246 0.062744 0.0196 0.0196 0.0196
v -0.056396 0.552246 0.036865 0.1059 0.1059 0.0980
v -0.043213 0.552246 0.050537 0.0941 0.1020 0.0980
v -0.026611 0.552246 0.059326 0.0745 0.0745 0.0745
v -0.124268 0.557617 0.103271 0.0392 0.0392 0.0392
v -0.106201 0.557617 0.103271 0.2823 0.2745 0.2863
v -0.100342 0.552734 0.099854 0.3294 0.3412 0.3451
v -0.124268 0.567871 0.079346 0.0392 0.0353 0.0353
v -0.106201 0.567871 0.079346 0.2823 0.2863 0.2941
v -0.100342 0.562500 0.076416 0.3059 0.3255 0.3255
v -0.094482 0.564453 0.062744 0.0392 0.0392 0.0392
v -0.124268 0.575684 0.053955 0.0431 0.0510 0.0471
v -0.103271 0.560059 0.057373 0.0706 0.0706 0.0706
v -0.106201 0.575684 0.053955 0.0275 0.0275 0.0275
v -0.100342 0.569824 0.052002 0.2588 0.2627 0.2627
v -0.124268 0.580566 0.027100 0.0745 0.0745 0.0745
v -0.124268 0.582520 0.000244 0.0824 0.0902 0.0863
v -0.124756 0.583496 0.000244 0.1686 0.1647 0.1725
v -0.106201 0.580566 0.027100 0.0235 0.0235 0.0235
v -0.100342 0.574707 0.026123 0.2078 0.2118 0.2078
v -0.103271 0.569336 0.000244 0.1530 0.1530 0.1530
v -0.106201 0.582520 0.000244 0.0196 0.0196 0.0157
v -0.094482 0.574219 0.000244 0.0235 0.0235 0.0235
v -0.100342 0.576660 0.000244 0.1686 0.1686 0.1647
v -0.064697 0.576172 0.019287 0.0471 0.0471 0.0471
v -0.067627 0.577637 0.000244 0.0353 0.0353 0.0314
v -0.066650 0.606934 0.019775 0.0314 0.0314 0.0314
v -0.064697 0.603027 0.019287 0.0314 0.0314 0.0314
v -0.062744 0.587891 0.000244 0.0275 0.0353 0.0314
v -0.067627 0.603027 0.000244 0.0275 0.0275 0.0275
v -0.069580 0.606934 0.000244 0.0235 0.0235 0.0235
v -0.062744 0.606445 0.000244 0.0275 0.0275 0.0275
v -0.065186 0.625977 0.019287 0.0784 0.0784 0.0784
v -0.062744 0.631348 0.018311 0.1922 0.1922 0.1922
v -0.068115 0.625977 0.000244 0.0078 0.0078 0.0078
v -0.065186 0.631348 0.000244 0.0235 0.0275 0.0235
v -0.008545 0.564941 0.062744 0.0118 0.0118 0.0118
v -0.008545 0.606934 0.064209 0.0353 0.0353 0.0353
v -0.008545 0.625977 0.062744 0.0000 0.0000 0.0000
v -0.056396 0.573242 0.036865 0.0235 0.0235 0.0235
v -0.052490 0.581543 0.033447 0.0235 0.0235 0.0235
v -0.043213 0.569336 0.050537 0.0118 0.0118 0.0118
v -0.040283 0.577148 0.046143 0.0118 0.0118 0.0118
v -0.056396 0.603027 0.036377 0.0314 0.0353 0.0353
v -0.057861 0.606934 0.037842 0.0431 0.0510 0.0471
v -0.052490 0.606445 0.033447 0.0314 0.0314 0.0314
v -0.044189 0.606934 0.052002 0.0392 0.0392 0.0392
v -0.043213 0.603027 0.050537 0.0275 0.0275 0.0275
v -0.040283 0.606445 0.046143 0.0235 0.0235 0.0235
v -0.059814 0.585938 0.017822 0.0471 0.0471 0.0471
v -0.059814 0.606445 0.017822 0.0235 0.0235 0.0235
v -0.026611 0.566406 0.059326 0.0078 0.0078 0.0078
v -0.025146 0.572754 0.054443 0.0078 0.0078 0.0078
v -0.008545 0.570801 0.057373 0.0118 0.0118 0.0118
v -0.027588 0.606934 0.061279 0.0392 0.0392 0.0392
v -0.026611 0.603027 0.059326 0.0235 0.0235 0.0235
v -0.025146 0.606445 0.054443 0.0196 0.0196 0.0196
v -0.008545 0.603027 0.062256 0.0275 0.0275 0.0275
v -0.008545 0.606445 0.057373 0.0235 0.0235 0.0235
v -0.056885 0.625977 0.036865 0.0431 0.0431 0.0431
v -0.054443 0.631348 0.034912 0.2235 0.2235 0.2235
v -0.043701 0.625977 0.050537 0.0118 0.0118 0.0118
v -0.041748 0.631348 0.048584 0.0196 0.0196 0.0196
v -0.035889 0.636230 0.039795 0.0745 0.0745 0.0745
v -0.033447 0.645020 0.036377 0.3765 0.3765 0.3843
v -0.055420 0.636230 0.000244 0.1059 0.1059 0.1059
v -0.052979 0.636230 0.015381 0.1176 0.1176 0.1255
v -0.049072 0.645020 0.013916 0.7137 0.7176 0.7255
v -0.051514 0.645020 0.000244 0.6706 0.6667 0.6863
v -0.046143 0.636230 0.029053 0.1059 0.1059 0.1059
v -0.043213 0.645020 0.026611 0.5804 0.5804 0.5882
v -0.035889 0.653320 0.020752 0.1647 0.1647 0.1725
v -0.040771 0.653320 0.010986 0.0902 0.0902 0.0941
v -0.042236 0.653320 0.000244 0.1176 0.1176 0.1176
v -0.027100 0.625977 0.059814 0.0039 0.0039 0.0039
v -0.026123 0.631348 0.056885 0.0118 0.0118 0.0118
v -0.022705 0.636230 0.046631 0.0745 0.0745 0.0745
v -0.021729 0.645020 0.042725 0.3294 0.3294 0.3372
v -0.008545 0.631348 0.059814 0.0078 0.0078 0.0078
v -0.008545 0.636230 0.049072 0.0667 0.0667 0.0667
v -0.008545 0.645020 0.045166 0.3098 0.3098 0.3176
v -0.018799 0.653320 0.033936 0.1765 0.1765 0.1765
v -0.008545 0.653320 0.035889 0.1686 0.1686 0.1686
v -0.028564 0.653320 0.029053 0.5098 0.5098 0.5137
v -0.018311 0.659668 0.019775 0.0275 0.0275 0.0275
v -0.018311 0.666016 0.019775 0.0549 0.0549 0.0549
v -0.016846 0.672363 0.016846 0.1373 0.1373 0.1373
v -0.027588 0.659668 0.010010 0.0549 0.0549 0.0549
v -0.030029 0.659668 0.000244 0.0510 0.0510 0.0510
v -0.027588 0.666016 0.010010 0.0588 0.0588 0.0588
v -0.024658 0.672363 0.008545 0.1569 0.1569 0.1608
v -0.030029 0.666016 0.000244 0.0549 0.0549 0.0510
v -0.026611 0.672363 0.000244 0.1451 0.1451 0.1530
v -0.020264 0.676270 0.006592 0.1725 0.1725 0.1804
v -0.022217 0.676270 0.000244 0.1765 0.1765 0.1843
v -0.008545 0.659668 0.022705 0.0157 0.0157 0.0157
v -0.008545 0.666016 0.022705 0.0471 0.0471 0.0471
v -0.008545 0.672363 0.019287 0.1294 0.1294 0.1294
v -0.014893 0.676270 0.012451 0.1530 0.1530 0.1608
v -0.008545 0.676270 0.014404 0.1412 0.1412 0.1451
v -0.002197 0.676270 0.012451 0.1686 0.1686 0.1725
v -0.181885 0.827148 0.126221 0.1686 0.1686 0.1686
v -0.181885 0.845703 0.125244 0.8588 0.8588 0.8588
v -0.249756 0.677734 0.009522 0.0784 0.0863 0.0824
v -0.245361 0.813965 0.100342 0.0588 0.0588 0.0588
v -0.248291 0.824219 0.103760 0.1647 0.1647 0.1647
v -0.225830 0.815918 0.111572 0.0588 0.0588 0.0588
v -0.227783 0.825684 0.115967 0.1686 0.1686 0.1686
v -0.222412 0.814453 0.105713 0.0392 0.0392 0.0392
v -0.221436 0.812012 0.100830 0.0392 0.0471 0.0431
v -0.248779 0.842773 0.102783 0.8274 0.8274 0.8274
v -0.244385 0.852051 0.094971 0.2000 0.2000 0.2078
v -0.228271 0.844238 0.114990 0.8392 0.8392 0.8392
v -0.224854 0.853516 0.106201 0.2157 0.2157 0.2235
v -0.238525 0.810547 0.090576 0.0275 0.0275 0.0275
v -0.204346 0.816406 0.118896 0.0549 0.0549 0.0549
v -0.205322 0.826660 0.123291 0.1647 0.1647 0.1647
v -0.201904 0.812988 0.107178 0.0353 0.0353 0.0353
v -0.205322 0.845215 0.122314 0.8313 0.8313 0.8313
v -0.203857 0.854492 0.113037 0.2353 0.2392 0.2471
v -0.181885 0.816895 0.121338 0.0549 0.0549 0.0549
v -0.181885 0.815430 0.114502 0.0353 0.0353 0.0353
v -0.181885 0.812988 0.109131 0.0431 0.0431 0.0431
v -0.159424 0.816406 0.118896 0.0510 0.0510 0.0510
v -0.158447 0.826660 0.123291 0.1608 0.1608 0.1608
v -0.161377 0.812988 0.107178 0.0353 0.0353 0.0353
v -0.181885 0.854980 0.115479 0.2196 0.2157 0.2235
v -0.157959 0.845215 0.122314 0.7647 0.7647 0.7647
v -0.159424 0.854492 0.113037 0.2235 0.2235 0.2314
v -0.140869 0.814453 0.105713 0.0353 0.0353 0.0353
v -0.142334 0.812012 0.100830 0.0392 0.0392 0.0392
v -0.137939 0.815918 0.111572 0.0549 0.0549 0.0549
v -0.135986 0.825684 0.115967 0.1569 0.1569 0.1569
v -0.135498 0.844238 0.114990 0.4863 0.4863 0.4863
v -0.138428 0.853516 0.106201 0.1765 0.1765 0.1804
v -0.083252 0.801758 0.022217 0.0314 0.0314 0.0314
v -0.081299 0.798828 0.001709 0.0314 0.0314 0.0314
v -0.077881 0.800293 0.001709 0.0353 0.0353 0.0353
v -0.070068 0.801270 0.001709 0.0471 0.0471 0.0471
v -0.016846 0.678223 0.000244 0.2275 0.2275 0.2353
v -0.008545 0.678711 0.000244 0.2471 0.2432 0.2627
v -0.118408 0.813965 0.100342 0.0471 0.0471 0.0471
v -0.115479 0.824219 0.103760 0.1569 0.1569 0.1569
v -0.114990 0.842773 0.102783 0.1020 0.1020 0.1020
v -0.119385 0.852051 0.094971 0.1882 0.1882 0.1961
v -0.124756 0.810547 0.090576 0.0275 0.0275 0.0275
v -0.109619 0.809082 0.076904 0.0471 0.0353 0.0392
v -0.107178 0.811035 0.080322 0.0275 0.0275 0.0275
v -0.101807 0.812012 0.085205 0.0471 0.0471 0.0471
v -0.097900 0.822266 0.088135 0.1530 0.1530 0.1530
v -0.096924 0.840332 0.086670 0.0000 0.0000 0.0000
v -0.102783 0.850098 0.079834 0.1843 0.1843 0.1843
v -0.088135 0.809570 0.066650 0.0431 0.0431 0.0431
v -0.083740 0.819336 0.069092 0.1451 0.1451 0.1451
v -0.082764 0.837891 0.067627 0.0039 0.0039 0.0039
v -0.097412 0.806641 0.060303 0.0353 0.0353 0.0353
v -0.088623 0.804199 0.042236 0.0353 0.0431 0.0392
v -0.085205 0.806152 0.044189 0.0431 0.0431 0.0431
v -0.072998 0.816895 0.047607 0.5019 0.5019 0.5059
v -0.077881 0.807129 0.046631 0.0471 0.0471 0.0471
v -0.089600 0.847656 0.062256 0.2235 0.2275 0.2235
v -0.079346 0.845215 0.041748 0.2275 0.2275 0.2353
v -0.072021 0.834961 0.046143 0.0039 0.0039 0.0039
v -0.072021 0.804199 0.024658 0.0471 0.0471 0.0471
v -0.066650 0.813477 0.024658 0.2510 0.2510 0.2510
v -0.065674 0.832031 0.022705 0.0039 0.0039 0.0039
v -0.064697 0.810547 0.000732 0.3019 0.3019 0.3019
v -0.073486 0.842285 0.020264 0.2118 0.2118 0.2157
v -0.499268 0.027344 -0.024170 0.0588 0.0588 0.0588
v -0.499756 0.033203 -0.024170 0.1137 0.1137 0.1137
v -0.489990 0.023438 -0.023682 0.0000 0.0000 0.0000
v -0.492432 0.047363 -0.018799 0.8862 0.8862 0.8862
v -0.484619 0.048828 -0.021728 0.0471 0.0471 0.0471
v -0.470947 0.042969 -0.013428 0.0863 0.0902 0.0941
v -0.482666 0.024902 -0.023193 0.0196 0.0275 0.0235
v -0.473877 0.048828 -0.021240 0.0078 0.0078 0.0078
v -0.496338 0.027344 -0.072021 0.0588 0.0588 0.0588
v -0.496826 0.033203 -0.072510 0.1098 0.1098 0.1098
v -0.487061 0.023438 -0.070068 0.0000 0.0000 0.0000
v -0.488525 0.047363 -0.075439 0.8706 0.8706 0.8706
v -0.479736 0.024902 -0.068603 0.0235 0.0235 0.0235
v -0.481689 0.048828 -0.071533 0.1608 0.1608 0.1608
v -0.470947 0.048828 -0.069092 0.0118 0.0118 0.0118
v -0.489990 0.027344 -0.118896 0.0588 0.0588 0.0588
v -0.490967 0.033203 -0.119385 0.1137 0.1137 0.1137
v -0.481201 0.023438 -0.115967 0.0000 0.0000 0.0000
v -0.473877 0.024902 -0.113525 0.0196 0.0196 0.0196
v -0.484131 0.047363 -0.112061 0.3725 0.3725 0.3725
v -0.476318 0.048828 -0.113037 0.0196 0.0196 0.0196
v -0.467041 0.042969 -0.075439 0.0706 0.0745 0.0706
v -0.463623 0.042969 -0.101807 0.1255 0.1294 0.1373
v -0.465576 0.048828 -0.109619 0.0471 0.0510 0.0510
v -0.412354 0.148438 -0.009521 0.8941 0.8980 0.8980
v -0.410889 0.155273 -0.017822 0.1373 0.1373 0.1373
v -0.408936 0.155273 -0.057861 0.1412 0.1412 0.1412
v -0.394287 0.143555 -0.009521 0.1333 0.1373 0.1451
v -0.406006 0.149902 -0.017334 0.0431 0.0549 0.0627
v -0.399658 0.149414 -0.016846 0.0471 0.0549 0.0510
v -0.392822 0.150391 -0.016846 0.0588 0.0588 0.0588
v -0.402588 0.168457 -0.018311 0.4706 0.4706 0.4784
v -0.393799 0.170898 -0.018311 0.1216 0.1216 0.1216
v -0.384033 0.170410 -0.017822 0.0196 0.0196 0.0196
v -0.381592 0.163574 -0.017334 0.0235 0.0235 0.0235
v -0.404053 0.149902 -0.057373 0.0667 0.0667 0.0667
v -0.397705 0.149414 -0.056396 0.0510 0.0549 0.0549
v -0.390869 0.150391 -0.055420 0.0745 0.0784 0.0784
v -0.401123 0.168457 -0.054932 0.5373 0.5373 0.5373
v -0.391846 0.170898 -0.053467 0.1216 0.1216 0.1216
v -0.380127 0.163574 -0.052002 0.0235 0.0235 0.0235
v -0.382568 0.170410 -0.052490 0.0157 0.0157 0.0157
v -0.409424 0.148438 -0.066162 0.9960 0.9960 0.9960
v -0.407471 0.148438 -0.084228 0.8627 0.8627 0.8627
v -0.391846 0.143555 -0.062744 0.0706 0.0706 0.0706
v -0.389893 0.143555 -0.080811 0.0902 0.0941 0.0980
v -0.400635 0.149902 -0.090576 0.0627 0.0627 0.0627
v -0.405518 0.155273 -0.092041 0.0392 0.0392 0.0392
v -0.394287 0.149414 -0.089111 0.0353 0.0353 0.0353
v -0.397217 0.168457 -0.090576 0.5764 0.5764 0.5843
v -0.387451 0.150391 -0.087646 0.0784 0.0863 0.0824
v -0.388428 0.170898 -0.088623 0.1451 0.1451 0.1451
v -0.376709 0.163574 -0.085693 0.0157 0.0157 0.0157
v -0.379150 0.170410 -0.086670 0.0118 0.0118 0.0118
v -0.392334 0.168457 -0.122803 0.5725 0.5725 0.5804
v -0.381592 0.150391 -0.124268 0.0941 0.0980 0.1059
v -0.383545 0.170898 -0.119873 0.0902 0.0902 0.0902
v -0.481201 0.027344 -0.163818 0.0314 0.0314 0.0314
v -0.481689 0.033203 -0.164307 0.0941 0.0941 0.0941
v -0.472412 0.023438 -0.159424 0.0000 0.0000 0.0000
v -0.473389 0.047852 -0.165771 0.9725 0.9725 0.9725
v -0.465576 0.024902 -0.156006 0.0157 0.0196 0.0157
v -0.456787 0.048828 -0.154541 0.0314 0.0314 0.0314
v -0.466553 0.048828 -0.159912 0.4039 0.4039 0.4039
v -0.451904 0.042969 -0.159912 0.0824 0.0824 0.0824
v -0.468994 0.027344 -0.206787 0.0667 0.0667 0.0667
v -0.469482 0.033203 -0.207764 0.1176 0.1176 0.1176
v -0.460693 0.023438 -0.201416 0.0000 0.0000 0.0000
v -0.453857 0.024902 -0.197021 0.0314 0.0314 0.0314
v -0.464111 0.047852 -0.196045 0.8902 0.8902 0.8902
v -0.456299 0.049316 -0.195557 0.1294 0.1333 0.1412
v -0.445557 0.048828 -0.193115 0.0824 0.0902 0.0863
v -0.440674 0.042969 -0.197510 0.0863 0.0902 0.0980
v -0.453857 0.033203 -0.249268 0.0706 0.0706 0.0706
v -0.442139 0.049805 -0.232666 0.1255 0.1255 0.1255
v -0.445557 0.023438 -0.241455 0.0000 0.0000 0.0000
v -0.452881 0.027344 -0.248291 0.0039 0.0039 0.0039
v -0.439209 0.024902 -0.236084 0.0118 0.0118 0.0118
v -0.449951 0.048340 -0.235107 0.2353 0.2353 0.2353
v -0.431885 0.042969 -0.220459 0.0745 0.0824 0.0784
v -0.432373 0.048828 -0.228760 0.0118 0.0118 0.0118
v -0.400146 0.158691 -0.130127 0.1176 0.1176 0.1176
v -0.395264 0.152344 -0.128662 0.1137 0.1137 0.1137
v -0.396240 0.151367 -0.151611 0.8784 0.8784 0.8784
v -0.388428 0.149414 -0.126221 0.0902 0.0980 0.0980
v -0.387939 0.152832 -0.155518 0.1020 0.1020 0.1020
v -0.381592 0.149414 -0.153564 0.0431 0.0431 0.0431
v -0.375244 0.150391 -0.150635 0.0549 0.0549 0.0549
v -0.385010 0.168457 -0.154053 0.5255 0.5255 0.5333
v -0.376221 0.170898 -0.150146 0.1490 0.1490 0.1490
v -0.393311 0.159180 -0.158447 0.7921 0.7921 0.7921
v -0.383545 0.159668 -0.186279 0.1882 0.1882 0.1882
v -0.379150 0.153320 -0.183838 0.0706 0.0706 0.0706
v -0.375244 0.168457 -0.181885 0.4980 0.4980 0.5059
v -0.366455 0.160156 -0.040771 0.0078 0.0078 0.0078
v -0.363525 0.160156 -0.096924 0.0118 0.0118 0.0118
v -0.371826 0.164062 -0.115967 0.0157 0.0157 0.0157
v -0.374268 0.170410 -0.116943 0.0118 0.0118 0.0118
v -0.366943 0.040039 -0.140381 0.0118 0.0118 0.0118
v -0.360596 0.039551 -0.135498 0.0078 0.0078 0.0078
v -0.364502 0.045410 -0.135498 0.0157 0.0157 0.0157
v -0.362549 0.050293 -0.133545 0.0275 0.0275 0.0275
v -0.368408 0.036621 -0.151611 0.0118 0.0118 0.0118
v -0.363037 0.035156 -0.148682 0.0118 0.0118 0.0118
v -0.358154 0.045410 -0.131103 0.0078 0.0078 0.0078
v -0.356201 0.050293 -0.129150 0.0078 0.0078 0.0078
v -0.368896 0.036133 -0.156982 0.0039 0.0039 0.0039
v -0.364014 0.033203 -0.156494 0.0078 0.0078 0.0078
v -0.285400 0.045410 -0.131104 0.0078 0.0078 0.0078
v -0.284424 0.050293 -0.129150 0.0078 0.0078 0.0078
v -0.286865 0.039551 -0.135498 0.0039 0.0039 0.0039
v -0.287842 0.035156 -0.148682 0.0078 0.0078 0.0078
v -0.288330 0.033203 -0.156494 0.0039 0.0039 0.0039
v -0.260010 0.047363 -0.131104 0.0078 0.0078 0.0078
v -0.258545 0.052246 -0.129150 0.0078 0.0078 0.0078
v -0.261475 0.041504 -0.136963 0.0039 0.0039 0.0039
v -0.252686 0.048828 -0.131104 0.0078 0.0078 0.0078
v -0.254150 0.042969 -0.137939 0.0039 0.0039 0.0039
v -0.262451 0.037109 -0.148682 0.0078 0.0078 0.0078
v -0.255615 0.038574 -0.148682 0.0078 0.0078 0.0078
v -0.262939 0.035156 -0.156494 0.0078 0.0078 0.0078
v -0.256104 0.036621 -0.156494 0.0078 0.0078 0.0078
v -0.355225 0.068359 -0.133545 0.0000 0.0000 0.0000
v -0.348877 0.068359 -0.129150 0.0078 0.0078 0.0078
v -0.367432 0.170410 -0.146240 0.0431 0.0431 0.0431
v -0.364990 0.164062 -0.144775 0.0196 0.0196 0.0196
v -0.358643 0.160156 -0.130127 0.0118 0.0118 0.0118
v -0.374756 0.143555 -0.156494 0.0824 0.0902 0.0863
v -0.369385 0.143555 -0.172119 0.0627 0.0706 0.0667
v -0.372314 0.149414 -0.180420 0.0314 0.0314 0.0314
v -0.365967 0.150391 -0.177002 0.0314 0.0314 0.0314
v -0.366943 0.170898 -0.177490 0.2392 0.2392 0.2432
v -0.351318 0.160156 -0.162353 0.0078 0.0078 0.0078
v -0.355713 0.164062 -0.171143 0.0275 0.0275 0.0275
v -0.343994 0.160156 -0.187256 0.0235 0.0235 0.0235
v -0.358154 0.170410 -0.172607 0.0549 0.0549 0.0549
v -0.320557 0.155273 -0.133545 0.0549 0.0627 0.0588
v -0.314697 0.155273 -0.129150 0.0118 0.0118 0.0118
v -0.371826 0.152344 -0.218506 0.9882 0.9882 0.9921
v -0.372314 0.159668 -0.212646 0.9921 0.9921 0.9921
v -0.366943 0.153320 -0.210205 0.1373 0.1373 0.1333
v -0.362061 0.149414 -0.204834 0.0745 0.0745 0.0706
v -0.364502 0.168457 -0.206787 0.5451 0.5451 0.5451
v -0.356201 0.150879 -0.200439 0.0745 0.0824 0.0784
v -0.356689 0.170898 -0.202393 0.2745 0.2745 0.2745
v -0.345459 0.164062 -0.195068 0.0196 0.0196 0.0196
v -0.347900 0.170410 -0.197021 0.0706 0.0706 0.0706
v -0.364014 0.152344 -0.236084 0.9255 0.9294 0.9255
v -0.360107 0.160156 -0.238525 0.6941 0.6941 0.7059
v -0.349365 0.149414 -0.230225 0.0667 0.0745 0.0706
v -0.355713 0.153809 -0.235107 0.0588 0.0588 0.0471
v -0.351318 0.168457 -0.234619 0.6118 0.6118 0.6197
v -0.334229 0.160156 -0.211182 0.0196 0.0196 0.0196
v -0.343506 0.150879 -0.225342 0.0784 0.0824 0.0863
v -0.343018 0.170898 -0.229736 0.2235 0.2235 0.2275
v -0.332275 0.164062 -0.221924 0.0118 0.0118 0.0118
v -0.334717 0.170410 -0.223389 0.0275 0.0275 0.0196
v -0.325928 0.160156 -0.232666 0.0078 0.0078 0.0078
v -0.320557 0.160156 -0.242920 0.0078 0.0078 0.0078
v -0.320068 0.152344 -0.243408 0.0667 0.0745 0.0706
v -0.316162 0.148438 -0.243408 0.0510 0.0471 0.0471
v -0.313232 0.160156 -0.247314 0.1961 0.2078 0.2118
v -0.321045 0.170410 -0.249756 0.0353 0.0353 0.0275
v -0.316650 0.162109 -0.243408 0.0039 0.0118 0.0078
v -0.318604 0.164062 -0.247803 0.0118 0.0078 0.0078
v -0.313232 0.166016 -0.243408 0.0118 0.0118 0.0118
v -0.280518 0.068359 -0.129150 0.0078 0.0078 0.0078
v -0.251221 0.053711 -0.129150 0.0078 0.0078 0.0078
v -0.251709 0.089355 -0.155518 0.1647 0.1725 0.1686
v -0.254150 0.099121 -0.155518 0.1686 0.1765 0.1725
v -0.365479 0.187012 -0.040771 0.0588 0.0588 0.0588
v -0.362549 0.190430 -0.040283 0.0706 0.0706 0.0706
v -0.371826 0.197266 -0.041748 0.7568 0.7568 0.7568
v -0.370361 0.193359 -0.041260 0.0706 0.0706 0.0706
v -0.370850 0.207520 -0.041260 0.0078 0.0078 0.0078
v -0.366943 0.212402 -0.040283 0.0157 0.0157 0.0157
v -0.358154 0.212402 -0.038818 0.0431 0.0431 0.0431
v -0.316650 0.237793 -0.000244 0.6471 0.6471 0.6550
v -0.321533 0.246582 -0.000244 0.0000 0.0000 0.0000
v -0.322998 0.262207 -0.000244 0.0078 0.0078 0.0078
v -0.318604 0.268066 -0.000244 0.0078 0.0078 0.0078
v -0.321533 0.254395 -0.057861 0.0000 0.0000 0.0000
v -0.316650 0.246094 -0.060791 0.1490 0.1490 0.1490
v -0.322998 0.267578 -0.047607 0.0078 0.0078 0.0078
v -0.326904 0.286621 -0.042725 0.0078 0.0078 0.0078
v -0.318604 0.273926 -0.046143 0.0078 0.0078 0.0078
v -0.362061 0.187012 -0.081299 0.0627 0.0627 0.0627
v -0.359619 0.190430 -0.080811 0.0706 0.0706 0.0706
v -0.367432 0.193359 -0.082764 0.0706 0.0706 0.0706
v -0.368408 0.197266 -0.083252 0.7647 0.7647 0.7647
v -0.367920 0.207520 -0.082764 0.0078 0.0078 0.0078
v -0.363525 0.212402 -0.080322 0.0431 0.0431 0.0431
v -0.355225 0.212402 -0.077881 0.0510 0.0510 0.0510
v -0.362061 0.193359 -0.119385 0.0667 0.0667 0.0667
v -0.363037 0.197266 -0.119873 0.7882 0.7882 0.7882
v -0.362549 0.207520 -0.119385 0.0078 0.0078 0.0078
v -0.354736 0.190430 -0.116455 0.0745 0.0745 0.0745
v -0.357178 0.187012 -0.117432 0.0627 0.0627 0.0627
v -0.358643 0.212402 -0.116455 0.0471 0.0471 0.0471
v -0.350830 0.212402 -0.112061 0.0392 0.0392 0.0392
v -0.322998 0.284668 -0.091064 0.0078 0.0078 0.0078
v -0.326904 0.302246 -0.080811 0.0078 0.0078 0.0078
v -0.318604 0.290527 -0.088135 0.0078 0.0078 0.0078
v -0.316650 0.269531 -0.114502 0.0000 0.0000 0.0000
v -0.321533 0.276855 -0.109131 0.0039 0.0039 0.0039
v -0.299561 0.230957 -0.000244 0.0157 0.0157 0.0157
v -0.295654 0.232422 -0.000244 0.0275 0.0353 0.0314
v -0.299561 0.239258 -0.061279 0.5333 0.5412 0.5412
v -0.288818 0.212402 -0.059326 0.0078 0.0078 0.0078
v -0.296143 0.239746 -0.057373 0.0196 0.0196 0.0196
v -0.295654 0.239258 -0.061279 0.1137 0.1176 0.1176
v -0.288818 0.234863 -0.059326 0.0157 0.0157 0.0157
v -0.299561 0.262695 -0.115478 0.5255 0.5255 0.5176
v -0.296143 0.263184 -0.109131 0.4157 0.4314 0.4353
v -0.295654 0.263672 -0.114502 0.0431 0.0510 0.0549
v -0.288818 0.259277 -0.112549 0.0118 0.0118 0.0118
v -0.348389 0.334473 -0.000244 0.9960 0.9960 0.9960
v -0.352783 0.354492 -0.000244 0.9019 0.9019 0.9019
v -0.352783 0.356445 -0.012939 0.9411 0.9411 0.9411
v -0.348389 0.337402 -0.021240 0.9921 0.9921 0.9921
v -0.352783 0.360840 -0.024658 0.9686 0.9764 0.9725
v -0.348389 0.344727 -0.040283 0.9921 0.9921 0.9921
v -0.348389 0.356445 -0.054932 0.9725 0.9725 0.9725
v -0.342041 0.328613 -0.000244 0.0980 0.0980 0.0980
v -0.342041 0.331543 -0.022705 0.0627 0.0627 0.0627
v -0.327881 0.326660 -0.000244 0.0275 0.0275 0.0275
v -0.327881 0.329590 -0.023193 0.0314 0.0314 0.0235
v -0.342041 0.339355 -0.043701 0.0980 0.0980 0.0980
v -0.342041 0.352539 -0.059814 0.0510 0.0510 0.0510
v -0.327881 0.337891 -0.044678 0.0196 0.0196 0.0118
v -0.327881 0.351074 -0.061279 0.0157 0.0157 0.0157
v -0.355225 0.386719 -0.000244 0.0078 0.0078 0.0078
v -0.352783 0.418457 -0.000244 0.9843 0.9843 0.9843
v -0.352783 0.416992 -0.012939 0.9960 0.9960 0.9960
v -0.352783 0.412109 -0.024658 0.9960 0.9960 0.9960
v -0.352783 0.368164 -0.033936 0.9882 0.9882 0.9882
v -0.352783 0.376953 -0.039795 0.9921 0.9921 0.9921
v -0.352783 0.386719 -0.041748 0.9960 0.9960 0.9960
v -0.352783 0.395996 -0.039795 0.9921 0.9921 0.9921
v -0.352783 0.404785 -0.033936 0.9960 0.9960 0.9960
v -0.348389 0.416504 -0.054932 0.7686 0.7686 0.7686
v -0.342041 0.420898 -0.059814 0.0980 0.0980 0.0980
v -0.327881 0.421875 -0.061279 0.0157 0.0157 0.0157
v -0.335693 0.345703 -0.069092 0.0078 0.0078 0.0078
v -0.318604 0.316406 -0.121338 0.0078 0.0078 0.0078
v -0.326904 0.325684 -0.111084 0.0078 0.0078 0.0078
v -0.348389 0.371094 -0.064209 0.5961 0.5961 0.5961
v -0.348389 0.386719 -0.067627 0.4353 0.4353 0.4353
v -0.348389 0.402344 -0.064209 0.8392 0.8392 0.8392
v -0.342041 0.368652 -0.070557 0.0392 0.0392 0.0392
v -0.342041 0.386719 -0.074463 0.0471 0.0471 0.0471
v -0.335693 0.386719 -0.088623 0.0078 0.0078 0.0078
v -0.327881 0.368164 -0.072021 0.0196 0.0196 0.0196
v -0.327881 0.386719 -0.075928 0.0118 0.0118 0.0078
v -0.342041 0.404785 -0.070557 0.0745 0.0745 0.0745
v -0.335693 0.427246 -0.069092 0.0000 0.0000 0.0000
v -0.327881 0.405273 -0.072021 0.0196 0.0196 0.0235
v -0.347900 0.190430 -0.151611 0.0706 0.0706 0.0706
v -0.350342 0.187012 -0.153076 0.0627 0.0627 0.0627
v -0.354736 0.193359 -0.156006 0.0667 0.0667 0.0667
v -0.355225 0.207520 -0.155518 0.0000 0.0000 0.0000
v -0.351807 0.212402 -0.151611 0.0275 0.0275 0.0275
v -0.343994 0.212402 -0.146240 0.0314 0.0314 0.0314
v -0.355713 0.197266 -0.156494 0.8666 0.8666 0.8666
v -0.347900 0.197266 -0.185791 0.8980 0.8980 0.8980
v -0.346924 0.193359 -0.185303 0.0745 0.0745 0.0745
v -0.347412 0.207520 -0.185303 0.0039 0.0039 0.0039
v -0.342529 0.187012 -0.182373 0.0667 0.0667 0.0667
v -0.340576 0.190430 -0.180420 0.0745 0.0745 0.0745
v -0.337158 0.212402 -0.174561 0.0353 0.0353 0.0353
v -0.343506 0.212402 -0.180908 0.0314 0.0314 0.0314
v -0.333252 0.187012 -0.210693 0.0588 0.0588 0.0588
v -0.331299 0.190430 -0.208740 0.0745 0.0745 0.0745
v -0.337158 0.193359 -0.214600 0.0706 0.0706 0.0706
v -0.338135 0.197266 -0.215088 0.8823 0.8823 0.8823
v -0.337647 0.207520 -0.214111 0.0078 0.0078 0.0078
v -0.328369 0.212402 -0.202393 0.0392 0.0392 0.0392
v -0.334229 0.212402 -0.209228 0.0275 0.0275 0.0275
v -0.328369 0.193359 -0.236084 0.0706 0.0706 0.0706
v -0.329346 0.197266 -0.236572 0.8274 0.8274 0.8274
v -0.328857 0.207520 -0.236084 0.0118 0.0118 0.0118
v -0.324951 0.187012 -0.232666 0.0667 0.0667 0.0667
v -0.322998 0.190430 -0.230225 0.0706 0.0706 0.0706
v -0.318604 0.190430 -0.239014 0.0549 0.0549 0.0549
v -0.319580 0.187012 -0.242432 0.0471 0.0471 0.0471
v -0.321533 0.193359 -0.248779 0.1216 0.1216 0.1216
v -0.322022 0.197266 -0.249756 0.5098 0.5098 0.5098
v -0.321533 0.207520 -0.249268 0.1059 0.1059 0.1059
v -0.325439 0.212402 -0.230713 0.0118 0.0118 0.0118
v -0.320068 0.212402 -0.223389 0.0235 0.0235 0.0235
v -0.316162 0.212402 -0.231201 0.0314 0.0314 0.0314
v -0.319580 0.212402 -0.241943 0.0314 0.0314 0.0314
v -0.312744 0.244629 -0.225830 0.9804 0.9804 0.9804
v -0.312744 0.249023 -0.222412 0.9804 0.9804 0.9804
v -0.312744 0.254395 -0.221436 0.9686 0.9764 0.9725
v -0.312744 0.241699 -0.230713 0.9882 0.9882 0.9882
v -0.312744 0.259766 -0.222412 0.9607 0.9686 0.9647
v -0.312744 0.264160 -0.225830 0.9686 0.9686 0.9686
v -0.312744 0.267090 -0.230713 0.9607 0.9647 0.9607
v -0.312744 0.240723 -0.236572 0.9804 0.9804 0.9804
v -0.314209 0.254395 -0.236572 0.9647 0.9647 0.9647
v -0.312744 0.241699 -0.242432 0.9725 0.9725 0.9725
v -0.312744 0.244629 -0.247314 0.9647 0.9647 0.9647
v -0.312744 0.268555 -0.236572 0.9607 0.9607 0.9607
v -0.312744 0.267090 -0.242432 0.9568 0.9568 0.9568
v -0.312744 0.264160 -0.247314 0.9568 0.9568 0.9568
v -0.296143 0.296875 -0.150146 0.3804 0.3961 0.4000
v -0.295654 0.299805 -0.154541 0.3137 0.3255 0.3255
v -0.288818 0.294434 -0.155029 0.0078 0.0078 0.0078
v -0.299561 0.298828 -0.157959 0.0196 0.0196 0.0196
v -0.304932 0.212402 -0.188232 0.0118 0.0118 0.0118
v -0.306397 0.223633 -0.202393 0.0431 0.0431 0.0431
v -0.306885 0.237793 -0.192139 0.0980 0.1020 0.1059
v -0.309814 0.239746 -0.196533 0.4510 0.4510 0.4510
v -0.306397 0.214355 -0.218506 0.0039 0.0039 0.0039
v -0.301514 0.211426 -0.218018 0.0000 0.0039 0.0000
v -0.309814 0.227051 -0.206299 0.1255 0.1255 0.1255
v -0.309814 0.231445 -0.212158 0.1490 0.1490 0.1490
v -0.308838 0.235352 -0.215576 0.8509 0.8509 0.8509
v -0.304443 0.234375 -0.214600 0.1686 0.1686 0.1686
v -0.312256 0.190430 -0.242920 0.0392 0.0392 0.0392
v -0.312256 0.187012 -0.247314 0.0392 0.0392 0.0392
v -0.296143 0.206543 -0.236572 0.0078 0.0078 0.0078
v -0.309814 0.218262 -0.220459 0.0353 0.0353 0.0353
v -0.309814 0.224609 -0.223389 0.1333 0.1333 0.1333
v -0.308838 0.229980 -0.225342 0.9137 0.9137 0.9137
v -0.304443 0.228516 -0.224853 0.1843 0.1843 0.1843
v -0.311279 0.212402 -0.234619 0.0039 0.0039 0.0039
v -0.309814 0.214844 -0.236572 0.0118 0.0118 0.0118
v -0.306397 0.210449 -0.236572 0.0000 0.0000 0.0000
v -0.309814 0.222168 -0.236572 0.0980 0.0980 0.0980
v -0.311279 0.212402 -0.247314 0.0118 0.0118 0.0118
v -0.308838 0.227539 -0.236572 0.9255 0.9255 0.9255
v -0.309814 0.224609 -0.249756 0.0549 0.0549 0.0549
v -0.308838 0.229980 -0.247803 0.9960 0.9960 0.9960
v -0.304443 0.226074 -0.236572 0.1255 0.1255 0.1255
v -0.304443 0.228516 -0.248779 0.4078 0.4078 0.4078
v -0.309814 0.254395 -0.192627 0.4628 0.4550 0.4589
v -0.306885 0.254395 -0.187744 0.0588 0.0667 0.0627
v -0.309814 0.254395 -0.201416 0.0863 0.0863 0.0863
v -0.309814 0.269531 -0.196533 0.2078 0.2078 0.2078
v -0.309814 0.241699 -0.204346 0.1333 0.1333 0.1333
v -0.308838 0.244141 -0.209228 0.9882 0.9882 0.9882
v -0.308838 0.254395 -0.206787 0.9921 0.9921 0.9921
v -0.304443 0.243652 -0.207764 0.1608 0.1608 0.1608
v -0.304443 0.254395 -0.205322 0.2432 0.2432 0.2353
v -0.309814 0.267090 -0.204346 0.0392 0.0392 0.0392
v -0.308838 0.264648 -0.209228 0.9882 0.9882 0.9882
v -0.304443 0.265625 -0.207764 0.6118 0.6118 0.6118
v -0.306885 0.271484 -0.192139 0.0275 0.0275 0.0314
v -0.306397 0.285156 -0.202393 0.1490 0.1530 0.1490
v -0.309814 0.281738 -0.206299 0.0667 0.0667 0.0667
v -0.309814 0.277832 -0.212158 0.0000 0.0000 0.0000
v -0.308838 0.273438 -0.215576 0.9882 0.9882 0.9882
v -0.304443 0.274414 -0.214600 0.9882 0.9882 0.9882
v -0.306397 0.294434 -0.218506 0.1804 0.1804 0.1804
v -0.301514 0.297363 -0.218018 0.0784 0.0824 0.0824
v -0.296143 0.254395 -0.236572 0.9725 0.9725 0.9725
v -0.308838 0.279297 -0.225342 0.9372 0.9372 0.9451
v -0.309814 0.284668 -0.223389 0.0000 0.0000 0.0000
v -0.304443 0.280762 -0.224853 0.9333 0.9333 0.9333
v -0.309814 0.290527 -0.220459 0.0196 0.0196 0.0196
v -0.308838 0.281250 -0.236572 0.8902 0.8902 0.8980
v -0.308838 0.279297 -0.247803 0.8470 0.8470 0.8470
v -0.309814 0.284668 -0.249756 0.1373 0.1373 0.1373
v -0.304443 0.282715 -0.236572 0.8902 0.8902 0.8902
v -0.304443 0.280762 -0.248779 0.8470 0.8470 0.8470
v -0.309814 0.287109 -0.236572 0.0667 0.0667 0.0667
v -0.309814 0.293945 -0.236572 0.1255 0.1255 0.1255
v -0.306397 0.298340 -0.236572 0.3216 0.3216 0.3255
v -0.322998 0.311523 -0.126221 0.0078 0.0078 0.0078
v -0.321533 0.310059 -0.148193 0.0157 0.0157 0.0157
v -0.316650 0.304688 -0.155518 0.0118 0.0118 0.0118
v -0.326904 0.354492 -0.130127 0.0078 0.0078 0.0078
v -0.322998 0.346680 -0.149658 0.0078 0.0078 0.0078
v -0.318604 0.349121 -0.143311 0.0078 0.0078 0.0078
v -0.321533 0.348633 -0.171631 0.0118 0.0118 0.0118
v -0.316650 0.345703 -0.180908 0.0706 0.0706 0.0706
v -0.326904 0.386719 -0.136963 0.0078 0.0078 0.0078
v -0.318604 0.386719 -0.151123 0.0078 0.0078 0.0078
v -0.326904 0.418457 -0.130127 0.0078 0.0078 0.0078
v -0.322998 0.426758 -0.149658 0.0078 0.0078 0.0078
v -0.318604 0.423828 -0.143311 0.0078 0.0078 0.0078
v -0.320557 0.378906 -0.159424 0.0118 0.0118 0.0039
v -0.317627 0.374512 -0.163818 0.0078 0.0078 0.0078
v -0.322998 0.386719 -0.157959 0.0078 0.0078 0.0078
v -0.320557 0.394043 -0.159424 0.0078 0.0078 0.0078
v -0.320557 0.377441 -0.181885 0.0784 0.0784 0.0784
v -0.317627 0.372559 -0.181885 0.0863 0.0863 0.0863
v -0.321533 0.386719 -0.179443 0.1843 0.1843 0.1843
v -0.320557 0.386719 -0.181885 0.1137 0.1137 0.1137
v -0.320557 0.395508 -0.181885 0.0706 0.0706 0.0706
v -0.317627 0.398438 -0.163818 0.0157 0.0157 0.0157
v -0.321533 0.424316 -0.171631 0.0510 0.0510 0.0510
v -0.317627 0.400391 -0.181885 0.1647 0.1686 0.1686
v -0.320557 0.378906 -0.199463 0.7647 0.7647 0.7647
v -0.317627 0.374512 -0.199463 0.1020 0.1020 0.1020
v -0.320557 0.386719 -0.199463 0.8588 0.8588 0.8588
v -0.320557 0.394043 -0.199463 0.7451 0.7451 0.7451
v -0.316650 0.386719 -0.189209 0.8196 0.8392 0.8627
v -0.317627 0.378906 -0.203857 0.4550 0.4550 0.4550
v -0.317627 0.386719 -0.205811 0.8784 0.8784 0.8784
v -0.317627 0.394043 -0.203857 0.2706 0.2745 0.2706
v -0.317627 0.398438 -0.199463 0.2118 0.2196 0.2157
v -0.299561 0.341797 -0.184326 0.0039 0.0039 0.0039
v -0.296143 0.339355 -0.176514 0.1961 0.1922 0.1922
v -0.295654 0.342285 -0.180908 0.1176 0.1176 0.1176
v -0.288818 0.337891 -0.182373 0.0000 0.0000 0.0000
v -0.308350 0.372559 -0.163330 0.0196 0.0118 0.0157
v -0.299072 0.378906 -0.159424 0.0118 0.0118 0.0118
v -0.299072 0.374512 -0.163818 0.0157 0.0157 0.0157
v -0.299072 0.386719 -0.157471 0.0157 0.0157 0.0157
v -0.299072 0.394043 -0.159424 0.0118 0.0118 0.0118
v -0.308350 0.370117 -0.181885 0.0902 0.0902 0.0902
v -0.299072 0.372559 -0.181885 0.0627 0.0627 0.0627
v -0.296143 0.385742 -0.185791 0.2196 0.2275 0.2235
v -0.308350 0.400391 -0.163330 0.0235 0.0235 0.0235
v -0.299072 0.398438 -0.163818 0.0196 0.0196 0.0196
v -0.308350 0.402832 -0.181885 0.0824 0.0824 0.0824
v -0.299072 0.400391 -0.181885 0.0314 0.0314 0.0314
v -0.296143 0.302734 -0.236572 0.3765 0.3765 0.3843
v -0.308350 0.372559 -0.200439 0.1333 0.1333 0.1333
v -0.299072 0.374512 -0.199463 0.1137 0.1176 0.1137
v -0.299561 0.386719 -0.193603 0.0824 0.0824 0.0824
v -0.299072 0.386719 -0.199463 0.1059 0.1137 0.1020
v -0.308350 0.377930 -0.205322 0.0000 0.0000 0.0000
v -0.299072 0.378906 -0.203857 0.1647 0.1686 0.1647
v -0.308350 0.386719 -0.207764 0.0667 0.0667 0.0667
v -0.308350 0.395508 -0.205322 0.0235 0.0196 0.0235
v -0.299072 0.386719 -0.205811 0.2706 0.2784 0.2745
v -0.299072 0.394043 -0.203857 0.1647 0.1647 0.1686
v -0.295654 0.386719 -0.189697 0.1098 0.1137 0.1137
v -0.288818 0.385742 -0.191650 0.0000 0.0000 0.0000
v -0.308350 0.400391 -0.200439 0.0824 0.0745 0.0784
v -0.299072 0.398438 -0.199463 0.1059 0.1059 0.1059
v -0.423096 0.024902 -0.269287 0.0118 0.0118 0.0118
v -0.428955 0.023438 -0.275635 0.0000 0.0000 0.0000
v -0.424072 0.050781 -0.273193 0.5725 0.5725 0.5725
v -0.428955 0.049805 -0.281006 0.9882 0.9882 0.9882
v -0.416260 0.048828 -0.263428 0.0275 0.0275 0.0275
v -0.410400 0.043457 -0.266357 0.0157 0.0157 0.0157
v -0.436279 0.027344 -0.283936 0.0039 0.0039 0.0039
v -0.436768 0.033203 -0.285400 0.0784 0.0784 0.0784
v -0.409912 0.023438 -0.308350 0.0000 0.0000 0.0000
v -0.416260 0.049805 -0.303955 0.7412 0.7412 0.7412
v -0.408936 0.051270 -0.301514 0.1725 0.1725 0.1725
v -0.401611 0.043457 -0.281982 0.1059 0.1098 0.1137
v -0.401123 0.048828 -0.291260 0.0196 0.0196 0.0196
v -0.404541 0.024902 -0.301025 0.0078 0.0078 0.0078
v -0.416260 0.027344 -0.317627 0.0039 0.0039 0.0039
v -0.416748 0.033691 -0.319092 0.0824 0.0824 0.0824
v -0.375244 0.043945 -0.321533 0.0196 0.0196 0.0196
v -0.381104 0.048828 -0.320557 0.0314 0.0314 0.0314
v -0.383057 0.024902 -0.329834 0.0039 0.0039 0.0039
v -0.387451 0.023438 -0.337646 0.0000 0.0000 0.0000
v -0.387939 0.051758 -0.331787 0.1882 0.1882 0.1882
v -0.389893 0.050781 -0.341553 0.9725 0.9725 0.9725
v -0.393311 0.027832 -0.347900 0.0078 0.0078 0.0078
v -0.393799 0.033691 -0.349365 0.0706 0.0706 0.0706
v -0.377686 0.028809 -0.365478 0.0275 0.0275 0.0275
v -0.379639 0.034180 -0.365967 0.1294 0.1294 0.1294
v -0.368897 0.036133 -0.267334 0.0039 0.0039 0.0039
v -0.368408 0.036621 -0.272705 0.0039 0.0039 0.0039
v -0.364014 0.033203 -0.268311 0.0000 0.0000 0.0000
v -0.363037 0.035156 -0.275635 0.0000 0.0000 0.0000
v -0.366943 0.040039 -0.284424 0.0118 0.0118 0.0118
v -0.360596 0.039551 -0.289307 0.0039 0.0039 0.0039
v -0.364502 0.045410 -0.289307 0.0157 0.0157 0.0157
v -0.362549 0.050293 -0.291260 0.0118 0.0196 0.0157
v -0.358154 0.045410 -0.293701 0.0039 0.0039 0.0039
v -0.356201 0.050293 -0.295166 0.0078 0.0078 0.0078
v -0.356689 0.041016 -0.343506 0.1373 0.1373 0.1373
v -0.368897 0.025879 -0.345947 0.0039 0.0039 0.0039
v -0.371826 0.024414 -0.354736 0.0000 0.0000 0.0000
v -0.362549 0.028320 -0.349365 0.0000 0.0000 0.0000
v -0.374268 0.036621 -0.369385 0.1020 0.1020 0.1020
v -0.369385 0.032227 -0.370361 0.0157 0.0157 0.0157
v -0.363525 0.028320 -0.359619 0.0039 0.0039 0.0039
v -0.367432 0.048828 -0.365967 0.7098 0.7098 0.7098
v -0.369873 0.040527 -0.369873 0.0078 0.0078 0.0078
v -0.360107 0.047852 -0.364990 0.0000 0.0000 0.0000
v -0.363037 0.038086 -0.370850 0.0039 0.0039 0.0039
v -0.358154 0.032715 -0.349853 0.0000 0.0000 0.0000
v -0.354736 0.043945 -0.352783 0.0000 0.0000 0.0000
v -0.356689 0.034180 -0.360107 0.0000 0.0000 0.0000
v -0.288330 0.033203 -0.268311 0.0078 0.0078 0.0078
v -0.287842 0.035156 -0.275635 0.0078 0.0078 0.0078
v -0.286865 0.039551 -0.289307 0.0000 0.0000 0.0000
v -0.285400 0.045410 -0.293701 0.0000 0.0000 0.0000
v -0.284424 0.050293 -0.295166 0.0039 0.0039 0.0039
v -0.262939 0.035156 -0.268311 0.0078 0.0078 0.0078
v -0.256104 0.036621 -0.268311 0.0078 0.0078 0.0078
v -0.262451 0.037109 -0.276123 0.0078 0.0078 0.0078
v -0.255615 0.038574 -0.276123 0.0039 0.0039 0.0039
v -0.261475 0.041504 -0.287353 0.0000 0.0000 0.0000
v -0.260010 0.047363 -0.293701 0.0000 0.0000 0.0000
v -0.258545 0.052246 -0.295166 0.0039 0.0039 0.0039
v -0.254150 0.042969 -0.286865 0.0000 0.0000 0.0000
v -0.252686 0.048828 -0.293701 0.0000 0.0000 0.0000
v -0.355225 0.068359 -0.291260 0.0078 0.0078 0.0078
v -0.348877 0.068359 -0.295166 0.0118 0.0118 0.0118
v -0.345947 0.152344 -0.272217 0.1333 0.1333 0.1333
v -0.344971 0.160156 -0.266846 0.4392 0.4392 0.4392
v -0.328857 0.144043 -0.257080 0.0118 0.0157 0.0235
v -0.340088 0.153809 -0.263428 0.0902 0.0902 0.0902
v -0.335205 0.149414 -0.256592 0.0275 0.0275 0.0275
v -0.329346 0.150879 -0.252197 0.0157 0.0157 0.0157
v -0.337158 0.168457 -0.260986 0.6000 0.6000 0.6039
v -0.329346 0.170898 -0.256103 0.3294 0.3294 0.3294
v -0.323975 0.146973 -0.275146 0.2275 0.2432 0.2392
v -0.319580 0.153809 -0.271728 0.2235 0.2392 0.2432
v -0.327393 0.168945 -0.280029 0.6471 0.6471 0.6510
v -0.319092 0.170898 -0.276123 0.1137 0.1137 0.1176
v -0.318115 0.143555 -0.287353 0.0667 0.0667 0.0667
v -0.318604 0.145020 -0.297607 0.0118 0.0118 0.0118
v -0.336670 0.160156 -0.285889 0.9882 0.9882 0.9882
v -0.341064 0.153320 -0.289795 0.9921 0.9921 0.9921
v -0.333740 0.151855 -0.303467 0.9137 0.9137 0.9137
v -0.328369 0.158691 -0.301514 0.8313 0.8313 0.8313
v -0.320557 0.155273 -0.291260 0.1176 0.1255 0.1216
v -0.313232 0.151855 -0.296143 0.0157 0.0157 0.0157
v -0.312744 0.152344 -0.296631 0.0078 0.0078 0.0078
v -0.314697 0.155273 -0.295166 0.0039 0.0039 0.0039
v -0.324463 0.168945 -0.288330 0.6706 0.6706 0.6785
v -0.322022 0.166992 -0.296631 0.4628 0.4628 0.4628
v -0.313721 0.170410 -0.288818 0.1686 0.1686 0.1686
v -0.326416 0.147949 -0.306396 0.0000 0.0000 0.0000
v -0.321045 0.154785 -0.304932 0.0000 0.0000 0.0000
v -0.313721 0.163086 -0.302978 0.0941 0.0941 0.0941
v -0.281982 0.068359 -0.295166 0.0078 0.0078 0.0078
v -0.251221 0.053711 -0.295166 0.0039 0.0039 0.0039
v -0.308350 0.164062 -0.267334 0.0824 0.0902 0.0863
v -0.310791 0.170410 -0.269775 0.0275 0.0314 0.0314
v -0.303955 0.162598 -0.280029 0.1098 0.1137 0.1216
v -0.312256 0.150391 -0.286377 0.0039 0.0078 0.0039
v -0.304932 0.158203 -0.286377 0.0039 0.0118 0.0078
v -0.309326 0.148438 -0.296631 0.0118 0.0118 0.0118
v -0.305420 0.160645 -0.296143 0.0431 0.0431 0.0431
v -0.305420 0.169922 -0.282471 0.0471 0.0549 0.0431
v -0.309814 0.162109 -0.296631 0.0275 0.0275 0.0275
v -0.306397 0.166016 -0.296631 0.0235 0.0314 0.0275
v -0.303467 0.166504 -0.290771 0.1098 0.1176 0.1176
v -0.309326 0.152344 -0.301025 0.0235 0.0235 0.0235
v -0.312256 0.167969 -0.297119 0.1098 0.1098 0.1098
v -0.306397 0.162109 -0.301025 0.3765 0.3765 0.3765
v -0.312744 0.249023 -0.250732 0.9647 0.9647 0.9647
v -0.312744 0.254395 -0.251709 0.9647 0.9647 0.9647
v -0.312744 0.259766 -0.250732 0.9568 0.9568 0.9568
v -0.312256 0.193359 -0.254639 0.0235 0.0235 0.0235
v -0.311768 0.197266 -0.256592 0.3647 0.3647 0.3647
v -0.311279 0.207520 -0.255615 0.0706 0.0706 0.0706
v -0.306397 0.214844 -0.254639 0.0039 0.0039 0.0039
v -0.309814 0.218750 -0.253174 0.0157 0.0157 0.0157
v -0.308838 0.235352 -0.257568 0.9921 0.9921 0.9921
v -0.309814 0.231445 -0.261475 0.0118 0.0118 0.0118
v -0.304443 0.234375 -0.258545 0.9725 0.9725 0.9725
v -0.309814 0.227539 -0.266846 0.0118 0.0118 0.0118
v -0.306397 0.224609 -0.269775 0.0039 0.0039 0.0039
v -0.306397 0.238281 -0.279541 0.4118 0.4118 0.4118
v -0.290772 0.211426 -0.255615 0.0000 0.0000 0.0000
v -0.286377 0.222656 -0.271728 0.0745 0.0745 0.0745
v -0.283447 0.237305 -0.281494 0.0549 0.0588 0.0588
v -0.308838 0.244141 -0.263916 0.9451 0.9451 0.9451
v -0.304443 0.243652 -0.265381 0.9451 0.9451 0.9451
v -0.308838 0.264648 -0.263916 0.8549 0.8549 0.8549
v -0.304443 0.265625 -0.265381 0.8470 0.8470 0.8470
v -0.309814 0.241699 -0.268799 0.0000 0.0000 0.0000
v -0.308838 0.254395 -0.266357 0.8823 0.8823 0.8823
v -0.309814 0.254395 -0.271728 0.0000 0.0000 0.0000
v -0.309814 0.240234 -0.275635 0.0039 0.0039 0.0039
v -0.309814 0.254395 -0.279053 0.0000 0.0000 0.0000
v -0.304443 0.254395 -0.267822 0.8784 0.8784 0.8784
v -0.309814 0.267090 -0.268799 0.0039 0.0039 0.0039
v -0.309814 0.269043 -0.275635 0.0235 0.0235 0.0235
v -0.306397 0.270508 -0.279541 0.6628 0.6667 0.6667
v -0.308838 0.273438 -0.257568 0.8353 0.8353 0.8353
v -0.309814 0.277832 -0.261475 0.0078 0.0078 0.0078
v -0.304443 0.274414 -0.258545 0.8392 0.8392 0.8392
v -0.309814 0.290039 -0.253174 0.0157 0.0157 0.0157
v -0.306397 0.293945 -0.254639 0.2078 0.2078 0.2078
v -0.309814 0.281250 -0.266846 0.0667 0.0667 0.0667
v -0.306397 0.284180 -0.269775 0.4550 0.4550 0.4550
v -0.290772 0.297363 -0.255615 0.2118 0.2157 0.2157
v -0.286377 0.286621 -0.271728 0.1725 0.1725 0.1765
v -0.306397 0.254395 -0.283447 0.6039 0.6039 0.6039
v -0.282471 0.254395 -0.285889 0.0667 0.0667 0.0667
v -0.283447 0.271484 -0.281494 0.1373 0.1373 0.1333
v -0.248291 0.055176 -0.129150 0.0078 0.0078 0.0078
v -0.244385 0.058594 -0.129150 0.0118 0.0118 0.0118
v -0.240479 0.055176 -0.131104 0.0157 0.0157 0.0157
v -0.237061 0.058594 -0.131104 0.0157 0.0157 0.0157
v -0.240967 0.068359 -0.129150 0.0196 0.0196 0.0196
v -0.244385 0.082520 -0.155518 0.0902 0.0941 0.1020
v -0.235107 0.080078 -0.155518 0.0392 0.0392 0.0392
v -0.231201 0.055176 -0.138916 0.0157 0.0157 0.0157
v -0.228271 0.058594 -0.138916 0.0235 0.0235 0.0235
v -0.234131 0.068359 -0.131104 0.0275 0.0275 0.0275
v -0.224854 0.068359 -0.138916 0.0392 0.0392 0.0392
v -0.224365 0.055176 -0.148682 0.0118 0.0118 0.0118
v -0.220947 0.058594 -0.149170 0.0196 0.0196 0.0196
v -0.235107 0.082520 -0.160889 0.0275 0.0275 0.0275
v -0.221436 0.055176 -0.156494 0.0039 0.0039 0.0039
v -0.249268 0.090820 -0.160889 0.1530 0.1569 0.1647
v -0.243408 0.084961 -0.160889 0.0784 0.0824 0.0824
v -0.238525 0.091309 -0.164307 0.0235 0.0235 0.0235
v -0.240967 0.099121 -0.165771 0.0235 0.0235 0.0235
v -0.218018 0.068359 -0.149170 0.0431 0.0431 0.0431
v -0.218506 0.058594 -0.156494 0.0157 0.0157 0.0157
v -0.215576 0.068359 -0.156494 0.0353 0.0353 0.0353
v -0.240967 0.155273 -0.129150 0.0078 0.0078 0.0078
v -0.234131 0.155273 -0.131104 0.0157 0.0157 0.0157
v -0.233154 0.148438 -0.138428 0.0745 0.0824 0.0784
v -0.224854 0.155273 -0.138916 0.1216 0.1216 0.1216
v -0.233154 0.166016 -0.138428 0.1804 0.1961 0.2000
v -0.215576 0.148438 -0.138428 0.2706 0.2667 0.2588
v -0.212158 0.152344 -0.138428 0.2823 0.2823 0.2745
v -0.215576 0.166016 -0.138428 0.0235 0.0314 0.0275
v -0.212158 0.162109 -0.138428 0.0627 0.0706 0.0667
v -0.216553 0.155273 -0.153076 0.2432 0.2432 0.2432
v -0.233154 0.148438 -0.243408 0.0627 0.0706 0.0667
v -0.224365 0.160156 -0.246826 0.6315 0.6354 0.6432
v -0.233154 0.166016 -0.243408 0.0078 0.0078 0.0078
v -0.214600 0.160156 -0.226807 0.7098 0.7294 0.7451
v -0.217529 0.160156 -0.239014 0.7412 0.7529 0.7647
v -0.038330 0.038086 -0.156006 0.0745 0.0745 0.0745
v -0.034912 0.020508 -0.184814 0.0039 0.0039 0.0039
v -0.054443 0.034668 -0.184814 0.0078 0.0078 0.0078
v -0.051025 0.038574 -0.178467 0.0549 0.0549 0.0549
v -0.031982 0.025391 -0.178467 0.0745 0.0745 0.0745
v -0.010010 0.014648 -0.178467 0.0392 0.0392 0.0392
v -0.011963 0.009277 -0.184814 0.0039 0.0039 0.0039
v -0.034912 0.020508 -0.222900 0.0039 0.0039 0.0039
v -0.054443 0.034668 -0.222900 0.0078 0.0078 0.0078
v -0.051025 0.038574 -0.229736 0.0039 0.0039 0.0039
v -0.031982 0.025391 -0.229736 0.0039 0.0039 0.0039
v -0.041748 0.049316 -0.229736 0.0588 0.0588 0.0588
v -0.021729 0.042969 -0.217041 0.5569 0.5530 0.5725
v -0.003174 0.034180 -0.217041 0.5333 0.5255 0.5451
v -0.011963 0.009277 -0.222900 0.0000 0.0000 0.0000
v -0.010010 0.014648 -0.229736 0.0000 0.0000 0.0000
v -0.024658 0.037109 -0.229736 0.0588 0.0588 0.0588
v -0.021729 0.041992 -0.225830 0.5608 0.5569 0.5764
v -0.003174 0.033203 -0.225830 0.5412 0.5373 0.5569
v -0.005127 0.027832 -0.229736 0.0627 0.0627 0.0627
v -0.095459 0.094727 -0.184814 0.0157 0.0157 0.0157
v -0.081299 0.077637 -0.157471 0.1020 0.0980 0.0902
v -0.086182 0.072266 -0.184814 0.0118 0.0118 0.0118
v -0.081299 0.074707 -0.178467 0.0627 0.0627 0.0627
v -0.072021 0.052734 -0.184814 0.0078 0.0078 0.0078
v -0.067627 0.056152 -0.178467 0.0588 0.0588 0.0588
v -0.090088 0.096191 -0.178467 0.0549 0.0549 0.0549
v -0.100342 0.145508 -0.144287 0.0157 0.0157 0.0157
v -0.097412 0.142578 -0.156006 0.0784 0.0863 0.0824
v -0.101807 0.118652 -0.184814 0.0157 0.0157 0.0157
v -0.096436 0.119141 -0.178467 0.0588 0.0588 0.0588
v -0.103271 0.143066 -0.184814 0.0196 0.0196 0.0196
v -0.097900 0.142578 -0.178467 0.0549 0.0549 0.0549
v -0.095947 0.166016 -0.178467 0.0431 0.0431 0.0431
v -0.101318 0.167480 -0.184814 0.0275 0.0275 0.0275
v -0.095459 0.094727 -0.222900 0.0078 0.0078 0.0078
v -0.062744 0.084473 -0.217041 0.4706 0.4628 0.4823
v -0.070557 0.102051 -0.217041 0.4510 0.4510 0.4589
v -0.086182 0.072266 -0.222900 0.0118 0.0118 0.0118
v -0.081299 0.074707 -0.229736 0.0039 0.0039 0.0039
v -0.072021 0.052734 -0.222900 0.0078 0.0078 0.0078
v -0.067627 0.056152 -0.229736 0.0000 0.0000 0.0000
v -0.068604 0.081543 -0.229736 0.0667 0.0667 0.0667
v -0.090088 0.096191 -0.229248 0.0157 0.0157 0.0157
v -0.063721 0.083984 -0.225830 0.5216 0.5137 0.5255
v -0.071533 0.102051 -0.225830 0.4432 0.4432 0.4510
v -0.076904 0.100586 -0.229248 0.0667 0.0667 0.0706
v -0.101807 0.118652 -0.222900 0.0118 0.0118 0.0118
v -0.096436 0.119141 -0.229248 0.0196 0.0196 0.0196
v -0.103271 0.143066 -0.222900 0.0157 0.0157 0.0157
v -0.097900 0.142578 -0.229248 0.0157 0.0157 0.0157
v -0.101318 0.167480 -0.222900 0.0118 0.0118 0.0118
v -0.095947 0.166016 -0.229248 0.0196 0.0196 0.0196
v -0.075439 0.121582 -0.217041 0.4196 0.4118 0.4235
v -0.076904 0.141113 -0.217041 0.3882 0.3882 0.3961
v -0.075439 0.160645 -0.217041 0.4000 0.4000 0.4078
v -0.082275 0.121094 -0.229248 0.0706 0.0706 0.0706
v -0.083740 0.142090 -0.229248 0.0784 0.0784 0.0784
v -0.076416 0.121582 -0.225830 0.4275 0.4196 0.4392
v -0.077881 0.141602 -0.225830 0.3921 0.3843 0.3961
v -0.081787 0.163086 -0.229248 0.0745 0.0745 0.0745
v -0.076416 0.161621 -0.225830 0.4157 0.4157 0.4235
v -0.051514 0.068359 -0.217041 0.5294 0.5255 0.5451
v -0.037354 0.054199 -0.217041 0.5412 0.5373 0.5569
v -0.056397 0.064453 -0.229736 0.0627 0.0627 0.0627
v -0.052002 0.067871 -0.225830 0.5569 0.5569 0.5686
v -0.037842 0.053223 -0.225830 0.5686 0.5647 0.5804
v -0.008057 0.129395 -0.198975 0.1725 0.1725 0.1725
v -0.003174 0.118164 -0.198975 0.1725 0.1725 0.1725
v -0.009033 0.141113 -0.198975 0.1725 0.1725 0.1725
v -0.007568 0.152832 -0.198486 0.1647 0.1647 0.1647
v -0.002197 0.164062 -0.198486 0.1686 0.1686 0.1686
v -0.008057 0.129395 -0.243896 0.0353 0.0353 0.0353
v -0.003662 0.118652 -0.243896 0.0353 0.0353 0.0353
v -0.009522 0.141602 -0.243896 0.0314 0.0314 0.0314
v -0.003174 0.130859 -0.249756 0.0745 0.0745 0.0745
v -0.004150 0.141602 -0.249756 0.0667 0.0667 0.0667
v -0.007568 0.153320 -0.243896 0.0392 0.0392 0.0392
v -0.002686 0.151855 -0.249756 0.0706 0.0706 0.0706
v -0.002686 0.164062 -0.243896 0.0510 0.0510 0.0510
v -0.135986 0.203613 -0.000244 0.7960 0.8157 0.7960
v -0.128662 0.204590 -0.000244 0.8784 0.8941 0.8980
v -0.135986 0.212891 -0.059326 0.8274 0.8313 0.8235
v -0.128662 0.212402 -0.053467 0.9176 0.9411 0.9411
v -0.135986 0.238770 -0.112549 0.0314 0.0471 0.0431
v -0.128662 0.239746 -0.110596 0.8392 0.8509 0.8470
v -0.129639 0.237793 -0.118408 0.7216 0.7372 0.7333
v -0.240967 0.191895 -0.165771 0.0157 0.0157 0.0157
v -0.236084 0.222656 -0.201904 0.0235 0.0235 0.0235
v -0.236572 0.237305 -0.191650 0.0353 0.0431 0.0392
v -0.235596 0.211426 -0.218018 0.0118 0.0118 0.0118
v -0.227295 0.239258 -0.197021 0.0549 0.0549 0.0549
v -0.226807 0.226562 -0.206299 0.0824 0.0863 0.0941
v -0.234619 0.206543 -0.236572 0.0118 0.0118 0.0118
v -0.223877 0.190430 -0.242432 0.0392 0.0392 0.0392
v -0.223389 0.187012 -0.246338 0.0353 0.0353 0.0353
v -0.219482 0.212402 -0.223877 0.2157 0.2157 0.2235
v -0.226318 0.216797 -0.219971 0.1059 0.1098 0.1098
v -0.220947 0.212402 -0.230713 0.1922 0.1922 0.1922
v -0.225830 0.212402 -0.236572 0.0118 0.0118 0.0196
v -0.224365 0.212402 -0.234619 0.0431 0.0431 0.0431
v -0.221924 0.212402 -0.246338 0.0392 0.0392 0.0392
v -0.204346 0.198730 -0.216064 0.6941 0.7176 0.7176
v -0.205322 0.204102 -0.216064 0.3216 0.3372 0.3333
v -0.197021 0.190918 -0.216064 0.0000 0.0000 0.0000
v -0.191162 0.189453 -0.216064 0.0000 0.0000 0.0000
v -0.201416 0.193848 -0.216064 0.0039 0.0039 0.0039
v -0.205322 0.237305 -0.216064 0.0353 0.0353 0.0353
v -0.216064 0.190430 -0.226318 0.0314 0.0314 0.0314
v -0.213623 0.187012 -0.226807 0.0275 0.0275 0.0275
v -0.208252 0.193359 -0.227295 0.0196 0.0196 0.0196
v -0.206787 0.197266 -0.227295 0.4784 0.4941 0.4902
v -0.206787 0.207520 -0.226807 0.0157 0.0157 0.0157
v -0.218506 0.190430 -0.236572 0.0118 0.0157 0.0157
v -0.216553 0.187012 -0.239014 0.0196 0.0196 0.0196
v -0.212646 0.193359 -0.243408 0.0314 0.0314 0.0314
v -0.211182 0.197266 -0.244385 0.1922 0.1922 0.1922
v -0.211182 0.207520 -0.243408 0.0314 0.0314 0.0314
v -0.201416 0.196289 -0.222412 0.0039 0.0078 0.0039
v -0.201416 0.199707 -0.224365 0.0039 0.0039 0.0039
v -0.197021 0.194336 -0.224365 0.0078 0.0078 0.0078
v -0.201416 0.203613 -0.224854 0.0039 0.0039 0.0039
v -0.197021 0.198242 -0.226807 0.0000 0.0000 0.0000
v -0.197021 0.203125 -0.227783 0.0039 0.0039 0.0039
v -0.191162 0.193359 -0.224854 0.0157 0.0157 0.0157
v -0.191162 0.197754 -0.227783 0.0157 0.0157 0.0157
v -0.191162 0.203125 -0.228760 0.0235 0.0235 0.0235
v -0.211182 0.212402 -0.225342 0.0196 0.0196 0.0196
v -0.214600 0.212402 -0.238525 0.0039 0.0039 0.0039
v -0.201416 0.237793 -0.224854 0.0235 0.0235 0.0235
v -0.197021 0.237793 -0.227783 0.0235 0.0235 0.0235
v -0.191162 0.237793 -0.228760 0.2078 0.2078 0.2157
v -0.236572 0.254395 -0.187744 0.0549 0.0549 0.0549
v -0.227295 0.254395 -0.193604 0.0588 0.0627 0.0588
v -0.227295 0.269531 -0.197021 0.0588 0.0588 0.0588
v -0.236572 0.271484 -0.191650 0.0588 0.0588 0.0588
v -0.236084 0.286621 -0.201904 0.0510 0.0510 0.0510
v -0.235596 0.297363 -0.218018 0.0431 0.0431 0.0431
v -0.226807 0.282715 -0.206299 0.0510 0.0510 0.0510
v -0.225830 0.254395 -0.236572 0.2078 0.2078 0.2078
v -0.226318 0.292480 -0.219971 0.0471 0.0471 0.0471
v -0.225830 0.296875 -0.236572 0.2118 0.2118 0.2196
v -0.204346 0.242676 -0.216064 0.0353 0.0353 0.0353
v -0.201416 0.247559 -0.216064 0.0353 0.0353 0.0353
v -0.197021 0.250488 -0.216064 0.0431 0.0431 0.0431
v -0.191162 0.251465 -0.216064 0.0431 0.0431 0.0431
v -0.201416 0.244629 -0.222412 0.0392 0.0392 0.0392
v -0.201416 0.241699 -0.224365 0.0314 0.0314 0.0314
v -0.197021 0.247070 -0.224365 0.0353 0.0353 0.0353
v -0.197021 0.242676 -0.226807 0.0196 0.0196 0.0196
v -0.191162 0.248047 -0.224854 0.0235 0.0235 0.0235
v -0.191162 0.243164 -0.227783 0.0235 0.0235 0.0235
v -0.129639 0.267578 -0.146240 0.1530 0.1686 0.1765
v -0.135986 0.279297 -0.155029 0.0118 0.0118 0.0118
v -0.128662 0.279785 -0.152100 0.0196 0.0196 0.0196
v -0.129639 0.299805 -0.169678 0.3412 0.3372 0.3412
v -0.234619 0.302734 -0.236572 0.0784 0.0784 0.0784
v -0.135986 0.330078 -0.182373 0.0118 0.0118 0.0118
v -0.128662 0.330078 -0.178955 0.0196 0.0275 0.0235
v -0.129639 0.322266 -0.179932 0.0588 0.0627 0.0706
v -0.129639 0.345215 -0.187256 0.2000 0.2118 0.2118
v -0.129639 0.369629 -0.192139 0.3686 0.3804 0.3765
v -0.135986 0.385742 -0.191650 0.0157 0.0157 0.0157
v -0.128662 0.385742 -0.188232 0.0196 0.0196 0.0196
v -0.129639 0.394531 -0.193604 0.4628 0.4745 0.4706
v -0.129639 0.418945 -0.192139 0.8196 0.8196 0.8196
v -0.124268 0.237793 -0.124756 0.0275 0.0314 0.0275
v -0.100342 0.237793 -0.103271 0.1882 0.1922 0.1922
v -0.106201 0.237793 -0.124756 0.0275 0.0353 0.0314
v -0.100342 0.237793 -0.116455 0.1804 0.1804 0.1804
v -0.094482 0.190430 -0.184814 0.0235 0.0235 0.0235
v -0.089111 0.187988 -0.178467 0.0392 0.0392 0.0392
v -0.078857 0.209961 -0.178467 0.1451 0.1530 0.1530
v -0.083740 0.213379 -0.184814 0.0980 0.1059 0.1020
v -0.069580 0.221191 -0.157471 0.0902 0.0980 0.0941
v -0.065186 0.229004 -0.178467 0.1530 0.1608 0.1569
v -0.069580 0.232910 -0.184814 0.0941 0.0941 0.0941
v -0.124268 0.266602 -0.152100 0.0157 0.0157 0.0157
v -0.094482 0.270020 -0.140381 0.0000 0.0000 0.0000
v -0.106201 0.266602 -0.152100 0.0314 0.0314 0.0314
v -0.100342 0.268066 -0.145264 0.1059 0.1098 0.1176
v -0.103271 0.274902 -0.132568 0.1255 0.1333 0.1294
v -0.124268 0.297363 -0.174561 0.0235 0.0235 0.0235
v -0.100342 0.300781 -0.168213 0.1373 0.1490 0.1530
v -0.106201 0.297363 -0.174561 0.0078 0.0078 0.0078
v -0.094482 0.190430 -0.222900 0.0078 0.0078 0.0078
v -0.069580 0.178711 -0.217041 0.1647 0.1647 0.1647
v -0.089111 0.187988 -0.229248 0.0196 0.0196 0.0196
v -0.070557 0.180176 -0.225342 0.4000 0.4000 0.4078
v -0.075928 0.182617 -0.229248 0.0627 0.0627 0.0627
v -0.066650 0.202148 -0.229248 0.0627 0.0627 0.0627
v -0.083740 0.213379 -0.222900 0.0863 0.0863 0.0941
v -0.078857 0.209961 -0.229248 0.1373 0.1373 0.1373
v -0.069580 0.232910 -0.222900 0.0863 0.0902 0.0980
v -0.065186 0.229004 -0.229248 0.1725 0.1725 0.1765
v -0.048584 0.245117 -0.178467 0.1216 0.1255 0.1255
v -0.052002 0.250000 -0.184814 0.0275 0.0275 0.0275
v -0.031494 0.263672 -0.184814 0.0275 0.0275 0.0275
v -0.014404 0.264648 -0.156006 0.0196 0.0235 0.0196
v -0.029053 0.258301 -0.178467 0.0235 0.0235 0.0235
v -0.007568 0.268555 -0.178467 0.0353 0.0392 0.0353
v -0.009521 0.274414 -0.184814 0.0000 0.0000 0.0000
v -0.060791 0.197266 -0.217041 0.1490 0.1490 0.1490
v -0.049561 0.213379 -0.217041 0.3451 0.3451 0.3568
v -0.035400 0.227051 -0.217041 0.3921 0.3961 0.4039
v -0.061768 0.198730 -0.225342 0.1020 0.1020 0.1020
v -0.050049 0.214844 -0.225342 0.2549 0.2549 0.2549
v -0.054443 0.219238 -0.229248 0.0510 0.0510 0.0510
v -0.039307 0.233887 -0.229248 0.0549 0.0549 0.0549
v -0.035889 0.229004 -0.225342 0.2706 0.2706 0.2706
v -0.018799 0.237793 -0.217041 0.3059 0.3059 0.3137
v -0.019287 0.239746 -0.225342 0.2118 0.2118 0.2118
v -0.052002 0.250000 -0.222900 0.0549 0.0549 0.0549
v -0.048584 0.245117 -0.229248 0.0510 0.0510 0.0510
v -0.031494 0.263672 -0.222900 0.0353 0.0353 0.0353
v -0.001221 0.246094 -0.217041 0.1216 0.1216 0.1216
v -0.021729 0.245117 -0.229248 0.0000 0.0000 0.0000
v -0.029053 0.258301 -0.229248 0.0235 0.0275 0.0235
v -0.001221 0.248535 -0.225342 0.0000 0.0000 0.0000
v -0.003174 0.254395 -0.229248 0.0078 0.0078 0.0078
v -0.007568 0.268555 -0.229248 0.0275 0.0275 0.0275
v -0.009522 0.274414 -0.222900 0.0275 0.0275 0.0275
v -0.124268 0.320312 -0.185303 0.0549 0.0549 0.0549
v -0.103271 0.328613 -0.161865 0.1922 0.2000 0.1961
v -0.106201 0.320312 -0.185303 0.0000 0.0000 0.0000
v -0.100342 0.322754 -0.178955 0.1530 0.1686 0.1765
v -0.094482 0.329102 -0.175537 0.0000 0.0000 0.0000
v -0.100342 0.345703 -0.185791 0.1686 0.1843 0.1882
v -0.103271 0.384766 -0.174072 0.1843 0.1882 0.1961
v -0.124268 0.344238 -0.192627 0.0471 0.0471 0.0471
v -0.106201 0.344238 -0.192627 0.0039 0.0039 0.0039
v -0.124268 0.369141 -0.197510 0.0118 0.0118 0.0196
v -0.124268 0.394531 -0.198975 0.0118 0.0118 0.0118
v -0.106201 0.369141 -0.197510 0.0000 0.0000 0.0000
v -0.100342 0.370117 -0.190674 0.2314 0.2432 0.2510
v -0.106201 0.394531 -0.198975 0.0000 0.0000 0.0000
v -0.094482 0.385742 -0.188232 0.0000 0.0000 0.0000
v -0.100342 0.394531 -0.192139 0.2392 0.2510 0.2588
v -0.124268 0.419434 -0.197510 0.0314 0.0314 0.0314
v -0.106201 0.419434 -0.197510 0.0118 0.0118 0.0118
v -0.100342 0.418945 -0.190674 0.2392 0.2510 0.2549
v -0.221436 0.055176 -0.268311 0.0039 0.0039 0.0039
v -0.224365 0.055176 -0.275635 0.0078 0.0078 0.0078
v -0.220947 0.058594 -0.275635 0.0078 0.0078 0.0078
v -0.248291 0.055176 -0.295166 0.0000 0.0000 0.0000
v -0.244385 0.058594 -0.295166 0.0039 0.0039 0.0039
v -0.240479 0.055176 -0.293701 0.0000 0.0000 0.0000
v -0.237061 0.058594 -0.293701 0.0000 0.0000 0.0000
v -0.240967 0.068359 -0.295166 0.0078 0.0078 0.0078
v -0.231201 0.055176 -0.285889 0.0000 0.0000 0.0000
v -0.228271 0.058594 -0.285889 0.0000 0.0000 0.0000
v -0.234131 0.068359 -0.293701 0.0078 0.0078 0.0078
v -0.224854 0.068359 -0.285889 0.0039 0.0039 0.0039
v -0.218506 0.058594 -0.268311 0.0078 0.0078 0.0078
v -0.215576 0.068359 -0.268311 0.0078 0.0078 0.0078
v -0.218018 0.068359 -0.275635 0.0078 0.0078 0.0078
v -0.219482 0.148438 -0.279541 0.0039 0.0039 0.0039
v -0.219482 0.166016 -0.279541 0.0784 0.0784 0.0784
v -0.237061 0.148438 -0.296631 0.0196 0.0196 0.0196
v -0.240967 0.155273 -0.295166 0.0157 0.0157 0.0157
v -0.237061 0.166016 -0.296631 0.0353 0.0353 0.0353
v -0.236572 0.152344 -0.301025 0.0118 0.0118 0.0118
v -0.236572 0.162109 -0.301025 0.4667 0.4667 0.4706
v -0.229736 0.148438 -0.294189 0.0235 0.0235 0.0235
v -0.234131 0.155273 -0.293701 0.0275 0.0314 0.0392
v -0.223389 0.148438 -0.288330 0.0118 0.0118 0.0118
v -0.224854 0.155273 -0.285889 0.0118 0.0196 0.0157
v -0.221924 0.152344 -0.292725 0.0118 0.0118 0.0118
v -0.229736 0.166016 -0.294189 0.0275 0.0275 0.0275
v -0.223389 0.166016 -0.288330 0.0314 0.0314 0.0314
v -0.221924 0.162109 -0.292725 0.4863 0.4863 0.4941
v -0.228272 0.152344 -0.298096 0.0196 0.0196 0.0196
v -0.228272 0.162109 -0.298096 0.4863 0.4823 0.4980
v -0.215088 0.166016 -0.264893 0.0863 0.0863 0.0863
v -0.215576 0.148438 -0.265869 0.0039 0.0078 0.0078
v -0.212158 0.152344 -0.266846 0.0000 0.0000 0.0000
v -0.215576 0.155273 -0.268311 0.1412 0.1412 0.1412
v -0.218018 0.155273 -0.275635 0.1333 0.1294 0.1216
v -0.212158 0.162109 -0.266846 0.5451 0.5490 0.5569
v -0.217529 0.152344 -0.284912 0.0000 0.0000 0.0000
v -0.217529 0.162109 -0.284912 0.4980 0.4980 0.5059
v -0.221924 0.193359 -0.253662 0.0275 0.0275 0.0275
v -0.221436 0.197266 -0.255127 0.2510 0.2510 0.2510
v -0.220947 0.207520 -0.254150 0.0000 0.0000 0.0078
v -0.234131 0.211426 -0.255615 0.0000 0.0000 0.0000
v -0.224854 0.216797 -0.253174 0.0000 0.0039 0.0039
v -0.233643 0.222656 -0.271728 0.0431 0.0431 0.0431
v -0.224365 0.226562 -0.267334 0.0039 0.0039 0.0039
v -0.224365 0.239258 -0.276123 0.0078 0.0078 0.0078
v -0.233154 0.237305 -0.281494 0.0510 0.0510 0.0510
v -0.223877 0.254395 -0.279541 0.0157 0.0157 0.0157
v -0.224365 0.269531 -0.276123 0.0275 0.0275 0.0275
v -0.234131 0.297363 -0.255615 0.1020 0.1020 0.1020
v -0.224854 0.292480 -0.253174 0.2353 0.2353 0.2432
v -0.233643 0.286621 -0.271728 0.0392 0.0392 0.0392
v -0.224365 0.282715 -0.267334 0.1216 0.1216 0.1216
v -0.233154 0.254395 -0.285889 0.0471 0.0471 0.0471
v -0.233154 0.271484 -0.281494 0.0471 0.0471 0.0471
v -0.348389 0.438477 -0.000244 0.9019 0.9019 0.9019
v -0.348389 0.436035 -0.021240 0.8784 0.8784 0.8784
v -0.348389 0.428223 -0.040283 0.8431 0.8431 0.8431
v -0.342041 0.444824 -0.000244 0.8078 0.8078 0.8078
v -0.342041 0.441895 -0.022705 0.7568 0.7568 0.7568
v -0.327881 0.446289 -0.000244 0.0078 0.0078 0.0078
v -0.327881 0.443359 -0.023193 0.0118 0.0118 0.0118
v -0.342041 0.433594 -0.043701 0.1137 0.1137 0.1137
v -0.327881 0.435059 -0.044678 0.0196 0.0196 0.0196
v -0.326904 0.486328 -0.042725 0.0078 0.0078 0.0078
v -0.346436 0.536133 -0.005615 0.0431 0.0431 0.0431
v -0.348389 0.543945 -0.024170 0.0314 0.0314 0.0314
v -0.344971 0.552246 -0.045166 0.0000 0.0000 0.0000
v -0.326904 0.491699 -0.000244 0.0078 0.0078 0.0078
v -0.318604 0.504883 -0.000244 0.0078 0.0078 0.0078
v -0.322998 0.511230 -0.000244 0.0078 0.0078 0.0078
v -0.340576 0.531250 -0.008545 0.0353 0.0353 0.0353
v -0.343018 0.539551 -0.028076 0.0078 0.0078 0.0078
v -0.321533 0.526367 -0.000244 0.0314 0.0314 0.0314
v -0.322510 0.531250 -0.013428 0.0392 0.0392 0.0392
v -0.316650 0.535156 -0.000244 0.0314 0.0314 0.0314
v -0.317627 0.536133 -0.013428 0.0471 0.0510 0.0510
v -0.319580 0.538086 -0.011963 0.1412 0.1530 0.1490
v -0.322021 0.545898 -0.030029 0.0196 0.0196 0.0196
v -0.318604 0.499512 -0.046143 0.0078 0.0078 0.0078
v -0.322998 0.505371 -0.047607 0.0078 0.0078 0.0078
v -0.321533 0.518555 -0.057861 0.0275 0.0275 0.0275
v -0.324951 0.539551 -0.032959 0.0000 0.0000 0.0000
v -0.319580 0.543945 -0.031982 0.0157 0.0196 0.0196
v -0.316650 0.527344 -0.060791 0.1804 0.1804 0.1804
v -0.326904 0.552246 -0.050049 0.0275 0.0275 0.0275
v -0.326904 0.471191 -0.080811 0.0078 0.0078 0.0078
v -0.322998 0.488281 -0.091064 0.0078 0.0078 0.0078
v -0.318604 0.482910 -0.088135 0.0078 0.0078 0.0078
v -0.326904 0.447754 -0.111084 0.0078 0.0078 0.0078
v -0.318604 0.457031 -0.121338 0.0078 0.0078 0.0078
v -0.321533 0.496094 -0.109131 0.0275 0.0275 0.0275
v -0.316650 0.503906 -0.114502 0.0588 0.0588 0.0588
v -0.299561 0.541992 -0.000244 0.0196 0.0196 0.0196
v -0.296143 0.536621 -0.000244 0.1882 0.1961 0.1922
v -0.299561 0.533691 -0.061279 0.3686 0.3921 0.3921
v -0.296143 0.529297 -0.057373 0.2275 0.2314 0.2392
v -0.295654 0.531738 -0.059814 0.0314 0.0353 0.0353
v -0.288818 0.534180 -0.059326 0.0235 0.0235 0.0235
v -0.252197 0.542969 -0.007568 0.0157 0.0157 0.0118
v -0.255127 0.545410 -0.025146 0.0157 0.0157 0.0078
v -0.257080 0.552246 -0.041260 0.0196 0.0196 0.0196
v -0.299561 0.510254 -0.115478 0.2157 0.2157 0.2157
v -0.296143 0.507812 -0.109131 0.2510 0.2588 0.2549
v -0.295654 0.508301 -0.113037 0.1804 0.1882 0.1843
v -0.288818 0.511719 -0.112549 0.0078 0.0078 0.0078
v -0.345947 0.555664 -0.000732 0.0157 0.0157 0.0157
v -0.347412 0.561035 -0.014404 0.0039 0.0039 0.0000
v -0.348877 0.570312 -0.026123 0.0000 0.0000 0.0000
v -0.344971 0.572754 -0.025146 0.9843 0.9843 0.9843
v -0.347900 0.585938 -0.003662 0.9725 0.9725 0.9725
v -0.348877 0.592773 -0.010498 0.9725 0.9725 0.9725
v -0.349365 0.601562 -0.015381 0.9647 0.9725 0.9686
v -0.349365 0.611328 -0.016846 0.9647 0.9725 0.9686
v -0.350342 0.556152 -0.040283 0.0039 0.0039 0.0039
v -0.349854 0.582031 -0.035400 0.5255 0.5255 0.5255
v -0.345947 0.583496 -0.033936 0.9568 0.9568 0.9568
v -0.351807 0.571777 -0.052490 0.0275 0.0275 0.0275
v -0.346436 0.569336 -0.058350 0.0000 0.0000 0.0000
v -0.350830 0.596191 -0.041260 0.9411 0.9411 0.9411
v -0.346436 0.596680 -0.039307 0.9333 0.9333 0.9333
v -0.350830 0.611328 -0.043701 0.9294 0.9294 0.9294
v -0.346924 0.611328 -0.041260 0.9098 0.9098 0.9098
v -0.352783 0.590332 -0.060791 0.4235 0.4275 0.4235
v -0.342041 0.558594 -0.000732 0.9490 0.9490 0.9490
v -0.343506 0.563965 -0.013916 0.9882 0.9882 0.9804
v -0.323975 0.557617 -0.045654 0.0392 0.0392 0.0392
v -0.321533 0.556152 -0.048096 0.0275 0.0275 0.0275
v -0.325928 0.573242 -0.057861 0.0275 0.0275 0.0275
v -0.322998 0.571777 -0.060303 0.0196 0.0196 0.0196
v -0.349365 0.621582 -0.015381 0.9686 0.9686 0.9686
v -0.348877 0.630371 -0.010498 0.9725 0.9725 0.9725
v -0.347900 0.637207 -0.003662 0.9647 0.9647 0.9647
v -0.347412 0.661621 -0.014404 0.8823 0.8823 0.8823
v -0.345947 0.667480 -0.000732 0.4941 0.4941 0.4941
v -0.348877 0.652832 -0.026123 0.8862 0.8862 0.8862
v -0.344971 0.650391 -0.025146 0.8784 0.8784 0.8784
v -0.350830 0.626953 -0.041260 0.9137 0.9137 0.9137
v -0.346436 0.625977 -0.039307 0.8980 0.8980 0.8980
v -0.349854 0.641113 -0.035400 0.9176 0.9176 0.9176
v -0.345947 0.639160 -0.033936 0.8862 0.8862 0.8862
v -0.352783 0.632324 -0.060791 0.8823 0.8823 0.8823
v -0.350342 0.666992 -0.040283 0.8666 0.8666 0.8666
v -0.344971 0.670410 -0.045166 0.0118 0.0118 0.0118
v -0.351807 0.651367 -0.052490 0.8784 0.8784 0.8784
v -0.346436 0.653809 -0.058350 0.0000 0.0000 0.0000
v -0.343506 0.658691 -0.013916 0.8902 0.8902 0.8902
v -0.342041 0.664062 -0.000732 0.9019 0.9019 0.9019
v -0.323975 0.666504 -0.045654 0.0863 0.0902 0.0980
v -0.325928 0.650879 -0.057861 0.0706 0.0706 0.0706
v -0.322998 0.651367 -0.060303 0.0235 0.0235 0.0235
v -0.321533 0.666992 -0.048096 0.0353 0.0353 0.0353
v -0.326904 0.670410 -0.050049 0.0353 0.0353 0.0353
v -0.347412 0.589355 -0.067139 0.0000 0.0000 0.0000
v -0.353271 0.611328 -0.063232 0.9058 0.9058 0.9058
v -0.347900 0.611328 -0.070068 0.0000 0.0000 0.0000
v -0.328369 0.569336 -0.063232 0.0235 0.0235 0.0235
v -0.329346 0.589355 -0.072021 0.0275 0.0275 0.0275
v -0.329834 0.611328 -0.074951 0.0275 0.0275 0.0275
v -0.323975 0.590332 -0.068603 0.0235 0.0235 0.0235
v -0.326904 0.591797 -0.065674 0.0275 0.0275 0.0275
v -0.326904 0.612305 -0.068603 0.0275 0.0275 0.0275
v -0.324463 0.611328 -0.071045 0.0157 0.0157 0.0157
v -0.347412 0.633789 -0.067139 0.0000 0.0000 0.0000
v -0.329346 0.633789 -0.072021 0.0275 0.0275 0.0275
v -0.326904 0.632324 -0.065674 0.0353 0.0353 0.0353
v -0.323975 0.632324 -0.068603 0.0275 0.0275 0.0275
v -0.328369 0.653809 -0.063232 0.0275 0.0275 0.0275
v -0.259521 0.562988 -0.055420 0.0235 0.0235 0.0235
v -0.257080 0.670898 -0.041260 0.0549 0.0549 0.0549
v -0.259521 0.660156 -0.055420 0.0314 0.0314 0.0314
v -0.260986 0.577148 -0.066162 0.0235 0.0235 0.0235
v -0.261963 0.593262 -0.072998 0.0275 0.0275 0.0275
v -0.250244 0.595215 -0.068603 0.0314 0.0314 0.0314
v -0.262451 0.611816 -0.075439 0.0314 0.0314 0.0314
v -0.250732 0.611816 -0.071045 0.0314 0.0314 0.0314
v -0.261963 0.629883 -0.072998 0.0314 0.0314 0.0314
v -0.250244 0.627930 -0.068603 0.0353 0.0353 0.0353
v -0.260986 0.646484 -0.066162 0.0275 0.0275 0.0275
v -0.322998 0.461426 -0.126221 0.0078 0.0078 0.0078
v -0.321533 0.462891 -0.148193 0.0431 0.0431 0.0431
v -0.316650 0.468750 -0.155518 0.1098 0.1098 0.1098
v -0.316650 0.427734 -0.180908 0.1333 0.1333 0.1333
v -0.295654 0.473145 -0.154541 0.2078 0.2118 0.2118
v -0.296143 0.474609 -0.150146 0.3568 0.3647 0.3608
v -0.288818 0.477539 -0.155029 0.0000 0.0000 0.0000
v -0.299561 0.431641 -0.184326 0.0157 0.0157 0.0157
v -0.296143 0.432617 -0.176514 0.2392 0.2392 0.2392
v -0.295654 0.431152 -0.180908 0.1412 0.1490 0.1451
v -0.288818 0.434082 -0.182373 0.0000 0.0000 0.0000
v -0.299561 0.474609 -0.157959 0.0471 0.0471 0.0471
v -0.346436 0.686523 -0.005615 0.8784 0.8784 0.8784
v -0.348389 0.679199 -0.024170 0.8588 0.8588 0.8549
v -0.340576 0.691406 -0.008545 0.0941 0.0941 0.0941
v -0.343018 0.683594 -0.028076 0.0549 0.0549 0.0549
v -0.322510 0.691406 -0.013428 0.0235 0.0235 0.0235
v -0.319580 0.686035 -0.011963 0.0980 0.1059 0.1020
v -0.317627 0.686523 -0.013428 0.1216 0.1373 0.1412
v -0.322021 0.678223 -0.030029 0.1686 0.1765 0.1725
v -0.324951 0.683594 -0.032959 0.0471 0.0471 0.0471
v -0.319580 0.679199 -0.031982 0.0941 0.1020 0.0980
v -0.252197 0.680176 -0.007568 0.0824 0.0824 0.0824
v -0.255127 0.677734 -0.025146 0.0706 0.0706 0.0706
v -0.291748 0.797852 -0.021240 0.0667 0.0667 0.0667
v -0.285400 0.794922 -0.043213 0.0627 0.0627 0.0627
v -0.280518 0.796387 -0.018799 0.0471 0.0471 0.0471
v -0.275146 0.793457 -0.038330 0.0353 0.0353 0.0353
v -0.278076 0.794434 -0.040283 0.0431 0.0431 0.0431
v -0.265869 0.791016 -0.056885 0.0353 0.0353 0.0353
v -0.275635 0.792480 -0.063721 0.0627 0.0627 0.0627
v -0.280029 0.801270 -0.067627 0.1333 0.1333 0.1333
v -0.265869 0.798828 -0.086670 0.1333 0.1333 0.1333
v -0.254150 0.789062 -0.072998 0.0353 0.0392 0.0471
v -0.256592 0.789551 -0.076904 0.0471 0.0471 0.0471
v -0.261963 0.790039 -0.081787 0.0627 0.0627 0.0627
v -0.300049 0.828613 -0.001221 0.8353 0.8353 0.8353
v -0.297119 0.807129 -0.023193 0.1373 0.1373 0.1373
v -0.297607 0.825684 -0.025146 0.8549 0.8549 0.8549
v -0.292236 0.839355 -0.002197 0.1608 0.1647 0.1725
v -0.290283 0.836426 -0.024658 0.1647 0.1686 0.1725
v -0.290771 0.804199 -0.046143 0.1373 0.1373 0.1373
v -0.283936 0.833496 -0.046143 0.1843 0.1843 0.1922
v -0.291260 0.822266 -0.048584 0.8627 0.8627 0.8627
v -0.281006 0.819824 -0.070068 0.8509 0.8588 0.8549
v -0.274170 0.830566 -0.066650 0.1530 0.1530 0.1569
v -0.266357 0.816895 -0.089111 0.8627 0.8627 0.8627
v -0.260986 0.828125 -0.084228 0.1569 0.1569 0.1647
v -0.241943 0.550293 -0.010010 0.0118 0.0118 0.0078
v -0.243896 0.552246 -0.025635 0.0275 0.0275 0.0275
v -0.234131 0.537598 -0.015381 0.0275 0.0275 0.0275
v -0.234131 0.552246 -0.015381 0.0118 0.0118 0.0118
v -0.228760 0.537598 -0.029541 0.0235 0.0235 0.0235
v -0.228760 0.551270 -0.029541 0.0157 0.0157 0.0157
v -0.220459 0.537598 -0.041748 0.0157 0.0157 0.0157
v -0.220459 0.549316 -0.041748 0.0118 0.0118 0.0118
v -0.209229 0.537598 -0.051514 0.0118 0.0118 0.0118
v -0.209229 0.547852 -0.051514 0.0118 0.0118 0.0118
v -0.196045 0.537598 -0.057373 0.0118 0.0118 0.0118
v -0.196045 0.545898 -0.057373 0.0118 0.0118 0.0118
v -0.181885 0.537598 -0.059326 0.0235 0.0235 0.0235
v -0.181885 0.545410 -0.059326 0.0235 0.0235 0.0235
v -0.167725 0.537598 -0.057373 0.0392 0.0392 0.0392
v -0.167725 0.545898 -0.057373 0.0392 0.0471 0.0431
v -0.129150 0.537598 -0.015381 0.0235 0.0235 0.0235
v -0.129150 0.552246 -0.015381 0.0235 0.0314 0.0275
v -0.134521 0.537598 -0.029541 0.0314 0.0392 0.0353
v -0.134521 0.551270 -0.029541 0.0392 0.0392 0.0392
v -0.143311 0.537598 -0.041748 0.0471 0.0471 0.0471
v -0.143311 0.549316 -0.041748 0.0431 0.0510 0.0471
v -0.154541 0.537598 -0.051514 0.0510 0.0510 0.0510
v -0.154541 0.547852 -0.051514 0.0471 0.0471 0.0471
v -0.135986 0.533203 -0.112549 0.0157 0.0157 0.0157
v -0.128662 0.531738 -0.110596 0.0196 0.0196 0.0118
v -0.129639 0.540527 -0.121338 0.8117 0.8117 0.8117
v -0.236572 0.563477 -0.010986 0.1020 0.1020 0.1020
v -0.236572 0.583496 -0.015381 0.0941 0.1020 0.0980
v -0.238037 0.564941 -0.023682 0.0902 0.0980 0.0941
v -0.227783 0.561523 -0.013428 0.0078 0.0078 0.0078
v -0.233154 0.579102 -0.014404 0.0118 0.0157 0.0118
v -0.232178 0.580078 -0.014404 0.0078 0.0157 0.0118
v -0.222900 0.560547 -0.025635 0.0000 0.0000 0.0000
v -0.231201 0.583496 -0.030029 0.0353 0.0353 0.0353
v -0.227783 0.579102 -0.028076 0.0157 0.0157 0.0157
v -0.226807 0.580078 -0.028076 0.0118 0.0118 0.0118
v -0.236084 0.593262 -0.015381 0.0118 0.0118 0.0118
v -0.236572 0.611816 -0.010986 0.0745 0.0824 0.0784
v -0.230713 0.599609 -0.013916 0.0902 0.0902 0.0902
v -0.230713 0.593750 -0.029541 0.0314 0.0314 0.0314
v -0.225830 0.599609 -0.026611 0.0902 0.0902 0.0863
v -0.246338 0.558594 -0.040283 0.0392 0.0392 0.0392
v -0.239990 0.569824 -0.034912 0.1098 0.1176 0.1137
v -0.241455 0.577637 -0.044678 0.1137 0.1216 0.1176
v -0.247803 0.568359 -0.052490 0.0392 0.0392 0.0392
v -0.249268 0.580566 -0.062256 0.0353 0.0353 0.0353
v -0.219482 0.579102 -0.039795 0.0196 0.0196 0.0196
v -0.221924 0.583496 -0.042236 0.0431 0.0431 0.0431
v -0.242920 0.593262 -0.054932 0.1373 0.1373 0.1373
v -0.243408 0.611816 -0.058838 0.1647 0.1647 0.1647
v -0.221436 0.593750 -0.041748 0.0275 0.0275 0.0275
v -0.215576 0.559082 -0.036377 0.0078 0.0078 0.0078
v -0.205811 0.557617 -0.044678 0.0118 0.0118 0.0118
v -0.218506 0.580078 -0.039307 0.0157 0.0157 0.0157
v -0.208740 0.579102 -0.048584 0.0196 0.0196 0.0196
v -0.207764 0.580078 -0.048096 0.0078 0.0078 0.0078
v -0.210205 0.583496 -0.052002 0.0471 0.0471 0.0471
v -0.194092 0.555664 -0.050049 0.0078 0.0078 0.0078
v -0.195557 0.579102 -0.054443 0.0235 0.0235 0.0235
v -0.196533 0.583496 -0.057861 0.0431 0.0431 0.0431
v -0.195068 0.580078 -0.053955 0.0157 0.0157 0.0157
v -0.217529 0.600098 -0.037842 0.0980 0.1020 0.0980
v -0.207275 0.600098 -0.046143 0.0667 0.0706 0.0667
v -0.210205 0.594238 -0.051514 0.0157 0.0157 0.0157
v -0.196533 0.594727 -0.057373 0.0157 0.0157 0.0157
v -0.195068 0.600586 -0.051514 0.0353 0.0392 0.0392
v -0.227783 0.632812 -0.013428 0.0118 0.0118 0.0118
v -0.222900 0.632812 -0.025635 0.0078 0.0078 0.0078
v -0.236572 0.659668 -0.010986 0.0157 0.0235 0.0196
v -0.241943 0.672852 -0.010010 0.0118 0.0157 0.0118
v -0.238037 0.658203 -0.023682 0.1137 0.1176 0.1255
v -0.243896 0.670898 -0.025635 0.1059 0.1098 0.1176
v -0.242920 0.624512 -0.057373 0.1725 0.1725 0.1725
v -0.242432 0.636230 -0.052490 0.1725 0.1725 0.1725
v -0.249268 0.642578 -0.062256 0.0314 0.0314 0.0314
v -0.240479 0.651367 -0.037842 0.1490 0.1451 0.1373
v -0.246338 0.664551 -0.040283 0.0392 0.0392 0.0392
v -0.247803 0.655273 -0.052490 0.0314 0.0314 0.0314
v -0.215576 0.632812 -0.036377 0.0039 0.0039 0.0039
v -0.205811 0.632812 -0.044678 0.0078 0.0078 0.0078
v -0.194092 0.632812 -0.050049 0.0078 0.0078 0.0078
v -0.181885 0.555176 -0.052002 0.0118 0.0118 0.0118
v -0.181885 0.579102 -0.056396 0.0196 0.0196 0.0196
v -0.181885 0.580078 -0.055908 0.0157 0.0157 0.0157
v -0.181885 0.583496 -0.060303 0.0314 0.0314 0.0314
v -0.157959 0.557617 -0.044678 0.0078 0.0078 0.0078
v -0.169189 0.555664 -0.050049 0.0118 0.0118 0.0118
v -0.168213 0.580078 -0.053955 0.0157 0.0157 0.0157
v -0.167725 0.579102 -0.054443 0.0196 0.0196 0.0196
v -0.166748 0.583496 -0.057861 0.0392 0.0392 0.0392
v -0.181885 0.595215 -0.059326 0.0118 0.0118 0.0118
v -0.181885 0.601074 -0.053467 0.0196 0.0196 0.0196
v -0.156494 0.602051 -0.046143 0.0235 0.0235 0.0235
v -0.167236 0.595703 -0.057373 0.0039 0.0039 0.0039
v -0.168701 0.601562 -0.051514 0.0078 0.0078 0.0078
v -0.135986 0.561523 -0.013428 0.0118 0.0196 0.0157
v -0.130127 0.579102 -0.014404 0.1373 0.1412 0.1490
v -0.131592 0.580078 -0.014404 0.1843 0.1882 0.1961
v -0.126709 0.583496 -0.015381 0.1608 0.1647 0.1725
v -0.140381 0.560547 -0.025635 0.0157 0.0157 0.0157
v -0.135498 0.579102 -0.028076 0.0078 0.0078 0.0078
v -0.136475 0.580078 -0.028076 0.0627 0.0706 0.0667
v -0.129639 0.575684 -0.026611 0.0078 0.0157 0.0118
v -0.132568 0.583496 -0.030029 0.0902 0.0902 0.0902
v -0.127197 0.597168 -0.015381 0.0078 0.0078 0.0078
v -0.133057 0.603027 -0.013916 0.0039 0.0039 0.0039
v -0.133057 0.597168 -0.029541 0.0353 0.0353 0.0353
v -0.137939 0.603027 -0.026611 0.0275 0.0314 0.0275
v -0.148193 0.559082 -0.036377 0.0157 0.0157 0.0157
v -0.144775 0.580078 -0.039307 0.0157 0.0157 0.0157
v -0.143799 0.579102 -0.039795 0.0196 0.0196 0.0196
v -0.141357 0.583496 -0.042236 0.0314 0.0314 0.0314
v -0.155029 0.579102 -0.048584 0.0235 0.0235 0.0235
v -0.155518 0.580078 -0.048096 0.0196 0.0235 0.0196
v -0.153076 0.583496 -0.052002 0.0353 0.0353 0.0353
v -0.135986 0.559082 -0.059326 0.0157 0.0157 0.0157
v -0.128662 0.557617 -0.058350 0.0157 0.0157 0.0157
v -0.129639 0.570801 -0.052490 0.9058 0.9058 0.9058
v -0.141846 0.596680 -0.041748 0.0039 0.0039 0.0039
v -0.145752 0.602539 -0.037842 0.0078 0.0078 0.0078
v -0.153564 0.596191 -0.051514 0.0000 0.0000 0.0000
v -0.181885 0.632812 -0.052002 0.0078 0.0078 0.0078
v -0.157959 0.632812 -0.044678 0.0078 0.0078 0.0078
v -0.169189 0.632812 -0.050049 0.0078 0.0078 0.0078
v -0.135986 0.632812 -0.013428 0.0078 0.0078 0.0078
v -0.140381 0.632812 -0.025635 0.0353 0.0353 0.0353
v -0.148193 0.632812 -0.036377 0.0118 0.0118 0.0118
v -0.129639 0.563477 -0.077393 0.9058 0.9058 0.9058
v -0.129639 0.553223 -0.100830 0.8823 0.8823 0.8823
v -0.135986 0.441895 -0.182373 0.0078 0.0078 0.0078
v -0.128662 0.441406 -0.178955 0.0157 0.0157 0.0157
v -0.129639 0.443359 -0.187256 0.8000 0.8000 0.8000
v -0.129639 0.486816 -0.169678 0.7921 0.7921 0.7921
v -0.129639 0.465820 -0.179932 0.7921 0.7921 0.7921
v -0.135986 0.492676 -0.155029 0.0157 0.0157 0.0157
v -0.128662 0.491699 -0.152100 0.0157 0.0157 0.0157
v -0.129639 0.524902 -0.140381 0.8509 0.8509 0.8509
v -0.129639 0.506836 -0.156494 0.8470 0.8470 0.8470
v -0.064697 0.552246 -0.019287 0.1216 0.1294 0.1255
v -0.124268 0.544434 -0.124756 0.0314 0.0314 0.0314
v -0.103271 0.532715 -0.107178 0.0706 0.0784 0.0745
v -0.100342 0.552246 -0.099854 0.1569 0.1647 0.1647
v -0.094482 0.536621 -0.116943 0.0039 0.0039 0.0039
v -0.106201 0.544434 -0.124756 0.1059 0.1059 0.1059
v -0.100342 0.539551 -0.120361 0.1647 0.1725 0.1725
v -0.056396 0.552246 -0.036865 0.1137 0.1216 0.1176
v -0.043213 0.552246 -0.050537 0.2039 0.1804 0.1882
v -0.026611 0.552246 -0.059326 0.0118 0.0118 0.0118
v -0.008545 0.552246 -0.062744 0.0118 0.0118 0.0118
v -0.124268 0.580566 -0.027100 0.0275 0.0353 0.0314
v -0.106201 0.580566 -0.027100 0.0196 0.0196 0.0196
v -0.100342 0.574707 -0.026123 0.1530 0.1569 0.1569
v -0.124268 0.575684 -0.053955 0.0157 0.0157 0.0157
v -0.103271 0.560059 -0.057373 0.0157 0.0235 0.0196
v -0.106201 0.575684 -0.053955 0.0196 0.0196 0.0196
v -0.100342 0.569824 -0.052002 0.1647 0.1647 0.1647
v -0.064697 0.576172 -0.019287 0.0235 0.0235 0.0235
v -0.066650 0.606934 -0.019775 0.0196 0.0196 0.0196
v -0.064697 0.603027 -0.019287 0.0235 0.0235 0.0235
v -0.065186 0.625977 -0.019287 0.0431 0.0431 0.0431
v -0.062744 0.631348 -0.018311 0.3490 0.3490 0.3529
v -0.124268 0.567871 -0.079346 0.0314 0.0314 0.0314
v -0.094482 0.564453 -0.062744 0.0196 0.0196 0.0196
v -0.100342 0.562500 -0.076416 0.1216 0.1373 0.1490
v -0.106201 0.567871 -0.079346 0.0471 0.0549 0.0510
v -0.124268 0.557617 -0.103271 0.0157 0.0157 0.0157
v -0.106201 0.557617 -0.103271 0.0784 0.0784 0.0784
v -0.059814 0.585938 -0.017822 0.0157 0.0157 0.0157
v -0.059814 0.606445 -0.017822 0.0157 0.0157 0.0157
v -0.056396 0.573242 -0.036865 0.0039 0.0039 0.0039
v -0.052490 0.581543 -0.033447 0.0000 0.0000 0.0000
v -0.040283 0.577148 -0.046143 0.0078 0.0078 0.0078
v -0.043213 0.569336 -0.050537 0.0118 0.0118 0.0196
v -0.056396 0.603027 -0.036377 0.0118 0.0118 0.0118
v -0.057861 0.606934 -0.037842 0.0039 0.0039 0.0039
v -0.052490 0.606445 -0.033447 0.0118 0.0118 0.0118
v -0.040283 0.606445 -0.046143 0.0157 0.0157 0.0157
v -0.043213 0.603027 -0.050537 0.0196 0.0196 0.0196
v -0.044189 0.606934 -0.052002 0.0196 0.0196 0.0196
v -0.026611 0.566406 -0.059326 0.0078 0.0078 0.0078
v -0.025146 0.572754 -0.054443 0.0118 0.0118 0.0118
v -0.008545 0.570801 -0.057373 0.0078 0.0078 0.0078
v -0.025146 0.606445 -0.054443 0.0157 0.0157 0.0157
v -0.027588 0.606934 -0.061279 0.0235 0.0235 0.0235
v -0.026611 0.603027 -0.059326 0.0235 0.0235 0.0235
v -0.008545 0.606445 -0.057373 0.0157 0.0157 0.0078
v -0.008545 0.603027 -0.062256 0.0235 0.0235 0.0235
v -0.052979 0.636230 -0.015381 0.2157 0.2157 0.2235
v -0.049072 0.645020 -0.013916 0.6393 0.6393 0.6471
v -0.046143 0.636230 -0.029053 0.0314 0.0314 0.0314
v -0.043213 0.645020 -0.026611 0.3137 0.3137 0.3216
v -0.040771 0.653320 -0.010986 0.1333 0.1333 0.1333
v -0.035889 0.653320 -0.020752 0.1490 0.1490 0.1530
v -0.056885 0.625977 -0.036865 0.0039 0.0039 0.0039
v -0.054443 0.631348 -0.034912 0.2039 0.2039 0.2039
v -0.033447 0.645020 -0.036377 0.0627 0.0627 0.0627
v -0.035889 0.636230 -0.039795 0.0235 0.0235 0.0235
v -0.043701 0.625977 -0.050537 0.0118 0.0118 0.0118
v -0.041748 0.631348 -0.048584 0.0157 0.0157 0.0157
v -0.027588 0.659668 -0.010010 0.0314 0.0314 0.0314
v -0.027588 0.666016 -0.010010 0.0431 0.0431 0.0431
v -0.024658 0.672363 -0.008545 0.1333 0.1333 0.1333
v -0.020264 0.676270 -0.006592 0.1961 0.1961 0.2039
v -0.028564 0.653320 -0.029053 0.1059 0.1059 0.1059
v -0.018311 0.659668 -0.019775 0.0275 0.0275 0.0275
v -0.018311 0.666016 -0.019775 0.0235 0.0235 0.0235
v -0.016846 0.672363 -0.016846 0.1451 0.1451 0.1451
v -0.014893 0.676270 -0.012451 0.1843 0.1843 0.1922
v -0.008545 0.676270 -0.014404 0.1647 0.1647 0.1725
v -0.002197 0.676270 -0.012451 0.2000 0.2000 0.2078
v -0.008545 0.659668 -0.022705 0.0314 0.0314 0.0314
v -0.008545 0.666016 -0.022705 0.0353 0.0353 0.0353
v -0.008545 0.672363 -0.019287 0.1373 0.1373 0.1373
v -0.022705 0.636230 -0.046631 0.0196 0.0196 0.0196
v -0.021729 0.645020 -0.042725 0.0392 0.0392 0.0392
v -0.027100 0.625977 -0.059814 0.0118 0.0118 0.0118
v -0.026123 0.631348 -0.056885 0.0157 0.0157 0.0157
v -0.008545 0.645020 -0.045166 0.0353 0.0353 0.0353
v -0.008545 0.636230 -0.049072 0.0196 0.0196 0.0196
v -0.008545 0.631348 -0.059814 0.0078 0.0078 0.0078
v -0.018799 0.653320 -0.033936 0.0510 0.0510 0.0510
v -0.008545 0.653320 -0.035889 0.0549 0.0549 0.0549
v -0.008545 0.564941 -0.062744 0.0078 0.0078 0.0078
v -0.008545 0.606934 -0.064209 0.0235 0.0235 0.0235
v -0.008545 0.625977 -0.062744 0.0314 0.0314 0.0314
v -0.103271 0.440918 -0.168213 0.1961 0.2039 0.2000
v -0.100342 0.442871 -0.185791 0.2078 0.2157 0.2118
v -0.094482 0.442871 -0.181885 0.0000 0.0000 0.0000
v -0.124268 0.467773 -0.185303 0.0078 0.0078 0.0078
v -0.124268 0.489258 -0.174561 0.0039 0.0039 0.0039
v -0.100342 0.486328 -0.168213 0.1961 0.2039 0.2000
v -0.106201 0.467773 -0.185303 0.0314 0.0314 0.0314
v -0.100342 0.465332 -0.178955 0.2000 0.2078 0.2157
v -0.106201 0.489258 -0.174561 0.0314 0.0314 0.0314
v -0.103271 0.491699 -0.145264 0.1804 0.1804 0.1804
v -0.100342 0.506348 -0.155518 0.1686 0.1765 0.1843
v -0.124268 0.528320 -0.144287 0.0118 0.0118 0.0118
v -0.100342 0.523926 -0.139404 0.1961 0.2118 0.2157
v -0.106201 0.528320 -0.144287 0.0667 0.0667 0.0667
v -0.124268 0.509766 -0.160889 0.0078 0.0078 0.0078
v -0.094482 0.494629 -0.157471 0.0000 0.0000 0.0000
v -0.106201 0.509766 -0.160889 0.0471 0.0471 0.0471
v -0.124268 0.444336 -0.192627 0.0353 0.0353 0.0353
v -0.106201 0.444336 -0.192627 0.0235 0.0235 0.0235
v -0.238525 0.787109 -0.086670 0.0510 0.0510 0.0510
v -0.245361 0.788086 -0.096924 0.0627 0.0627 0.0627
v -0.248291 0.796875 -0.102295 0.1255 0.1255 0.1255
v -0.221436 0.785645 -0.096924 0.0431 0.0431 0.0431
v -0.225830 0.786621 -0.108154 0.0627 0.0627 0.0627
v -0.222412 0.786133 -0.101807 0.0549 0.0549 0.0549
v -0.227783 0.794922 -0.114502 0.1137 0.1137 0.1137
v -0.204346 0.785645 -0.115479 0.0627 0.0627 0.0627
v -0.205322 0.793945 -0.121826 0.1098 0.1098 0.1098
v -0.201904 0.785156 -0.103271 0.0392 0.0471 0.0431
v -0.181885 0.784668 -0.105713 0.0392 0.0353 0.0392
v -0.181885 0.785156 -0.111084 0.0510 0.0510 0.0510
v -0.181885 0.785156 -0.117920 0.0627 0.0627 0.0706
v -0.181885 0.793945 -0.124756 0.1059 0.1059 0.1059
v -0.161377 0.785156 -0.103271 0.0353 0.0431 0.0392
v -0.159424 0.785645 -0.115479 0.0588 0.0588 0.0588
v -0.158447 0.793945 -0.121826 0.0902 0.0902 0.0902
v -0.142334 0.785645 -0.096924 0.0392 0.0471 0.0431
v -0.140869 0.786133 -0.101807 0.0471 0.0471 0.0471
v -0.137939 0.786621 -0.108154 0.0549 0.0549 0.0549
v -0.135986 0.794922 -0.114502 0.0824 0.0824 0.0824
v -0.248779 0.814941 -0.105225 0.8627 0.8627 0.8627
v -0.244385 0.826172 -0.099365 0.1530 0.1530 0.1569
v -0.228271 0.813477 -0.117432 0.8274 0.8274 0.8274
v -0.224854 0.824707 -0.110596 0.1490 0.1490 0.1569
v -0.205322 0.812500 -0.124756 0.8039 0.8039 0.8039
v -0.203857 0.823730 -0.117432 0.1412 0.1412 0.1451
v -0.181885 0.839844 -0.002197 0.2235 0.2275 0.2353
v -0.181885 0.823730 -0.119873 0.1412 0.1412 0.1451
v -0.157959 0.812500 -0.124756 0.7372 0.7333 0.7333
v -0.159424 0.823730 -0.117432 0.1530 0.1530 0.1530
v -0.135498 0.813477 -0.117432 0.8078 0.8078 0.8078
v -0.138428 0.824707 -0.110596 0.1608 0.1608 0.1608
v -0.181885 0.812012 -0.127197 0.8157 0.8157 0.8235
v -0.097412 0.791016 -0.056885 0.0353 0.0353 0.0353
v -0.083252 0.796387 -0.018799 0.0353 0.0353 0.0353
v -0.072021 0.797852 -0.021240 0.0471 0.0471 0.0471
v -0.088623 0.793457 -0.038330 0.0314 0.0314 0.0314
v -0.085205 0.794434 -0.040283 0.0314 0.0314 0.0314
v -0.077881 0.794922 -0.043213 0.0471 0.0471 0.0471
v -0.109619 0.789062 -0.072998 0.0314 0.0353 0.0431
v -0.124756 0.787109 -0.086670 0.0353 0.0392 0.0471
v -0.107178 0.789551 -0.076904 0.0392 0.0392 0.0392
v -0.101807 0.790039 -0.081787 0.0510 0.0510 0.0510
v -0.097900 0.798828 -0.086670 0.1059 0.1059 0.1059
v -0.118408 0.788086 -0.096924 0.0392 0.0392 0.0392
v -0.115479 0.796875 -0.102295 0.1059 0.1059 0.1059
v -0.088135 0.792480 -0.063721 0.0471 0.0471 0.0471
v -0.083740 0.801270 -0.067627 0.1020 0.1020 0.1020
v -0.063721 0.828613 -0.001221 0.1412 0.1412 0.1412
v -0.066650 0.807129 -0.023193 0.0784 0.0784 0.0784
v -0.065674 0.825684 -0.025146 0.2745 0.2745 0.2823
v -0.071533 0.839355 -0.002197 0.1530 0.1530 0.1530
v -0.073486 0.836426 -0.024658 0.1922 0.1922 0.1922
v -0.079346 0.833496 -0.046143 0.2353 0.2353 0.2392
v -0.072998 0.804199 -0.046143 0.1020 0.1020 0.1020
v -0.072021 0.822266 -0.048584 0.6706 0.6706 0.6706
v -0.096924 0.816895 -0.089111 0.7843 0.7843 0.7843
v -0.102783 0.828125 -0.084229 0.1765 0.1765 0.1804
v -0.114990 0.814941 -0.105225 0.7686 0.7686 0.7686
v -0.119385 0.826172 -0.099365 0.1647 0.1647 0.1686
v -0.089600 0.830566 -0.066650 0.2078 0.2078 0.2157
v -0.082764 0.819824 -0.070068 0.5882 0.5882 0.5882
v 0.046631 0.101074 0.250244 0.0000 0.0000 0.0000
v 0.014893 0.135742 0.253174 0.1922 0.1922 0.1961
v 0.014404 0.141602 0.253174 0.1882 0.1922 0.2000
v 0.017334 0.129883 0.253174 0.1961 0.1961 0.1961
v 0.023193 0.126953 0.256592 0.2235 0.2235 0.2314
v 0.021240 0.125000 0.253174 0.1294 0.1294 0.1255
v 0.026123 0.121582 0.253174 0.0549 0.0549 0.0549
v 0.027588 0.124023 0.256592 0.2667 0.2588 0.2784
v 0.017822 0.136230 0.256592 0.2588 0.2588 0.2667
v 0.019775 0.131348 0.256592 0.2275 0.2275 0.2353
v 0.016846 0.141602 0.256104 0.2196 0.2196 0.2275
v 0.015381 0.147461 0.253174 0.1843 0.1804 0.1843
v 0.017822 0.146484 0.256104 0.2235 0.2196 0.2392
v 0.017822 0.152832 0.253174 0.1922 0.1922 0.2000
v 0.020264 0.151367 0.256104 0.2432 0.2392 0.2588
v 0.022217 0.157715 0.253174 0.2392 0.2392 0.2432
v 0.023682 0.155273 0.256104 0.2627 0.2667 0.2823
v 0.027100 0.160645 0.253174 0.2118 0.2118 0.2157
v 0.028564 0.158203 0.256104 0.2627 0.2627 0.2706
v 0.032471 0.122070 0.256592 0.2588 0.2510 0.2549
v 0.031982 0.119629 0.253662 0.0235 0.0235 0.0235
v 0.037842 0.122070 0.256592 0.2078 0.2000 0.2078
v 0.038330 0.119141 0.253662 0.0118 0.0118 0.0118
v 0.045166 0.120605 0.253662 0.0157 0.0157 0.0157
v 0.043701 0.123535 0.256592 0.0431 0.0431 0.0431
v 0.036377 0.141113 0.256592 0.3019 0.2941 0.3137
v 0.048584 0.126465 0.256592 0.0314 0.0314 0.0353
v 0.050537 0.124023 0.253662 0.0353 0.0353 0.0314
v 0.052490 0.130371 0.256592 0.0392 0.0392 0.0392
v 0.054443 0.128906 0.253662 0.0431 0.0431 0.0431
v 0.054443 0.135254 0.256592 0.0941 0.0902 0.0980
v 0.057373 0.134277 0.253662 0.0431 0.0431 0.0431
v 0.055420 0.140137 0.256592 0.1608 0.1569 0.1608
v 0.054932 0.145508 0.256592 0.3059 0.3059 0.3098
v 0.058350 0.140137 0.253662 0.0392 0.0431 0.0392
v 0.057861 0.145996 0.253174 0.0667 0.0667 0.0667
v 0.033447 0.159668 0.256104 0.2863 0.2863 0.2941
v 0.039307 0.159668 0.256592 0.3059 0.3059 0.3137
v 0.045654 0.157715 0.256592 0.2823 0.2745 0.2863
v 0.046631 0.160156 0.253174 0.1882 0.1882 0.1882
v 0.033447 0.162598 0.253174 0.1804 0.1804 0.1804
v 0.039795 0.162109 0.253174 0.2000 0.2000 0.2000
v 0.052979 0.150391 0.256592 0.4078 0.4078 0.4078
v 0.049561 0.154785 0.256592 0.3216 0.3137 0.3255
v 0.051514 0.156738 0.253174 0.3372 0.3333 0.3294
v 0.055420 0.151855 0.253174 0.3529 0.3490 0.3451
v 0.072998 0.112793 0.260986 0.0157 0.0157 0.0157
v 0.075928 0.108887 0.260498 0.0078 0.0078 0.0078
v 0.079346 0.113770 0.265381 0.0000 0.0000 0.0000
v 0.078369 0.143555 0.260498 0.0118 0.0118 0.0118
v 0.084229 0.141113 0.264893 0.0157 0.0157 0.0157
v 0.082764 0.146484 0.260010 0.0000 0.0000 0.0000
v 0.190674 0.099121 0.251709 0.0118 0.0118 0.0118
v 0.193604 0.126953 0.250732 0.0078 0.0078 0.0078
v 0.217529 0.389160 0.251709 0.0000 0.0000 0.0000
v 0.208740 0.404297 0.252197 0.0000 0.0000 0.0000
v 0.212646 0.406738 0.258057 0.0588 0.0588 0.0588
v 0.210205 0.426270 0.259033 0.1647 0.1647 0.1647
v 0.205811 0.426270 0.253174 0.0118 0.0118 0.0118
v 0.232178 0.379395 0.251221 0.0000 0.0000 0.0000
v 0.220947 0.392578 0.257568 0.0118 0.0118 0.0118
v 0.234131 0.383789 0.257080 0.0078 0.0078 0.0078
v 0.248779 0.375977 0.251221 0.0000 0.0000 0.0000
v 0.249268 0.380859 0.257080 0.0118 0.0118 0.0118
v 0.233154 0.405273 0.258057 0.1922 0.1922 0.2000
v 0.226318 0.427246 0.259033 0.1961 0.1961 0.2039
v 0.227783 0.415527 0.258545 0.1961 0.1961 0.2000
v 0.231689 0.417480 0.253174 0.1882 0.1882 0.1882
v 0.230713 0.427246 0.253662 0.2000 0.2000 0.2078
v 0.236572 0.408691 0.252686 0.1843 0.1843 0.1922
v 0.242432 0.399902 0.258057 0.2000 0.2000 0.2078
v 0.244385 0.403809 0.252686 0.1804 0.1804 0.1882
v 0.010986 0.002441 0.223877 0.0000 0.0000 0.0000
v 0.011963 0.008301 0.230713 0.0000 0.0000 0.0000
v 0.014404 0.021973 0.230713 0.0902 0.0902 0.0902
v 0.015381 0.027832 0.226807 0.2627 0.2627 0.2706
v 0.015381 0.028809 0.218018 0.2314 0.2314 0.2392
v 0.035889 0.000000 0.223877 0.0039 0.0039 0.0039
v 0.035889 0.005859 0.230713 0.0000 0.0000 0.0000
v 0.036377 0.020020 0.230713 0.1098 0.1098 0.1098
v 0.059814 0.001953 0.223877 0.0000 0.0000 0.0000
v 0.058838 0.007812 0.230713 0.0000 0.0000 0.0000
v 0.036377 0.025879 0.226807 0.2118 0.2078 0.2275
v 0.056885 0.021484 0.230713 0.1216 0.1216 0.1216
v 0.055908 0.027344 0.226807 0.2039 0.2039 0.2078
v 0.035889 0.026855 0.218018 0.2196 0.2196 0.2275
v 0.054932 0.028320 0.218018 0.1961 0.1961 0.2039
v 0.010986 0.002441 0.185791 0.0510 0.0510 0.0510
v 0.011963 0.008301 0.179443 0.0510 0.0510 0.0510
v 0.009033 0.014160 0.158936 0.0078 0.0078 0.0078
v 0.035889 0.000000 0.185791 0.0706 0.0706 0.0706
v 0.035889 0.005859 0.179443 0.0157 0.0157 0.0157
v 0.059814 0.001953 0.185791 0.0627 0.0627 0.0627
v 0.058838 0.007812 0.179443 0.0471 0.0471 0.0471
v 0.082764 0.013672 0.230713 0.0000 0.0000 0.0000
v 0.084717 0.007812 0.223877 0.0000 0.0000 0.0000
v 0.077881 0.026855 0.230713 0.1451 0.1451 0.1530
v 0.075928 0.032227 0.226807 0.2157 0.2157 0.2235
v 0.074951 0.033203 0.218018 0.1961 0.1961 0.2039
v 0.092529 0.040527 0.218018 0.2353 0.2353 0.2392
v 0.106689 0.017090 0.223877 0.0000 0.0000 0.0000
v 0.096924 0.034668 0.230713 0.1490 0.1490 0.1490
v 0.103760 0.022461 0.230713 0.0000 0.0000 0.0000
v 0.093994 0.040039 0.226807 0.2000 0.2000 0.2078
v 0.123291 0.036133 0.230713 0.0000 0.0000 0.0000
v 0.110596 0.051270 0.226807 0.2353 0.2353 0.2432
v 0.114014 0.046875 0.230713 0.1647 0.1647 0.1647
v 0.108643 0.052246 0.218018 0.2196 0.2196 0.2275
v 0.084717 0.007812 0.185791 0.0627 0.0627 0.0627
v 0.082764 0.013672 0.179443 0.0784 0.0784 0.0784
v 0.088135 0.018066 0.158936 0.0078 0.0078 0.0078
v 0.106689 0.017090 0.185791 0.0667 0.0667 0.0667
v 0.103760 0.022461 0.179443 0.0667 0.0706 0.0667
v 0.123291 0.036133 0.179443 0.0588 0.0627 0.0588
v 0.003662 0.108887 0.243896 0.0078 0.0118 0.0078
v 0.007080 0.112305 0.249756 0.0039 0.0039 0.0039
v 0.012939 0.101562 0.244385 0.0039 0.0039 0.0039
v 0.024170 0.096680 0.244385 0.0078 0.0078 0.0078
v 0.015869 0.105957 0.249756 0.0000 0.0000 0.0000
v 0.025635 0.101562 0.249756 0.0000 0.0000 0.0000
v 0.003662 0.108398 0.200439 0.0824 0.0824 0.0824
v 0.013428 0.101074 0.200439 0.0824 0.0824 0.0824
v 0.024170 0.096191 0.200439 0.0824 0.0863 0.0863
v 0.035889 0.094727 0.244385 0.0157 0.0157 0.0157
v 0.035889 0.100098 0.249756 0.0000 0.0000 0.0000
v 0.048096 0.095703 0.244385 0.0157 0.0157 0.0157
v 0.056885 0.104980 0.249756 0.0000 0.0000 0.0000
v 0.059326 0.100098 0.244385 0.0039 0.0039 0.0039
v 0.036377 0.094238 0.200439 0.0824 0.0824 0.0824
v 0.048096 0.095703 0.200439 0.0784 0.0863 0.0824
v 0.059814 0.099609 0.200439 0.0745 0.0824 0.0784
v 0.000732 0.121094 0.249756 0.0078 0.0078 0.0078
v 0.015381 0.135254 0.233643 0.2314 0.2314 0.2314
v 0.014404 0.141602 0.233643 0.2471 0.2471 0.2471
v 0.017822 0.129883 0.233643 0.2118 0.2118 0.2118
v 0.021729 0.125000 0.233643 0.2627 0.2627 0.2627
v 0.026611 0.121582 0.234131 0.0078 0.0078 0.0078
v 0.001709 0.161621 0.249268 0.0196 0.0196 0.0196
v 0.004639 0.173828 0.243408 0.0000 0.0000 0.0000
v 0.008545 0.169922 0.249268 0.0196 0.0196 0.0196
v 0.017334 0.176270 0.249268 0.0196 0.0196 0.0196
v 0.015869 0.147461 0.233643 0.2392 0.2392 0.2392
v 0.018311 0.152832 0.233643 0.2510 0.2510 0.2510
v 0.022217 0.157227 0.233643 0.2588 0.2627 0.2706
v 0.027588 0.160645 0.233643 0.2039 0.2078 0.2118
v 0.005127 0.173340 0.199951 0.1020 0.1020 0.0941
v 0.036865 0.140625 0.249756 0.0078 0.0078 0.0078
v 0.031982 0.119141 0.234131 0.0078 0.0118 0.0078
v 0.038818 0.119141 0.234131 0.0078 0.0078 0.0078
v 0.045166 0.120605 0.234131 0.1373 0.1373 0.1373
v 0.036865 0.139648 0.221436 0.2941 0.2980 0.3059
v 0.050537 0.124023 0.234131 0.2549 0.2588 0.2667
v 0.054932 0.128418 0.234131 0.0039 0.0118 0.0078
v 0.057373 0.134277 0.234131 0.0078 0.0078 0.0078
v 0.057861 0.145996 0.234131 0.0118 0.0118 0.0118
v 0.058838 0.140137 0.234131 0.0078 0.0078 0.0078
v 0.033447 0.162109 0.233643 0.2980 0.3019 0.3098
v 0.040283 0.162109 0.233643 0.3059 0.3098 0.3176
v 0.058350 0.174805 0.249268 0.0196 0.0196 0.0196
v 0.047119 0.160156 0.233643 0.2784 0.2823 0.2902
v 0.052002 0.156738 0.233643 0.2667 0.2706 0.2784
v 0.055908 0.151855 0.234131 0.2863 0.2902 0.2980
v 0.037354 0.140625 0.179443 0.1333 0.1333 0.1333
v 0.065674 0.110840 0.249756 0.0000 0.0000 0.0000
v 0.069092 0.107422 0.244385 0.0118 0.0118 0.0118
v 0.073975 0.112305 0.236084 0.0078 0.0078 0.0078
v 0.076904 0.108398 0.236084 0.0078 0.0078 0.0078
v 0.069580 0.106934 0.200439 0.0784 0.0784 0.0863
v 0.123291 0.065918 0.218018 0.1882 0.1882 0.1961
v 0.072510 0.119141 0.249756 0.0118 0.0118 0.0118
v 0.076904 0.116699 0.244385 0.0118 0.0118 0.0118
v 0.076904 0.128906 0.249756 0.0157 0.0157 0.0157
v 0.081787 0.127441 0.244385 0.0157 0.0157 0.0157
v 0.078369 0.139648 0.249756 0.0196 0.0196 0.0196
v 0.083740 0.139160 0.243896 0.0157 0.0157 0.0157
v 0.079346 0.143066 0.235596 0.0235 0.0314 0.0275
v 0.083740 0.145996 0.235596 0.0235 0.0235 0.0235
v 0.076904 0.149902 0.249756 0.0784 0.0784 0.0784
v 0.072998 0.159668 0.249756 0.0157 0.0157 0.0157
v 0.066650 0.168457 0.249756 0.0039 0.0039 0.0039
v 0.077881 0.162109 0.243896 0.0118 0.0118 0.0118
v 0.070557 0.171875 0.243896 0.0196 0.0196 0.0196
v 0.082275 0.151367 0.243896 0.0039 0.0039 0.0039
v 0.076904 0.116211 0.200439 0.0863 0.0863 0.0863
v 0.082275 0.126953 0.200439 0.0863 0.0941 0.0902
v 0.083740 0.139160 0.200439 0.0902 0.0902 0.0902
v 0.077881 0.162109 0.199951 0.1176 0.1098 0.1137
v 0.071045 0.171875 0.199951 0.0863 0.0941 0.0902
v 0.082764 0.150879 0.200439 0.0902 0.0902 0.0824
v 0.126709 0.031250 0.223877 0.0000 0.0000 0.0000
v 0.140381 0.052246 0.230713 0.0039 0.0039 0.0039
v 0.144775 0.048828 0.223877 0.0078 0.0078 0.0078
v 0.126709 0.031250 0.185791 0.0353 0.0431 0.0392
v 0.140381 0.052246 0.179443 0.1098 0.1176 0.1176
v 0.144775 0.048828 0.185791 0.0471 0.0471 0.0471
v 0.225342 0.038574 0.213135 0.0078 0.0078 0.0078
v 0.227783 0.040527 0.217529 0.0078 0.0078 0.0078
v 0.237549 0.025879 0.213135 0.0078 0.0078 0.0078
v 0.239990 0.028320 0.217529 0.0039 0.0039 0.0039
v 0.238037 0.049316 0.217529 0.2902 0.2902 0.2902
v 0.241943 0.052246 0.214600 0.1176 0.1176 0.1176
v 0.248291 0.038574 0.217529 0.2745 0.2745 0.2745
v 0.248291 0.044434 0.207275 0.1216 0.1216 0.1216
v 0.225342 0.038574 0.184326 0.0275 0.0275 0.0275
v 0.237549 0.025879 0.184326 0.0157 0.0157 0.0157
v 0.249756 0.027344 0.160889 0.0078 0.0078 0.0078
v 0.125244 0.065430 0.226807 0.1922 0.1922 0.2000
v 0.129639 0.061523 0.230225 0.2078 0.2078 0.2078
v 0.136475 0.081055 0.226807 0.1373 0.1373 0.1373
v 0.141357 0.078125 0.230225 0.2196 0.2196 0.2275
v 0.154053 0.071289 0.230225 0.0000 0.0000 0.0000
v 0.150635 0.097656 0.230225 0.1569 0.1569 0.1569
v 0.145264 0.099609 0.226807 0.1255 0.1255 0.1255
v 0.134521 0.081543 0.218018 0.1098 0.1098 0.1098
v 0.143311 0.099609 0.218018 0.1176 0.1176 0.1176
v 0.158936 0.068359 0.223877 0.0039 0.0039 0.0039
v 0.164307 0.093262 0.230225 0.0039 0.0039 0.0039
v 0.169678 0.091309 0.223877 0.0078 0.0078 0.0078
v 0.177002 0.114746 0.223877 0.0157 0.0157 0.0157
v 0.151123 0.118652 0.226807 0.1020 0.1020 0.1020
v 0.152588 0.138672 0.226318 0.1137 0.1137 0.1137
v 0.151123 0.158203 0.226318 0.1216 0.1216 0.1216
v 0.149170 0.118164 0.218018 0.1216 0.1294 0.1255
v 0.150635 0.138184 0.218018 0.1333 0.1333 0.1333
v 0.149170 0.157227 0.218018 0.1412 0.1412 0.1490
v 0.143799 0.177246 0.218018 0.1373 0.1373 0.1294
v 0.156982 0.117676 0.230225 0.0353 0.0431 0.0392
v 0.171143 0.115234 0.230225 0.0196 0.0196 0.0196
v 0.158447 0.138672 0.230225 0.0667 0.0667 0.0667
v 0.173096 0.138672 0.230225 0.0157 0.0157 0.0157
v 0.178955 0.139160 0.223877 0.0118 0.0118 0.0118
v 0.156982 0.159668 0.230225 0.0706 0.0706 0.0706
v 0.171143 0.162109 0.230225 0.0157 0.0157 0.0157
v 0.177002 0.163574 0.223877 0.0039 0.0039 0.0039
v 0.154053 0.071289 0.179443 0.1137 0.1216 0.1176
v 0.144775 0.062988 0.158936 0.0078 0.0078 0.0078
v 0.158936 0.068359 0.185791 0.0510 0.0510 0.0510
v 0.169678 0.091309 0.185791 0.0627 0.0627 0.0627
v 0.164307 0.093262 0.179443 0.1333 0.1373 0.1373
v 0.177002 0.114746 0.185791 0.0549 0.0627 0.0588
v 0.126221 0.145508 0.144287 0.1530 0.1255 0.1412
v 0.171143 0.115234 0.179443 0.1176 0.1176 0.1176
v 0.171143 0.138672 0.158936 0.0157 0.0157 0.0157
v 0.178955 0.139160 0.185791 0.0588 0.0588 0.0588
v 0.173096 0.138672 0.179443 0.1098 0.1098 0.1098
v 0.171143 0.162109 0.179443 0.0941 0.0941 0.0941
v 0.177002 0.163574 0.185791 0.0392 0.0392 0.0392
v 0.189697 0.095703 0.247314 0.0157 0.0157 0.0157
v 0.190186 0.095215 0.230713 0.0157 0.0157 0.0157
v 0.218018 0.054199 0.217529 0.0039 0.0039 0.0039
v 0.215088 0.052734 0.213135 0.0078 0.0078 0.0078
v 0.208252 0.068359 0.213135 0.0078 0.0078 0.0078
v 0.211182 0.069336 0.217529 0.0039 0.0039 0.0039
v 0.201904 0.102539 0.213135 0.0078 0.0078 0.0078
v 0.206787 0.085449 0.217529 0.0039 0.0039 0.0039
v 0.203857 0.084961 0.213135 0.0078 0.0078 0.0078
v 0.205322 0.102539 0.217529 0.0118 0.0118 0.0118
v 0.218506 0.102051 0.217529 0.0471 0.0471 0.0471
v 0.229736 0.061035 0.217529 0.1451 0.1451 0.1451
v 0.234131 0.063477 0.214600 0.1294 0.1294 0.1294
v 0.223877 0.073730 0.217529 0.2078 0.2078 0.2078
v 0.228271 0.075684 0.214600 0.1333 0.1412 0.1373
v 0.230713 0.069824 0.207275 0.1176 0.1176 0.1176
v 0.219971 0.087891 0.217529 0.1176 0.1255 0.1216
v 0.224854 0.088867 0.214600 0.1490 0.1530 0.1608
v 0.224854 0.088867 0.207275 0.1216 0.1216 0.1216
v 0.223389 0.102051 0.214600 0.1412 0.1451 0.1530
v 0.224854 0.114746 0.207275 0.1373 0.1373 0.1373
v 0.192627 0.130859 0.246338 0.0196 0.0196 0.0196
v 0.193604 0.130371 0.229736 0.0275 0.0353 0.0314
v 0.206787 0.118652 0.217529 0.0118 0.0118 0.0078
v 0.203857 0.119141 0.213135 0.0078 0.0078 0.0000
v 0.207764 0.135254 0.213135 0.0118 0.0118 0.0118
v 0.211182 0.134277 0.217529 0.0157 0.0157 0.0157
v 0.218018 0.149414 0.217529 0.0118 0.0157 0.0157
v 0.215088 0.150879 0.213135 0.0118 0.0118 0.0118
v 0.219971 0.116211 0.217529 0.0353 0.0353 0.0353
v 0.224854 0.115234 0.214600 0.1530 0.1530 0.1608
v 0.223389 0.129395 0.217529 0.0745 0.0745 0.0745
v 0.228271 0.127930 0.214600 0.1804 0.1882 0.1843
v 0.229736 0.142578 0.217529 0.1647 0.1647 0.1647
v 0.233643 0.140137 0.214600 0.1451 0.1451 0.1451
v 0.229736 0.131836 0.207275 0.1569 0.1569 0.1608
v 0.225342 0.164551 0.213135 0.0118 0.0118 0.0118
v 0.227783 0.162598 0.217529 0.0118 0.0118 0.0118
v 0.238037 0.153809 0.217529 0.2078 0.2078 0.2118
v 0.241943 0.150879 0.214600 0.1608 0.1647 0.1804
v 0.241455 0.150391 0.207275 0.1412 0.1451 0.1530
v 0.237549 0.177246 0.213135 0.0118 0.0118 0.0118
v 0.239502 0.174805 0.217529 0.0118 0.0118 0.0118
v 0.248291 0.164551 0.217529 0.2078 0.2078 0.2157
v 0.215088 0.052734 0.184326 0.0196 0.0196 0.0196
v 0.208252 0.068359 0.184326 0.0314 0.0314 0.0314
v 0.218506 0.059570 0.161865 0.0157 0.0157 0.0157
v 0.201904 0.102539 0.184326 0.0196 0.0196 0.0196
v 0.203857 0.084961 0.184326 0.0275 0.0275 0.0275
v 0.205811 0.085449 0.179932 0.2000 0.2118 0.2157
v 0.208740 0.102539 0.160889 0.7020 0.7333 0.7490
v 0.203857 0.119141 0.184326 0.0157 0.0157 0.0157
v 0.205811 0.118652 0.179932 0.0784 0.0863 0.0824
v 0.207764 0.135254 0.184326 0.0275 0.0275 0.0275
v 0.215088 0.150879 0.184326 0.0196 0.0196 0.0196
v 0.217041 0.149902 0.179932 0.0392 0.0431 0.0392
v 0.225342 0.164551 0.184326 0.0431 0.0431 0.0431
v 0.227783 0.158203 0.160889 0.5059 0.5059 0.5176
v 0.237549 0.177246 0.184326 0.0196 0.0196 0.0196
v 0.126221 0.145508 0.000244 0.0118 0.0118 0.0118
v 0.014893 0.180664 0.243408 0.0000 0.0000 0.0000
v 0.027100 0.179688 0.249268 0.0157 0.0157 0.0157
v 0.026123 0.185059 0.243408 0.0000 0.0000 0.0000
v 0.014893 0.180176 0.199951 0.0314 0.0392 0.0353
v 0.026123 0.184570 0.199951 0.0314 0.0314 0.0353
v 0.037842 0.181152 0.249268 0.0235 0.0235 0.0235
v 0.037842 0.186035 0.243408 0.0000 0.0000 0.0000
v 0.048584 0.179199 0.249268 0.0275 0.0275 0.0275
v 0.050049 0.184570 0.243896 0.0000 0.0000 0.0000
v 0.061279 0.179688 0.243896 0.0078 0.0078 0.0078
v 0.038330 0.186035 0.199951 0.0314 0.0314 0.0235
v 0.050537 0.184082 0.199951 0.0353 0.0353 0.0314
v 0.061279 0.179199 0.199951 0.0431 0.0510 0.0471
v 0.018799 0.253906 0.226318 0.0000 0.0000 0.0000
v 0.017822 0.260254 0.230225 0.0118 0.0118 0.0118
v 0.015381 0.274902 0.230225 0.1176 0.1176 0.1176
v 0.014893 0.281250 0.223877 0.0039 0.0039 0.0039
v 0.018311 0.251465 0.218018 0.0039 0.0118 0.0078
v 0.038330 0.255371 0.226318 0.0000 0.0000 0.0000
v 0.038818 0.261719 0.230225 0.0157 0.0157 0.0157
v 0.057861 0.253418 0.226318 0.0000 0.0000 0.0000
v 0.059326 0.259277 0.230225 0.0118 0.0118 0.0118
v 0.038818 0.276855 0.230225 0.0706 0.0706 0.0706
v 0.038818 0.283203 0.223877 0.0039 0.0039 0.0039
v 0.061768 0.273926 0.230225 0.0471 0.0471 0.0471
v 0.037842 0.253418 0.218018 0.0000 0.0000 0.0000
v 0.056885 0.250977 0.218018 0.0118 0.0118 0.0118
v 0.014893 0.281250 0.185791 0.0235 0.0235 0.0235
v 0.015381 0.274902 0.179443 0.0275 0.0314 0.0314
v 0.038818 0.283203 0.185791 0.0275 0.0275 0.0275
v 0.038818 0.276855 0.179443 0.0314 0.0314 0.0275
v 0.061768 0.273926 0.179443 0.0275 0.0314 0.0314
v 0.095947 0.239746 0.226318 0.1725 0.1804 0.1804
v 0.115967 0.232422 0.230225 0.0471 0.0471 0.0471
v 0.112061 0.227539 0.226318 0.2039 0.2078 0.2157
v 0.094482 0.237305 0.218018 0.1530 0.1530 0.1530
v 0.124756 0.210938 0.218018 0.1412 0.1412 0.1412
v 0.110107 0.225586 0.218018 0.2667 0.2667 0.2745
v 0.080322 0.253906 0.230225 0.0118 0.0118 0.0118
v 0.078369 0.248047 0.226318 0.0039 0.0039 0.0039
v 0.085693 0.267578 0.230225 0.0196 0.0196 0.0196
v 0.063232 0.280273 0.223877 0.0078 0.0078 0.0078
v 0.087646 0.273438 0.223877 0.0000 0.0000 0.0000
v 0.076904 0.245605 0.218018 0.0902 0.0980 0.0941
v 0.099365 0.245117 0.230225 0.0471 0.0471 0.0471
v 0.106689 0.257812 0.230225 0.0078 0.0078 0.0078
v 0.109619 0.263184 0.223877 0.0000 0.0000 0.0000
v 0.065186 0.268066 0.161377 0.0510 0.0510 0.0510
v 0.085693 0.267578 0.179443 0.0275 0.0275 0.0275
v 0.063232 0.280273 0.185791 0.0275 0.0275 0.0275
v 0.087646 0.273438 0.185791 0.0275 0.0275 0.0275
v 0.106689 0.257812 0.179443 0.0510 0.0588 0.0549
v 0.109619 0.263184 0.185791 0.0353 0.0353 0.0353
v 0.111572 0.247070 0.158936 0.0510 0.0549 0.0549
v 0.120850 0.270020 0.140381 0.0000 0.0000 0.0000
v 0.120850 0.385742 0.188232 0.0000 0.0000 0.0000
v 0.120850 0.329102 0.175537 0.0000 0.0000 0.0000
v 0.138428 0.196777 0.226318 0.0549 0.0549 0.0549
v 0.146240 0.178223 0.226318 0.1765 0.1765 0.1765
v 0.151611 0.180664 0.230225 0.0588 0.0588 0.0588
v 0.143799 0.199707 0.230225 0.0667 0.0667 0.0667
v 0.131592 0.216797 0.230225 0.0510 0.0431 0.0471
v 0.126709 0.212891 0.226318 0.2078 0.2118 0.2196
v 0.142822 0.226562 0.230225 0.0000 0.0000 0.0000
v 0.147217 0.230469 0.223877 0.1922 0.1961 0.1961
v 0.136475 0.195312 0.218018 0.1294 0.1294 0.1294
v 0.165283 0.185547 0.230225 0.0157 0.0157 0.0157
v 0.170654 0.187988 0.223877 0.0000 0.0000 0.0000
v 0.156494 0.207520 0.230225 0.0863 0.0863 0.0863
v 0.161377 0.210449 0.223877 0.1490 0.1530 0.1490
v 0.125244 0.243652 0.230225 0.0000 0.0000 0.0000
v 0.129150 0.248535 0.223877 0.0314 0.0314 0.0314
v 0.158936 0.252441 0.219482 0.0039 0.0039 0.0039
v 0.166748 0.246094 0.219482 0.0118 0.0118 0.0118
v 0.166748 0.251953 0.225830 0.0000 0.0000 0.0000
v 0.158936 0.252441 0.188721 0.0078 0.0078 0.0078
v 0.166748 0.246094 0.188232 0.0196 0.0196 0.0196
v 0.147217 0.230469 0.185791 0.1294 0.1294 0.1294
v 0.142822 0.226562 0.179443 0.1490 0.1569 0.1530
v 0.170654 0.187988 0.185791 0.0353 0.0353 0.0353
v 0.165283 0.185547 0.179443 0.0784 0.0784 0.0745
v 0.156494 0.207520 0.179443 0.1608 0.1647 0.1608
v 0.157471 0.199219 0.160889 0.0353 0.0353 0.0353
v 0.161377 0.210449 0.185791 0.1098 0.1176 0.1137
v 0.129150 0.248535 0.185791 0.0941 0.0941 0.0941
v 0.125244 0.243652 0.179443 0.1255 0.1294 0.1255
v 0.132568 0.297363 0.174561 0.0039 0.0039 0.0039
v 0.126221 0.300781 0.168213 0.0667 0.0667 0.0667
v 0.154541 0.297363 0.174561 0.0431 0.0431 0.0431
v 0.132568 0.266602 0.152100 0.0078 0.0078 0.0078
v 0.126221 0.268066 0.144775 0.1843 0.1922 0.1882
v 0.154541 0.266602 0.152100 0.0431 0.0431 0.0431
v 0.129639 0.274902 0.132568 0.1686 0.1686 0.1686
v 0.160400 0.299805 0.169678 0.0118 0.0118 0.0118
v 0.160400 0.267578 0.146729 0.0118 0.0118 0.0078
v 0.132568 0.343750 0.192627 0.0078 0.0078 0.0078
v 0.154541 0.343750 0.192627 0.0549 0.0549 0.0549
v 0.132568 0.369141 0.197510 0.0078 0.0078 0.0078
v 0.126221 0.369629 0.190674 0.0157 0.0157 0.0118
v 0.132568 0.394531 0.198975 0.0078 0.0078 0.0078
v 0.126221 0.394531 0.192139 0.0157 0.0157 0.0157
v 0.154541 0.369141 0.197510 0.0549 0.0549 0.0549
v 0.154541 0.394531 0.198975 0.0627 0.0627 0.0627
v 0.132568 0.419922 0.197510 0.0118 0.0118 0.0118
v 0.126221 0.418945 0.190674 0.0157 0.0157 0.0157
v 0.154541 0.419922 0.197510 0.0784 0.0784 0.0784
v 0.160400 0.369629 0.192139 0.0078 0.0078 0.0039
v 0.160400 0.394531 0.193604 0.0078 0.0078 0.0039
v 0.160400 0.419434 0.192139 0.0078 0.0078 0.0039
v 0.132568 0.320312 0.185303 0.0039 0.0039 0.0039
v 0.126221 0.322754 0.178955 0.0118 0.0118 0.0118
v 0.129639 0.328613 0.161865 0.1176 0.1176 0.1176
v 0.154541 0.320312 0.185303 0.0471 0.0471 0.0471
v 0.126221 0.345215 0.185791 0.0157 0.0157 0.0157
v 0.160400 0.322266 0.180420 0.0078 0.0078 0.0039
v 0.160400 0.344727 0.187256 0.0078 0.0078 0.0078
v 0.129639 0.384766 0.174072 0.1020 0.1098 0.1098
v 0.217529 0.389160 0.235107 0.1412 0.1412 0.1333
v 0.208740 0.404297 0.236084 0.1765 0.1765 0.1765
v 0.205811 0.426270 0.237061 0.1882 0.1882 0.1882
v 0.212646 0.406738 0.229736 0.0078 0.0078 0.0078
v 0.210205 0.426270 0.230225 0.0078 0.0078 0.0078
v 0.232178 0.379395 0.235107 0.0314 0.0314 0.0314
v 0.220947 0.392578 0.228760 0.0157 0.0157 0.0157
v 0.226807 0.389648 0.231689 0.0118 0.0118 0.0118
v 0.248779 0.375977 0.234619 0.0235 0.0235 0.0235
v 0.249268 0.380371 0.228271 0.0157 0.0157 0.0157
v 0.234619 0.383789 0.228760 0.0078 0.0078 0.0078
v 0.231689 0.417480 0.230225 0.0118 0.0118 0.0118
v 0.230713 0.427246 0.230225 0.0078 0.0078 0.0078
v 0.236572 0.408691 0.229736 0.0078 0.0078 0.0078
v 0.244385 0.403809 0.229248 0.0078 0.0078 0.0078
v 0.132568 0.237793 0.124756 0.0314 0.0392 0.0353
v 0.126221 0.237793 0.116455 0.1412 0.1490 0.1451
v 0.126221 0.237793 0.103271 0.1647 0.1725 0.1686
v 0.154541 0.237793 0.124756 0.0157 0.0157 0.0157
v 0.160400 0.237793 0.118408 0.0863 0.0863 0.0863
v 0.158936 0.252441 0.000244 0.0118 0.0118 0.0118
v 0.166748 0.246094 0.000244 0.0392 0.0392 0.0392
v 0.126221 0.394531 0.000244 0.2000 0.2000 0.2039
v 0.160400 0.394531 0.000244 0.0078 0.0078 0.0078
v 0.250732 0.397949 0.258057 0.1843 0.1843 0.1922
v 0.251221 0.402832 0.252686 0.1804 0.1843 0.1843
v 0.326416 0.375977 0.251221 0.0000 0.0000 0.0000
v 0.325928 0.380859 0.257080 0.0235 0.0157 0.0196
v 0.343018 0.379395 0.251221 0.0196 0.0196 0.0196
v 0.341064 0.383789 0.257080 0.0157 0.0157 0.0157
v 0.324463 0.397949 0.258057 0.1686 0.1686 0.1765
v 0.323975 0.402832 0.252686 0.1765 0.1843 0.1804
v 0.333252 0.399902 0.258057 0.1647 0.1647 0.1647
v 0.330811 0.403809 0.252686 0.1882 0.1882 0.1882
v 0.342041 0.405273 0.258057 0.1686 0.1686 0.1686
v 0.339111 0.408691 0.252686 0.1843 0.1843 0.1843
v 0.343506 0.417480 0.253174 0.1843 0.1882 0.1961
v 0.354248 0.392578 0.257568 0.0157 0.0157 0.0157
v 0.357666 0.389160 0.251709 0.0039 0.0039 0.0039
v 0.347412 0.415527 0.258545 0.1725 0.1725 0.1804
v 0.348877 0.427246 0.259033 0.1647 0.1647 0.1725
v 0.344482 0.427246 0.253662 0.1843 0.1882 0.1961
v 0.362549 0.406738 0.258057 0.0196 0.0196 0.0196
v 0.366943 0.404297 0.252197 0.0118 0.0118 0.0118
v 0.364990 0.426270 0.259033 0.0000 0.0000 0.0000
v 0.369873 0.426270 0.253174 0.0000 0.0000 0.0000
v 0.253174 0.018555 0.217529 0.0039 0.0039 0.0039
v 0.251709 0.015625 0.213135 0.0039 0.0039 0.0039
v 0.268311 0.011230 0.217529 0.0039 0.0039 0.0039
v 0.267334 0.008301 0.213135 0.0000 0.0000 0.0000
v 0.260010 0.030273 0.217529 0.2314 0.2314 0.2314
v 0.262451 0.034668 0.214600 0.1451 0.1490 0.1569
v 0.262451 0.034668 0.207275 0.1176 0.1176 0.1176
v 0.251709 0.042480 0.214600 0.1216 0.1294 0.1255
v 0.272705 0.023926 0.217529 0.2196 0.2196 0.2196
v 0.274658 0.028809 0.214600 0.2000 0.2000 0.2000
v 0.283936 0.004883 0.213135 0.0039 0.0039 0.0039
v 0.284912 0.008301 0.217529 0.0000 0.0000 0.0000
v 0.301514 0.003418 0.213135 0.0039 0.0039 0.0039
v 0.301514 0.006836 0.217529 0.0000 0.0000 0.0000
v 0.301514 0.020020 0.217529 0.0314 0.0314 0.0314
v 0.286865 0.021484 0.217529 0.2392 0.2392 0.2392
v 0.287842 0.026367 0.214600 0.1686 0.1686 0.1765
v 0.301514 0.024902 0.214600 0.2196 0.2196 0.2275
v 0.301025 0.024902 0.207275 0.1922 0.1922 0.2000
v 0.251709 0.015625 0.184326 0.0196 0.0196 0.0196
v 0.252686 0.017578 0.179932 0.0471 0.0510 0.0510
v 0.267334 0.008301 0.184326 0.0157 0.0157 0.0157
v 0.283936 0.004883 0.184326 0.0275 0.0275 0.0275
v 0.284424 0.007324 0.179932 0.0392 0.0392 0.0392
v 0.281494 0.013184 0.161865 0.0118 0.0118 0.0118
v 0.301514 0.003418 0.184326 0.0196 0.0196 0.0196
v 0.318604 0.004883 0.213135 0.0039 0.0039 0.0039
v 0.318115 0.008301 0.217529 0.0039 0.0039 0.0039
v 0.334229 0.011230 0.217529 0.0039 0.0039 0.0039
v 0.335205 0.008301 0.213135 0.0039 0.0039 0.0039
v 0.315674 0.021484 0.217529 0.0157 0.0157 0.0235
v 0.314697 0.026367 0.214600 0.2157 0.2157 0.2235
v 0.320068 0.026855 0.207275 0.1961 0.2000 0.2157
v 0.327881 0.028809 0.214600 0.2471 0.2471 0.2549
v 0.329834 0.023926 0.217529 0.0235 0.0235 0.0235
v 0.342529 0.030273 0.217529 0.0431 0.0431 0.0431
v 0.340088 0.034668 0.214600 0.1098 0.1098 0.1098
v 0.348877 0.018555 0.217529 0.0039 0.0039 0.0039
v 0.350342 0.015625 0.213135 0.0000 0.0000 0.0000
v 0.350830 0.042480 0.214600 0.1294 0.1333 0.1490
v 0.350830 0.042480 0.207275 0.1137 0.1176 0.1255
v 0.354248 0.038574 0.217529 0.0549 0.0549 0.0549
v 0.362549 0.028320 0.217529 0.0078 0.0078 0.0078
v 0.364502 0.025879 0.213135 0.0078 0.0078 0.0078
v 0.360596 0.052246 0.214600 0.1216 0.1216 0.1294
v 0.364502 0.049316 0.217529 0.1725 0.1725 0.1804
v 0.374756 0.040527 0.217529 0.0078 0.0078 0.0078
v 0.318604 0.004883 0.184326 0.0196 0.0196 0.0196
v 0.318115 0.007324 0.179932 0.0275 0.0275 0.0275
v 0.335205 0.008301 0.184326 0.0196 0.0196 0.0196
v 0.335693 0.015625 0.160889 0.0078 0.0078 0.0078
v 0.350342 0.015625 0.184326 0.0078 0.0078 0.0078
v 0.349365 0.017578 0.179932 0.0353 0.0353 0.0353
v 0.364502 0.025879 0.184326 0.0039 0.0039 0.0039
v 0.374756 0.043945 0.160889 0.0078 0.0078 0.0078
v 0.278564 0.087891 0.235596 0.0078 0.0078 0.0078
v 0.277100 0.084473 0.231689 0.0118 0.0118 0.0118
v 0.277100 0.084473 0.221924 0.0314 0.0353 0.0353
v 0.272705 0.092773 0.202393 0.1961 0.2039 0.2000
v 0.277100 0.084473 0.202393 0.2039 0.2118 0.2078
v 0.271240 0.102539 0.202393 0.2000 0.2078 0.2039
v 0.272705 0.111816 0.202393 0.1961 0.2039 0.2000
v 0.286377 0.081055 0.235107 0.0078 0.0078 0.0078
v 0.293701 0.077148 0.234619 0.0000 0.0000 0.0000
v 0.283936 0.077637 0.231201 0.0039 0.0039 0.0039
v 0.292236 0.073730 0.230225 0.0000 0.0000 0.0000
v 0.301514 0.071777 0.229736 0.0000 0.0000 0.0000
v 0.301514 0.076172 0.234131 0.0000 0.0000 0.0000
v 0.310791 0.073730 0.229248 0.0000 0.0000 0.0000
v 0.309814 0.077148 0.233643 0.0039 0.0039 0.0039
v 0.291748 0.095703 0.239014 0.5686 0.5725 0.5764
v 0.296143 0.093750 0.240478 0.7372 0.7333 0.7529
v 0.295166 0.092285 0.238525 0.3019 0.3059 0.2980
v 0.293213 0.096680 0.240479 0.6276 0.6276 0.6354
v 0.289795 0.100098 0.239014 0.5647 0.5725 0.5764
v 0.291260 0.100098 0.240967 0.5961 0.6000 0.6079
v 0.289795 0.104492 0.239014 0.5451 0.5647 0.5569
v 0.291260 0.104492 0.240967 0.5569 0.5569 0.5608
v 0.292725 0.107910 0.240479 0.5373 0.5490 0.5490
v 0.291748 0.108887 0.239014 0.5569 0.5764 0.5764
v 0.295654 0.110840 0.240479 0.5412 0.5412 0.5530
v 0.294678 0.112305 0.238525 0.5373 0.5490 0.5530
v 0.291260 0.095703 0.227295 0.0431 0.0431 0.0431
v 0.294678 0.092285 0.226807 0.0392 0.0392 0.0392
v 0.289795 0.100098 0.227295 0.0431 0.0431 0.0431
v 0.289795 0.104492 0.227295 0.0431 0.0431 0.0431
v 0.291260 0.108887 0.227295 0.0431 0.0431 0.0431
v 0.294678 0.112305 0.226807 0.0314 0.0392 0.0353
v 0.299561 0.090332 0.238037 0.0824 0.0784 0.0824
v 0.303955 0.090332 0.237549 0.0745 0.0745 0.0745
v 0.299561 0.092285 0.239990 0.4118 0.4039 0.4078
v 0.303955 0.092285 0.239990 0.0784 0.0784 0.0824
v 0.307373 0.093750 0.239502 0.0588 0.0588 0.0588
v 0.308350 0.092285 0.237549 0.0667 0.0667 0.0667
v 0.310303 0.096680 0.239014 0.0627 0.0627 0.0627
v 0.311768 0.095703 0.237061 0.0588 0.0588 0.0588
v 0.301514 0.102539 0.239990 0.6745 0.6706 0.6902
v 0.299561 0.112793 0.239990 0.5530 0.5569 0.5647
v 0.299072 0.114258 0.238037 0.5530 0.5530 0.5608
v 0.303467 0.112793 0.239990 0.5608 0.5608 0.5686
v 0.303955 0.114258 0.237549 0.5373 0.5451 0.5530
v 0.311768 0.100586 0.239014 0.0510 0.0510 0.0510
v 0.311768 0.104492 0.239014 0.0392 0.0392 0.0392
v 0.307373 0.111328 0.239502 0.6197 0.6197 0.6276
v 0.308350 0.112305 0.237549 0.3568 0.3608 0.3647
v 0.310303 0.108398 0.239014 0.4157 0.4157 0.4157
v 0.311768 0.109375 0.237061 0.0706 0.0706 0.0706
v 0.299072 0.090332 0.226807 0.0431 0.0431 0.0431
v 0.303955 0.090332 0.226318 0.0471 0.0471 0.0471
v 0.308350 0.092285 0.226318 0.0392 0.0392 0.0392
v 0.311768 0.095703 0.225830 0.0471 0.0510 0.0588
v 0.301514 0.102539 0.234131 0.5137 0.5490 0.5373
v 0.299072 0.114258 0.226807 0.0235 0.0314 0.0275
v 0.303467 0.114258 0.226318 0.0353 0.0353 0.0353
v 0.307861 0.112305 0.226318 0.0392 0.0392 0.0392
v 0.311279 0.109375 0.225830 0.0392 0.0392 0.0392
v 0.283936 0.077637 0.202393 0.2000 0.2078 0.2039
v 0.292236 0.073730 0.202393 0.1961 0.2039 0.2000
v 0.301514 0.071777 0.202393 0.2157 0.2235 0.2196
v 0.310791 0.073730 0.202393 0.2000 0.2078 0.2039
v 0.278076 0.116211 0.235596 0.0118 0.0118 0.0118
v 0.277100 0.120117 0.231689 0.0275 0.0275 0.0275
v 0.277100 0.120117 0.221924 0.0549 0.0549 0.0549
v 0.277100 0.120117 0.202393 0.1922 0.2000 0.1961
v 0.251221 0.160645 0.214600 0.1412 0.1412 0.1490
v 0.251709 0.161133 0.207275 0.1373 0.1373 0.1373
v 0.262451 0.168945 0.214600 0.1255 0.1255 0.1333
v 0.260010 0.173340 0.217529 0.2118 0.2118 0.2196
v 0.274658 0.175293 0.214600 0.1412 0.1412 0.1490
v 0.274658 0.175293 0.207275 0.1373 0.1373 0.1373
v 0.286377 0.123535 0.235107 0.0157 0.0157 0.0157
v 0.293701 0.127441 0.234619 0.0157 0.0157 0.0157
v 0.283936 0.126953 0.231201 0.0157 0.0157 0.0157
v 0.292236 0.131348 0.230225 0.0118 0.0118 0.0118
v 0.301514 0.128906 0.234131 0.0157 0.0157 0.0157
v 0.309814 0.127441 0.233643 0.0118 0.0118 0.0118
v 0.301514 0.132812 0.229736 0.0118 0.0118 0.0118
v 0.310791 0.131348 0.229248 0.0118 0.0118 0.0118
v 0.283936 0.126953 0.202393 0.1922 0.2000 0.1961
v 0.292236 0.131348 0.202393 0.1843 0.1922 0.1882
v 0.301514 0.132812 0.202393 0.2000 0.2000 0.2000
v 0.310791 0.131348 0.202393 0.1882 0.1882 0.1882
v 0.301025 0.101562 0.179932 0.3019 0.3176 0.3137
v 0.317139 0.081055 0.233154 0.0039 0.0039 0.0039
v 0.319580 0.077637 0.228760 0.0039 0.0039 0.0039
v 0.313232 0.100098 0.237061 0.0510 0.0510 0.0510
v 0.313232 0.104980 0.237061 0.0471 0.0471 0.0471
v 0.322998 0.086914 0.232666 0.0000 0.0000 0.0000
v 0.325928 0.084473 0.228271 0.0039 0.0039 0.0039
v 0.326904 0.094238 0.232666 0.0078 0.0078 0.0078
v 0.313232 0.100098 0.225830 0.0824 0.0980 0.1020
v 0.313232 0.104980 0.225830 0.0706 0.0745 0.0824
v 0.327881 0.102539 0.232178 0.0000 0.0000 0.0000
v 0.326904 0.110352 0.232666 0.0000 0.0000 0.0000
v 0.330322 0.092773 0.227783 0.0039 0.0039 0.0039
v 0.331787 0.102539 0.227783 0.0000 0.0000 0.0000
v 0.330322 0.111816 0.227783 0.0000 0.0000 0.0000
v 0.319580 0.077637 0.202393 0.2157 0.2235 0.2196
v 0.325928 0.084473 0.202393 0.2196 0.2275 0.2235
v 0.330322 0.092773 0.202393 0.2275 0.2353 0.2314
v 0.331787 0.102539 0.202393 0.2314 0.2392 0.2353
v 0.330322 0.111816 0.202393 0.2353 0.2392 0.2392
v 0.368897 0.063477 0.214600 0.1451 0.1451 0.1451
v 0.373291 0.061035 0.217529 0.1765 0.1765 0.1843
v 0.368897 0.062988 0.207275 0.1176 0.1176 0.1176
v 0.374268 0.075684 0.214600 0.1255 0.1255 0.1255
v 0.317139 0.123535 0.233154 0.0157 0.0157 0.0157
v 0.319580 0.126953 0.228760 0.0039 0.0078 0.0039
v 0.322998 0.117676 0.232666 0.0039 0.0039 0.0039
v 0.325928 0.120117 0.228271 0.0039 0.0039 0.0039
v 0.319580 0.126953 0.202393 0.1961 0.2000 0.2078
v 0.325928 0.120117 0.202393 0.2039 0.2039 0.2039
v 0.327881 0.175293 0.214600 0.1412 0.1412 0.1412
v 0.334229 0.172852 0.207275 0.1412 0.1412 0.1412
v 0.340088 0.169434 0.214600 0.1294 0.1294 0.1294
v 0.342529 0.173828 0.217529 0.1490 0.1490 0.1490
v 0.374268 0.128906 0.214600 0.1059 0.1059 0.1059
v 0.368897 0.141602 0.214600 0.1255 0.1255 0.1255
v 0.373291 0.144043 0.217529 0.1647 0.1647 0.1647
v 0.372314 0.134766 0.207275 0.1294 0.1294 0.1294
v 0.351318 0.161621 0.214600 0.1255 0.1294 0.1255
v 0.353760 0.160645 0.207275 0.1490 0.1569 0.1530
v 0.354248 0.165527 0.217529 0.1530 0.1530 0.1530
v 0.361084 0.152344 0.214600 0.1176 0.1176 0.1176
v 0.364502 0.155762 0.217529 0.1608 0.1608 0.1608
v 0.352783 0.176758 0.160889 0.0980 0.1059 0.1020
v 0.377197 0.038574 0.213135 0.0078 0.0078 0.0078
v 0.377197 0.038574 0.184326 0.0078 0.0078 0.0078
v 0.384522 0.054199 0.217529 0.0039 0.0039 0.0039
v 0.387451 0.052734 0.213135 0.0078 0.0078 0.0078
v 0.379150 0.073730 0.217529 0.1725 0.1725 0.1725
v 0.391357 0.069336 0.217529 0.0039 0.0039 0.0039
v 0.394775 0.068359 0.213135 0.0078 0.0078 0.0078
v 0.377686 0.088867 0.214600 0.1412 0.1412 0.1412
v 0.382568 0.087891 0.217529 0.1686 0.1686 0.1765
v 0.378174 0.089355 0.207275 0.1412 0.1412 0.1412
v 0.379150 0.102539 0.214600 0.1490 0.1490 0.1530
v 0.384033 0.102539 0.217529 0.1686 0.1686 0.1686
v 0.395752 0.085449 0.217529 0.0000 0.0000 0.0000
v 0.399170 0.084961 0.213135 0.0078 0.0078 0.0078
v 0.397705 0.102539 0.217529 0.0157 0.0157 0.0157
v 0.400635 0.102539 0.213135 0.0078 0.0078 0.0078
v 0.377686 0.115723 0.214600 0.1137 0.1137 0.1137
v 0.382568 0.116699 0.217529 0.1530 0.1530 0.1530
v 0.379150 0.130859 0.217529 0.1490 0.1490 0.1490
v 0.399170 0.119629 0.213135 0.0078 0.0078 0.0078
v 0.391357 0.135254 0.217529 0.0118 0.0118 0.0118
v 0.394287 0.136719 0.213135 0.0039 0.0039 0.0039
v 0.384522 0.150879 0.217529 0.0157 0.0157 0.0157
v 0.387451 0.152832 0.213135 0.0000 0.0000 0.0000
v 0.377197 0.166504 0.213135 0.0000 0.0000 0.0000
v 0.385498 0.053711 0.179932 0.0353 0.0353 0.0353
v 0.387451 0.052734 0.184326 0.0118 0.0118 0.0118
v 0.394775 0.068359 0.184326 0.0157 0.0157 0.0157
v 0.404053 0.082520 0.160889 0.0039 0.0039 0.0039
v 0.396729 0.085449 0.179932 0.0627 0.0706 0.0706
v 0.399170 0.084961 0.184326 0.0196 0.0196 0.0196
v 0.400635 0.102539 0.184326 0.0196 0.0196 0.0196
v 0.393311 0.091797 0.161865 0.0275 0.0353 0.0314
v 0.404053 0.089355 0.164307 0.0000 0.0000 0.0000
v 0.404053 0.099121 0.165771 0.0000 0.0000 0.0000
v 0.404053 0.080078 0.155518 0.0039 0.0039 0.0039
v 0.408936 0.090820 0.164307 0.0000 0.0000 0.0000
v 0.412354 0.094238 0.164307 0.0000 0.0000 0.0000
v 0.413818 0.099121 0.164307 0.0000 0.0000 0.0000
v 0.412354 0.084961 0.160889 0.0078 0.0078 0.0039
v 0.418701 0.090820 0.160889 0.0078 0.0078 0.0078
v 0.420654 0.099121 0.160889 0.0078 0.0078 0.0078
v 0.413818 0.082520 0.155518 0.0000 0.0000 0.0000
v 0.420654 0.089355 0.155518 0.0078 0.0078 0.0078
v 0.423096 0.099121 0.155518 0.0078 0.0078 0.0078
v 0.385010 0.144531 0.161865 0.0431 0.0471 0.0431
v 0.396729 0.119141 0.179932 0.0549 0.0549 0.0588
v 0.399170 0.119629 0.184326 0.0196 0.0196 0.0196
v 0.394287 0.136719 0.184326 0.0235 0.0235 0.0235
v 0.385498 0.151367 0.179932 0.0588 0.0588 0.0588
v 0.387451 0.152832 0.184326 0.0157 0.0157 0.0157
v 0.377197 0.166504 0.184326 0.0039 0.0039 0.0039
v 0.404053 0.080078 0.000244 0.0078 0.0078 0.0078
v 0.413818 0.082520 0.000244 0.0039 0.0039 0.0039
v 0.420654 0.089355 0.000244 0.0078 0.0078 0.0078
v 0.423096 0.099121 0.000244 0.0078 0.0078 0.0078
v 0.253174 0.184570 0.217529 0.0078 0.0078 0.0078
v 0.251709 0.187500 0.213135 0.0118 0.0118 0.0118
v 0.273193 0.179688 0.217529 0.2039 0.2039 0.2118
v 0.268311 0.192383 0.217529 0.0118 0.0118 0.0118
v 0.267334 0.195801 0.213135 0.0157 0.0157 0.0157
v 0.286865 0.183594 0.217529 0.1255 0.1255 0.1255
v 0.287842 0.178711 0.214600 0.1647 0.1647 0.1725
v 0.284424 0.196777 0.217529 0.0157 0.0157 0.0157
v 0.283936 0.200195 0.213135 0.0235 0.0235 0.0235
v 0.301514 0.185059 0.217529 0.1176 0.1176 0.1176
v 0.301514 0.180176 0.214600 0.1333 0.1333 0.1333
v 0.301514 0.180176 0.207275 0.1333 0.1333 0.1412
v 0.301025 0.202148 0.213135 0.0275 0.0275 0.0275
v 0.251709 0.187500 0.184326 0.0157 0.0157 0.0157
v 0.252686 0.185547 0.179932 0.0510 0.0549 0.0549
v 0.267334 0.195801 0.184326 0.0745 0.0784 0.0863
v 0.267334 0.187988 0.160889 0.2549 0.2667 0.2667
v 0.283936 0.200195 0.184326 0.1098 0.1098 0.1098
v 0.284424 0.197754 0.179932 0.1530 0.1608 0.1569
v 0.301025 0.202148 0.184326 0.1373 0.1373 0.1373
v 0.315674 0.183594 0.217529 0.1255 0.1255 0.1255
v 0.314697 0.178711 0.214600 0.1098 0.1098 0.1098
v 0.317627 0.197266 0.217529 0.0157 0.0157 0.0157
v 0.318115 0.200195 0.213135 0.0235 0.0235 0.0235
v 0.329346 0.180176 0.217529 0.1490 0.1490 0.1490
v 0.334717 0.196289 0.213135 0.0196 0.0196 0.0196
v 0.348877 0.185547 0.217529 0.0157 0.0157 0.0157
v 0.350342 0.188477 0.213135 0.0157 0.0157 0.0157
v 0.364502 0.178711 0.213135 0.0039 0.0039 0.0039
v 0.318115 0.200195 0.184326 0.1020 0.1020 0.1020
v 0.318115 0.198242 0.179932 0.1569 0.1647 0.1608
v 0.321533 0.190430 0.161865 0.0078 0.0157 0.0235
v 0.334717 0.196289 0.184326 0.0863 0.0863 0.0863
v 0.350342 0.188477 0.184326 0.0157 0.0157 0.0157
v 0.349365 0.186523 0.179932 0.0745 0.0745 0.0745
v 0.364502 0.178711 0.184326 0.0118 0.0118 0.0118
v 0.251221 0.402832 0.229248 0.0118 0.0118 0.0118
v 0.326416 0.375977 0.234619 0.0196 0.0196 0.0196
v 0.325928 0.380371 0.228271 0.0157 0.0157 0.0118
v 0.343018 0.379395 0.235107 0.0157 0.0157 0.0157
v 0.341064 0.383789 0.228760 0.0118 0.0118 0.0118
v 0.323975 0.402832 0.229248 0.0078 0.0078 0.0078
v 0.330811 0.403809 0.229248 0.0078 0.0078 0.0078
v 0.339111 0.408691 0.229736 0.0078 0.0078 0.0078
v 0.343506 0.417480 0.230225 0.0118 0.0118 0.0118
v 0.357666 0.389160 0.235107 0.2314 0.2314 0.2314
v 0.348389 0.389648 0.231689 0.0118 0.0118 0.0118
v 0.354248 0.392578 0.228760 0.0118 0.0118 0.0039
v 0.344482 0.427246 0.230225 0.0314 0.0314 0.0314
v 0.366943 0.404297 0.236084 0.2157 0.2157 0.2235
v 0.369873 0.426270 0.237061 0.1765 0.1765 0.1765
v 0.362549 0.406738 0.229736 0.0078 0.0078 0.0078
v 0.364990 0.426270 0.230225 0.0157 0.0157 0.0157
v 0.421631 0.246094 0.219482 0.0157 0.0157 0.0157
v 0.419678 0.251953 0.225830 0.0000 0.0000 0.0000
v 0.429443 0.251953 0.219971 0.0000 0.0000 0.0000
v 0.429932 0.246094 0.188232 0.0235 0.0235 0.0235
v 0.406982 0.191895 0.165771 0.0078 0.0078 0.0078
v 0.413818 0.191895 0.164307 0.0078 0.0078 0.0078
v 0.420654 0.191895 0.160889 0.0078 0.0078 0.0078
v 0.423096 0.191895 0.155518 0.0078 0.0078 0.0078
v 0.455322 0.197754 0.227783 0.0000 0.0000 0.0000
v 0.455322 0.203125 0.228760 0.1373 0.1373 0.1373
v 0.455322 0.193359 0.225342 0.0000 0.0000 0.0000
v 0.460693 0.194336 0.224365 0.0039 0.0039 0.0039
v 0.461182 0.198242 0.226807 0.0000 0.0000 0.0000
v 0.461182 0.203125 0.227783 0.0000 0.0000 0.0000
v 0.465576 0.199707 0.224365 0.0000 0.0000 0.0000
v 0.465576 0.196289 0.222412 0.0039 0.0039 0.0039
v 0.465576 0.203613 0.225342 0.0000 0.0000 0.0000
v 0.455322 0.237793 0.228760 0.2000 0.2000 0.2078
v 0.461182 0.237793 0.227783 0.1725 0.1725 0.1804
v 0.465576 0.237793 0.225342 0.0000 0.0000 0.0000
v 0.455322 0.189453 0.216064 0.0039 0.0039 0.0039
v 0.461182 0.190918 0.216064 0.0000 0.0000 0.0000
v 0.465576 0.193848 0.216064 0.0078 0.0078 0.0078
v 0.468506 0.198730 0.216064 0.0000 0.0000 0.0000
v 0.469482 0.204102 0.216064 0.2353 0.2353 0.2432
v 0.469482 0.237305 0.217529 0.2902 0.2902 0.2980
v 0.455322 0.243164 0.227783 0.1922 0.1922 0.2000
v 0.460693 0.247070 0.224365 0.0039 0.0039 0.0039
v 0.455322 0.248047 0.225342 0.0000 0.0000 0.0000
v 0.461182 0.242676 0.226807 0.0824 0.0824 0.0863
v 0.465576 0.241699 0.224365 0.0039 0.0039 0.0039
v 0.465576 0.244629 0.222412 0.0000 0.0000 0.0000
v 0.438232 0.251953 0.188721 0.0078 0.0078 0.0078
v 0.455322 0.251465 0.216064 0.0235 0.0235 0.0235
v 0.468506 0.242676 0.217041 0.2863 0.2863 0.2941
v 0.465576 0.247559 0.216064 0.0000 0.0000 0.0000
v 0.461182 0.250488 0.216064 0.0196 0.0196 0.0196
v 0.423096 0.191895 0.000244 0.0078 0.0078 0.0078
v 0.429932 0.246094 0.000244 0.0196 0.0196 0.0157
v 0.455322 0.189453 0.000244 0.0039 0.0039 0.0039
v 0.461182 0.190918 0.000244 0.0039 0.0039 0.0039
v 0.465576 0.193848 0.000244 0.0118 0.0118 0.0118
v 0.468506 0.198730 0.000244 0.0000 0.0000 0.0000
v 0.469482 0.204102 0.000244 0.2314 0.2314 0.2314
v 0.469482 0.237305 0.000244 0.2000 0.2000 0.2078
v 0.438232 0.251953 0.000244 0.0078 0.0078 0.0078
v 0.455322 0.251465 0.000244 0.0078 0.0078 0.0078
v 0.468506 0.242676 0.000244 0.2353 0.2353 0.2471
v 0.465576 0.247559 0.000244 0.0039 0.0039 0.0039
v 0.461182 0.250488 0.000244 0.0039 0.0039 0.0039
v 0.438232 0.300293 0.026123 0.0078 0.0078 0.0078
v 0.438232 0.294922 0.009033 0.0078 0.0078 0.0078
v 0.471924 0.258789 0.033447 0.0078 0.0078 0.0000
v 0.483154 0.258789 0.033447 0.0039 0.0039 0.0000
v 0.470459 0.255371 0.027588 0.0118 0.0118 0.0118
v 0.483154 0.252930 0.027588 0.0078 0.0078 0.0078
v 0.485596 0.258789 0.027588 0.0039 0.0039 0.0039
v 0.486084 0.300293 0.026123 0.0039 0.0039 0.0039
v 0.486084 0.294922 0.009033 0.0157 0.0157 0.0157
v 0.497314 0.302246 0.007568 0.0118 0.0118 0.0118
v 0.438232 0.324219 0.049561 0.0118 0.0118 0.0118
v 0.438232 0.310547 0.040283 0.0118 0.0118 0.0118
v 0.438232 0.339844 0.052490 0.0157 0.0157 0.0157
v 0.438232 0.355957 0.049561 0.0275 0.0275 0.0275
v 0.471924 0.310547 0.033447 0.0196 0.0196 0.0196
v 0.483154 0.310547 0.033447 0.0157 0.0157 0.0157
v 0.486084 0.324219 0.049561 0.0196 0.0196 0.0196
v 0.486084 0.310547 0.040283 0.0039 0.0039 0.0039
v 0.497314 0.315430 0.033936 0.0118 0.0118 0.0157
v 0.497314 0.326660 0.041260 0.0157 0.0157 0.0157
v 0.499756 0.329102 0.033936 0.1373 0.1373 0.1373
v 0.486084 0.339844 0.052490 0.0196 0.0196 0.0196
v 0.486084 0.355957 0.049561 0.0157 0.0157 0.0157
v 0.497314 0.339844 0.044189 0.0549 0.0549 0.0549
v 0.499756 0.339844 0.036377 0.2196 0.2196 0.2275
v 0.497314 0.353027 0.041260 0.1961 0.1961 0.2000
v 0.499756 0.351074 0.033936 0.0078 0.0078 0.0078
v 0.497314 0.364746 0.033936 0.1765 0.1765 0.1843
v 0.469482 0.310547 0.027588 0.0510 0.0510 0.0510
v 0.485596 0.310547 0.027588 0.0118 0.0118 0.0118
v 0.497314 0.306641 0.022217 0.0039 0.0039 0.0039
v 0.499756 0.312500 0.018311 0.1961 0.1961 0.1961
v 0.499756 0.319824 0.027588 0.1451 0.1451 0.1451
v 0.499756 0.308594 0.006103 0.0980 0.0980 0.0980
v 0.499756 0.360352 0.027588 0.0000 0.0000 0.0039
v 0.438232 0.369629 0.040283 0.0235 0.0235 0.0235
v 0.438232 0.379883 0.026123 0.0196 0.0196 0.0196
v 0.438232 0.385254 0.009033 0.0157 0.0157 0.0157
v 0.486084 0.369629 0.040283 0.0157 0.0157 0.0157
v 0.486084 0.379883 0.026123 0.0196 0.0196 0.0196
v 0.499756 0.367676 0.018311 0.0078 0.0078 0.0078
v 0.497314 0.373535 0.022217 0.1490 0.1490 0.1569
v 0.499756 0.371094 0.006103 0.0000 0.0000 0.0000
v 0.497314 0.377930 0.007568 0.1333 0.1333 0.1412
v 0.486084 0.385254 0.009033 0.0353 0.0353 0.0353
v 0.124756 0.595703 0.260498 0.8745 0.8745 0.8745
v 0.124756 0.613281 0.264893 0.8823 0.8823 0.8823
v 0.210205 0.506836 0.262451 0.1647 0.1647 0.1725
v 0.205811 0.507812 0.256592 0.0039 0.0039 0.0039
v 0.208740 0.531250 0.257568 0.0078 0.0078 0.0078
v 0.212646 0.528320 0.263428 0.1608 0.1608 0.1608
v 0.218018 0.546387 0.258545 0.0157 0.0157 0.0157
v 0.226318 0.503906 0.262451 0.2275 0.2275 0.2353
v 0.230713 0.502930 0.256592 0.1725 0.1725 0.1725
v 0.227783 0.517578 0.262939 0.2000 0.2000 0.2039
v 0.231689 0.514648 0.257080 0.1725 0.1765 0.1725
v 0.233154 0.528809 0.263428 0.2157 0.2157 0.2157
v 0.220947 0.542969 0.263916 0.1333 0.1333 0.1333
v 0.234131 0.552246 0.264404 0.1412 0.1412 0.1451
v 0.236572 0.524902 0.257568 0.1451 0.1530 0.1530
v 0.242432 0.535156 0.263916 0.2157 0.2196 0.2235
v 0.244385 0.530762 0.258057 0.1373 0.1451 0.1412
v 0.131592 0.586426 0.267822 0.0078 0.0078 0.0078
v 0.126709 0.592773 0.270264 0.0431 0.0431 0.0431
v 0.133545 0.590332 0.276611 0.0314 0.0314 0.0314
v 0.135010 0.585449 0.270264 0.0118 0.0118 0.0118
v 0.126709 0.610352 0.274658 0.0353 0.0353 0.0353
v 0.133545 0.607910 0.281006 0.0118 0.0118 0.0118
v 0.128662 0.587891 0.263428 0.0196 0.0196 0.0196
v 0.128174 0.589844 0.257568 0.0235 0.0235 0.0235
v 0.137451 0.585938 0.261475 0.0157 0.0157 0.0157
v 0.135986 0.587891 0.256104 0.0275 0.0275 0.0275
v 0.130127 0.616699 0.275146 0.0196 0.0196 0.0196
v 0.128662 0.618652 0.268799 0.0118 0.0118 0.0118
v 0.134521 0.615234 0.279053 0.0000 0.0000 0.0000
v 0.136475 0.620117 0.272217 0.1451 0.1451 0.1451
v 0.232178 0.556641 0.258545 0.0157 0.0157 0.0157
v 0.249268 0.555176 0.264404 0.0627 0.0627 0.0627
v 0.248779 0.560059 0.259033 0.0078 0.0078 0.0078
v 0.120850 0.442871 0.181885 0.0039 0.0039 0.0039
v 0.120850 0.494629 0.157471 0.0039 0.0039 0.0039
v 0.010010 0.552246 0.059326 0.0667 0.0667 0.0667
v 0.026611 0.552246 0.050537 0.0431 0.0431 0.0353
v 0.039307 0.552246 0.036865 0.1725 0.1569 0.1530
v 0.048096 0.552246 0.019287 0.1098 0.1176 0.1137
v 0.050537 0.552246 0.000244 0.1765 0.1765 0.1765
v 0.120850 0.536621 0.116943 0.0314 0.0314 0.0314
v 0.010010 0.565430 0.059326 0.0118 0.0118 0.0118
v 0.008545 0.572266 0.054443 0.0118 0.0118 0.0118
v 0.026611 0.568359 0.050537 0.0078 0.0078 0.0078
v 0.023682 0.575195 0.046143 0.0078 0.0078 0.0078
v 0.010010 0.603027 0.059326 0.0314 0.0314 0.0314
v 0.010498 0.606934 0.061279 0.0392 0.0392 0.0392
v 0.008545 0.606445 0.054443 0.0157 0.0235 0.0196
v 0.026611 0.603027 0.050537 0.0235 0.0235 0.0235
v 0.027588 0.606934 0.052002 0.0353 0.0353 0.0353
v 0.023682 0.606445 0.046143 0.0196 0.0196 0.0196
v 0.035400 0.578613 0.033447 0.0000 0.0000 0.0000
v 0.039307 0.572754 0.036865 0.0039 0.0039 0.0039
v 0.035400 0.606445 0.033447 0.0078 0.0078 0.0078
v 0.039795 0.603027 0.036377 0.0118 0.0118 0.0118
v 0.041260 0.606934 0.037842 0.0039 0.0039 0.0039
v 0.043213 0.582031 0.017822 0.0118 0.0118 0.0118
v 0.048096 0.577637 0.019287 0.0118 0.0118 0.0118
v 0.050537 0.580566 0.000244 0.0196 0.0196 0.0196
v 0.043213 0.606445 0.017822 0.0196 0.0196 0.0196
v 0.045654 0.583984 0.000244 0.0196 0.0196 0.0196
v 0.045654 0.606445 0.000244 0.0235 0.0235 0.0235
v 0.049561 0.606934 0.019775 0.0157 0.0157 0.0157
v 0.048096 0.603027 0.019287 0.0196 0.0196 0.0196
v 0.051025 0.603027 0.000244 0.0275 0.0275 0.0275
v 0.052490 0.606934 0.000244 0.0275 0.0275 0.0275
v 0.010010 0.625977 0.059814 0.0000 0.0000 0.0000
v 0.009033 0.631348 0.056885 0.0078 0.0078 0.0078
v 0.006104 0.636230 0.046631 0.0588 0.0588 0.0588
v 0.005127 0.645020 0.042725 0.3019 0.3019 0.3098
v 0.026611 0.625977 0.050537 0.0078 0.0078 0.0078
v 0.025146 0.631348 0.048584 0.0118 0.0118 0.0118
v 0.019287 0.636230 0.039795 0.1098 0.1098 0.1098
v 0.016846 0.645020 0.036377 0.2784 0.2706 0.2823
v 0.002197 0.653320 0.033936 0.1686 0.1686 0.1686
v 0.029541 0.636230 0.029053 0.2078 0.2078 0.2157
v 0.026123 0.645020 0.026611 0.1530 0.1530 0.1530
v 0.001221 0.659668 0.019775 0.0118 0.0118 0.0118
v 0.011475 0.653320 0.029053 0.4745 0.4745 0.4823
v 0.001221 0.666016 0.019775 0.0314 0.0314 0.0314
v 0.000244 0.672363 0.016846 0.0980 0.0980 0.0980
v 0.010498 0.659668 0.010010 0.0471 0.0471 0.0471
v 0.012939 0.659668 0.000244 0.0471 0.0549 0.0510
v 0.007568 0.672363 0.008545 0.0275 0.0275 0.0275
v 0.003662 0.676270 0.006592 0.1882 0.1882 0.1961
v 0.005127 0.676270 0.000244 0.2078 0.2078 0.2157
v 0.010498 0.666016 0.010010 0.0314 0.0314 0.0314
v 0.012939 0.666016 0.000244 0.0784 0.0824 0.0902
v 0.010010 0.672363 0.000244 0.0431 0.0431 0.0431
v 0.019287 0.653320 0.020752 0.6667 0.6628 0.6824
v 0.024170 0.653320 0.010986 0.6471 0.6471 0.6550
v 0.025635 0.653320 0.000244 0.6276 0.6276 0.6354
v 0.039795 0.625977 0.036865 0.0000 0.0000 0.0000
v 0.037842 0.631348 0.034912 0.0196 0.0196 0.0196
v 0.045654 0.631348 0.018311 0.0314 0.0314 0.0314
v 0.035889 0.636230 0.015381 0.1176 0.1176 0.1255
v 0.032471 0.645020 0.013916 0.0431 0.0431 0.0431
v 0.038330 0.636230 0.000244 0.1255 0.1255 0.1255
v 0.034424 0.645020 0.000244 0.1961 0.1961 0.2000
v 0.048096 0.625977 0.019287 0.0431 0.0431 0.0431
v 0.051025 0.625977 0.000244 0.0118 0.0118 0.0118
v 0.048584 0.631348 0.000244 0.0157 0.0157 0.0157
v 0.120850 0.564453 0.062744 0.0000 0.0000 0.0000
v 0.120850 0.574219 0.000244 0.0000 0.0000 0.0000
v 0.132568 0.445312 0.192627 0.0196 0.0196 0.0196
v 0.154541 0.445312 0.192627 0.0824 0.0824 0.0824
v 0.166748 0.498047 0.236572 0.0157 0.0157 0.0157
v 0.158936 0.498047 0.229736 0.0000 0.0000 0.0000
v 0.158936 0.498047 0.199951 0.0078 0.0078 0.0078
v 0.126221 0.443359 0.185791 0.0196 0.0196 0.0196
v 0.129639 0.440918 0.168213 0.1882 0.1882 0.1882
v 0.132568 0.469238 0.185303 0.0235 0.0235 0.0235
v 0.126221 0.466797 0.178955 0.0235 0.0235 0.0196
v 0.126221 0.488770 0.168213 0.0235 0.0196 0.0196
v 0.154541 0.469238 0.185303 0.0941 0.0941 0.0941
v 0.160400 0.443848 0.187256 0.0118 0.0118 0.0118
v 0.160400 0.467285 0.179932 0.0118 0.0118 0.0118
v 0.160400 0.489258 0.169678 0.0118 0.0118 0.0118
v 0.132568 0.491699 0.174561 0.0235 0.0235 0.0235
v 0.132568 0.511719 0.160889 0.0275 0.0275 0.0275
v 0.154541 0.491699 0.174561 0.1255 0.1255 0.1255
v 0.154541 0.511719 0.160889 0.1137 0.1137 0.1137
v 0.129639 0.491699 0.145264 0.1647 0.1647 0.1725
v 0.126221 0.507812 0.155029 0.0235 0.0275 0.0275
v 0.132568 0.529297 0.144287 0.0275 0.0275 0.0275
v 0.126221 0.524902 0.139404 0.0275 0.0275 0.0275
v 0.154541 0.529297 0.144287 0.1137 0.1137 0.1137
v 0.160400 0.508789 0.156494 0.0118 0.0118 0.0118
v 0.160400 0.525879 0.140381 0.0196 0.0196 0.0196
v 0.205811 0.507812 0.240479 0.1882 0.1882 0.1882
v 0.210205 0.506836 0.233643 0.0118 0.0118 0.0118
v 0.208740 0.531250 0.241455 0.1804 0.1804 0.1804
v 0.212646 0.528320 0.234619 0.0157 0.0157 0.0157
v 0.218018 0.546387 0.241943 0.1020 0.1020 0.1020
v 0.230713 0.502930 0.233643 0.0549 0.0549 0.0549
v 0.231689 0.514648 0.234131 0.0588 0.0588 0.0588
v 0.220947 0.542969 0.235107 0.0157 0.0157 0.0157
v 0.226807 0.545410 0.238525 0.0157 0.0157 0.0157
v 0.236572 0.524902 0.234619 0.0235 0.0235 0.0235
v 0.244385 0.530762 0.234619 0.0157 0.0157 0.0157
v 0.234619 0.552246 0.235596 0.0118 0.0118 0.0118
v 0.130127 0.605469 0.222412 0.0314 0.0314 0.0314
v 0.126709 0.611328 0.225830 0.0510 0.0510 0.0510
v 0.137939 0.603516 0.221436 0.0275 0.0275 0.0275
v 0.158936 0.593750 0.237549 0.0078 0.0078 0.0078
v 0.166748 0.592285 0.243408 0.0314 0.0314 0.0314
v 0.166748 0.599609 0.239502 0.0471 0.0471 0.0471
v 0.158936 0.604004 0.213135 0.0196 0.0196 0.0196
v 0.166748 0.609863 0.214111 0.1137 0.1216 0.1176
v 0.130615 0.634766 0.236084 0.0000 0.0000 0.0000
v 0.137939 0.636719 0.238037 0.2392 0.2392 0.2471
v 0.126709 0.629395 0.232666 0.9372 0.9451 0.9411
v 0.129150 0.626465 0.188721 0.0549 0.0549 0.0549
v 0.129150 0.645508 0.194092 0.9294 0.9294 0.9294
v 0.132568 0.651367 0.197021 0.0000 0.0000 0.0000
v 0.140381 0.653320 0.198975 0.2314 0.2314 0.2392
v 0.132568 0.620605 0.186279 0.0353 0.0353 0.0353
v 0.140381 0.618164 0.185303 0.0275 0.0275 0.0235
v 0.135010 0.665039 0.157471 0.0000 0.0000 0.0000
v 0.142334 0.667480 0.158936 0.2157 0.2157 0.2235
v 0.131104 0.639160 0.151123 0.0667 0.0667 0.0667
v 0.134521 0.633301 0.148682 0.0392 0.0392 0.0392
v 0.142334 0.630859 0.148193 0.0196 0.0196 0.0196
v 0.131104 0.659668 0.155029 0.6039 0.6039 0.6039
v 0.161377 0.617188 0.177490 0.0157 0.0157 0.0157
v 0.169189 0.622559 0.178955 0.1569 0.1608 0.1686
v 0.164307 0.628906 0.141846 0.0118 0.0118 0.0118
v 0.172119 0.634766 0.143799 0.1725 0.1843 0.1804
v 0.232178 0.556641 0.242432 0.0275 0.0275 0.0275
v 0.248779 0.560059 0.242432 0.0196 0.0196 0.0196
v 0.249268 0.555176 0.235596 0.0118 0.0118 0.0118
v 0.126221 0.539551 0.120361 0.0275 0.0275 0.0275
v 0.132568 0.544434 0.124756 0.0275 0.0275 0.0275
v 0.129639 0.532715 0.107178 0.1530 0.1569 0.1647
v 0.154541 0.544434 0.124756 0.1294 0.1294 0.1294
v 0.160400 0.540527 0.121338 0.0118 0.0118 0.0118
v 0.170166 0.498047 0.000244 0.0118 0.0118 0.0078
v 0.132568 0.557617 0.103271 0.0275 0.0275 0.0275
v 0.126221 0.552734 0.099854 0.0275 0.0275 0.0275
v 0.154541 0.557617 0.103271 0.1373 0.1373 0.1373
v 0.132568 0.568359 0.079346 0.0510 0.0510 0.0510
v 0.126221 0.562988 0.076416 0.0235 0.0235 0.0235
v 0.154541 0.568359 0.079346 0.1373 0.1373 0.1373
v 0.160400 0.553711 0.100830 0.0196 0.0196 0.0196
v 0.160400 0.563965 0.077393 0.0353 0.0353 0.0353
v 0.135986 0.643066 0.112061 0.0392 0.0392 0.0392
v 0.143799 0.640625 0.111572 0.0196 0.0196 0.0196
v 0.132568 0.649414 0.113525 0.0902 0.0902 0.0902
v 0.136475 0.675781 0.118408 0.0000 0.0000 0.0000
v 0.133057 0.669922 0.116455 0.4510 0.4510 0.4510
v 0.137451 0.650391 0.074463 0.0314 0.0314 0.0314
v 0.134033 0.656738 0.075928 0.0235 0.0235 0.0235
v 0.134033 0.677246 0.077393 0.9019 0.9019 0.9019
v 0.145264 0.647949 0.074463 0.0275 0.0275 0.0275
v 0.167236 0.638672 0.106201 0.0196 0.0196 0.0196
v 0.175049 0.644043 0.107666 0.2235 0.2353 0.2314
v 0.170166 0.645508 0.070068 0.0157 0.0157 0.0157
v 0.177979 0.651367 0.071533 0.2667 0.2823 0.2784
v 0.129639 0.560059 0.057373 0.1922 0.1961 0.2039
v 0.126221 0.570312 0.052002 0.0745 0.0824 0.0784
v 0.132568 0.576172 0.053955 0.0431 0.0431 0.0431
v 0.154541 0.576172 0.053955 0.0824 0.0824 0.0824
v 0.126221 0.575195 0.026123 0.0549 0.0588 0.0588
v 0.132568 0.580566 0.027100 0.0157 0.0157 0.0157
v 0.129639 0.569336 0.000244 0.1490 0.1647 0.1765
v 0.126221 0.576660 0.000244 0.0627 0.0706 0.0745
v 0.132568 0.582520 0.000244 0.0275 0.0275 0.0275
v 0.154541 0.580566 0.027100 0.0431 0.0431 0.0431
v 0.154541 0.582520 0.000244 0.0275 0.0275 0.0275
v 0.160400 0.571777 0.052490 0.0235 0.0235 0.0235
v 0.160400 0.576172 0.026611 0.0118 0.0118 0.0118
v 0.160400 0.577637 0.000244 0.0118 0.0118 0.0118
v 0.134521 0.661133 0.037354 0.0392 0.0392 0.0392
v 0.138428 0.654785 0.036865 0.0392 0.0392 0.0392
v 0.145752 0.652344 0.036377 0.0353 0.0353 0.0353
v 0.138428 0.656250 0.001221 0.0392 0.0392 0.0392
v 0.135010 0.662598 0.001221 0.0275 0.0353 0.0314
v 0.146240 0.653809 0.001221 0.0314 0.0314 0.0314
v 0.170166 0.649902 0.032959 0.0275 0.0275 0.0275
v 0.177979 0.655762 0.033936 0.3137 0.3294 0.3255
v 0.170166 0.651367 0.000244 0.0235 0.0235 0.0235
v 0.177979 0.657227 0.000244 0.2941 0.3098 0.3059
v 0.000244 0.678223 0.000244 0.2157 0.2157 0.2235
v 0.144287 0.677734 0.119385 0.2314 0.2314 0.2392
v 0.137939 0.683105 0.078857 0.0000 0.0000 0.0000
v 0.145264 0.685547 0.079346 0.2235 0.2235 0.2314
v 0.135010 0.681641 0.037842 0.8235 0.8313 0.8392
v 0.138428 0.687988 0.038818 0.0000 0.0000 0.0000
v 0.146240 0.689941 0.038818 0.2235 0.2235 0.2314
v 0.135010 0.683594 0.001221 0.6980 0.7137 0.7176
v 0.138916 0.689453 0.001221 0.0000 0.0000 0.0000
v 0.146729 0.691895 0.001221 0.2275 0.2275 0.2353
v 0.251221 0.532227 0.258057 0.0980 0.1059 0.1020
v 0.250732 0.537109 0.263916 0.0706 0.0706 0.0706
v 0.323975 0.532227 0.258057 0.0941 0.1020 0.0980
v 0.324463 0.537109 0.263916 0.1725 0.1765 0.1765
v 0.330811 0.530762 0.258057 0.1137 0.1216 0.1176
v 0.333252 0.535156 0.263916 0.1490 0.1490 0.1490
v 0.342041 0.528809 0.263428 0.1490 0.1490 0.1530
v 0.339111 0.524902 0.257568 0.1255 0.1333 0.1294
v 0.341064 0.552246 0.264404 0.0157 0.0157 0.0157
v 0.348877 0.503906 0.262451 0.1608 0.1647 0.1647
v 0.344482 0.502930 0.256592 0.1765 0.1843 0.1804
v 0.347900 0.517578 0.262939 0.1725 0.1725 0.1725
v 0.343994 0.514648 0.257080 0.1725 0.1765 0.1843
v 0.364990 0.506836 0.262451 0.0196 0.0196 0.0196
v 0.369873 0.507812 0.256592 0.0784 0.0784 0.0784
v 0.354248 0.542969 0.263916 0.0157 0.0157 0.0157
v 0.357666 0.546387 0.258545 0.0471 0.0471 0.0471
v 0.362549 0.528320 0.263428 0.0196 0.0196 0.0196
v 0.366455 0.531250 0.257568 0.0784 0.0784 0.0784
v 0.325928 0.555176 0.264404 0.0039 0.0039 0.0039
v 0.326416 0.560059 0.259033 0.0039 0.0118 0.0078
v 0.343018 0.556641 0.258545 0.0314 0.0314 0.0314
v 0.449463 0.605957 0.282959 0.0471 0.0471 0.0510
v 0.448486 0.583496 0.272217 0.0941 0.0941 0.0941
v 0.447510 0.583496 0.263916 0.0235 0.0235 0.0235
v 0.449463 0.588379 0.278564 0.0039 0.0039 0.0039
v 0.452393 0.613770 0.280518 0.0118 0.0118 0.0118
v 0.463623 0.590332 0.272705 0.0588 0.0588 0.0588
v 0.461182 0.585449 0.266846 0.0078 0.0078 0.0078
v 0.463623 0.608398 0.276611 0.2157 0.2157 0.2157
v 0.458252 0.585449 0.258057 0.0431 0.0431 0.0431
v 0.467041 0.587891 0.259033 0.0118 0.0118 0.0118
v 0.470947 0.611328 0.266846 0.5412 0.5451 0.5608
v 0.470947 0.593262 0.262451 0.0627 0.0627 0.0627
v 0.457275 0.618652 0.272705 0.0235 0.0235 0.0235
v 0.461182 0.615234 0.276611 0.0000 0.0000 0.0000
v 0.466553 0.617188 0.270264 0.0039 0.0039 0.0039
v 0.251221 0.532227 0.235107 0.0118 0.0118 0.0118
v 0.323975 0.532227 0.235107 0.0078 0.0078 0.0078
v 0.330811 0.530762 0.234619 0.0078 0.0078 0.0078
v 0.339111 0.524902 0.234619 0.0078 0.0078 0.0078
v 0.341064 0.552246 0.235596 0.0118 0.0118 0.0118
v 0.344482 0.502930 0.233643 0.0902 0.0980 0.0941
v 0.343994 0.514648 0.234131 0.0157 0.0157 0.0157
v 0.369873 0.507812 0.240478 0.1765 0.1765 0.1765
v 0.364990 0.506836 0.233643 0.0353 0.0353 0.0353
v 0.348389 0.545410 0.238525 0.0157 0.0157 0.0157
v 0.354248 0.542969 0.235107 0.0157 0.0157 0.0157
v 0.357666 0.546387 0.241943 0.1412 0.1412 0.1412
v 0.362549 0.528320 0.234619 0.0157 0.0157 0.0157
v 0.366455 0.531250 0.241455 0.1686 0.1686 0.1686
v 0.326416 0.560059 0.242432 0.0157 0.0157 0.0157
v 0.325928 0.555176 0.235596 0.0157 0.0157 0.0157
v 0.343018 0.556641 0.242432 0.0392 0.0392 0.0392
v 0.419678 0.496094 0.236572 0.0078 0.0078 0.0078
v 0.429443 0.496094 0.230225 0.0157 0.0157 0.0157
v 0.438232 0.496094 0.199951 0.0078 0.0078 0.0078
v 0.419678 0.591309 0.243408 0.0314 0.0314 0.0314
v 0.421631 0.598633 0.239502 0.0471 0.0471 0.0471
v 0.429443 0.592773 0.238037 0.0353 0.0353 0.0353
v 0.429932 0.608398 0.214111 0.0863 0.0941 0.0902
v 0.429932 0.621582 0.179443 0.1020 0.1059 0.1137
v 0.429932 0.633301 0.144287 0.0471 0.0549 0.0510
v 0.463623 0.601562 0.222900 0.0157 0.0157 0.0157
v 0.438232 0.602539 0.213135 0.0157 0.0157 0.0157
v 0.474854 0.609375 0.227783 0.1294 0.1294 0.1294
v 0.471436 0.603516 0.224365 0.0471 0.0471 0.0471
v 0.463623 0.635254 0.239502 0.0196 0.0196 0.0196
v 0.466553 0.651855 0.200439 0.0157 0.0157 0.0157
v 0.474854 0.627441 0.234619 0.7960 0.7960 0.8000
v 0.471436 0.632812 0.237549 0.0000 0.0000 0.0000
v 0.473877 0.618652 0.187744 0.0510 0.0588 0.0549
v 0.477295 0.624512 0.190674 0.1333 0.1333 0.1333
v 0.477295 0.643555 0.196045 0.8353 0.8353 0.8431
v 0.473877 0.649414 0.198975 0.0000 0.0000 0.0000
v 0.438232 0.615723 0.177978 0.0157 0.0157 0.0157
v 0.466064 0.616699 0.186768 0.0196 0.0196 0.0196
v 0.468506 0.665527 0.160400 0.0078 0.0078 0.0078
v 0.438232 0.627930 0.142334 0.0196 0.0196 0.0196
v 0.468018 0.629395 0.149658 0.0196 0.0196 0.0196
v 0.479736 0.657227 0.156982 0.8509 0.8509 0.8509
v 0.475830 0.663086 0.158936 0.0000 0.0000 0.0000
v 0.475830 0.631836 0.150635 0.0471 0.0549 0.0510
v 0.479736 0.637695 0.153076 0.1255 0.1255 0.1255
v 0.438232 0.496094 0.000244 0.0078 0.0078 0.0078
v 0.429932 0.643066 0.108643 0.1176 0.1176 0.1176
v 0.429932 0.649902 0.072998 0.1922 0.1961 0.2039
v 0.429932 0.654297 0.036377 0.2196 0.2235 0.2314
v 0.429932 0.656250 0.000244 0.2157 0.2275 0.2314
v 0.438232 0.637207 0.107178 0.0157 0.0157 0.0157
v 0.438232 0.644043 0.072021 0.0196 0.0196 0.0196
v 0.469971 0.639648 0.113525 0.0275 0.0353 0.0314
v 0.477295 0.641602 0.114014 0.0392 0.0431 0.0392
v 0.481201 0.647949 0.115967 0.1255 0.1255 0.1255
v 0.469971 0.675781 0.121338 0.0157 0.0157 0.0157
v 0.481201 0.666992 0.118896 0.8470 0.8470 0.8470
v 0.477783 0.673340 0.120361 0.0000 0.0000 0.0000
v 0.482178 0.655273 0.078369 0.1137 0.1137 0.1137
v 0.482178 0.674316 0.080322 0.8588 0.8588 0.8588
v 0.470947 0.646973 0.076416 0.0314 0.0353 0.0431
v 0.478760 0.649414 0.076904 0.0471 0.0471 0.0471
v 0.438232 0.648438 0.035889 0.0196 0.0196 0.0196
v 0.438232 0.650391 0.000244 0.0196 0.0196 0.0196
v 0.471924 0.651367 0.039307 0.0588 0.0627 0.0706
v 0.479248 0.653809 0.039795 0.0706 0.0745 0.0784
v 0.483154 0.659668 0.040283 0.1098 0.1098 0.1098
v 0.471924 0.653320 0.001221 0.0549 0.0588 0.0667
v 0.479736 0.655762 0.001221 0.0667 0.0667 0.0706
v 0.483643 0.661621 0.001221 0.1020 0.1020 0.1020
v 0.470947 0.683105 0.081787 0.0549 0.0510 0.0510
v 0.478760 0.680176 0.081299 0.0000 0.0000 0.0000
v 0.471924 0.687012 0.041748 0.0549 0.0471 0.0510
v 0.479736 0.684570 0.041748 0.0000 0.0000 0.0000
v 0.483154 0.678223 0.040771 0.8313 0.8313 0.8313
v 0.472412 0.688965 0.001221 0.0627 0.0627 0.0627
v 0.483643 0.680176 0.001221 0.8235 0.8235 0.8235
v 0.479736 0.686523 0.001221 0.0000 0.0000 0.0000
v 0.007568 0.012695 -0.157471 0.0431 0.0431 0.0431
v 0.010986 0.002441 -0.184814 0.0039 0.0039 0.0039
v 0.011963 0.008301 -0.178467 0.0275 0.0275 0.0314
v 0.035889 0.000000 -0.184814 0.0039 0.0039 0.0039
v 0.035889 0.005859 -0.178467 0.0196 0.0196 0.0196
v 0.059814 0.001953 -0.184814 0.0039 0.0039 0.0039
v 0.058838 0.007812 -0.178467 0.0275 0.0314 0.0353
v 0.015381 0.028809 -0.217041 0.5255 0.5255 0.5333
v 0.010986 0.002441 -0.222900 0.0196 0.0196 0.0196
v 0.011963 0.008301 -0.229736 0.0000 0.0000 0.0000
v 0.015381 0.027832 -0.225830 0.5451 0.5451 0.5530
v 0.014404 0.021973 -0.229736 0.0588 0.0588 0.0588
v 0.035889 0.026855 -0.217041 0.5176 0.5098 0.5216
v 0.054932 0.028320 -0.217041 0.4941 0.4941 0.5019
v 0.035889 0.000000 -0.222900 0.0118 0.0118 0.0118
v 0.035889 0.005859 -0.229736 0.0000 0.0000 0.0000
v 0.036377 0.020020 -0.229736 0.0549 0.0549 0.0549
v 0.059814 0.001953 -0.222900 0.0118 0.0118 0.0118
v 0.058838 0.007812 -0.229736 0.0000 0.0000 0.0000
v 0.036377 0.025879 -0.225830 0.5255 0.5176 0.5294
v 0.055908 0.027344 -0.225830 0.5098 0.5019 0.5137
v 0.056885 0.021484 -0.229736 0.0431 0.0431 0.0431
v 0.088623 0.017090 -0.156006 0.0157 0.0235 0.0235
v 0.082764 0.013672 -0.178467 0.0314 0.0314 0.0314
v 0.084717 0.007812 -0.184814 0.0039 0.0039 0.0039
v 0.106689 0.017090 -0.184814 0.0039 0.0039 0.0039
v 0.103760 0.022461 -0.178467 0.0471 0.0471 0.0471
v 0.123291 0.036133 -0.178467 0.0392 0.0392 0.0431
v 0.074951 0.033203 -0.217041 0.2745 0.2745 0.2745
v 0.092529 0.040527 -0.217041 0.2432 0.2392 0.2471
v 0.084717 0.007812 -0.222900 0.0000 0.0000 0.0000
v 0.082764 0.013672 -0.229736 0.0000 0.0000 0.0000
v 0.075928 0.032227 -0.225830 0.4941 0.4863 0.4980
v 0.077881 0.026855 -0.229736 0.0353 0.0353 0.0353
v 0.108643 0.052246 -0.217041 0.0824 0.0824 0.0824
v 0.106689 0.017090 -0.222900 0.0000 0.0000 0.0000
v 0.096924 0.034668 -0.229736 0.0157 0.0157 0.0157
v 0.103760 0.022461 -0.229736 0.0000 0.0000 0.0000
v 0.093994 0.040039 -0.225830 0.5176 0.5176 0.5255
v 0.123291 0.036133 -0.229736 0.0000 0.0000 0.0000
v 0.110596 0.051270 -0.225830 0.5137 0.5137 0.5137
v 0.114014 0.046875 -0.229736 0.0667 0.0667 0.0667
v 0.037354 0.140625 -0.178467 0.0275 0.0275 0.0275
v 0.003662 0.108398 -0.198975 0.1686 0.1686 0.1608
v 0.013428 0.101074 -0.198975 0.1686 0.1686 0.1647
v 0.024170 0.096191 -0.198975 0.1686 0.1686 0.1686
v 0.003662 0.108887 -0.244385 0.0196 0.0196 0.0196
v 0.007568 0.112305 -0.249756 0.1059 0.1059 0.1059
v 0.012939 0.101074 -0.244385 0.0196 0.0196 0.0196
v 0.024170 0.096191 -0.244385 0.0118 0.0118 0.0118
v 0.015869 0.105957 -0.249756 0.0902 0.0902 0.0902
v 0.025635 0.101562 -0.249756 0.0353 0.0353 0.0353
v 0.036377 0.094238 -0.199463 0.1725 0.1725 0.1725
v 0.048584 0.095215 -0.198975 0.1765 0.1765 0.1765
v 0.059814 0.099609 -0.199463 0.1725 0.1725 0.1725
v 0.035889 0.094727 -0.244385 0.0118 0.0118 0.0118
v 0.046631 0.101074 -0.249756 0.0000 0.0000 0.0000
v 0.048096 0.095703 -0.244385 0.0039 0.0039 0.0039
v 0.056885 0.104980 -0.249756 0.0078 0.0078 0.0078
v 0.059326 0.100098 -0.244385 0.0000 0.0000 0.0000
v 0.005127 0.173340 -0.198486 0.1647 0.1647 0.1647
v 0.014893 0.135742 -0.234131 0.0275 0.0275 0.0275
v 0.014404 0.141602 -0.233643 0.0431 0.0431 0.0431
v 0.001221 0.121094 -0.249756 0.1098 0.1098 0.1098
v 0.017334 0.129883 -0.234131 0.0275 0.0275 0.0275
v 0.021240 0.125000 -0.234131 0.0275 0.0275 0.0275
v 0.026123 0.121582 -0.234131 0.0275 0.0275 0.0275
v 0.001709 0.161621 -0.249268 0.0314 0.0314 0.0314
v 0.005127 0.173828 -0.243896 0.0431 0.0431 0.0431
v 0.008545 0.169922 -0.249268 0.0157 0.0157 0.0157
v 0.015869 0.147461 -0.233643 0.1882 0.1882 0.1882
v 0.018311 0.152832 -0.233643 0.1922 0.1922 0.1922
v 0.022705 0.157715 -0.233643 0.1961 0.1961 0.1961
v 0.027588 0.160645 -0.233643 0.2000 0.2000 0.2000
v 0.017334 0.176270 -0.249268 0.0196 0.0196 0.0196
v 0.031982 0.119141 -0.234131 0.0235 0.0235 0.0235
v 0.038330 0.119141 -0.234131 0.0196 0.0196 0.0196
v 0.044678 0.120605 -0.234131 0.0196 0.0196 0.0196
v 0.036865 0.139648 -0.219482 0.2314 0.2314 0.2392
v 0.037353 0.140625 -0.249756 0.0314 0.0314 0.0314
v 0.050537 0.124023 -0.234131 0.0235 0.0235 0.0235
v 0.054932 0.128418 -0.234131 0.0196 0.0196 0.0196
v 0.057373 0.133789 -0.234131 0.0275 0.0275 0.0275
v 0.058350 0.145996 -0.233643 0.2118 0.2118 0.2118
v 0.058838 0.139648 -0.234131 0.0275 0.0275 0.0275
v 0.033447 0.162598 -0.233643 0.1843 0.1843 0.1843
v 0.040283 0.162109 -0.233643 0.1294 0.1294 0.1294
v 0.047119 0.160156 -0.233643 0.2235 0.2235 0.2235
v 0.052002 0.156250 -0.233643 0.2235 0.2235 0.2235
v 0.055908 0.151367 -0.233643 0.2235 0.2196 0.2235
v 0.058350 0.174805 -0.249268 0.0235 0.0235 0.0235
v 0.069580 0.106934 -0.198975 0.1725 0.1725 0.1725
v 0.069092 0.106934 -0.244385 0.0118 0.0118 0.0118
v 0.065674 0.110840 -0.249756 0.0000 0.0000 0.0000
v 0.073486 0.112305 -0.236084 0.0235 0.0235 0.0235
v 0.076904 0.108398 -0.236084 0.0196 0.0196 0.0196
v 0.123291 0.065918 -0.217041 0.0824 0.0824 0.0824
v 0.077393 0.116211 -0.198975 0.1765 0.1765 0.1765
v 0.082275 0.126953 -0.198975 0.1765 0.1765 0.1765
v 0.084229 0.139160 -0.198975 0.1765 0.1765 0.1765
v 0.071045 0.171875 -0.198486 0.1686 0.1686 0.1686
v 0.082764 0.150879 -0.198975 0.1686 0.1686 0.1686
v 0.078369 0.162109 -0.198975 0.2392 0.2314 0.2392
v 0.072510 0.119141 -0.249756 0.0157 0.0157 0.0157
v 0.076904 0.116699 -0.244385 0.0157 0.0157 0.0157
v 0.076904 0.128906 -0.249756 0.0196 0.0196 0.0196
v 0.081787 0.127441 -0.244385 0.0118 0.0118 0.0118
v 0.079346 0.143066 -0.235596 0.0314 0.0314 0.0314
v 0.083740 0.145996 -0.235107 0.0431 0.0471 0.0431
v 0.078369 0.139648 -0.249756 0.0157 0.0157 0.0157
v 0.083740 0.139160 -0.243896 0.0157 0.0157 0.0157
v 0.077393 0.149902 -0.249756 0.0314 0.0314 0.0314
v 0.073486 0.159668 -0.249756 0.0353 0.0353 0.0353
v 0.066650 0.168457 -0.249268 0.0275 0.0275 0.0275
v 0.077881 0.162109 -0.243896 0.0000 0.0000 0.0000
v 0.070557 0.171875 -0.243896 0.0000 0.0000 0.0000
v 0.082275 0.151367 -0.243896 0.0000 0.0000 0.0000
v 0.126709 0.031250 -0.184814 0.0078 0.0078 0.0078
v 0.140381 0.052246 -0.178467 0.0510 0.0588 0.0549
v 0.144775 0.048828 -0.184814 0.0078 0.0078 0.0078
v 0.126709 0.031250 -0.222900 0.0000 0.0000 0.0000
v 0.140381 0.052246 -0.229736 0.0000 0.0000 0.0000
v 0.144775 0.048828 -0.222900 0.0078 0.0078 0.0078
v 0.225342 0.038574 -0.178467 0.0118 0.0118 0.0118
v 0.237549 0.025879 -0.178467 0.0078 0.0078 0.0078
v 0.239014 0.027832 -0.174072 0.0588 0.0588 0.0588
v 0.225342 0.038574 -0.207275 0.0078 0.0078 0.0078
v 0.228271 0.041504 -0.211670 0.0039 0.0039 0.0039
v 0.244873 0.046387 -0.201904 0.1294 0.1294 0.1294
v 0.237549 0.025879 -0.207275 0.0078 0.0078 0.0078
v 0.240967 0.051758 -0.210693 0.1922 0.1922 0.1922
v 0.144775 0.061035 -0.156006 0.0588 0.0627 0.0667
v 0.154053 0.071289 -0.178467 0.0706 0.0745 0.0745
v 0.158936 0.068359 -0.184814 0.0118 0.0118 0.0118
v 0.164307 0.093262 -0.178467 0.0431 0.0431 0.0431
v 0.169678 0.091309 -0.184814 0.0118 0.0118 0.0118
v 0.177002 0.114746 -0.184814 0.0118 0.0118 0.0118
v 0.126221 0.145508 -0.144287 0.0157 0.0157 0.0157
v 0.171631 0.138672 -0.156006 0.0118 0.0118 0.0118
v 0.171143 0.115234 -0.178467 0.0196 0.0196 0.0196
v 0.173096 0.138672 -0.178467 0.0157 0.0157 0.0157
v 0.178955 0.139160 -0.184814 0.0118 0.0118 0.0118
v 0.171143 0.162109 -0.178467 0.0157 0.0157 0.0157
v 0.177002 0.163574 -0.184814 0.0157 0.0157 0.0157
v 0.134521 0.081543 -0.217041 0.1059 0.1059 0.1059
v 0.143311 0.099609 -0.217041 0.1255 0.1255 0.1255
v 0.125244 0.065430 -0.225830 0.4667 0.4667 0.4706
v 0.129639 0.061523 -0.229736 0.0706 0.0706 0.0706
v 0.136475 0.081055 -0.225830 0.1020 0.1020 0.1020
v 0.141357 0.078125 -0.229736 0.0745 0.0745 0.0745
v 0.154053 0.071289 -0.229736 0.0039 0.0039 0.0039
v 0.150635 0.097656 -0.229248 0.1216 0.1216 0.1216
v 0.145264 0.099609 -0.225830 0.1216 0.1216 0.1216
v 0.158936 0.068359 -0.222900 0.0118 0.0118 0.0118
v 0.169678 0.091309 -0.222900 0.0118 0.0118 0.0118
v 0.164307 0.093262 -0.229248 0.0157 0.0157 0.0157
v 0.177002 0.114746 -0.222900 0.0157 0.0157 0.0157
v 0.149170 0.118164 -0.217041 0.1216 0.1216 0.1216
v 0.150635 0.138184 -0.217041 0.1333 0.1333 0.1333
v 0.149170 0.157227 -0.217041 0.1333 0.1333 0.1333
v 0.143799 0.177246 -0.217041 0.1294 0.1294 0.1373
v 0.151123 0.118652 -0.225830 0.1137 0.1137 0.1137
v 0.152588 0.138672 -0.225830 0.1412 0.1412 0.1412
v 0.151123 0.158203 -0.225830 0.1294 0.1294 0.1294
v 0.156982 0.117676 -0.229248 0.0471 0.0471 0.0471
v 0.171143 0.115234 -0.229248 0.0196 0.0196 0.0196
v 0.158447 0.138672 -0.229248 0.1176 0.1176 0.1176
v 0.178955 0.139160 -0.222900 0.0078 0.0078 0.0078
v 0.173096 0.138672 -0.229248 0.0118 0.0118 0.0118
v 0.156982 0.159668 -0.229248 0.0980 0.0980 0.0980
v 0.171143 0.162109 -0.229248 0.0196 0.0196 0.0196
v 0.177002 0.163574 -0.222900 0.0118 0.0118 0.0118
v 0.207764 0.102539 -0.156006 0.9647 0.9647 0.9647
v 0.215088 0.052734 -0.178467 0.0157 0.0157 0.0157
v 0.210205 0.068848 -0.174072 0.1490 0.1569 0.1530
v 0.208252 0.068359 -0.178467 0.0235 0.0235 0.0235
v 0.201904 0.102539 -0.178467 0.0235 0.0235 0.0235
v 0.203857 0.084961 -0.178467 0.0392 0.0392 0.0392
v 0.204346 0.102051 -0.174072 0.1294 0.1294 0.1294
v 0.218994 0.057129 -0.157471 0.0196 0.0235 0.0196
v 0.203857 0.119141 -0.178467 0.0118 0.0118 0.0118
v 0.210205 0.134766 -0.174072 0.0980 0.0980 0.0980
v 0.208252 0.135254 -0.178467 0.0157 0.0157 0.0157
v 0.217041 0.149902 -0.174072 0.0431 0.0471 0.0471
v 0.215088 0.150879 -0.178467 0.0157 0.0235 0.0196
v 0.232178 0.163574 -0.157471 0.8627 0.8706 0.8666
v 0.225342 0.164551 -0.178467 0.0431 0.0431 0.0431
v 0.237549 0.177246 -0.178467 0.0471 0.0471 0.0471
v 0.239014 0.175781 -0.174072 0.0824 0.0863 0.0863
v 0.215088 0.052734 -0.207275 0.0078 0.0078 0.0078
v 0.208252 0.068359 -0.207275 0.0078 0.0078 0.0078
v 0.201904 0.102539 -0.207275 0.0078 0.0078 0.0078
v 0.203857 0.084961 -0.207275 0.0078 0.0078 0.0078
v 0.207764 0.086426 -0.211670 0.0000 0.0000 0.0000
v 0.190186 0.095215 -0.230713 0.0196 0.0196 0.0196
v 0.189209 0.095703 -0.247314 0.0157 0.0157 0.0157
v 0.233154 0.062988 -0.210693 0.1843 0.1843 0.1843
v 0.227295 0.075195 -0.210693 0.1608 0.1608 0.1608
v 0.222900 0.096191 -0.201904 0.1373 0.1373 0.1373
v 0.223877 0.088379 -0.210693 0.1530 0.1569 0.1608
v 0.222412 0.102051 -0.210693 0.1647 0.1647 0.1647
v 0.203857 0.119141 -0.207275 0.0078 0.0078 0.0078
v 0.207764 0.118652 -0.211670 0.0078 0.0078 0.0078
v 0.208252 0.135254 -0.207275 0.0118 0.0118 0.0118
v 0.215088 0.150879 -0.207275 0.0118 0.0118 0.0118
v 0.193115 0.130371 -0.229736 0.0314 0.0314 0.0314
v 0.192627 0.130859 -0.246338 0.0196 0.0196 0.0196
v 0.228271 0.127930 -0.201904 0.1530 0.1530 0.1530
v 0.223877 0.115723 -0.210693 0.1725 0.1725 0.1725
v 0.227295 0.128418 -0.210693 0.1490 0.1569 0.1530
v 0.233154 0.140625 -0.210693 0.1608 0.1608 0.1608
v 0.225342 0.164551 -0.207275 0.0078 0.0078 0.0078
v 0.228760 0.162598 -0.211670 0.0118 0.0118 0.0118
v 0.241455 0.150391 -0.201904 0.1412 0.1412 0.1412
v 0.240967 0.151367 -0.210693 0.1530 0.1530 0.1530
v 0.237549 0.177246 -0.207275 0.0118 0.0118 0.0118
v 0.015381 0.274902 -0.178467 0.0275 0.0275 0.0275
v 0.014893 0.281250 -0.184814 0.0235 0.0314 0.0275
v 0.038818 0.276855 -0.178467 0.0314 0.0314 0.0314
v 0.038818 0.283203 -0.184814 0.0275 0.0275 0.0275
v 0.061768 0.273926 -0.178467 0.0275 0.0275 0.0275
v 0.014893 0.180176 -0.198486 0.0118 0.0118 0.0118
v 0.026611 0.184570 -0.198486 0.0118 0.0118 0.0078
v 0.014893 0.180664 -0.243896 0.0353 0.0353 0.0353
v 0.026123 0.185059 -0.243896 0.0314 0.0314 0.0314
v 0.027588 0.179688 -0.249268 0.0196 0.0196 0.0196
v 0.038330 0.186035 -0.198486 0.0078 0.0078 0.0078
v 0.050537 0.184082 -0.198486 0.0118 0.0118 0.0118
v 0.061279 0.179199 -0.198486 0.0118 0.0118 0.0118
v 0.037842 0.181152 -0.249268 0.0235 0.0235 0.0235
v 0.038330 0.186035 -0.243408 0.0235 0.0235 0.0235
v 0.050049 0.184570 -0.243896 0.0235 0.0235 0.0235
v 0.048584 0.179199 -0.249268 0.0235 0.0235 0.0235
v 0.061279 0.179688 -0.243896 0.0157 0.0157 0.0157
v 0.018311 0.251465 -0.217041 0.0078 0.0078 0.0078
v 0.018799 0.253906 -0.225342 0.0039 0.0039 0.0039
v 0.017822 0.260254 -0.229248 0.0157 0.0157 0.0157
v 0.014893 0.281250 -0.222900 0.0118 0.0118 0.0118
v 0.015869 0.274902 -0.229248 0.0431 0.0431 0.0431
v 0.037842 0.253418 -0.217041 0.0078 0.0078 0.0078
v 0.056885 0.250977 -0.217041 0.0118 0.0118 0.0118
v 0.038330 0.255371 -0.225342 0.0078 0.0078 0.0078
v 0.038818 0.261719 -0.229248 0.0196 0.0196 0.0196
v 0.057861 0.253418 -0.225342 0.0039 0.0039 0.0039
v 0.059326 0.259277 -0.229248 0.0157 0.0157 0.0157
v 0.038818 0.283203 -0.222900 0.0118 0.0118 0.0118
v 0.038818 0.276855 -0.229248 0.0275 0.0275 0.0275
v 0.061768 0.273926 -0.229248 0.0784 0.0784 0.0784
v 0.066650 0.268555 -0.157471 0.0235 0.0235 0.0235
v 0.085693 0.267578 -0.178467 0.0275 0.0353 0.0314
v 0.063232 0.280273 -0.184814 0.0275 0.0275 0.0275
v 0.087646 0.273438 -0.184814 0.0275 0.0275 0.0275
v 0.120850 0.270020 -0.140381 0.0118 0.0118 0.0118
v 0.111572 0.247559 -0.156006 0.0510 0.0510 0.0510
v 0.106689 0.257812 -0.178467 0.0353 0.0353 0.0353
v 0.109619 0.263184 -0.184814 0.0275 0.0314 0.0275
v 0.094482 0.237305 -0.217041 0.1451 0.1451 0.1451
v 0.124756 0.210938 -0.217041 0.1412 0.1412 0.1412
v 0.110107 0.225586 -0.217041 0.1451 0.1451 0.1451
v 0.095947 0.239746 -0.225342 0.1647 0.1647 0.1686
v 0.112061 0.227539 -0.225342 0.1725 0.1725 0.1725
v 0.115967 0.232422 -0.229248 0.2000 0.2000 0.2078
v 0.076904 0.245605 -0.217041 0.1216 0.1216 0.1216
v 0.078369 0.248047 -0.225342 0.0196 0.0196 0.0196
v 0.080322 0.253906 -0.229248 0.0078 0.0078 0.0078
v 0.085693 0.267578 -0.229248 0.0824 0.0824 0.0824
v 0.063232 0.280273 -0.222900 0.0118 0.0118 0.0118
v 0.087646 0.273438 -0.222900 0.0078 0.0078 0.0078
v 0.099365 0.245117 -0.229248 0.0196 0.0196 0.0196
v 0.106689 0.257812 -0.229248 0.0549 0.0549 0.0549
v 0.109619 0.263184 -0.222900 0.0235 0.0235 0.0235
v 0.120850 0.329102 -0.175537 0.0118 0.0118 0.0118
v 0.120850 0.385742 -0.188232 0.0118 0.0118 0.0118
v 0.126221 0.237793 -0.103271 0.1725 0.1725 0.1725
v 0.126221 0.237793 -0.116455 0.1412 0.1451 0.1451
v 0.132568 0.237793 -0.124756 0.0471 0.0510 0.0588
v 0.154541 0.237793 -0.124756 0.0157 0.0157 0.0157
v 0.160400 0.237793 -0.118408 0.0824 0.0824 0.0824
v 0.142822 0.226562 -0.178467 0.1451 0.1451 0.1451
v 0.147217 0.230469 -0.184814 0.1255 0.1255 0.1176
v 0.158936 0.197266 -0.156006 0.0235 0.0235 0.0235
v 0.165283 0.185547 -0.178467 0.0157 0.0157 0.0157
v 0.170654 0.187988 -0.184814 0.0196 0.0196 0.0196
v 0.156494 0.207520 -0.178467 0.1490 0.1569 0.1530
v 0.161377 0.210449 -0.184814 0.1137 0.1216 0.1176
v 0.126221 0.267090 -0.144775 0.3372 0.3529 0.3647
v 0.132568 0.265625 -0.152100 0.0078 0.0078 0.0078
v 0.154541 0.265625 -0.152100 0.0000 0.0000 0.0000
v 0.129639 0.274902 -0.132568 0.2039 0.2118 0.2078
v 0.125244 0.243652 -0.178467 0.1294 0.1333 0.1333
v 0.129150 0.248535 -0.184814 0.0549 0.0549 0.0549
v 0.126221 0.298340 -0.168213 0.3294 0.3490 0.3608
v 0.132568 0.295410 -0.174561 0.0078 0.0078 0.0078
v 0.154541 0.295410 -0.174561 0.0000 0.0000 0.0000
v 0.160400 0.266602 -0.146729 0.0118 0.0118 0.0118
v 0.160400 0.297852 -0.169678 0.0118 0.0118 0.0118
v 0.136475 0.195312 -0.217041 0.1451 0.1451 0.1451
v 0.138428 0.196777 -0.225342 0.0392 0.0431 0.0392
v 0.146240 0.178223 -0.225342 0.1255 0.1255 0.1333
v 0.151611 0.180664 -0.229248 0.0392 0.0392 0.0392
v 0.143799 0.199707 -0.229248 0.0431 0.0431 0.0431
v 0.126709 0.212891 -0.225342 0.1882 0.1922 0.2078
v 0.131592 0.216797 -0.229248 0.2039 0.2039 0.2118
v 0.147217 0.230469 -0.222900 0.1255 0.1294 0.1373
v 0.142822 0.226562 -0.229248 0.0667 0.0667 0.0667
v 0.170654 0.187988 -0.222900 0.0118 0.0118 0.0118
v 0.165283 0.185547 -0.229248 0.0118 0.0118 0.0118
v 0.156494 0.207520 -0.229248 0.0392 0.0392 0.0392
v 0.161377 0.210449 -0.222900 0.0941 0.0980 0.1059
v 0.129150 0.248535 -0.222900 0.0392 0.0392 0.0392
v 0.125244 0.243652 -0.229248 0.0431 0.0431 0.0431
v 0.158936 0.252441 -0.193115 0.0118 0.0118 0.0118
v 0.166748 0.246094 -0.192139 0.0196 0.0196 0.0196
v 0.166748 0.246094 -0.192627 0.0157 0.0157 0.0157
v 0.158936 0.252441 -0.222900 0.0118 0.0118 0.0118
v 0.166748 0.246094 -0.222900 0.0275 0.0275 0.0275
v 0.166748 0.251953 -0.229248 0.0000 0.0000 0.0000
v 0.129639 0.328613 -0.161865 0.2078 0.2078 0.2118
v 0.126221 0.321289 -0.178955 0.3529 0.3686 0.3804
v 0.132568 0.318848 -0.185303 0.0078 0.0078 0.0078
v 0.154541 0.318848 -0.185303 0.0039 0.0039 0.0039
v 0.126221 0.345215 -0.185791 0.3294 0.3490 0.3608
v 0.160400 0.320801 -0.180420 0.0078 0.0078 0.0078
v 0.160400 0.344727 -0.187256 0.0118 0.0118 0.0118
v 0.129639 0.384766 -0.174072 0.1961 0.1961 0.1961
v 0.132568 0.343750 -0.192627 0.0078 0.0078 0.0078
v 0.154541 0.343750 -0.192627 0.0078 0.0078 0.0078
v 0.126221 0.369629 -0.190674 0.3059 0.3176 0.3294
v 0.132568 0.369141 -0.197510 0.0078 0.0078 0.0078
v 0.126221 0.394531 -0.192139 0.3176 0.3255 0.3412
v 0.132568 0.394531 -0.198975 0.0078 0.0078 0.0078
v 0.154541 0.369141 -0.197510 0.0157 0.0157 0.0157
v 0.154541 0.394531 -0.198975 0.0078 0.0078 0.0078
v 0.126221 0.418945 -0.190674 0.2980 0.3098 0.3216
v 0.132568 0.419922 -0.197510 0.0157 0.0157 0.0157
v 0.154541 0.419922 -0.197510 0.0039 0.0039 0.0039
v 0.160400 0.369629 -0.192139 0.0118 0.0118 0.0118
v 0.160400 0.394531 -0.193604 0.0118 0.0118 0.0118
v 0.160400 0.419434 -0.192139 0.0118 0.0118 0.0118
v 0.217529 0.389160 -0.239014 0.1765 0.1765 0.1843
v 0.212646 0.406738 -0.233154 0.1569 0.1569 0.1569
v 0.210205 0.426270 -0.234131 0.0706 0.0706 0.0706
v 0.208740 0.404297 -0.239502 0.1686 0.1686 0.1686
v 0.205811 0.426270 -0.240479 0.1725 0.1725 0.1725
v 0.220947 0.392578 -0.232666 0.1725 0.1725 0.1725
v 0.232178 0.379395 -0.238525 0.0235 0.0235 0.0235
v 0.226807 0.389648 -0.235596 0.0118 0.0118 0.0118
v 0.249268 0.380371 -0.232178 0.1765 0.1765 0.1765
v 0.234619 0.383789 -0.232178 0.1725 0.1725 0.1725
v 0.248779 0.375977 -0.238525 0.0235 0.0235 0.0235
v 0.231689 0.417480 -0.233643 0.1882 0.1451 0.1608
v 0.230713 0.427246 -0.234131 0.0118 0.0078 0.0118
v 0.236572 0.408691 -0.233154 0.1530 0.1569 0.1530
v 0.244385 0.403809 -0.233154 0.1490 0.1490 0.1490
v 0.036377 0.100098 -0.250244 0.0000 0.0000 0.0000
v 0.014893 0.135742 -0.253174 0.0431 0.0471 0.0471
v 0.014404 0.141602 -0.253174 0.0392 0.0392 0.0392
v 0.017334 0.129883 -0.253662 0.0353 0.0353 0.0353
v 0.020752 0.125488 -0.253662 0.0353 0.0353 0.0353
v 0.022705 0.127441 -0.256592 0.1137 0.1137 0.1216
v 0.025635 0.121582 -0.253662 0.0824 0.0824 0.0824
v 0.027100 0.124023 -0.256592 0.0863 0.0784 0.0824
v 0.019287 0.131348 -0.256592 0.0745 0.0745 0.0745
v 0.017334 0.136230 -0.256592 0.0745 0.0745 0.0745
v 0.016846 0.141602 -0.256592 0.1647 0.1647 0.1686
v 0.015381 0.147949 -0.253174 0.0784 0.0706 0.0706
v 0.018311 0.153320 -0.253174 0.0353 0.0353 0.0353
v 0.017822 0.146973 -0.256592 0.2235 0.2235 0.2275
v 0.020264 0.151855 -0.256592 0.2980 0.2980 0.2980
v 0.022217 0.157715 -0.253174 0.0314 0.0314 0.0314
v 0.024170 0.155762 -0.256592 0.3961 0.3961 0.3961
v 0.027588 0.161133 -0.253174 0.0627 0.0627 0.0627
v 0.028564 0.158203 -0.256592 0.3294 0.3294 0.3372
v 0.031494 0.119629 -0.253662 0.0431 0.0431 0.0431
v 0.031982 0.122070 -0.256592 0.1843 0.1843 0.1882
v 0.037842 0.119141 -0.253662 0.0392 0.0353 0.0353
v 0.037842 0.122070 -0.256592 0.3568 0.3568 0.3647
v 0.044678 0.120605 -0.253662 0.0549 0.0549 0.0549
v 0.043701 0.123047 -0.256592 0.3255 0.3176 0.3294
v 0.036377 0.141113 -0.256592 0.3059 0.3019 0.3216
v 0.050537 0.124023 -0.253662 0.0353 0.0353 0.0353
v 0.048584 0.125977 -0.256592 0.3059 0.3059 0.3137
v 0.054443 0.128418 -0.253662 0.1765 0.1765 0.1804
v 0.052490 0.129883 -0.256592 0.2667 0.2667 0.2784
v 0.057373 0.133789 -0.253662 0.1804 0.1804 0.1804
v 0.054932 0.134766 -0.256592 0.2706 0.2706 0.2784
v 0.058350 0.140137 -0.253174 0.1725 0.1725 0.1765
v 0.057861 0.145996 -0.253174 0.1922 0.1882 0.2000
v 0.055908 0.140137 -0.256592 0.2510 0.2471 0.2667
v 0.055420 0.145508 -0.256592 0.2510 0.2510 0.2588
v 0.033936 0.159668 -0.256592 0.2745 0.2706 0.2902
v 0.039795 0.159668 -0.256592 0.2706 0.2667 0.2863
v 0.045654 0.157715 -0.256592 0.2471 0.2471 0.2549
v 0.033447 0.162598 -0.253174 0.1530 0.1530 0.1530
v 0.040283 0.162109 -0.253174 0.1686 0.1686 0.1686
v 0.052978 0.150391 -0.256592 0.2549 0.2549 0.2667
v 0.047119 0.160156 -0.253174 0.1686 0.1686 0.1765
v 0.050049 0.154785 -0.256592 0.2706 0.2667 0.2823
v 0.052002 0.156738 -0.253174 0.1843 0.1843 0.1882
v 0.055420 0.151855 -0.253174 0.1608 0.1608 0.1647
v 0.072998 0.112793 -0.260498 0.0039 0.0118 0.0078
v 0.075928 0.108887 -0.260498 0.0078 0.0078 0.0078
v 0.078857 0.113770 -0.264893 0.0000 0.0000 0.0000
v 0.078369 0.143555 -0.260010 0.0235 0.0235 0.0235
v 0.084228 0.141113 -0.264404 0.0314 0.0314 0.0314
v 0.082764 0.146484 -0.259521 0.0314 0.0314 0.0314
v 0.191162 0.099121 -0.251221 0.0157 0.0157 0.0157
v 0.193115 0.126953 -0.250732 0.0118 0.0118 0.0118
v 0.217529 0.389160 -0.255615 0.1020 0.1020 0.1098
v 0.208740 0.404297 -0.256104 0.1608 0.1608 0.1608
v 0.212646 0.406738 -0.261963 0.0235 0.0235 0.0235
v 0.205811 0.426270 -0.257080 0.1255 0.1255 0.1255
v 0.210205 0.426270 -0.262939 0.0196 0.0196 0.0196
v 0.232178 0.379395 -0.255127 0.0078 0.0078 0.0078
v 0.220947 0.392578 -0.261475 0.0235 0.0235 0.0235
v 0.234131 0.383789 -0.260986 0.0196 0.0275 0.0235
v 0.248779 0.375977 -0.255127 0.0000 0.0000 0.0000
v 0.249268 0.380859 -0.260986 0.0314 0.0314 0.0314
v 0.233154 0.405273 -0.261963 0.1725 0.1725 0.1804
v 0.226318 0.427246 -0.262939 0.1725 0.1725 0.1765
v 0.231689 0.417480 -0.257080 0.1882 0.1882 0.1961
v 0.230713 0.427246 -0.257080 0.1804 0.1804 0.1804
v 0.227783 0.415527 -0.262451 0.1725 0.1725 0.1804
v 0.236572 0.408691 -0.256592 0.1882 0.1882 0.1882
v 0.244385 0.403809 -0.256104 0.1882 0.1882 0.1882
v 0.242432 0.399902 -0.261475 0.1647 0.1647 0.1725
v 0.251709 0.025391 -0.156006 0.0745 0.0745 0.0784
v 0.251709 0.015625 -0.178467 0.0039 0.0039 0.0039
v 0.280029 0.012207 -0.157471 0.0431 0.0431 0.0431
v 0.267822 0.010742 -0.174072 0.0235 0.0235 0.0235
v 0.267334 0.008301 -0.178467 0.0039 0.0039 0.0039
v 0.283936 0.004883 -0.178467 0.0039 0.0039 0.0039
v 0.284424 0.006836 -0.174072 0.0275 0.0314 0.0353
v 0.301514 0.005371 -0.174072 0.0157 0.0196 0.0196
v 0.301514 0.003418 -0.178467 0.0039 0.0039 0.0039
v 0.251709 0.015625 -0.207275 0.0039 0.0039 0.0039
v 0.267334 0.008301 -0.207275 0.0000 0.0000 0.0000
v 0.261963 0.033691 -0.210693 0.1294 0.1294 0.1294
v 0.250732 0.041992 -0.210693 0.1451 0.1451 0.1530
v 0.274170 0.027832 -0.210693 0.1373 0.1373 0.1373
v 0.283936 0.004883 -0.207275 0.0000 0.0000 0.0000
v 0.284424 0.008789 -0.211670 0.0039 0.0039 0.0039
v 0.301514 0.003418 -0.207275 0.0000 0.0000 0.0000
v 0.293213 0.024902 -0.201904 0.1255 0.1294 0.1294
v 0.287842 0.024902 -0.210693 0.1333 0.1333 0.1333
v 0.308350 0.024414 -0.210693 0.1373 0.1373 0.1373
v 0.335693 0.014648 -0.156006 0.0078 0.0078 0.0078
v 0.318604 0.004883 -0.178467 0.0039 0.0039 0.0039
v 0.318115 0.006836 -0.174072 0.0118 0.0118 0.0118
v 0.334717 0.010254 -0.174072 0.0078 0.0078 0.0078
v 0.335205 0.008301 -0.178467 0.0000 0.0000 0.0000
v 0.349365 0.017578 -0.174072 0.0157 0.0157 0.0157
v 0.350830 0.015625 -0.178467 0.0039 0.0039 0.0039
v 0.363525 0.027832 -0.174072 0.0353 0.0353 0.0275
v 0.364502 0.025879 -0.178467 0.0078 0.0078 0.0078
v 0.318603 0.004883 -0.207275 0.0000 0.0000 0.0000
v 0.317627 0.008789 -0.211670 0.0000 0.0000 0.0000
v 0.335205 0.008301 -0.207275 0.0000 0.0000 0.0000
v 0.315186 0.025879 -0.201904 0.1294 0.1294 0.1294
v 0.328369 0.027832 -0.210693 0.1373 0.1373 0.1373
v 0.340576 0.033691 -0.210693 0.1373 0.1373 0.1373
v 0.350830 0.015625 -0.207275 0.0000 0.0000 0.0000
v 0.348389 0.019043 -0.211670 0.0000 0.0000 0.0000
v 0.350830 0.042480 -0.201904 0.1294 0.1294 0.1294
v 0.351318 0.041992 -0.210693 0.1294 0.1294 0.1373
v 0.364502 0.025879 -0.207275 0.0078 0.0078 0.0078
v 0.361572 0.051758 -0.210693 0.1255 0.1255 0.1255
v 0.373779 0.040527 -0.211670 0.0039 0.0039 0.0039
v 0.301514 0.101562 -0.174072 0.2392 0.2471 0.2432
v 0.272705 0.092773 -0.202393 0.1412 0.1412 0.1412
v 0.277100 0.084473 -0.202393 0.1333 0.1373 0.1451
v 0.271240 0.102539 -0.202393 0.1490 0.1490 0.1490
v 0.272705 0.111816 -0.202393 0.1412 0.1412 0.1412
v 0.277100 0.084473 -0.221924 0.0471 0.0471 0.0471
v 0.277100 0.084473 -0.231201 0.0667 0.0667 0.0667
v 0.278564 0.087891 -0.235596 0.0039 0.0039 0.0039
v 0.283447 0.077637 -0.202393 0.1294 0.1294 0.1294
v 0.292236 0.073730 -0.202393 0.1412 0.1412 0.1412
v 0.301514 0.071777 -0.202393 0.1255 0.1333 0.1294
v 0.310791 0.073730 -0.202393 0.1412 0.1412 0.1412
v 0.283447 0.077637 -0.230713 0.0314 0.0314 0.0314
v 0.292236 0.073730 -0.230225 0.0157 0.0157 0.0157
v 0.285889 0.081055 -0.235107 0.0078 0.0078 0.0078
v 0.293213 0.077148 -0.234619 0.0118 0.0118 0.0118
v 0.301514 0.071777 -0.229736 0.0039 0.0039 0.0039
v 0.301514 0.076172 -0.234131 0.0118 0.0118 0.0118
v 0.310791 0.073730 -0.229248 0.0000 0.0000 0.0000
v 0.309814 0.077148 -0.233643 0.0078 0.0078 0.0078
v 0.291260 0.095703 -0.227295 0.0471 0.0471 0.0471
v 0.294678 0.092285 -0.226807 0.0431 0.0431 0.0431
v 0.289307 0.100098 -0.227295 0.0392 0.0392 0.0392
v 0.289307 0.104492 -0.227295 0.0353 0.0431 0.0392
v 0.291260 0.108887 -0.227295 0.0431 0.0431 0.0431
v 0.294678 0.112305 -0.226807 0.0392 0.0471 0.0431
v 0.291748 0.095703 -0.238525 0.1176 0.1216 0.1255
v 0.292725 0.096680 -0.240479 0.1098 0.1137 0.1137
v 0.294678 0.092285 -0.238525 0.1686 0.1725 0.1686
v 0.295654 0.093750 -0.240479 0.0902 0.0902 0.0902
v 0.289795 0.100098 -0.239014 0.3490 0.3568 0.3647
v 0.291260 0.100098 -0.240967 0.1451 0.1530 0.1490
v 0.289795 0.104492 -0.239014 0.4039 0.4157 0.4196
v 0.291260 0.104492 -0.240967 0.1294 0.1294 0.1294
v 0.291260 0.108887 -0.238525 0.3412 0.3490 0.3451
v 0.292725 0.107910 -0.240479 0.2432 0.2432 0.2510
v 0.295654 0.110840 -0.240479 0.7098 0.7098 0.7098
v 0.294678 0.112305 -0.238525 0.3372 0.3451 0.3372
v 0.303955 0.090332 -0.226318 0.0353 0.0353 0.0353
v 0.299072 0.090332 -0.226807 0.0353 0.0353 0.0353
v 0.308350 0.092285 -0.226318 0.0392 0.0392 0.0392
v 0.311279 0.095703 -0.225830 0.0353 0.0353 0.0353
v 0.303467 0.114258 -0.226318 0.0392 0.0471 0.0431
v 0.301514 0.102539 -0.234131 0.3137 0.3372 0.3372
v 0.299072 0.114258 -0.226807 0.0392 0.0471 0.0431
v 0.307861 0.112305 -0.226318 0.0510 0.0510 0.0510
v 0.311279 0.109375 -0.225830 0.0549 0.0549 0.0549
v 0.299072 0.090332 -0.238037 0.0745 0.0745 0.0745
v 0.303955 0.090332 -0.237549 0.0745 0.0745 0.0745
v 0.299561 0.092285 -0.239990 0.0745 0.0745 0.0745
v 0.303467 0.092285 -0.239502 0.4628 0.4628 0.4628
v 0.308350 0.092285 -0.237061 0.1373 0.1373 0.1373
v 0.307373 0.093750 -0.239502 0.7451 0.7451 0.7529
v 0.311768 0.095703 -0.237061 0.4667 0.4667 0.4706
v 0.310303 0.096680 -0.239014 0.6079 0.6079 0.6157
v 0.301514 0.102539 -0.239990 0.7098 0.7059 0.7255
v 0.299072 0.114258 -0.238037 0.5804 0.5804 0.5843
v 0.299561 0.112793 -0.239990 0.6000 0.6000 0.6079
v 0.303955 0.114258 -0.237549 0.5530 0.5530 0.5569
v 0.303467 0.112793 -0.239502 0.5569 0.5569 0.5647
v 0.311768 0.100586 -0.239014 0.5530 0.5530 0.5608
v 0.311768 0.104492 -0.239014 0.5412 0.5412 0.5490
v 0.308350 0.112305 -0.237061 0.4550 0.4550 0.4589
v 0.307373 0.111328 -0.239502 0.5333 0.5333 0.5412
v 0.311279 0.109375 -0.237061 0.4353 0.4353 0.4432
v 0.310303 0.108398 -0.239014 0.5216 0.5216 0.5294
v 0.277100 0.120117 -0.202393 0.1373 0.1451 0.1412
v 0.250732 0.162109 -0.210693 0.1490 0.1490 0.1490
v 0.261963 0.169922 -0.210693 0.1412 0.1412 0.1412
v 0.270752 0.172363 -0.201904 0.1412 0.1412 0.1412
v 0.274170 0.176270 -0.210693 0.1373 0.1373 0.1373
v 0.277100 0.120117 -0.221924 0.0510 0.0588 0.0549
v 0.277100 0.120117 -0.231201 0.0235 0.0235 0.0235
v 0.278076 0.116211 -0.235596 0.0235 0.0235 0.0235
v 0.283447 0.126953 -0.202393 0.1412 0.1412 0.1412
v 0.292236 0.131348 -0.202393 0.1333 0.1412 0.1373
v 0.301514 0.132812 -0.202393 0.1451 0.1451 0.1451
v 0.310791 0.131348 -0.202393 0.1569 0.1569 0.1569
v 0.283447 0.126953 -0.230713 0.0157 0.0157 0.0157
v 0.292236 0.131348 -0.230225 0.0118 0.0118 0.0118
v 0.285889 0.123535 -0.235107 0.0235 0.0235 0.0235
v 0.293213 0.127441 -0.234619 0.0157 0.0157 0.0157
v 0.301514 0.128906 -0.234131 0.0157 0.0157 0.0157
v 0.309814 0.127441 -0.233643 0.0118 0.0118 0.0118
v 0.301514 0.132812 -0.229736 0.0118 0.0118 0.0118
v 0.310791 0.131348 -0.229248 0.0157 0.0157 0.0118
v 0.353271 0.177246 -0.156006 0.1216 0.1216 0.1216
v 0.363037 0.176758 -0.174072 0.0510 0.0588 0.0549
v 0.319092 0.077637 -0.202393 0.1373 0.1373 0.1373
v 0.325928 0.084473 -0.202393 0.1255 0.1255 0.1255
v 0.330322 0.092773 -0.202393 0.1490 0.1490 0.1490
v 0.331787 0.102539 -0.202393 0.1373 0.1373 0.1373
v 0.330322 0.111816 -0.202393 0.1412 0.1412 0.1412
v 0.319092 0.077637 -0.228760 0.0157 0.0157 0.0157
v 0.317139 0.081055 -0.233154 0.0118 0.0118 0.0118
v 0.322998 0.086914 -0.232666 0.0157 0.0157 0.0157
v 0.325928 0.084473 -0.228272 0.0118 0.0118 0.0118
v 0.326416 0.094238 -0.232178 0.0118 0.0118 0.0118
v 0.313232 0.100098 -0.225830 0.0353 0.0353 0.0353
v 0.313232 0.104980 -0.225830 0.0471 0.0471 0.0471
v 0.327881 0.102539 -0.232178 0.0157 0.0157 0.0157
v 0.326416 0.110352 -0.232178 0.0118 0.0118 0.0118
v 0.313232 0.100098 -0.236572 0.3804 0.3804 0.3882
v 0.313232 0.104980 -0.236572 0.4039 0.4039 0.4118
v 0.330322 0.092773 -0.227783 0.0000 0.0000 0.0000
v 0.331787 0.102539 -0.227783 0.0000 0.0000 0.0000
v 0.330322 0.111816 -0.227783 0.0000 0.0000 0.0000
v 0.368896 0.063477 -0.201904 0.1176 0.1176 0.1176
v 0.369873 0.062988 -0.210693 0.1216 0.1216 0.1255
v 0.319092 0.126953 -0.202393 0.1451 0.1490 0.1569
v 0.325928 0.120117 -0.202393 0.1451 0.1490 0.1569
v 0.328369 0.176758 -0.210693 0.1216 0.1216 0.1255
v 0.340576 0.170410 -0.210693 0.1216 0.1216 0.1216
v 0.319092 0.126953 -0.228760 0.0157 0.0157 0.0157
v 0.317139 0.123535 -0.233154 0.0157 0.0157 0.0157
v 0.322998 0.117676 -0.232666 0.0118 0.0118 0.0118
v 0.325928 0.120117 -0.228272 0.0078 0.0078 0.0078
v 0.369873 0.142090 -0.210693 0.1216 0.1216 0.1294
v 0.357666 0.157715 -0.201904 0.1216 0.1216 0.1294
v 0.351807 0.162598 -0.210693 0.1294 0.1294 0.1294
v 0.361572 0.153320 -0.210693 0.1216 0.1216 0.1294
v 0.375244 0.042969 -0.156006 0.0118 0.0118 0.0118
v 0.377197 0.038574 -0.178467 0.0078 0.0078 0.0078
v 0.377197 0.038574 -0.207275 0.0078 0.0078 0.0078
v 0.404053 0.080078 -0.155518 0.0000 0.0000 0.0000
v 0.385498 0.053711 -0.174072 0.0549 0.0549 0.0588
v 0.387451 0.052734 -0.178467 0.0157 0.0157 0.0157
v 0.404053 0.082520 -0.160889 0.0078 0.0078 0.0078
v 0.392822 0.068848 -0.174072 0.0745 0.0824 0.0863
v 0.394775 0.068359 -0.178467 0.0157 0.0157 0.0157
v 0.393799 0.091309 -0.157471 0.0353 0.0431 0.0392
v 0.404053 0.089355 -0.164307 0.0000 0.0000 0.0000
v 0.404053 0.099121 -0.165772 0.0078 0.0078 0.0078
v 0.396729 0.085449 -0.174072 0.1098 0.1176 0.1137
v 0.399170 0.084961 -0.178467 0.0157 0.0157 0.0157
v 0.398682 0.102539 -0.174072 0.0627 0.0667 0.0706
v 0.401123 0.102539 -0.178467 0.0157 0.0157 0.0157
v 0.413818 0.082520 -0.155518 0.0039 0.0039 0.0039
v 0.420654 0.089355 -0.155518 0.0078 0.0078 0.0078
v 0.423096 0.099121 -0.155518 0.0078 0.0078 0.0078
v 0.412354 0.084961 -0.160889 0.0078 0.0078 0.0078
v 0.408936 0.090820 -0.164307 0.0000 0.0000 0.0000
v 0.412354 0.094238 -0.164307 0.0000 0.0000 0.0000
v 0.413818 0.099121 -0.164307 0.0157 0.0157 0.0157
v 0.418701 0.090820 -0.160889 0.0078 0.0078 0.0078
v 0.420654 0.099121 -0.160889 0.0118 0.0118 0.0118
v 0.385498 0.145020 -0.157471 0.0902 0.0980 0.0980
v 0.396729 0.119141 -0.174072 0.0706 0.0745 0.0824
v 0.399170 0.119629 -0.178467 0.0196 0.0196 0.0196
v 0.392334 0.135742 -0.174072 0.0667 0.0706 0.0784
v 0.394287 0.136719 -0.178467 0.0196 0.0196 0.0196
v 0.385498 0.151367 -0.174072 0.0706 0.0745 0.0824
v 0.387451 0.152832 -0.178467 0.0235 0.0235 0.0235
v 0.375732 0.165039 -0.174072 0.0431 0.0510 0.0471
v 0.377197 0.166504 -0.178467 0.0157 0.0157 0.0157
v 0.387451 0.052734 -0.207275 0.0078 0.0078 0.0078
v 0.375244 0.075195 -0.210693 0.1255 0.1255 0.1333
v 0.394775 0.068359 -0.207275 0.0078 0.0078 0.0078
v 0.380127 0.107422 -0.201904 0.1176 0.1176 0.1176
v 0.379150 0.088867 -0.210693 0.1176 0.1176 0.1255
v 0.380615 0.102539 -0.210693 0.1176 0.1176 0.1176
v 0.394775 0.089355 -0.211670 0.0000 0.0000 0.0000
v 0.399170 0.084961 -0.207275 0.0078 0.0078 0.0078
v 0.401123 0.102539 -0.207275 0.0078 0.0078 0.0039
v 0.378662 0.116211 -0.210693 0.1137 0.1137 0.1216
v 0.375244 0.129395 -0.210693 0.1176 0.1176 0.1176
v 0.399170 0.119629 -0.207275 0.0078 0.0078 0.0078
v 0.394287 0.136719 -0.207275 0.0078 0.0078 0.0078
v 0.376221 0.160156 -0.211670 0.0078 0.0078 0.0078
v 0.387451 0.152832 -0.207275 0.0039 0.0039 0.0000
v 0.377197 0.166504 -0.207275 0.0039 0.0039 0.0039
v 0.266846 0.188477 -0.156006 0.1647 0.1765 0.1608
v 0.252686 0.185547 -0.174072 0.1294 0.1373 0.1373
v 0.251709 0.187500 -0.178467 0.0118 0.0118 0.0118
v 0.267822 0.193359 -0.174072 0.1176 0.1216 0.1255
v 0.267334 0.195801 -0.178467 0.0824 0.0863 0.0941
v 0.284424 0.197754 -0.174072 0.1059 0.1098 0.1176
v 0.283936 0.200195 -0.178467 0.1020 0.1059 0.1137
v 0.301025 0.199707 -0.174072 0.1137 0.1176 0.1255
v 0.301025 0.202148 -0.178467 0.1059 0.1098 0.1176
v 0.251709 0.187500 -0.207275 0.0235 0.0235 0.0235
v 0.254150 0.184570 -0.211670 0.0196 0.0196 0.0196
v 0.267334 0.195801 -0.207275 0.0196 0.0196 0.0196
v 0.287842 0.179688 -0.210693 0.1255 0.1255 0.1255
v 0.283936 0.200195 -0.207275 0.0314 0.0353 0.0353
v 0.285400 0.196289 -0.211670 0.0275 0.0275 0.0275
v 0.308838 0.180176 -0.201904 0.1294 0.1294 0.1294
v 0.301514 0.181152 -0.210693 0.1333 0.1333 0.1333
v 0.301025 0.202148 -0.207275 0.0392 0.0392 0.0392
v 0.322510 0.190918 -0.157959 0.0235 0.0235 0.0235
v 0.318115 0.200195 -0.178467 0.0980 0.1020 0.1098
v 0.334229 0.193848 -0.174072 0.0980 0.1020 0.1059
v 0.334717 0.196289 -0.178467 0.0824 0.0863 0.0941
v 0.350342 0.188477 -0.178467 0.0078 0.0078 0.0078
v 0.364502 0.178711 -0.178467 0.0118 0.0118 0.0118
v 0.315186 0.180176 -0.210693 0.1176 0.1176 0.1176
v 0.318115 0.200195 -0.207275 0.0314 0.0314 0.0314
v 0.318115 0.196289 -0.211670 0.0275 0.0275 0.0275
v 0.334717 0.196289 -0.207275 0.0314 0.0314 0.0314
v 0.350342 0.188477 -0.207275 0.0118 0.0118 0.0118
v 0.348877 0.185059 -0.211670 0.0078 0.0078 0.0078
v 0.364502 0.178711 -0.207275 0.0039 0.0039 0.0039
v 0.251221 0.402832 -0.233154 0.1451 0.1451 0.1451
v 0.325928 0.380371 -0.232178 0.1686 0.1765 0.1725
v 0.326416 0.375977 -0.238525 0.0078 0.0078 0.0078
v 0.341064 0.383789 -0.232178 0.1647 0.1647 0.1647
v 0.343018 0.379395 -0.238525 0.0353 0.0431 0.0392
v 0.323975 0.402832 -0.233154 0.1490 0.1490 0.1412
v 0.330811 0.403809 -0.233154 0.1490 0.1490 0.1490
v 0.339111 0.408691 -0.233154 0.1490 0.1490 0.1490
v 0.343506 0.417480 -0.233643 0.2039 0.1647 0.1804
v 0.354248 0.392578 -0.232666 0.1922 0.2000 0.1961
v 0.348389 0.389648 -0.235596 0.0157 0.0157 0.0157
v 0.357666 0.389160 -0.239014 0.1255 0.1333 0.1294
v 0.344482 0.427246 -0.234131 0.0118 0.0118 0.0118
v 0.362549 0.406738 -0.233154 0.1961 0.1961 0.1961
v 0.364990 0.426270 -0.234131 0.0275 0.0235 0.0235
v 0.366943 0.404297 -0.239502 0.1373 0.1412 0.1490
v 0.369873 0.426270 -0.240479 0.1647 0.1647 0.1647
v 0.438232 0.294922 -0.009033 0.0078 0.0078 0.0078
v 0.438232 0.300293 -0.026123 0.0078 0.0078 0.0078
v 0.470459 0.255371 -0.027588 0.0078 0.0078 0.0078
v 0.483154 0.252930 -0.027588 0.0078 0.0078 0.0078
v 0.485596 0.258789 -0.027588 0.0196 0.0196 0.0196
v 0.486084 0.294922 -0.009033 0.0157 0.0157 0.0157
v 0.497314 0.302246 -0.007568 0.0196 0.0196 0.0196
v 0.486084 0.300293 -0.026123 0.0078 0.0078 0.0078
v 0.471924 0.258789 -0.033447 0.0078 0.0078 0.0078
v 0.483154 0.258789 -0.033447 0.0078 0.0078 0.0078
v 0.438232 0.310547 -0.040283 0.0157 0.0157 0.0157
v 0.438232 0.324219 -0.049561 0.0157 0.0157 0.0157
v 0.438232 0.339844 -0.052490 0.0157 0.0157 0.0157
v 0.438232 0.355957 -0.049561 0.0196 0.0196 0.0196
v 0.469482 0.310547 -0.027588 0.0549 0.0588 0.0549
v 0.499756 0.308594 -0.006104 0.0157 0.0157 0.0157
v 0.485596 0.310547 -0.027588 0.0118 0.0118 0.0118
v 0.497314 0.306641 -0.022217 0.0118 0.0118 0.0118
v 0.499756 0.312500 -0.018311 0.0157 0.0157 0.0157
v 0.499756 0.319824 -0.027588 0.0078 0.0078 0.0078
v 0.499756 0.339844 -0.000244 0.0196 0.0196 0.0196
v 0.499756 0.360352 -0.027588 0.1569 0.1569 0.1569
v 0.471924 0.310547 -0.033447 0.0275 0.0275 0.0275
v 0.483154 0.310547 -0.033447 0.0235 0.0235 0.0235
v 0.486084 0.310547 -0.040283 0.0235 0.0235 0.0235
v 0.497314 0.315430 -0.033936 0.0275 0.0275 0.0314
v 0.499756 0.329102 -0.033936 0.0863 0.0863 0.0863
v 0.497314 0.326660 -0.041260 0.0667 0.0667 0.0706
v 0.486084 0.324219 -0.049561 0.0275 0.0275 0.0275
v 0.499756 0.339844 -0.036377 0.0196 0.0196 0.0196
v 0.497314 0.339844 -0.044189 0.0667 0.0667 0.0706
v 0.499756 0.351074 -0.033936 0.0902 0.0902 0.0902
v 0.497314 0.364746 -0.033936 0.0706 0.0706 0.0706
v 0.497314 0.353027 -0.041260 0.2118 0.2118 0.2157
v 0.486084 0.339844 -0.052490 0.0235 0.0235 0.0235
v 0.486084 0.355957 -0.049561 0.0275 0.0275 0.0275
v 0.438232 0.385254 -0.009033 0.0118 0.0118 0.0118
v 0.438232 0.379883 -0.026123 0.0275 0.0275 0.0275
v 0.438232 0.369629 -0.040283 0.0196 0.0196 0.0196
v 0.499756 0.371094 -0.006104 0.0039 0.0039 0.0039
v 0.497314 0.377930 -0.007568 0.1569 0.1569 0.1569
v 0.486084 0.385254 -0.009033 0.0392 0.0392 0.0392
v 0.486084 0.379883 -0.026123 0.0471 0.0471 0.0471
v 0.499756 0.367676 -0.018311 0.1647 0.1647 0.1647
v 0.497314 0.373535 -0.022217 0.1137 0.1137 0.1137
v 0.486084 0.369629 -0.040283 0.0353 0.0353 0.0353
v 0.423096 0.191895 -0.155518 0.0078 0.0078 0.0078
v 0.406982 0.191895 -0.165772 0.0078 0.0078 0.0078
v 0.413818 0.191895 -0.164307 0.0118 0.0118 0.0118
v 0.420654 0.191895 -0.160889 0.0078 0.0078 0.0039
v 0.429932 0.246094 -0.192627 0.0196 0.0196 0.0196
v 0.421631 0.246094 -0.222900 0.0235 0.0235 0.0235
v 0.419678 0.251953 -0.229248 0.0000 0.0000 0.0000
v 0.429443 0.251953 -0.223389 0.0000 0.0000 0.0000
v 0.455322 0.189453 -0.216064 0.0078 0.0078 0.0078
v 0.461182 0.190918 -0.216064 0.0039 0.0039 0.0039
v 0.465576 0.193848 -0.216064 0.0078 0.0078 0.0078
v 0.468506 0.198730 -0.216064 0.0000 0.0000 0.0000
v 0.455322 0.193359 -0.224854 0.0000 0.0000 0.0000
v 0.460693 0.194336 -0.224365 0.0039 0.0039 0.0039
v 0.455322 0.197754 -0.227783 0.0000 0.0000 0.0000
v 0.455322 0.203125 -0.228760 0.0000 0.0000 0.0000
v 0.465576 0.196289 -0.222412 0.0039 0.0039 0.0039
v 0.465576 0.199707 -0.224365 0.0039 0.0039 0.0039
v 0.465576 0.203613 -0.224854 0.0000 0.0000 0.0000
v 0.461182 0.198242 -0.226807 0.0000 0.0000 0.0000
v 0.461182 0.203125 -0.227783 0.0000 0.0000 0.0000
v 0.455322 0.237793 -0.228760 0.2196 0.2196 0.2275
v 0.465576 0.237793 -0.224854 0.0078 0.0078 0.0078
v 0.461182 0.237793 -0.227783 0.2471 0.2471 0.2471
v 0.469482 0.204102 -0.216064 0.0000 0.0000 0.0000
v 0.469482 0.237305 -0.217529 0.0000 0.0000 0.0000
v 0.438232 0.251953 -0.193115 0.0078 0.0078 0.0078
v 0.455322 0.251465 -0.216064 0.0235 0.0235 0.0235
v 0.468506 0.242676 -0.216553 0.0039 0.0039 0.0039
v 0.465576 0.247559 -0.216064 0.0039 0.0039 0.0039
v 0.461182 0.250488 -0.216064 0.0196 0.0196 0.0196
v 0.460693 0.247070 -0.224365 0.0157 0.0157 0.0157
v 0.455322 0.248047 -0.224854 0.0118 0.0118 0.0118
v 0.455322 0.243164 -0.227783 0.2235 0.2235 0.2314
v 0.465576 0.244629 -0.222412 0.0157 0.0157 0.0157
v 0.465576 0.241699 -0.224365 0.0039 0.0039 0.0039
v 0.461182 0.242676 -0.226807 0.2039 0.2039 0.2118
v 0.251221 0.402832 -0.256104 0.1843 0.1843 0.1843
v 0.250732 0.397949 -0.261475 0.1686 0.1686 0.1686
v 0.326416 0.375977 -0.255127 0.0000 0.0000 0.0000
v 0.325928 0.380859 -0.260986 0.0235 0.0235 0.0235
v 0.343018 0.379395 -0.255127 0.0000 0.0000 0.0000
v 0.341064 0.383789 -0.260986 0.0275 0.0275 0.0275
v 0.323975 0.402832 -0.256104 0.1804 0.1882 0.1843
v 0.324463 0.397949 -0.261475 0.1686 0.1686 0.1686
v 0.330811 0.403809 -0.256104 0.1804 0.1882 0.1843
v 0.333252 0.399902 -0.261475 0.1765 0.1765 0.1804
v 0.339111 0.408691 -0.256592 0.1843 0.1922 0.1882
v 0.342041 0.405273 -0.261963 0.1843 0.1843 0.1922
v 0.343506 0.417480 -0.257080 0.1804 0.1882 0.1843
v 0.357666 0.389160 -0.255615 0.0000 0.0000 0.0000
v 0.354248 0.392578 -0.261475 0.0157 0.0157 0.0157
v 0.344482 0.427246 -0.257080 0.1647 0.1686 0.1765
v 0.347412 0.415527 -0.262451 0.1765 0.1765 0.1765
v 0.348877 0.427246 -0.262939 0.3176 0.3176 0.3176
v 0.366943 0.404297 -0.256104 0.0000 0.0000 0.0000
v 0.362549 0.406738 -0.261963 0.1725 0.1725 0.1804
v 0.364990 0.426270 -0.262939 0.1686 0.1686 0.1765
v 0.369873 0.426270 -0.257080 0.0039 0.0039 0.0039
v 0.010010 0.552246 -0.059326 0.1843 0.1530 0.1569
v 0.026611 0.552246 -0.050537 0.0196 0.0196 0.0196
v 0.048096 0.552246 -0.019287 0.1098 0.1098 0.1098
v 0.039307 0.552246 -0.036865 0.2235 0.2039 0.2039
v 0.120850 0.536621 -0.116943 0.0235 0.0235 0.0235
v 0.010010 0.565430 -0.059326 0.0118 0.0118 0.0118
v 0.008545 0.572266 -0.054443 0.0078 0.0078 0.0078
v 0.023682 0.575195 -0.046143 0.0118 0.0118 0.0118
v 0.026611 0.568359 -0.050537 0.0118 0.0118 0.0118
v 0.008545 0.606445 -0.054443 0.0157 0.0157 0.0157
v 0.010010 0.603027 -0.059326 0.0235 0.0235 0.0235
v 0.010498 0.606934 -0.061279 0.0235 0.0235 0.0235
v 0.023682 0.606445 -0.046143 0.0118 0.0118 0.0118
v 0.026611 0.603027 -0.050537 0.0235 0.0235 0.0235
v 0.027588 0.606934 -0.052002 0.0235 0.0235 0.0235
v 0.043213 0.582031 -0.017822 0.0353 0.0353 0.0353
v 0.048096 0.577637 -0.019287 0.0392 0.0392 0.0392
v 0.043213 0.606445 -0.017822 0.0196 0.0196 0.0196
v 0.048096 0.603027 -0.019287 0.0275 0.0275 0.0275
v 0.049561 0.606934 -0.019775 0.0235 0.0235 0.0157
v 0.035400 0.578613 -0.033447 0.0196 0.0196 0.0196
v 0.039307 0.572754 -0.036865 0.0196 0.0196 0.0196
v 0.035400 0.606445 -0.033447 0.0196 0.0196 0.0196
v 0.039795 0.603027 -0.036377 0.0235 0.0235 0.0235
v 0.041260 0.606934 -0.037842 0.0353 0.0353 0.0353
v 0.029541 0.636230 -0.029053 0.0118 0.0118 0.0118
v 0.026123 0.645020 -0.026611 0.3176 0.3176 0.3255
v 0.010498 0.659668 -0.010010 0.0510 0.0510 0.0510
v 0.003662 0.676270 -0.006592 0.2078 0.2078 0.2157
v 0.007568 0.672363 -0.008545 0.0392 0.0392 0.0392
v 0.010498 0.666016 -0.010010 0.0667 0.0745 0.0706
v 0.001221 0.659668 -0.019775 0.0392 0.0392 0.0392
v 0.011475 0.653320 -0.029053 0.2353 0.2353 0.2353
v 0.001221 0.666016 -0.019775 0.0549 0.0549 0.0549
v 0.000244 0.672363 -0.016846 0.1412 0.1412 0.1412
v 0.024170 0.653320 -0.010986 0.5961 0.5961 0.6039
v 0.019287 0.653320 -0.020752 0.5216 0.5216 0.5216
v 0.006104 0.636230 -0.046631 0.0196 0.0196 0.0196
v 0.005127 0.645020 -0.042725 0.0431 0.0431 0.0431
v 0.010010 0.625977 -0.059814 0.0353 0.0353 0.0353
v 0.009033 0.631348 -0.056885 0.0118 0.0118 0.0118
v 0.016846 0.645020 -0.036377 0.0784 0.0784 0.0784
v 0.019287 0.636230 -0.039795 0.0196 0.0196 0.0196
v 0.026611 0.625977 -0.050537 0.0157 0.0157 0.0157
v 0.025146 0.631348 -0.048584 0.0157 0.0157 0.0157
v 0.002197 0.653320 -0.033936 0.0471 0.0471 0.0471
v 0.035889 0.636230 -0.015381 0.0000 0.0000 0.0000
v 0.032471 0.645020 -0.013916 0.5019 0.5059 0.5137
v 0.045654 0.631348 -0.018311 0.0118 0.0118 0.0118
v 0.048096 0.625977 -0.019287 0.0196 0.0275 0.0235
v 0.039795 0.625977 -0.036865 0.0392 0.0392 0.0392
v 0.037842 0.631348 -0.034912 0.0784 0.0784 0.0784
v 0.120850 0.564453 -0.062744 0.0000 0.0000 0.0000
v 0.120850 0.442871 -0.181885 0.0157 0.0157 0.0157
v 0.120850 0.494629 -0.157471 0.0157 0.0157 0.0157
v 0.129639 0.532715 -0.107178 0.1882 0.1882 0.1882
v 0.126221 0.539551 -0.120361 0.1765 0.1765 0.1765
v 0.132568 0.544434 -0.124756 0.0196 0.0196 0.0196
v 0.154541 0.544434 -0.124756 0.0039 0.0039 0.0039
v 0.160400 0.540527 -0.121338 0.0118 0.0118 0.0118
v 0.126221 0.575195 -0.026123 0.0510 0.0588 0.0588
v 0.132568 0.580566 -0.027100 0.0353 0.0353 0.0353
v 0.154541 0.580566 -0.027100 0.0235 0.0235 0.0235
v 0.129639 0.560059 -0.057373 0.1647 0.1686 0.1765
v 0.126221 0.570312 -0.052002 0.0314 0.0353 0.0431
v 0.132568 0.576172 -0.053955 0.0471 0.0471 0.0471
v 0.154541 0.576172 -0.053955 0.0157 0.0157 0.0157
v 0.160400 0.576172 -0.026611 0.0118 0.0118 0.0118
v 0.160400 0.571777 -0.052490 0.0118 0.0118 0.0118
v 0.138428 0.654785 -0.038818 0.0392 0.0392 0.0392
v 0.134521 0.661133 -0.039795 0.0353 0.0353 0.0353
v 0.145752 0.652344 -0.038818 0.0314 0.0314 0.0314
v 0.170166 0.649902 -0.035400 0.0235 0.0235 0.0235
v 0.177979 0.655273 -0.035889 0.3019 0.3176 0.3137
v 0.126221 0.562988 -0.076416 0.0078 0.0078 0.0078
v 0.132568 0.568359 -0.079346 0.0431 0.0431 0.0431
v 0.154541 0.568359 -0.079346 0.0039 0.0039 0.0039
v 0.126221 0.552734 -0.099854 0.0431 0.0431 0.0431
v 0.132568 0.557617 -0.103271 0.0157 0.0157 0.0157
v 0.154541 0.557617 -0.103271 0.0000 0.0000 0.0000
v 0.160400 0.563965 -0.077393 0.0118 0.0118 0.0118
v 0.160400 0.553711 -0.100830 0.0157 0.0157 0.0118
v 0.137451 0.649902 -0.077881 0.0549 0.0549 0.0549
v 0.134033 0.656250 -0.078857 0.1255 0.1255 0.1255
v 0.134033 0.676758 -0.080811 0.8980 0.8980 0.8980
v 0.145264 0.647461 -0.077393 0.0235 0.0235 0.0235
v 0.135986 0.642578 -0.116455 0.0471 0.0471 0.0471
v 0.143799 0.640137 -0.115967 0.0157 0.0157 0.0078
v 0.132568 0.648438 -0.117920 0.1255 0.1255 0.1255
v 0.133057 0.668945 -0.120850 0.8862 0.8862 0.8862
v 0.136475 0.674805 -0.122803 0.0000 0.0000 0.0000
v 0.144287 0.677246 -0.123779 0.2314 0.2314 0.2392
v 0.170166 0.645020 -0.073486 0.0078 0.0078 0.0078
v 0.177979 0.650879 -0.074951 0.2510 0.2706 0.2667
v 0.167236 0.638184 -0.110107 0.0157 0.0157 0.0157
v 0.175049 0.643555 -0.112061 0.2432 0.2667 0.2588
v 0.129639 0.440918 -0.168213 0.2039 0.2039 0.2118
v 0.126221 0.443359 -0.185791 0.2510 0.2549 0.2667
v 0.126221 0.486328 -0.168213 0.2432 0.2471 0.2549
v 0.126221 0.465332 -0.178467 0.2549 0.2627 0.2784
v 0.132568 0.467773 -0.185303 0.0157 0.0157 0.0157
v 0.132568 0.489258 -0.174561 0.0157 0.0157 0.0157
v 0.154541 0.467773 -0.185303 0.0078 0.0078 0.0078
v 0.154541 0.489258 -0.174561 0.0118 0.0118 0.0118
v 0.160400 0.443848 -0.187256 0.0078 0.0078 0.0078
v 0.160400 0.486816 -0.169678 0.0118 0.0118 0.0118
v 0.160400 0.465820 -0.179932 0.0078 0.0078 0.0078
v 0.129639 0.491699 -0.145264 0.2000 0.2000 0.2000
v 0.126221 0.506348 -0.155029 0.2235 0.2275 0.2314
v 0.126221 0.523926 -0.139404 0.2549 0.2706 0.2823
v 0.132568 0.528320 -0.144287 0.0235 0.0235 0.0235
v 0.154541 0.528320 -0.144287 0.0000 0.0000 0.0000
v 0.132568 0.509766 -0.160889 0.0353 0.0353 0.0353
v 0.154541 0.509766 -0.160889 0.0039 0.0039 0.0039
v 0.160400 0.524902 -0.140381 0.0118 0.0118 0.0118
v 0.160400 0.506836 -0.156494 0.0118 0.0118 0.0118
v 0.132568 0.445312 -0.192627 0.0157 0.0157 0.0157
v 0.154541 0.445312 -0.192627 0.0118 0.0118 0.0118
v 0.158936 0.498047 -0.203369 0.0078 0.0078 0.0078
v 0.158936 0.498047 -0.234619 0.0157 0.0157 0.0157
v 0.166748 0.498047 -0.240967 0.0000 0.0000 0.0000
v 0.210205 0.506836 -0.237549 0.0118 0.0118 0.0118
v 0.205811 0.507812 -0.243896 0.1451 0.1451 0.1451
v 0.208740 0.531250 -0.244873 0.1490 0.1490 0.1490
v 0.212646 0.528320 -0.238525 0.0118 0.0118 0.0118
v 0.218018 0.546387 -0.245361 0.0275 0.0275 0.0275
v 0.230713 0.502930 -0.237549 0.0118 0.0118 0.0118
v 0.231689 0.514648 -0.238037 0.0118 0.0118 0.0118
v 0.220947 0.542969 -0.239014 0.0118 0.0118 0.0118
v 0.226807 0.545410 -0.242432 0.0118 0.0118 0.0118
v 0.236572 0.524902 -0.238525 0.0078 0.0078 0.0078
v 0.244385 0.530762 -0.238525 0.0078 0.0078 0.0078
v 0.234619 0.552246 -0.239502 0.0118 0.0118 0.0118
v 0.134521 0.632324 -0.154053 0.0549 0.0549 0.0549
v 0.142334 0.629883 -0.153564 0.0118 0.0118 0.0118
v 0.131104 0.638184 -0.156494 0.1333 0.1333 0.1333
v 0.131104 0.658203 -0.160400 0.8823 0.8823 0.8823
v 0.135010 0.664062 -0.162842 0.0039 0.0039 0.0039
v 0.142334 0.666504 -0.164307 0.2314 0.2314 0.2392
v 0.164307 0.628418 -0.146729 0.0196 0.0196 0.0196
v 0.172119 0.633789 -0.148682 0.1961 0.2118 0.2157
v 0.161377 0.616699 -0.181885 0.0196 0.0196 0.0196
v 0.169189 0.622559 -0.183838 0.1490 0.1647 0.1686
v 0.130127 0.604004 -0.230225 0.0588 0.0588 0.0588
v 0.126709 0.609375 -0.233154 0.1412 0.1412 0.1412
v 0.137939 0.601562 -0.228760 0.0196 0.0196 0.0196
v 0.158936 0.604004 -0.217529 0.0196 0.0196 0.0196
v 0.166748 0.609375 -0.218994 0.1216 0.1294 0.1255
v 0.158936 0.593750 -0.242432 0.0314 0.0314 0.0314
v 0.166748 0.591797 -0.248291 0.0157 0.0157 0.0157
v 0.166748 0.599609 -0.244385 0.0314 0.0314 0.0314
v 0.132568 0.618652 -0.193115 0.0549 0.0549 0.0549
v 0.129150 0.624512 -0.195557 0.1412 0.1412 0.1412
v 0.140381 0.616211 -0.192139 0.0196 0.0196 0.0196
v 0.129150 0.645020 -0.199951 0.8941 0.8941 0.8941
v 0.132568 0.650391 -0.202881 0.0235 0.0235 0.0235
v 0.140381 0.652344 -0.204346 0.2314 0.2314 0.2392
v 0.126709 0.629395 -0.237549 0.8784 0.8784 0.8784
v 0.130615 0.634766 -0.240967 0.0941 0.0941 0.0941
v 0.137939 0.636719 -0.242920 0.2275 0.2275 0.2353
v 0.232178 0.556641 -0.245850 0.0078 0.0078 0.0078
v 0.249268 0.555176 -0.239502 0.0118 0.0118 0.0118
v 0.248779 0.560059 -0.246338 0.0118 0.0118 0.0118
v 0.135010 0.681641 -0.040283 0.6863 0.6902 0.6980
v 0.138428 0.687988 -0.040771 0.0039 0.0039 0.0039
v 0.146240 0.689941 -0.041260 0.2275 0.2275 0.2353
v 0.137939 0.683105 -0.081787 0.0000 0.0000 0.0000
v 0.145264 0.685059 -0.082764 0.2314 0.2314 0.2392
v 0.124756 0.595703 -0.265869 0.3176 0.3176 0.3176
v 0.124756 0.613281 -0.270264 0.7608 0.7608 0.7608
v 0.205811 0.507812 -0.260498 0.0863 0.0863 0.0863
v 0.210205 0.506836 -0.266357 0.0235 0.0235 0.0235
v 0.208740 0.531250 -0.261475 0.0784 0.0784 0.0784
v 0.218018 0.546387 -0.261963 0.0706 0.0706 0.0706
v 0.212646 0.528320 -0.267334 0.0275 0.0275 0.0275
v 0.230713 0.502930 -0.260498 0.1569 0.1569 0.1569
v 0.231689 0.514648 -0.260986 0.1412 0.1451 0.1530
v 0.226318 0.503906 -0.265869 0.1647 0.1647 0.1725
v 0.227783 0.517578 -0.266846 0.1569 0.1569 0.1647
v 0.233154 0.528809 -0.267334 0.1412 0.1412 0.1412
v 0.220947 0.542969 -0.267822 0.0118 0.0118 0.0118
v 0.234131 0.552246 -0.268311 0.0078 0.0078 0.0078
v 0.236572 0.524902 -0.261475 0.0941 0.1020 0.0980
v 0.244385 0.530762 -0.261475 0.0745 0.0824 0.0784
v 0.242432 0.535156 -0.267334 0.1608 0.1608 0.1608
v 0.128174 0.589844 -0.262451 0.0196 0.0196 0.0196
v 0.135986 0.587891 -0.260986 0.0039 0.0039 0.0039
v 0.129639 0.587402 -0.270264 0.0039 0.0039 0.0039
v 0.126709 0.592773 -0.275635 0.0000 0.0000 0.0000
v 0.137451 0.585938 -0.266846 0.0000 0.0000 0.0000
v 0.135010 0.585449 -0.275146 0.0000 0.0000 0.0000
v 0.126709 0.610352 -0.279541 0.0392 0.0392 0.0392
v 0.133545 0.590332 -0.281494 0.0039 0.0039 0.0039
v 0.133545 0.607910 -0.285889 0.0118 0.0118 0.0118
v 0.128662 0.618652 -0.274170 0.2196 0.2196 0.2196
v 0.130127 0.616699 -0.280029 0.0000 0.0000 0.0000
v 0.136475 0.620117 -0.277100 0.2196 0.2196 0.2196
v 0.134521 0.615234 -0.283936 0.0000 0.0000 0.0000
v 0.232178 0.556641 -0.262451 0.0510 0.0510 0.0510
v 0.248779 0.560059 -0.262451 0.0627 0.0667 0.0627
v 0.249268 0.555176 -0.268311 0.0235 0.0235 0.0235
v 0.251221 0.532227 -0.238525 0.0118 0.0118 0.0118
v 0.323975 0.532227 -0.238525 0.0118 0.0118 0.0118
v 0.330811 0.530762 -0.238525 0.0118 0.0118 0.0118
v 0.339111 0.524902 -0.238525 0.0118 0.0118 0.0118
v 0.341064 0.552246 -0.239502 0.0118 0.0118 0.0118
v 0.344482 0.502930 -0.237549 0.0157 0.0157 0.0157
v 0.343994 0.514648 -0.238037 0.0157 0.0157 0.0157
v 0.364990 0.506836 -0.237549 0.0118 0.0118 0.0118
v 0.369873 0.507812 -0.243897 0.1569 0.1569 0.1647
v 0.348389 0.545410 -0.242432 0.0118 0.0118 0.0118
v 0.354248 0.542969 -0.239014 0.0118 0.0118 0.0118
v 0.357666 0.546387 -0.245361 0.0706 0.0706 0.0706
v 0.362549 0.528320 -0.238525 0.0118 0.0118 0.0196
v 0.366455 0.531250 -0.244873 0.1530 0.1608 0.1569
v 0.325928 0.555176 -0.239502 0.0118 0.0118 0.0118
v 0.326416 0.560059 -0.246338 0.0157 0.0157 0.0157
v 0.343018 0.556641 -0.245850 0.0157 0.0157 0.0157
v 0.429932 0.654297 -0.038330 0.2118 0.2157 0.2235
v 0.429932 0.649414 -0.076416 0.1961 0.2000 0.2078
v 0.429932 0.642578 -0.113037 0.0902 0.0941 0.1020
v 0.438232 0.648438 -0.037842 0.0196 0.0196 0.0196
v 0.471924 0.651367 -0.041260 0.0431 0.0471 0.0549
v 0.479248 0.653809 -0.041748 0.0627 0.0627 0.0627
v 0.483154 0.659668 -0.042725 0.1020 0.1020 0.1020
v 0.438232 0.643555 -0.075439 0.0235 0.0235 0.0235
v 0.438232 0.636719 -0.111572 0.0196 0.0196 0.0196
v 0.470947 0.646484 -0.079834 0.0510 0.0588 0.0549
v 0.478760 0.648926 -0.080322 0.0353 0.0353 0.0353
v 0.482178 0.654785 -0.081787 0.0902 0.0902 0.0902
v 0.482178 0.673828 -0.083252 0.8784 0.8784 0.8784
v 0.469971 0.638672 -0.117920 0.0392 0.0392 0.0392
v 0.477295 0.641113 -0.118408 0.0235 0.0235 0.0235
v 0.481201 0.646973 -0.120361 0.0667 0.0667 0.0667
v 0.481201 0.666504 -0.123291 0.8784 0.8784 0.8862
v 0.477783 0.672363 -0.124756 0.0039 0.0039 0.0039
v 0.419678 0.496094 -0.240967 0.0078 0.0078 0.0078
v 0.429443 0.496094 -0.235107 0.0039 0.0039 0.0039
v 0.438232 0.496094 -0.203369 0.0078 0.0078 0.0078
v 0.429932 0.632812 -0.149170 0.0627 0.0627 0.0627
v 0.429932 0.621094 -0.184326 0.1098 0.1255 0.1294
v 0.419678 0.591309 -0.248291 0.0157 0.0157 0.0157
v 0.421631 0.598633 -0.244385 0.0196 0.0196 0.0196
v 0.429932 0.608398 -0.218994 0.0706 0.0784 0.0745
v 0.429443 0.592773 -0.242432 0.0078 0.0078 0.0078
v 0.438232 0.626953 -0.147217 0.0118 0.0118 0.0118
v 0.468018 0.628418 -0.155029 0.0235 0.0235 0.0235
v 0.438232 0.615234 -0.182373 0.0157 0.0157 0.0157
v 0.468506 0.664551 -0.165772 0.0157 0.0078 0.0118
v 0.475830 0.630859 -0.156006 0.0235 0.0235 0.0235
v 0.469971 0.674805 -0.125732 0.0275 0.0196 0.0235
v 0.479736 0.636719 -0.158447 0.0627 0.0627 0.0627
v 0.479736 0.656250 -0.162354 0.8823 0.8823 0.8902
v 0.475830 0.662109 -0.164795 0.0000 0.0000 0.0000
v 0.438232 0.602539 -0.217529 0.0118 0.0118 0.0118
v 0.466064 0.614746 -0.193604 0.0118 0.0118 0.0118
v 0.463623 0.600098 -0.230225 0.0078 0.0078 0.0078
v 0.471436 0.602051 -0.231689 0.0196 0.0196 0.0196
v 0.474853 0.607422 -0.235107 0.0353 0.0353 0.0353
v 0.466553 0.650879 -0.205811 0.0784 0.0784 0.0784
v 0.463623 0.635254 -0.244385 0.1176 0.1176 0.1176
v 0.473877 0.617188 -0.194580 0.0353 0.0353 0.0353
v 0.477295 0.623047 -0.197510 0.0588 0.0588 0.0588
v 0.477295 0.642578 -0.201904 0.7137 0.7137 0.7137
v 0.473877 0.648438 -0.204834 0.0039 0.0039 0.0039
v 0.474853 0.627441 -0.239502 0.5216 0.5216 0.5216
v 0.471436 0.632812 -0.242920 0.0157 0.0157 0.0157
v 0.471924 0.687012 -0.044189 0.0667 0.0667 0.0667
v 0.479736 0.684570 -0.043701 0.0000 0.0000 0.0000
v 0.483154 0.678223 -0.043213 0.8470 0.8470 0.8470
v 0.470947 0.682617 -0.085205 0.0392 0.0392 0.0392
v 0.478760 0.679688 -0.084717 0.0000 0.0000 0.0000
v 0.251221 0.532227 -0.261475 0.0588 0.0588 0.0588
v 0.250732 0.537109 -0.267334 0.0235 0.0235 0.0235
v 0.323975 0.532227 -0.261475 0.0588 0.0588 0.0588
v 0.324463 0.537109 -0.267334 0.0235 0.0235 0.0235
v 0.330811 0.530762 -0.261475 0.0745 0.0824 0.0784
v 0.339111 0.524902 -0.261475 0.0941 0.1020 0.0980
v 0.333252 0.535156 -0.267334 0.0392 0.0392 0.0392
v 0.342041 0.528809 -0.267334 0.0627 0.0627 0.0627
v 0.341064 0.552246 -0.268311 0.1294 0.1294 0.1333
v 0.344482 0.502930 -0.260498 0.1137 0.1216 0.1176
v 0.343994 0.514648 -0.260986 0.1137 0.1216 0.1176
v 0.348877 0.503906 -0.265869 0.2588 0.2588 0.2588
v 0.347900 0.517578 -0.266846 0.2314 0.2314 0.2314
v 0.369873 0.507812 -0.260498 0.0118 0.0118 0.0118
v 0.364990 0.506836 -0.266357 0.1333 0.1333 0.1412
v 0.357666 0.546387 -0.261963 0.0118 0.0118 0.0118
v 0.354248 0.542969 -0.267822 0.1412 0.1412 0.1451
v 0.366455 0.531250 -0.261475 0.0000 0.0000 0.0000
v 0.362549 0.528320 -0.267334 0.1412 0.1412 0.1490
v 0.326416 0.560059 -0.262451 0.0745 0.0824 0.0784
v 0.325928 0.555176 -0.268311 0.0196 0.0196 0.0196
v 0.343018 0.556641 -0.262451 0.0353 0.0353 0.0353
v 0.447510 0.583496 -0.269287 0.0000 0.0000 0.0000
v 0.448486 0.583496 -0.277588 0.0000 0.0000 0.0000
v 0.458252 0.585449 -0.262939 0.0000 0.0000 0.0000
v 0.467041 0.587891 -0.263916 0.0157 0.0157 0.0157
v 0.461182 0.585449 -0.272217 0.0000 0.0000 0.0000
v 0.463623 0.590332 -0.277588 0.0118 0.0118 0.0118
v 0.449463 0.588379 -0.283936 0.0196 0.0196 0.0196
v 0.449463 0.605957 -0.287842 0.6471 0.6471 0.6550
v 0.452393 0.613770 -0.285889 0.0000 0.0000 0.0000
v 0.463623 0.608398 -0.281982 0.2588 0.2588 0.2667
v 0.470947 0.593262 -0.267822 0.0157 0.0157 0.0157
v 0.470947 0.611328 -0.272217 0.5961 0.5961 0.6039
v 0.457275 0.618652 -0.277588 0.0078 0.0078 0.0078
v 0.466553 0.617188 -0.275635 0.0157 0.0157 0.0157
v 0.461182 0.615234 -0.281494 0.0039 0.0039 0.0039
s 1
f 4 6 9
f 27 9 6
f 9 27 29
f 9 29 30
f 73 67 9
f 8 11 34
f 36 34 11
f 38 36 11
f 40 38 11
f 11 84 90
f 67 68 85
f 25 26 273
f 84 86 87
f 272 271 270
f 22 23 278
f 158 159 163
f 158 159 183
f 163 162 158
f 275 276 277
f 159 174 183
f 159 174 302
f 184 183 159
f 53 57 94
f 94 81 66
f 95 94 57
f 81 94 610
f 94 95 592
f 94 592 593
f 94 593 596
f 94 596 610
f 102 101 91
f 97 82 77
f 97 83 82
f 100 102 106
f 99 96 80
f 104 103 98
f 109 102 91
f 91 107 109
f 649 614 609
f 611 619 651
f 110 111 349
f 349 346 110
f 111 112 349
f 349 347 346
f 350 349 112
f 349 348 347
f 348 349 353
f 349 350 351
f 349 351 352
f 349 352 357
f 354 353 349
f 355 354 349
f 356 355 349
f 358 356 349
f 349 357 359
f 359 358 349
f 401 125 113
f 113 128 401
f 401 126 125
f 128 129 401
f 401 376 126
f 129 150 401
f 150 151 401
f 472 401 151
f 401 392 376
f 401 397 392
f 401 400 397
f 400 401 424
f 433 424 401
f 401 431 432
f 401 432 433
f 472 431 401
f 162 163 180
f 180 169 162
f 163 164 180
f 183 180 163
f 163 164 184
f 176 180 183
f 178 183 184
f 184 183 164
f 178 183 302
f 184 185 301
f 181 180 176
f 180 181 182
f 303 302 300
f 213 220 221
f 224 222 219
f 214 228 231
f 218 232 233
f 229 230 239
f 241 240 238
f 1509 1510 1513
f 1512 1514 1515
f 314 267 260
f 299 313 314
f 267 314 315
f 676 314 313
f 662 315 314
f 663 662 314
f 666 663 314
f 676 666 314
f 296 297 653
f 649 617 614
f 649 622 617
f 649 630 622
f 619 621 651
f 621 623 651
f 623 631 651
f 297 305 653
f 305 307 653
f 307 311 653
f 320 321 688
f 321 322 688
f 1579 688 322
f 688 1579 1580
f 378 338 337
f 398 345 338
f 338 378 398
f 775 398 378
f 398 373 345
f 369 398 508
f 369 373 398
f 849 508 398
f 398 775 777
f 398 777 849
f 849 515 508
f 397 392 391
f 775 776 777
f 849 527 515
f 849 534 527
f 534 849 1661
f 1677 1661 849
f 1684 1677 849
f 1795 1684 849
f 2205 1795 849
f 430 431 432
f 591 487 435
f 435 542 591
f 482 487 591
f 542 547 591
f 482 591 953
f 1691 591 547
f 957 953 591
f 995 957 591
f 1001 995 591
f 1004 1001 591
f 2449 1004 591
f 591 1691 1695
f 591 1695 1699
f 591 1699 1792
f 591 1792 1891
f 591 1891 1916
f 591 1916 2540
f 2456 2449 591
f 2535 2456 591
f 2540 2535 591
f 438 441 442
f 446 444 440
f 590 553 453
f 520 553 590
f 453 467 590
f 454 468 559
f 555 554 454
f 559 555 454
f 467 470 590
f 961 590 470
f 590 539 520
f 539 590 1665
f 590 961 964
f 590 964 980
f 590 980 2421
f 1670 1665 590
f 1687 1670 590
f 1729 1687 590
f 1860 1729 590
f 1864 1860 590
f 1867 1864 590
f 2442 1867 590
f 590 2421 2431
f 590 2431 2440
f 590 2440 2442
f 468 471 559
f 519 554 555
f 555 559 589
f 589 577 555
f 565 559 471
f 559 565 589
f 960 565 471
f 975 589 565
f 565 960 962
f 565 962 973
f 565 973 975
f 495 477 474
f 474 480 491
f 474 491 495
f 496 478 477
f 477 495 496
f 491 493 494
f 491 494 495
f 496 485 478
f 485 496 499
f 501 499 496
f 577 540 538
f 540 577 1669
f 577 589 1728
f 869 549 546
f 1693 1696 2191
f 589 975 1740
f 1736 1728 589
f 1740 1736 589
f 1716 580 579
f 579 581 1716
f 581 582 1716
f 582 584 1716
f 2420 975 973
f 2416 1740 975
f 2420 2416 975
f 570 580 1716
f 1716 571 570
f 1716 1702 571
f 584 585 1716
f 585 586 1716
f 1717 1716 586
f 1716 1703 1702
f 1716 1705 1703
f 1705 1716 1720
f 1716 1717 1718
f 1716 1718 1719
f 1716 1719 1724
f 1721 1720 1716
f 1722 1721 1716
f 1723 1722 1716
f 1724 1723 1716
f 1686 1728 1730
f 1858 1730 1728
f 1728 1736 1858
f 1736 1740 1865
f 1863 1858 1736
f 1865 1863 1736
f 2441 1865 1740
f 1740 2416 2438
f 1740 2438 2441
f 674 675 681
f 637 638 814
f 814 643 637
f 638 640 814
f 814 644 643
f 640 774 814
f 814 646 644
f 814 648 646
f 648 814 815
f 774 778 814
f 778 782 814
f 782 783 814
f 818 814 783
f 816 815 814
f 823 816 814
f 814 818 819
f 814 819 823
f 658 657 654
f 3579 3577 3576
f 3577 3579 3580
f 3577 3580 3581
f 1611 1617 2107
f 1617 1619 2107
f 1619 1637 2107
f 1637 1642 2107
f 700 701 3037
f 3037 755 700
f 701 2963 3037
f 754 755 3037
f 719 754 3037
f 3037 720 719
f 3037 733 720
f 3037 734 733
f 3037 735 734
f 3037 881 735
f 3037 902 881
f 3037 903 902
f 3037 904 903
f 3037 906 904
f 3037 916 906
f 916 3037 3211
f 2963 2972 3037
f 2972 2973 3037
f 2973 2985 3037
f 2985 2986 3037
f 2986 2994 3037
f 3055 3037 2994
f 3037 3055 3100
f 3037 3100 3101
f 3037 3101 3109
f 3037 3109 3110
f 3037 3110 3111
f 3037 3111 3112
f 3037 3112 3259
f 3219 3211 3037
f 3220 3219 3037
f 3237 3220 3037
f 3037 3229 3237
f 3231 3229 3037
f 3259 3230 3037
f 3037 3230 3231
f 3049 705 704
f 3049 708 705
f 704 741 3049
f 3049 741 738
f 3049 2975 708
f 738 742 3049
f 742 744 3049
f 744 746 3049
f 746 749 3049
f 749 883 3049
f 883 885 3049
f 885 887 3049
f 887 918 3049
f 918 920 3049
f 920 921 3049
f 3222 3049 921
f 3049 2978 2975
f 3049 2980 2978
f 3049 2996 2980
f 3049 2999 2996
f 3049 3000 2999
f 3000 3049 3080
f 3121 3080 3049
f 3125 3121 3049
f 3128 3125 3049
f 3131 3128 3049
f 3132 3131 3049
f 3274 3132 3049
f 3049 3222 3224
f 3049 3224 3225
f 3049 3225 3242
f 3049 3242 3245
f 3049 3245 3279
f 3049 3272 3275
f 3279 3272 3049
f 3275 3274 3049
f 2976 739 706
f 2976 747 739
f 2109 2130 2137
f 2109 2137 2283
f 2109 2283 2307
f 2109 2307 4345
f 4119 4097 2109
f 4228 4119 2109
f 4235 4228 2109
f 4377 4235 2109
f 2109 4345 4350
f 2109 4350 4377
f 2976 888 747
f 2976 922 888
f 922 2976 3241
f 2976 2997 3122
f 2976 3122 3129
f 2976 3129 3276
f 3247 3241 2976
f 3276 3247 2976
f 894 945 947
f 3033 760 759
f 759 3018 3033
f 3033 3018 3002
f 3033 762 760
f 3033 3024 762
f 3033 3011 2887
f 2887 3013 3033
f 3002 3005 3033
f 3005 3006 3033
f 3006 3011 3033
f 3050 3033 3013
f 3033 3026 3024
f 3033 3027 3026
f 3027 3033 3195
f 3033 3045 3201
f 3066 3045 3033
f 3033 3050 3056
f 3033 3056 3058
f 3033 3058 3060
f 3033 3060 3064
f 3033 3064 3065
f 3033 3065 3066
f 3199 3195 3033
f 3201 3199 3033
f 947 938 891
f 891 894 947
f 947 932 929
f 947 935 932
f 935 947 1294
f 947 941 938
f 929 941 947
f 1298 1294 947
f 1299 1298 947
f 1306 1299 947
f 1309 1306 947
f 1313 1309 947
f 1323 1313 947
f 1326 1323 947
f 1331 1326 947
f 1336 1331 947
f 1340 1336 947
f 2731 1340 947
f 947 2278 2289
f 947 2289 2292
f 947 2292 2334
f 947 2334 2336
f 947 2336 2343
f 947 2343 2346
f 947 2346 2349
f 947 2349 2806
f 2724 2721 947
f 947 2721 2743
f 2817 2724 947
f 2735 2731 947
f 2743 2735 947
f 947 2806 2812
f 2812 2810 947
f 947 2810 2815
f 947 2815 2817
f 808 797 796
f 797 808 812
f 825 826 830
f 831 830 826
f 871 836 835
f 835 846 871
f 871 867 836
f 846 848 871
f 840 843 871
f 871 848 840
f 843 844 871
f 1123 871 844
f 867 871 2195
f 871 1123 1124
f 871 1124 1125
f 871 1125 1126
f 871 1126 1129
f 871 1129 1147
f 871 1147 1232
f 871 1232 1233
f 871 1233 1259
f 871 1259 1266
f 871 1266 1275
f 871 1275 2682
f 2261 2195 871
f 2264 2261 871
f 2268 2264 871
f 2269 2268 871
f 2270 2269 871
f 2273 2270 871
f 2274 2273 871
f 2711 2274 871
f 2708 2605 871
f 871 2605 2716
f 871 2682 2697
f 871 2697 2707
f 871 2707 2708
f 2713 2711 871
f 871 2712 2713
f 2717 2712 871
f 871 2716 2717
f 1795 1747 1684
f 1795 1754 1747
f 1795 1761 1754
f 1795 1774 1761
f 1774 1795 1812
f 2209 1812 1795
f 1795 2205 2209
f 2205 2207 2209
f 2227 2215 2211
f 2228 2227 2211
f 2251 2252 2255
f 2251 2255 2256
f 3333 3327 3284
f 999 1045 1076
f 1045 1063 1076
f 1045 999 989
f 989 993 1045
f 2428 1045 993
f 1065 1063 1045
f 1069 1065 1045
f 1072 1069 1045
f 1075 1072 1045
f 1079 1075 1045
f 1094 1079 1045
f 1091 1089 1045
f 1045 1089 1094
f 2549 1091 1045
f 1045 2428 2435
f 1045 2435 2479
f 1045 2479 2481
f 1045 2481 2511
f 2518 2502 1045
f 1045 2502 2503
f 1045 2503 2552
f 1045 2511 2514
f 1045 2514 2518
f 2552 2549 1045
f 1032 1038 1040
f 1032 1040 1041
f 1032 1041 1051
f 1055 1052 1050
f 1032 1051 1052
f 1032 1030 1028
f 1039 1032 1028
f 1043 1037 1028
f 1032 1031 1030
f 1031 1032 2462
f 1039 1038 1032
f 1053 1046 1032
f 1032 1046 1047
f 1032 1047 1048
f 1032 1048 2484
f 1032 1052 1053
f 2463 2462 1032
f 2464 2463 1032
f 2465 2464 1032
f 2482 2465 1032
f 2483 2482 1032
f 2484 2483 1032
f 2461 2463 2468
f 2483 2488 2492
f 1222 1221 1118
f 2647 2646 2559
f 1230 1231 1425
f 2851 1120 1107
f 1107 1428 2851
f 1111 1120 2851
f 1428 1430 2851
f 2851 1116 1111
f 2851 2570 1116
f 1430 1436 2851
f 1436 1443 2851
f 1443 1445 2851
f 1445 1451 2851
f 1451 1461 2851
f 1461 1468 2851
f 1468 1477 2851
f 1477 1478 2851
f 1478 1484 2851
f 2876 2851 1484
f 2851 2571 2570
f 2851 2573 2571
f 2851 2576 2573
f 2851 2578 2576
f 2851 2846 2578
f 2851 2848 2846
f 2851 2850 2848
f 2850 2851 2852
f 2854 2852 2851
f 2856 2854 2851
f 2884 2856 2851
f 2851 2876 2877
f 2851 2877 2878
f 2851 2878 2885
f 2851 2882 2884
f 2885 2882 2851
f 2617 1187 1176
f 1176 2606 2617
f 2617 1193 1184
f 1184 1187 2617
f 1172 1193 2617
f 1166 1182 1248
f 1248 1199 1166
f 1182 1188 1248
f 1248 1206 1199
f 2610 1248 1179
f 1248 1188 1179
f 1248 1236 1206
f 1248 1241 1236
f 1241 1248 1251
f 1255 1251 1248
f 1264 1255 1248
f 1272 1264 1248
f 1277 1272 1248
f 2676 1277 1248
f 1248 2610 2614
f 1248 2614 2626
f 1248 2626 2634
f 1248 2634 2638
f 1248 2638 2662
f 1248 2662 2668
f 1248 2668 2692
f 2680 2676 1248
f 2690 2680 1248
f 2692 2690 1248
f 2617 1174 1172
f 2617 1215 1174
f 2617 1220 1215
f 2617 1228 1220
f 1226 2617 2648
f 1226 1228 2617
f 2606 2608 2617
f 2622 2617 2608
f 2617 2622 2623
f 2617 2628 2629
f 2617 2623 2628
f 2617 2629 2652
f 2650 2648 2617
f 2655 2650 2617
f 2617 2652 2653
f 2617 2653 2655
f 1195 1209 1249
f 1209 1210 1249
f 1249 1197 1195
f 1196 1197 1249
f 1196 1249 2618
f 1210 1212 1249
f 1212 1244 1249
f 1244 1246 1249
f 1246 1247 1249
f 1262 1249 1247
f 1249 1262 1279
f 1249 1279 1282
f 1249 1282 1283
f 1249 1283 2685
f 2620 2618 1249
f 2641 2620 1249
f 2642 2641 1249
f 2645 2642 1249
f 2671 2645 1249
f 2674 2671 1249
f 1249 2672 2674
f 2699 2672 1249
f 1249 2685 2687
f 1249 2687 2699
f 1220 1219 1216
f 1285 1286 1446
f 1288 1289 1474
f 2704 2705 2862
f 3793 1374 1372
f 1401 1400 1398
f 1404 1389 1388
f 2779 2772 2771
f 3826 3825 3822
f 1415 1416 1457
f 1456 1411 1410
f 1411 1456 2782
f 1416 1417 1457
f 2788 2787 1457
f 2789 2788 1457
f 3832 3833 3970
f 4917 3970 3833
f 1527 1520 1511
f 1529 1522 1521
f 1532 1531 1528
f 1568 1554 1545
f 1530 1533 1535
f 1568 1567 1566
f 1575 1568 1566
f 1612 1572 1571
f 1554 1555 1563
f 1568 1555 1554
f 1555 1568 1570
f 1575 1570 1568
f 1559 1568 1570
f 1571 1556 1555
f 1556 1570 1571
f 1555 1559 1563
f 1559 1563 1570
f 1614 1565 1559
f 1559 1570 1571
f 1570 1565 1559
f 1577 1571 1570
f 1570 1577 1614
f 1613 1614 1615
f 1626 1924 1925
f 1625 1624 1623
f 1594 1599 1651
f 1651 1622 1608
f 1652 1651 1599
f 1622 1651 2094
f 1651 1652 2072
f 1651 2072 2073
f 1651 2073 2076
f 1651 2076 2094
f 1632 1633 1635
f 1634 1931 1932
f 1941 1935 1929
f 1989 1987 1986
f 1991 1990 1988
f 2027 2021 2006
f 2374 2365 2104
f 2104 2367 2372
f 2104 2372 2374
f 2104 2365 2383
f 2024 2025 2029
f 2018 2016 1995
f 2106 2366 2378
f 2377 2369 2106
f 2378 2377 2106
f 2382 2366 2106
f 1812 1775 1774
f 1777 1778 1785
f 1785 1780 1777
f 1778 1779 1785
f 1785 1784 1780
f 1779 1781 1785
f 1781 1782 1785
f 1782 1783 1785
f 1788 1785 1783
f 1784 1785 1786
f 1787 1786 1785
f 2030 1787 1785
f 1785 1788 1789
f 1785 1789 1790
f 1785 1790 2032
f 2031 2030 1785
f 2032 2031 1785
f 1796 1797 1842
f 1796 1799 1800
f 1842 1800 1796
f 1797 1823 1842
f 1842 1807 1800
f 1807 1842 2044
f 1823 1834 1842
f 1834 1835 1842
f 1835 1841 1842
f 1905 1842 1841
f 1842 1905 2067
f 2045 2044 1842
f 2046 2045 1842
f 2070 2046 1842
f 1842 2067 2068
f 1842 2068 2071
f 2071 2070 1842
f 1841 1840 1835
f 1885 1881 1880
f 1888 1887 1883
f 1894 1895 1899
f 1899 1896 1894
f 1909 1897 1896
f 1896 1899 1909
f 1899 1907 1909
f 1904 1902 1897
f 1919 1904 1897
f 1897 1909 1915
f 1897 1915 1919
f 1911 1909 1907
f 1909 1911 1914
f 1909 1914 1915
f 1935 1941 1943
f 1945 1943 1941
f 1960 1945 1941
f 1964 1960 1941
f 1941 1963 1964
f 1941 1986 2001
f 1936 1938 1957
f 1967 1956 1936
f 1936 1957 1959
f 1936 1959 1967
f 1994 1988 1936
f 2014 1981 1974
f 1985 2007 2014
f 1981 2014 2015
f 2368 2014 2007
f 2353 2015 2014
f 2354 2353 2014
f 2357 2354 2014
f 2368 2357 2014
f 2008 2000 1996
f 2020 2018 1995
f 1995 2019 2020
f 2020 2022 2026
f 2028 2013 2009
f 2085 2088 2089
f 2091 2093 2103
f 4696 4697 4706
f 4707 4706 4697
f 4708 4707 4697
f 2112 2113 4139
f 2113 2114 4139
f 4139 2134 2112
f 2132 2134 4139
f 2114 4099 4139
f 4139 2139 2135
f 4139 2135 2132
f 4139 2141 2139
f 4139 2142 2141
f 4139 2280 2142
f 4139 2281 2280
f 4139 2284 2281
f 4139 2304 2284
f 4139 2308 2304
f 4139 2309 2308
f 2309 4139 4313
f 4099 4101 4139
f 4101 4103 4139
f 4103 4120 4139
f 4120 4123 4139
f 4123 4124 4139
f 4215 4139 4124
f 4139 4215 4229
f 4139 4229 4231
f 4139 4231 4236
f 4139 4236 4237
f 4139 4237 4239
f 4139 4239 4378
f 4315 4313 4139
f 4317 4315 4139
f 4346 4317 4139
f 4351 4346 4139
f 4386 4351 4139
f 4139 4375 4386
f 4380 4375 4139
f 4139 4378 4380
f 4175 2122 2121
f 2121 2172 4175
f 4175 4104 2122
f 4175 2172 2171
f 2145 2146 4175
f 4175 2171 2145
f 2146 2162 4175
f 2162 2163 4175
f 2163 2164 4175
f 2164 2295 4175
f 2295 2311 4175
f 2311 2312 4175
f 2312 2313 4175
f 2313 2319 4175
f 2319 2324 4175
f 4331 4175 2324
f 4175 4109 4104
f 4175 4110 4109
f 4175 4125 4110
f 4175 4126 4125
f 4175 4131 4126
f 4131 4175 4193
f 4241 4193 4175
f 4242 4241 4175
f 4254 4242 4175
f 4255 4254 4175
f 4256 4255 4175
f 4257 4256 4175
f 4393 4257 4175
f 4175 4331 4336
f 4175 4336 4337
f 4175 4337 4359
f 4175 4353 4355
f 4359 4353 4175
f 4175 4354 4393
f 4355 4354 4175
f 2184 2185 4176
f 4176 4160 2184
f 4144 4160 4176
f 2185 2187 4176
f 2187 4164 4176
f 4176 4147 4144
f 4176 4148 4147
f 4148 4176 4451
f 4176 4155 4153
f 4155 4176 4190
f 4164 4166 4176
f 4166 4171 4176
f 4322 4176 4171
f 4329 4187 4176
f 4176 4187 4210
f 4200 4190 4176
f 4202 4200 4176
f 4206 4202 4176
f 4208 4206 4176
f 4209 4208 4176
f 4210 4209 4176
f 4176 4322 4326
f 4176 4326 4329
f 4451 4176 4153
f 2200 2201 2248
f 2201 2206 2248
f 2248 2242 2200
f 2206 2208 2248
f 2248 2243 2242
f 2394 2248 2208
f 2248 2247 2243
f 2247 2248 2249
f 2250 2249 2248
f 2402 2250 2248
f 2248 2394 2396
f 2248 2396 2397
f 2248 2397 2399
f 2248 2399 2400
f 2248 2400 2404
f 2404 2402 2248
f 4382 4371 3333
f 2657 2656 2655
f 2628 2625 2525
f 2829 2660 2659
f 2702 2703 2842
f 2764 2766 4899
f 2783 2784 2800
f 4920 4921 4934
f 2895 2896 2912
f 2912 2897 2895
f 2912 2899 2897
f 2912 2896 2891
f 2891 2894 2912
f 2894 2906 2912
f 2912 2901 2899
f 2912 2903 2901
f 2912 2905 2903
f 2905 2912 2923
f 2906 2908 2912
f 2908 2911 2912
f 2913 2912 2911
f 2912 2913 2915
f 2912 2915 2917
f 2912 2917 2919
f 2912 2919 2920
f 2912 2920 2929
f 2924 2923 2912
f 2925 2924 2912
f 2930 2925 2912
f 2912 2929 2930
f 2933 2934 2935
f 2936 2937 2938
f 3412 3419 3468
f 3412 3468 3477
f 3487 3477 3468
f 3377 3091 3090
f 3090 3178 3377
f 3377 3376 3091
f 3364 3089 3087
f 3375 3149 3089
f 3089 3363 3375
f 3149 3148 3146
f 3375 3152 3149
f 3366 3363 3362
f 3375 3154 3152
f 3375 3169 3154
f 3375 3174 3169
f 3174 3375 3482
f 3373 3374 3375
f 3375 3389 3397
f 3375 3397 3521
f 3486 3482 3375
f 3610 3486 3375
f 3375 3521 3552
f 3538 3530 3375
f 3375 3530 3610
f 3375 3536 3538
f 3552 3536 3375
f 3178 3179 3183
f 3178 3183 3377
f 3499 3377 3183
f 3376 3377 3378
f 3380 3378 3377
f 3499 3380 3377
f 3381 3180 3092
f 3381 3184 3180
f 3381 3191 3184
f 3191 3381 3615
f 3381 3407 3411
f 3381 3411 3575
f 3588 3542 3381
f 3381 3542 3630
f 3381 3575 3588
f 3630 3615 3381
f 4269 4282 4523
f 4523 4276 4269
f 4736 4523 4282
f 4543 4525 4523
f 4686 4543 4523
f 4754 4651 4523
f 4523 4651 4711
f 4695 4686 4523
f 4711 4695 4523
f 4523 4736 4754
f 3413 3414 3421
f 3417 3415 3414
f 3414 3415 3416
f 3414 3416 3473
f 3473 3421 3414
f 3479 3417 3414
f 3179 3182 3183
f 3183 3182 3181
f 3186 3183 3181
f 3181 3185 3186
f 3151 3152 3153
f 3154 3153 3152
f 3153 3154 3164
f 3169 3168 3166
f 3489 3479 3478
f 3479 3418 3417
f 3418 3479 3480
f 3495 3480 3479
f 3479 3489 3495
f 3187 3186 3185
f 3186 3187 3189
f 3187 3188 3189
f 3190 3189 3188
f 3481 3482 3483
f 3486 3483 3482
f 3192 3612 3613
f 3183 3186 3499
f 3186 3189 3499
f 3613 3499 3189
f 3499 3405 3380
f 3499 3409 3405
f 3409 3499 3568
f 3572 3568 3499
f 3589 3572 3499
f 3592 3589 3499
f 3633 3592 3499
f 3499 3613 3617
f 3499 3617 3629
f 3499 3629 3633
f 3614 3613 3612
f 3613 3614 3617
f 3333 3284 3281
f 3281 3304 3333
f 3292 3294 3333
f 3294 3298 3333
f 3857 3333 3298
f 3304 3307 3333
f 3333 3307 3292
f 3333 3857 3860
f 3333 3860 3861
f 3333 3861 3871
f 3333 3871 3873
f 3333 3873 3919
f 3333 3919 3926
f 3333 3926 3929
f 3333 3929 3947
f 3333 3947 3950
f 3333 3950 3953
f 3333 3953 4949
f 4388 4382 3333
f 4415 4388 3333
f 4418 4415 3333
f 4424 4418 3333
f 4426 4424 3333
f 4430 4426 3333
f 4986 4430 3333
f 4966 4945 3333
f 3333 4945 4998
f 3333 4949 4953
f 3333 4953 4963
f 3333 4963 4966
f 4988 4986 3333
f 3333 4987 4988
f 4997 4987 3333
f 4998 4997 3333
f 3266 3267 3268
f 3654 3653 3652
f 3287 3288 3334
f 3334 3308 3287
f 3288 3330 3334
f 3334 3309 3308
f 3334 3301 3300
f 3334 3302 3301
f 3302 3334 3863
f 3300 3309 3334
f 4374 3334 3330
f 3864 3863 3334
f 3865 3864 3334
f 3875 3865 3334
f 3876 3875 3334
f 3923 3876 3334
f 3931 3923 3334
f 3932 3931 3334
f 3957 3932 3334
f 3958 3957 3334
f 3959 3958 3334
f 4956 3959 3334
f 3334 4374 4391
f 3334 4391 4392
f 3334 4392 4419
f 3334 4419 4420
f 3334 4420 4433
f 3334 4433 4434
f 3334 4434 4435
f 3334 4435 4993
f 3334 4948 4970
f 5003 4948 3334
f 4957 4956 3334
f 4969 4957 3334
f 4970 4969 3334
f 3334 4993 4995
f 4995 4994 3334
f 3334 4994 5004
f 5004 5003 3334
f 3912 3914 3924
f 3942 3924 3914
f 3924 3942 3944
f 3924 3944 3966
f 3924 3966 3968
f 3924 3968 4961
f 3924 4961 4981
f 3924 4981 4983
f 3924 4983 5028
f 3924 5028 5030
f 4408 4411 4412
f 3380 3379 3378
f 3379 3380 3382
f 3405 3382 3380
f 3405 3404 3382
f 3390 3389 3388
f 3393 3396 3397
f 3401 3397 3396
f 3397 3401 3521
f 3486 3485 3483
f 3485 3486 3605
f 3610 3605 3486
f 3401 3519 3521
f 3522 3521 3519
f 3521 3522 3552
f 3529 3530 3531
f 3533 3534 3536
f 3533 3536 3559
f 3536 3552 3559
f 3537 3538 3540
f 3522 3550 3552
f 3553 3552 3550
f 3552 3553 3559
f 3610 3609 3605
f 3609 3610 3620
f 3404 3405 3406
f 3409 3406 3405
f 3409 3408 3406
f 3408 3409 3410
f 3544 3568 3569
f 3570 3569 3568
f 3572 3570 3568
f 3419 3420 3468
f 3420 3424 3468
f 3424 3426 3468
f 3500 3468 3426
f 3488 3487 3468
f 3491 3488 3468
f 3492 3491 3468
f 3523 3492 3468
f 3468 3500 3504
f 3468 3504 3506
f 3468 3506 3509
f 3468 3509 3510
f 3468 3510 3525
f 3525 3523 3468
f 3453 3430 3428
f 3453 3432 3430
f 3428 3447 3453
f 3447 3448 3453
f 3453 3434 3432
f 3453 3435 3434
f 3453 3437 3435
f 3437 3453 3454
f 3448 3449 3453
f 3449 3451 3453
f 3458 3453 3451
f 3456 3454 3453
f 3460 3456 3453
f 3453 3458 3459
f 3453 3459 3462
f 3462 3460 3453
f 3570 3572 3573
f 3574 3573 3572
f 3589 3574 3572
f 3574 3589 3590
f 3591 3590 3589
f 3592 3591 3589
f 3591 3592 3593
f 3594 3593 3592
f 3614 3616 3617
f 3618 3617 3616
f 3617 3618 3629
f 3618 3628 3629
f 3631 3629 3628
f 3629 3631 3633
f 3631 3632 3633
f 3634 3633 3632
f 3625 3623 3532
f 3532 3539 3625
f 3627 3626 3625
f 3565 3541 3535
f 3565 3566 3567
f 3554 3557 3560
f 3557 3558 3562
f 3611 3607 3606
f 3621 3611 3606
f 3608 3619 3621
f 3611 3621 3622
f 3624 3622 3621
f 3666 3667 3675
f 3667 3674 3675
f 3686 3683 3682
f 3683 3686 3687
f 4846 4841 4840
f 4841 4846 4847
f 4064 4058 4055
f 4058 4064 4069
f 4070 4069 4064
f 4081 4070 4064
f 4082 4081 4064
f 5110 4082 4064
f 5114 5110 4064
f 5115 5114 4064
f 5134 5115 4064
f 5136 5134 4064
f 4864 4859 4858
f 4865 4864 4858
f 3705 3707 3708
f 4793 4788 4787
f 3733 3735 4804
f 3735 4799 4804
f 3722 3734 4804
f 4804 3734 3733
f 4804 3726 3722
f 4804 3728 3726
f 4804 3736 3728
f 4804 3742 3736
f 4804 3744 3742
f 3744 4804 4823
f 4799 4802 4804
f 4802 4803 4804
f 4810 4804 4803
f 4804 4805 4827
f 4815 4805 4804
f 4804 4810 4813
f 4804 4813 4815
f 4827 4823 4804
f 3770 3765 3747
f 3771 3770 3747
f 3764 3765 3770
f 3764 3770 3772
f 3777 3775 3774
f 3772 3767 3764
f 3774 3776 3777
f 4008 4010 4011
f 4015 4014 4006
f 4014 4015 4016
f 3829 3837 3838
f 4916 4924 4925
f 3892 3893 3894
f 4039 4038 4037
f 4499 4498 4497
f 4502 4501 4500
f 4220 4221 4222
f 4524 4222 4221
f 4565 4271 4222
f 4222 4524 4526
f 4222 4526 4565
f 4286 4224 4223
f 4223 4224 4226
f 4270 4271 4272
f 4527 4526 4524
f 4274 4272 4271
f 4275 4274 4271
f 4565 4275 4271
f 4526 4529 4565
f 4565 4278 4275
f 4565 4280 4278
f 4565 4285 4280
f 4285 4565 4737
f 4529 4530 4565
f 4530 4545 4565
f 4545 4546 4565
f 4546 4548 4565
f 4548 4550 4565
f 4690 4565 4550
f 4565 4652 4756
f 4718 4652 4565
f 4565 4690 4693
f 4565 4693 4698
f 4565 4698 4700
f 4565 4700 4712
f 4565 4712 4714
f 4565 4714 4716
f 4565 4716 4718
f 4739 4737 4565
f 4741 4739 4565
f 4743 4741 4565
f 4756 4743 4565
f 4293 4227 4224
f 4224 4227 4535
f 4224 4534 4538
f 4535 4534 4224
f 4225 4227 4293
f 4535 4227 4225
f 4287 4289 4290
f 4290 4289 4288
f 4299 4290 4288
f 4296 4294 4290
f 4297 4296 4290
f 4540 4534 4225
f 4225 4534 4535
f 4534 4536 4538
f 4540 4536 4534
f 4538 4533 4532
f 4538 4537 4533
f 4541 4538 4536
f 4537 4538 4539
f 4553 4539 4538
f 4225 4295 4540
f 4296 4295 4294
f 4295 4296 4297
f 4295 4297 4305
f 4305 4304 4295
f 4295 4304 4540
f 4304 4310 4540
f 4634 4540 4310
f 4536 4540 4541
f 4560 4555 4540
f 4672 4560 4540
f 4540 4634 4751
f 4723 4672 4540
f 4540 4683 4723
f 4751 4683 4540
f 4273 4274 4275
f 4273 4275 4277
f 4288 4298 4299
f 4300 4299 4298
f 4283 4281 4280
f 4285 4283 4280
f 4299 4300 4301
f 4285 4284 4283
f 4299 4301 4309
f 4301 4308 4309
f 4312 4309 4308
f 4309 4312 4746
f 4312 4745 4746
f 4306 4305 4299
f 4570 4567 4566
f 4566 4568 4570
f 4567 4570 4573
f 4570 4571 4577
f 4577 4573 4570
f 4636 4570 4568
f 4304 4305 4306
f 4304 4306 4307
f 4304 4307 4310
f 4307 4309 4311
f 4632 4311 4309
f 4746 4632 4309
f 4568 4569 4636
f 4569 4631 4636
f 4639 4636 4631
f 4643 4637 4636
f 4636 4639 4643
f 4311 4310 4307
f 4310 4311 4632
f 4310 4632 4634
f 4632 4633 4634
f 4746 4633 4632
f 4747 4746 4745
f 4746 4747 4750
f 4635 4634 4633
f 4634 4635 4748
f 4634 4748 4751
f 4413 4412 4411
f 4835 4836 4837
f 4459 4460 4476
f 4460 4461 4476
f 4461 4464 4476
f 4456 4459 4476
f 4476 4458 4456
f 4476 4471 4458
f 4464 4465 4476
f 4465 4467 4476
f 4467 4469 4476
f 4487 4476 4469
f 4476 4473 4471
f 4476 4475 4473
f 4475 4476 4478
f 4480 4478 4476
f 4482 4480 4476
f 4485 4482 4476
f 4486 4485 4476
f 4492 4486 4476
f 4476 4487 4488
f 4476 4488 4489
f 4476 4489 4494
f 4494 4492 4476
f 4608 4579 4572
f 4638 4608 4572
f 4608 4638 4645
f 4553 4552 4539
f 4556 4553 4542
f 4552 4553 4554
f 4559 4554 4553
f 4553 4556 4559
f 4542 4555 4556
f 4557 4556 4555
f 4560 4557 4555
f 4557 4560 4561
f 4563 4561 4560
f 4672 4563 4560
f 4563 4672 4673
f 4721 4673 4672
f 4676 4677 4683
f 4684 4683 4677
f 4682 4683 4685
f 4683 4684 4685
f 4676 4683 4751
f 4725 4724 4723
f 4729 4725 4723
f 4730 4729 4723
f 4676 4751 4760
f 4752 4751 4748
f 4751 4752 4760
f 4556 4557 4559
f 4559 4558 4554
f 4550 4551 4687
f 4550 4687 4690
f 4558 4559 4562
f 4691 4690 4687
f 4561 4563 4564
f 4673 4564 4563
f 4564 4673 4721
f 4720 4688 4564
f 4722 4726 4727
f 4724 4725 4726
f 4729 4726 4725
f 4728 4727 4726
f 4731 4728 4726
f 4758 4756 4652
f 4759 4758 4652
f 4755 4744 4743
f 4756 4755 4743
f 4755 4756 4757
f 4758 4757 4756
f 4608 4580 4579
f 4608 4582 4580
f 4608 4584 4582
f 4584 4608 4659
f 4608 4645 4646
f 4608 4646 4647
f 4608 4647 4648
f 4608 4648 4679
f 4660 4659 4608
f 4662 4660 4608
f 4665 4662 4608
f 4666 4665 4608
f 4680 4666 4608
f 4608 4679 4680
f 4620 4594 4592
f 4592 4596 4620
f 4620 4614 4594
f 4596 4598 4620
f 4598 4600 4620
f 4600 4601 4620
f 4622 4620 4601
f 4620 4615 4614
f 4620 4617 4615
f 4620 4619 4617
f 4619 4620 4625
f 4620 4622 4624
f 4620 4624 4628
f 4626 4625 4620
f 4630 4626 4620
f 4620 4628 4630
f 4750 4748 4635
f 4748 4750 4752
f 4747 4749 4750
f 4753 4750 4749
f 4750 4753 4762
f 4765 4677 4676
f 4676 4760 4762
f 4676 4762 4765
f 4765 4684 4677
f 4753 4761 4762
f 4763 4762 4761
f 4766 4765 4764
f 4682 4685 4733
f 4733 4730 4682
f 4732 4733 4734
f 4735 4734 4733
f 5039 5038 5037
f 5130 5131 5133
f 5085 5084 5083
f 5084 5085 5086
f 5079 5078 5076
f 5187 5186 5185
f 5191 5195 5197
f 5195 5196 5197
f 4 2 1 3
f 7 3 1 15
f 1 2 14 13
f 1 13 18 15
f 2 4 9 16
f 20 14 2 16
f 6 4 3 5
f 33 5 3 7
f 27 6 5 28
f 35 28 5 33
f 7 15 24 8
f 7 8 34 33
f 26 11 8 24
f 17 16 9 10
f 9 30 71 73
f 85 10 9 67
f 10 12 25 17
f 86 12 10 85
f 25 12 11 26
f 70 40 11 90
f 11 12 86 84
f 13 14 154 155
f 156 18 13 155
f 14 20 158 154
f 15 18 19 24
f 16 17 272 270
f 275 20 16 270
f 17 25 273 272
f 157 19 18 156
f 26 24 19 22
f 175 22 19 157
f 20 21 159 158
f 277 21 20 275
f 21 23 174 159
f 278 23 21 277
f 174 23 22 175
f 273 26 22 278
f 27 28 31 29
f 37 31 28 35
f 32 30 29 31
f 30 32 75 71
f 39 32 31 37
f 32 39 69 75
f 33 34 36 35
f 35 36 38 37
f 37 38 40 39
f 39 40 70 69
f 42 44 41 45
f 41 44 47 49
f 52 45 41 51
f 41 49 54 51
f 42 45 46 43
f 250 44 42 252
f 42 43 253 252
f 43 46 66 65
f 43 65 298 253
f 248 47 44 250
f 53 46 45 52
f 46 53 94 66
f 50 49 47 48
f 246 48 47 248
f 247 50 48 246
f 49 50 55 54
f 256 55 50 247
f 56 52 51 58
f 51 54 63 58
f 57 53 52 56
f 54 55 61 63
f 261 61 55 256
f 56 58 60 59
f 95 57 56 59
f 64 60 58 63
f 592 95 59 594
f 59 60 597 594
f 60 64 601 597
f 64 63 61 62
f 262 62 61 261
f 601 64 62 603
f 62 262 655 603
f 65 66 81 78
f 65 78 312 298
f 74 68 67 73
f 68 74 92 88
f 272 85 68 271
f 68 88 274 271
f 76 75 69 79
f 69 70 101 79
f 70 90 91 101
f 74 73 71 72
f 76 72 71 75
f 72 76 77 82
f 92 74 72 82
f 76 79 100 77
f 106 97 77 100
f 102 100 79 101
f 80 96 98 103
f 290 99 80 289
f 80 103 294 289
f 82 83 93 92
f 83 97 106 105
f 108 93 83 105
f 84 87 91 90
f 273 86 85 272
f 284 87 86 273
f 107 91 87 293
f 87 284 286 293
f 88 92 93 89
f 88 89 285 274
f 89 93 108 292
f 287 285 89 292
f 608 98 96 607
f 96 99 609 607
f 611 104 98 608
f 99 290 649 609
f 105 106 102 109
f 103 104 295 294
f 651 295 104 611
f 107 108 105 109
f 107 293 292 108
f 123 139 110 346
f 134 111 110 139
f 141 112 111 134
f 112 141 146 350
f 113 117 119 125
f 127 117 113 128
f 113 125 636 632
f 641 128 113 632
f 114 330 329 375
f 114 115 331 330
f 633 115 114 634
f 114 375 772 634
f 115 116 332 331
f 635 116 115 633
f 335 332 116 377
f 773 377 116 635
f 118 119 117 130
f 117 127 131 130
f 120 119 118 121
f 118 130 132 122
f 382 121 118 122
f 126 125 119 120
f 376 126 120 380
f 120 121 379 380
f 381 379 121 382
f 140 124 122 132
f 122 124 385 382
f 140 139 123 124
f 123 346 347 383
f 385 124 123 383
f 125 126 639 636
f 126 376 770 639
f 127 128 129 137
f 136 131 127 137
f 642 129 128 641
f 144 137 129 150
f 645 150 129 642
f 130 131 133 132
f 138 133 131 136
f 132 133 135 140
f 142 135 133 138
f 134 139 140 135
f 134 135 142 141
f 136 137 144 143
f 145 138 136 143
f 147 142 138 145
f 141 142 147 146
f 143 144 149 148
f 403 145 143 148
f 144 150 151 149
f 405 147 145 403
f 351 350 146 402
f 146 147 405 402
f 407 403 148 408
f 148 149 409 408
f 149 151 472 409
f 647 151 150 645
f 839 472 151 647
f 152 155 154 153
f 156 155 152 160
f 152 153 166 167
f 168 160 152 167
f 153 154 158 162
f 153 162 169 166
f 161 157 156 160
f 157 161 165 175
f 172 161 160 168
f 171 165 161 172
f 164 165 171 173
f 188 184 164 173
f 164 184 301 165
f 300 175 165 301
f 189 167 166 190
f 166 169 193 190
f 191 168 167 189
f 192 172 168 191
f 182 170 169 180
f 169 170 194 193
f 188 173 170 182
f 170 173 202 194
f 171 172 192 203
f 202 173 171 203
f 174 175 300 302
f 176 183 178 177
f 176 177 179 186
f 215 181 176 186
f 177 178 277 276
f 279 179 177 276
f 278 277 178 302
f 187 186 179 304
f 179 279 281 304
f 220 182 181 221
f 181 215 223 221
f 222 188 182 220
f 216 185 184 188
f 300 301 185 303
f 308 303 185 310
f 185 216 318 310
f 186 187 217 215
f 187 304 306 309
f 319 217 187 309
f 224 216 188 222
f 189 190 196 195
f 197 191 189 195
f 190 193 198 196
f 199 192 191 197
f 204 203 192 199
f 214 198 193 213
f 193 194 220 213
f 194 202 222 220
f 195 196 206 205
f 207 197 195 205
f 196 198 208 206
f 210 199 197 207
f 198 200 209 208
f 231 200 198 214
f 212 204 199 210
f 200 201 211 209
f 232 201 200 231
f 201 204 212 211
f 218 204 201 232
f 202 203 219 222
f 203 204 218 219
f 205 206 1486 1485
f 1487 207 205 1485
f 206 208 1488 1486
f 1491 210 207 1487
f 208 209 239 230
f 208 230 1509 1488
f 209 211 240 239
f 1490 212 210 1491
f 211 212 238 240
f 1512 238 212 1490
f 213 221 228 214
f 215 217 225 223
f 216 224 227 318
f 226 225 217 319
f 224 219 218 233
f 221 223 234 228
f 223 225 235 234
f 236 227 224 233
f 225 226 237 235
f 226 227 236 237
f 318 227 226 319
f 239 231 228 229
f 242 229 228 234
f 1509 230 229 1510
f 229 242 1516 1510
f 240 232 231 239
f 241 233 232 240
f 245 236 233 241
f 234 235 243 242
f 235 237 244 243
f 244 237 236 245
f 1515 241 238 1512
f 1519 245 241 1515
f 242 243 1517 1516
f 243 244 1518 1517
f 244 245 1519 1518
f 246 248 249 247
f 247 249 257 256
f 248 250 251 249
f 249 251 258 257
f 250 252 254 251
f 251 254 259 258
f 252 253 255 254
f 299 255 253 298
f 254 255 260 259
f 314 260 255 299
f 256 257 263 261
f 257 258 265 263
f 258 259 266 265
f 259 260 267 266
f 264 262 261 263
f 262 264 667 655
f 268 264 263 265
f 264 268 669 667
f 265 266 269 268
f 266 267 315 269
f 268 269 664 669
f 269 315 662 664
f 270 271 276 275
f 271 274 279 276
f 273 278 280 284
f 281 279 274 285
f 278 302 303 280
f 286 284 280 283
f 280 303 308 283
f 281 285 287 282
f 306 304 281 282
f 286 283 282 287
f 282 283 308 306
f 292 293 286 287
f 333 296 288 328
f 288 291 374 328
f 771 374 291 650
f 339 297 296 333
f 370 305 297 339
f 313 299 298 312
f 364 307 305 370
f 310 309 306 308
f 505 311 307 364
f 309 310 318 319
f 509 320 311 505
f 688 653 311 320
f 316 317 324 323
f 657 656 316 660
f 316 323 686 660
f 521 321 320 509
f 528 322 321 521
f 322 528 1655 1579
f 323 324 1654 1653
f 2077 686 323 1653
f 329 330 325 334
f 325 330 331 326
f 340 334 325 342
f 325 326 341 342
f 326 331 332 327
f 326 327 343 341
f 327 332 335 336
f 327 336 344 343
f 334 333 328 329
f 375 329 328 374
f 333 334 340 339
f 338 336 335 337
f 335 377 378 337
f 336 338 345 344
f 339 340 371 370
f 340 342 361 371
f 361 342 341 360
f 341 343 362 360
f 343 344 372 362
f 344 345 373 372
f 384 383 347 348
f 348 353 389 384
f 351 402 404 352
f 410 357 352 404
f 353 354 394 389
f 354 355 414 394
f 355 356 416 414
f 356 358 419 416
f 426 359 357 410
f 358 359 426 419
f 366 361 360 363
f 360 362 367 363
f 365 371 361 366
f 368 367 362 372
f 502 366 363 503
f 363 367 504 503
f 364 370 371 365
f 364 365 506 505
f 365 366 502 506
f 367 368 507 504
f 368 372 373 369
f 368 369 508 507
f 772 375 374 771
f 376 380 391 392
f 376 392 779 770
f 775 378 377 773
f 379 381 388 387
f 391 380 379 387
f 381 382 385 386
f 381 386 390 388
f 383 384 386 385
f 390 386 384 389
f 387 388 393 395
f 397 391 387 395
f 388 390 396 393
f 396 390 389 394
f 392 397 780 779
f 399 395 393 415
f 393 396 417 415
f 417 396 394 414
f 400 397 395 399
f 397 400 781 780
f 399 415 422 423
f 424 400 399 423
f 400 424 817 781
f 406 404 402 405
f 406 405 403 407
f 404 406 412 410
f 406 407 411 412
f 407 408 413 411
f 408 409 430 413
f 409 472 431 430
f 410 412 429 426
f 411 413 428 427
f 429 412 411 427
f 432 428 413 430
f 414 416 418 417
f 415 417 418 422
f 421 418 416 419
f 420 422 418 421
f 419 426 429 421
f 423 422 420 425
f 420 427 428 425
f 429 427 420 421
f 433 424 423 425
f 424 433 822 817
f 425 428 432 433
f 821 432 431 820
f 431 472 839 820
f 822 433 432 821
f 447 450 434 486
f 434 435 487 486
f 434 450 516 541
f 542 435 434 541
f 436 437 489 488
f 543 437 436 544
f 845 489 437 837
f 437 543 866 837
f 438 439 443 441
f 475 439 438 473
f 438 442 479 473
f 439 440 444 443
f 476 440 439 475
f 484 446 440 476
f 456 442 441 455
f 441 443 457 455
f 442 456 490 479
f 443 444 458 457
f 444 446 464 458
f 448 447 445 459
f 466 459 445 948
f 486 481 445 447
f 445 481 952 948
f 498 464 446 484
f 449 450 447 448
f 451 449 448 452
f 448 459 462 452
f 516 450 449 517
f 449 451 518 517
f 451 452 453 553
f 520 518 451 553
f 467 453 452 462
f 468 454 453 467
f 554 553 453 454
f 461 456 455 460
f 455 457 462 460
f 456 461 492 490
f 457 458 463 462
f 465 463 458 464
f 469 462 459 466
f 470 467 462 469
f 500 465 464 498
f 466 948 950 949
f 951 469 466 949
f 471 468 467 470
f 961 470 469 951
f 960 471 470 961
f 473 474 477 475
f 480 474 473 479
f 478 476 475 477
f 476 478 485 484
f 491 480 479 490
f 481 486 487 482
f 481 482 953 952
f 488 489 483 497
f 483 489 845 841
f 954 497 483 955
f 483 841 1121 955
f 484 485 499 498
f 493 491 490 492
f 498 499 501 500
f 510 506 502 511
f 502 503 512 511
f 503 504 513 512
f 504 507 514 513
f 505 506 510 509
f 507 508 515 514
f 509 510 522 521
f 510 511 524 522
f 511 512 523 524
f 512 513 525 523
f 513 514 526 525
f 514 515 527 526
f 516 517 535 536
f 545 541 516 536
f 517 518 537 535
f 518 520 539 537
f 539 520 519 538
f 519 520 553 554
f 519 555 577 538
f 521 522 529 528
f 522 524 530 529
f 530 524 523 531
f 523 525 532 531
f 525 526 533 532
f 526 527 534 533
f 528 529 1656 1655
f 529 530 1658 1656
f 530 531 1657 1658
f 531 532 1659 1657
f 532 533 1660 1659
f 533 534 1661 1660
f 1662 536 535 1663
f 535 537 1664 1663
f 1690 545 536 1662
f 537 539 1665 1664
f 1665 539 538 540
f 1670 1665 540 1669
f 547 542 541 545
f 543 544 548 549
f 543 549 869 866
f 1691 547 545 1690
f 546 549 552 550
f 552 549 548 551
f 550 552 1696 1693
f 1696 552 551 1694
f 561 557 556 560
f 572 560 556 567
f 580 567 556 579
f 556 557 581 579
f 564 558 557 561
f 557 558 582 581
f 584 582 558 583
f 558 564 587 583
f 563 561 560 562
f 574 562 560 572
f 561 563 566 564
f 564 566 588 587
f 570 568 567 580
f 567 568 573 572
f 571 569 568 570
f 568 569 576 573
f 569 571 1702 1701
f 1708 576 569 1701
f 572 573 575 574
f 578 575 573 576
f 1710 578 576 1708
f 1686 1669 577 1728
f 585 584 583 969
f 583 587 971 969
f 585 969 970 586
f 586 970 2407 1717
f 587 588 972 971
f 592 594 595 593
f 593 595 599 596
f 598 595 594 597
f 595 598 600 599
f 615 610 596 599
f 602 598 597 601
f 605 600 598 602
f 599 600 618 615
f 600 605 626 618
f 601 603 604 602
f 602 604 606 605
f 673 604 603 655
f 674 606 604 673
f 605 606 628 626
f 681 628 606 674
f 613 608 607 612
f 607 609 614 612
f 619 611 608 613
f 612 614 617 616
f 620 613 612 616
f 621 619 613 620
f 616 617 622 624
f 625 620 616 624
f 623 621 620 625
f 627 624 622 630
f 623 625 629 631
f 629 625 624 627
f 627 630 682 683
f 685 629 627 683
f 684 631 629 685
f 630 649 677 682
f 680 651 631 684
f 632 636 638 637
f 632 637 643 641
f 633 634 786 787
f 788 635 633 787
f 634 772 785 786
f 803 773 635 788
f 640 638 636 639
f 774 640 639 770
f 644 642 641 643
f 642 644 646 645
f 645 646 648 647
f 647 648 815 839
f 650 652 784 771
f 652 653 789 784
f 653 688 851 789
f 654 657 660 661
f 3576 658 654 3571
f 654 661 3578 3571
f 655 667 668 673
f 3577 659 658 3576
f 3656 834 659 3577
f 687 661 660 686
f 661 687 3595 3578
f 665 664 662 663
f 671 665 663 666
f 670 669 664 665
f 672 670 665 671
f 666 676 678 671
f 667 669 670 668
f 668 670 672 675
f 674 673 668 675
f 679 672 671 678
f 681 675 672 679
f 2078 687 686 2077
f 687 2078 4689 3595
f 688 1580 1611 2107
f 2218 851 688 2107
f 691 690 689 692
f 694 692 689 695
f 689 690 703 702
f 707 695 689 702
f 690 691 713 712
f 740 703 690 712
f 691 692 696 693
f 691 693 751 713
f 692 694 698 696
f 693 696 697 753
f 752 751 693 753
f 694 695 2959 2960
f 2961 698 694 2960
f 695 707 2974 2959
f 699 697 696 698
f 697 699 701 700
f 755 753 697 700
f 2962 699 698 2961
f 2963 701 699 2962
f 702 703 704 705
f 702 705 708 707
f 741 704 703 740
f 706 739 2130 2109
f 706 2109 4097 2976
f 707 708 2975 2974
f 709 710 711 715
f 709 715 722 721
f 737 710 709 736
f 709 721 743 736
f 710 712 713 711
f 740 712 710 737
f 717 715 711 714
f 711 713 751 714
f 714 716 718 717
f 714 751 752 716
f 715 717 727 722
f 720 718 716 719
f 754 719 716 752
f 717 718 729 727
f 718 720 733 729
f 721 722 724 723
f 721 723 745 743
f 728 724 722 727
f 723 724 725 726
f 723 726 748 745
f 731 725 724 728
f 872 726 725 873
f 725 731 874 873
f 882 748 726 872
f 730 728 727 729
f 728 730 732 731
f 734 730 729 733
f 735 732 730 734
f 731 732 875 874
f 732 735 881 875
f 738 737 736 742
f 744 742 736 743
f 741 740 737 738
f 739 747 2137 2130
f 746 744 743 745
f 749 746 745 748
f 747 888 2283 2137
f 883 749 748 882
f 947 769 750 945
f 3327 945 750 3127
f 752 753 755 754
f 760 758 756 759
f 765 757 756 764
f 756 758 766 764
f 756 757 3018 759
f 757 3001 3002 3018
f 757 765 3007 3001
f 758 760 762 761
f 758 761 767 766
f 761 763 768 767
f 761 762 3024 763
f 763 3024 3026 3025
f 3032 768 763 3025
f 769 947 2278 2136
f 778 774 770 779
f 785 772 771 784
f 776 775 773 803
f 804 777 776 803
f 777 804 860 849
f 778 779 780 782
f 780 781 783 782
f 818 783 781 817
f 790 785 784 789
f 791 786 785 790
f 792 787 786 791
f 793 788 787 792
f 804 803 788 793
f 850 790 789 851
f 852 791 790 850
f 853 792 791 852
f 856 793 792 853
f 860 804 793 856
f 794 796 797 798
f 794 795 799 796
f 801 795 794 800
f 794 798 802 800
f 806 799 795 805
f 795 801 807 805
f 796 799 809 808
f 810 798 797 812
f 811 802 798 810
f 799 806 813 809
f 3661 801 800 3660
f 800 802 3662 3660
f 3669 807 801 3661
f 802 811 3672 3662
f 825 806 805 824
f 805 807 828 824
f 830 813 806 825
f 3678 828 807 3669
f 808 809 855 854
f 857 812 808 854
f 809 813 861 855
f 810 812 857 858
f 859 811 810 858
f 811 859 3691 3672
f 813 830 862 861
f 820 839 815 816
f 821 820 816 823
f 819 818 817 822
f 819 822 821 823
f 826 825 824 827
f 829 827 824 828
f 826 827 832 831
f 827 829 833 832
f 3680 829 828 3678
f 3685 833 829 3680
f 830 831 863 862
f 831 832 864 863
f 832 833 865 864
f 3698 865 833 3685
f 835 836 892 889
f 936 846 835 889
f 836 867 943 892
f 837 838 847 845
f 868 838 837 866
f 840 848 924 926
f 927 843 840 926
f 841 845 847 842
f 841 842 1122 1121
f 933 844 843 927
f 844 933 1291 1123
f 924 848 846 936
f 849 860 2236 2205
f 850 851 2218 2217
f 2219 852 850 2217
f 2220 853 852 2219
f 2221 856 853 2220
f 854 855 2212 2211
f 2215 857 854 2211
f 855 861 2216 2212
f 2236 860 856 2221
f 2213 858 857 2215
f 2214 859 858 2213
f 859 2214 4838 3691
f 861 862 2251 2216
f 862 863 2252 2251
f 863 864 2253 2252
f 864 865 2254 2253
f 4857 2254 865 3698
f 870 868 866 869
f 2190 870 869 2189
f 872 873 877 878
f 872 878 884 882
f 873 874 876 877
f 874 875 897 876
f 875 881 902 897
f 879 877 876 898
f 876 897 899 898
f 880 878 877 879
f 878 880 886 884
f 879 898 900 907
f 908 880 879 907
f 917 886 880 908
f 885 883 882 884
f 887 885 884 886
f 918 887 886 917
f 888 922 2307 2283
f 893 890 889 892
f 889 890 937 936
f 894 891 890 893
f 890 891 938 937
f 944 893 892 943
f 945 894 893 944
f 940 896 895 939
f 946 945 895 896
f 3250 939 895 3248
f 895 945 3327 3248
f 903 899 897 902
f 898 899 901 900
f 904 901 899 903
f 900 901 905 910
f 911 907 900 910
f 901 904 906 905
f 912 910 905 913
f 905 906 916 913
f 909 908 907 911
f 908 909 919 917
f 909 911 914 915
f 909 915 923 919
f 914 911 910 912
f 912 913 3207 3208
f 3209 914 912 3208
f 913 916 3211 3207
f 3210 915 914 3209
f 3221 923 915 3210
f 920 918 917 919
f 921 920 919 923
f 921 923 3221 3222
f 4345 2307 922 3241
f 928 926 924 925
f 924 936 937 925
f 929 928 925 941
f 925 937 938 941
f 930 927 926 928
f 927 930 934 933
f 928 929 932 930
f 930 932 935 934
f 940 939 931 942
f 1295 942 931 1293
f 931 939 3250 3249
f 3781 1293 931 3249
f 933 934 1292 1291
f 934 935 1294 1292
f 956 950 948 952
f 963 951 949 966
f 949 950 965 966
f 950 956 994 965
f 964 961 951 963
f 952 953 957 956
f 954 955 959 958
f 1127 959 955 1121
f 956 957 995 994
f 958 959 996 997
f 1145 996 959 1127
f 960 961 964 962
f 962 964 980 973
f 963 966 979 978
f 980 964 963 978
f 979 966 965 985
f 998 985 965 994
f 981 982 967 1009
f 986 968 967 982
f 967 1008 1007 1009
f 967 968 1061 1008
f 968 986 999 1076
f 1063 1061 968 1076
f 974 970 969 971
f 970 974 2410 2407
f 971 972 976 974
f 973 980 2421 2420
f 974 976 2412 2410
f 984 983 977 987
f 977 983 1042 1029
f 2423 987 977 2417
f 977 1029 2458 2417
f 2421 980 978 2422
f 978 979 2425 2422
f 979 985 2427 2425
f 984 982 981 983
f 981 1009 1033 1036
f 1042 983 981 1036
f 982 984 988 986
f 984 987 991 988
f 985 998 2445 2427
f 986 988 989 999
f 2426 991 987 2423
f 993 989 988 991
f 1132 1000 990 1133
f 990 992 2451 1133
f 2428 993 991 2426
f 992 2429 2452 2451
f 994 995 1001 998
f 1002 997 996 1003
f 1257 1003 996 1145
f 998 1001 1004 2445
f 1163 1077 1000 1132
f 1002 1003 1005 2446
f 1271 1005 1003 1257
f 2447 2445 1004 2449
f 2448 2446 1005 2450
f 1005 1271 2695 2450
f 1011 1012 1006 1013
f 1018 1013 1006 1019
f 1006 1012 1064 1067
f 1070 1019 1006 1067
f 1007 1008 1012 1011
f 1014 1010 1007 1011
f 1033 1009 1007 1010
f 1064 1012 1008 1061
f 1010 1014 1015 1034
f 1035 1033 1010 1034
f 1011 1013 1016 1014
f 1020 1016 1013 1018
f 1017 1015 1014 1016
f 1038 1034 1015 1040
f 1015 1017 1041 1040
f 1021 1017 1016 1020
f 1017 1021 1051 1041
f 1022 1020 1018 1023
f 1018 1019 1024 1023
f 1073 1024 1019 1070
f 1050 1021 1020 1022
f 1021 1050 1052 1051
f 1022 1023 1025 1054
f 1055 1050 1022 1054
f 1023 1024 1026 1025
f 1027 1026 1024 1073
f 1056 1054 1025 1081
f 1025 1026 1082 1081
f 1026 1027 1085 1082
f 1027 1073 1075 1079
f 1027 1079 1094 1085
f 1028 1037 1035 1039
f 1028 1030 1044 1043
f 1029 1042 1043 1044
f 1029 1044 2476 2458
f 1030 1031 2476 1044
f 1031 2462 2477 2476
f 1037 1036 1033 1035
f 1039 1035 1034 1038
f 1036 1037 1043 1042
f 1046 1053 1057 1059
f 1060 1047 1046 1059
f 2499 1048 1047 1060
f 2498 2484 1048 2499
f 1049 1060 1059 1058
f 1049 1058 1083 1080
f 2499 1060 1049 2486
f 1049 1080 2543 2486
f 1057 1053 1052 1055
f 1057 1055 1054 1056
f 1059 1057 1056 1058
f 1056 1081 1083 1058
f 1061 1063 1065 1064
f 1062 1077 1163 1162
f 1168 1066 1062 1162
f 1069 1067 1064 1065
f 1169 1068 1066 1168
f 1067 1069 1072 1070
f 1213 1071 1068 1169
f 1070 1072 1075 1073
f 1217 1074 1071 1213
f 1218 1078 1074 1217
f 1224 1093 1078 1218
f 1080 1083 1084 1086
f 1080 1086 2545 2543
f 1081 1082 1084 1083
f 1087 1084 1082 1085
f 1092 1086 1084 1087
f 1085 1094 1089 1087
f 1086 1092 2547 2545
f 1087 1089 1091 1092
f 1088 1093 1224 1420
f 2553 1090 1088 1420
f 2554 2548 1090 2553
f 2547 1092 1091 2549
f 1095 1097 1098 1115
f 1112 1114 1095 1115
f 2557 1097 1095 2555
f 1095 1114 2568 2555
f 1222 1118 1096 1223
f 2646 1223 1096 2559
f 1109 1115 1098 1119
f 1099 1101 1100 1102
f 1106 1101 1099 1105
f 1099 1102 1421 1422
f 1427 1105 1099 1422
f 1104 1102 1100 1117
f 1100 1101 1108 1109
f 1100 1109 1119 1117
f 1101 1106 1110 1108
f 1102 1104 1431 1421
f 1103 1118 1221 1229
f 1103 1229 1230 1425
f 1120 1106 1105 1107
f 1428 1107 1105 1427
f 1111 1110 1106 1120
f 1108 1110 1113 1112
f 1115 1109 1108 1112
f 1110 1111 1116 1113
f 2567 1114 1112 1113
f 1113 1116 2570 2567
f 1114 2567 2569 2568
f 1121 1122 1128 1127
f 1296 1124 1123 1291
f 1300 1125 1124 1296
f 1301 1126 1125 1300
f 1307 1129 1126 1301
f 1127 1128 1146 1145
f 1310 1147 1129 1307
f 1130 1131 1138 1137
f 1142 1131 1130 1141
f 1180 1138 1131 1201
f 1131 1142 1202 1201
f 1132 1133 1135 1175
f 1164 1163 1132 1175
f 2579 1135 1133 2451
f 1140 1136 1134 1139
f 1134 1136 2582 2581
f 1187 1175 1135 1176
f 2606 1176 1135 2579
f 1136 1140 1185 1186
f 1136 1186 2609 2582
f 1137 1138 1140 1139
f 1185 1140 1138 1180
f 1144 1142 1141 1143
f 1142 1144 1204 1202
f 1149 1144 1143 1148
f 1144 1149 1234 1204
f 1145 1146 1258 1257
f 1321 1232 1147 1310
f 1151 1149 1148 1150
f 1149 1151 1238 1234
f 1153 1151 1150 1152
f 1151 1153 1242 1238
f 1155 1153 1152 1154
f 1153 1155 1253 1242
f 1157 1155 1154 1156
f 1155 1157 1263 1253
f 1159 1157 1156 1158
f 1157 1159 1268 1263
f 1161 1159 1158 1160
f 1159 1161 1269 1268
f 2596 1161 1160 2595
f 2675 1269 1161 2596
f 1162 1163 1164 1165
f 1162 1165 1170 1168
f 1164 1175 1187 1184
f 1193 1165 1164 1184
f 1172 1170 1165 1193
f 1166 1167 1181 1182
f 1198 1167 1166 1199
f 1167 1173 1194 1181
f 1208 1173 1167 1198
f 1171 1169 1168 1170
f 1169 1171 1214 1213
f 1174 1171 1170 1172
f 1171 1174 1215 1214
f 1195 1194 1173 1209
f 1173 1208 1210 1209
f 1177 1178 1179 1188
f 1182 1181 1177 1188
f 1192 1178 1177 1191
f 1177 1181 1194 1191
f 2610 1179 1178 2607
f 1178 1192 2616 2607
f 1180 1183 1189 1185
f 1180 1201 1203 1183
f 1183 1221 1222 1189
f 1229 1221 1183 1203
f 1190 1186 1185 1189
f 1186 1190 2611 2609
f 1189 1222 1223 1190
f 1190 1223 2646 2611
f 1191 1194 1195 1197
f 1196 1192 1191 1197
f 1192 1196 2618 2616
f 1198 1199 1206 1205
f 1198 1205 1211 1208
f 1201 1202 1200 1203
f 1200 1202 1204 1207
f 1229 1203 1200 1230
f 1200 1207 1231 1230
f 1237 1207 1204 1234
f 1205 1206 1236 1235
f 1243 1211 1205 1235
f 1284 1231 1207 1237
f 1212 1210 1208 1211
f 1244 1212 1211 1243
f 1213 1214 1216 1217
f 1214 1215 1220 1216
f 1218 1217 1216 1219
f 1218 1219 1225 1224
f 1219 1220 1228 1225
f 1227 1420 1224 1225
f 1226 1227 1225 1228
f 2649 1227 1226 2648
f 2553 1420 1227 2649
f 1438 1425 1231 1284
f 1324 1233 1232 1321
f 1328 1259 1233 1324
f 1240 1237 1234 1238
f 1235 1236 1241 1239
f 1235 1239 1245 1243
f 1237 1240 1285 1284
f 1252 1240 1238 1242
f 1239 1241 1251 1250
f 1260 1245 1239 1250
f 1240 1252 1286 1285
f 1254 1252 1242 1253
f 1246 1244 1243 1245
f 1247 1246 1245 1260
f 1247 1260 1261 1262
f 1250 1251 1255 1256
f 1250 1256 1261 1260
f 1252 1254 1287 1286
f 1265 1254 1253 1263
f 1254 1265 1288 1287
f 1267 1256 1255 1264
f 1278 1261 1256 1267
f 1257 1258 1270 1271
f 1332 1266 1259 1328
f 1279 1262 1261 1278
f 1273 1265 1263 1268
f 1274 1267 1264 1272
f 1265 1273 1289 1288
f 1333 1275 1266 1332
f 1267 1274 1280 1278
f 1268 1269 1276 1273
f 2677 1276 1269 2675
f 2695 1271 1270 2696
f 1334 1274 1272 1277
f 1273 1276 1290 1289
f 1281 1280 1274 1334
f 1275 1333 2729 2682
f 2704 1290 1276 2677
f 2678 1334 1277 2676
f 1282 1279 1278 1280
f 1283 1282 1280 1281
f 1281 1334 2678 2684
f 2685 1283 1281 2684
f 1284 1285 1446 1438
f 1286 1287 1464 1446
f 1287 1288 1474 1464
f 1289 1290 1454 1474
f 2862 1454 1290 2704
f 1291 1292 1297 1296
f 1292 1294 1298 1297
f 1305 1295 1293 1303
f 3782 1303 1293 3781
f 1296 1297 1302 1300
f 1297 1298 1299 1302
f 1304 1302 1299 1306
f 1304 1301 1300 1302
f 1301 1304 1308 1307
f 1314 1305 1303 1311
f 3788 1311 1303 3782
f 1304 1306 1309 1308
f 1307 1308 1312 1310
f 1308 1309 1313 1312
f 1310 1312 1322 1321
f 1329 1314 1311 1327
f 3850 1327 1311 3788
f 1312 1313 1323 1322
f 1342 1316 1315 1341
f 1315 1318 1356 1341
f 1316 1342 2736 2718
f 1368 1320 1317 1353
f 3789 1353 1317 3783
f 1318 1319 1358 1356
f 1319 1320 1368 1358
f 1321 1322 1325 1324
f 1322 1323 1326 1325
f 1324 1325 1330 1328
f 1325 1326 1331 1330
f 1337 1329 1327 1339
f 3851 1339 1327 3850
f 1328 1330 1335 1332
f 1330 1331 1336 1335
f 1338 1333 1332 1335
f 1333 1338 2730 2729
f 1335 1336 1340 1338
f 1337 1339 2742 2733
f 1338 1340 2731 2730
f 4941 2742 1339 3851
f 1345 1342 1341 1366
f 1341 1356 1357 1366
f 1342 1345 2747 2736
f 1346 1344 1343 1347
f 1351 1347 1343 1349
f 1343 1344 1360 1361
f 1376 1349 1343 1361
f 3802 1360 1344 3811
f 1344 1346 3812 3811
f 1345 1366 1367 1348
f 1345 1348 2748 2747
f 1346 1347 2737 2738
f 1346 2738 4907 3812
f 1347 1351 2739 2737
f 1349 1350 1352 1351
f 1377 1350 1349 1376
f 1382 1352 1350 1383
f 1350 1377 1386 1383
f 1351 1352 2740 2739
f 1352 1382 2767 2740
f 1369 1368 1353 1370
f 3790 1370 1353 3789
f 1354 1371 1372 1374
f 1354 1355 1391 1371
f 1354 1374 3793 3794
f 3814 1355 1354 3794
f 1392 1391 1355 1395
f 3815 1395 1355 3814
f 1359 1357 1356 1358
f 1357 1359 1365 1362
f 1367 1366 1357 1362
f 1369 1359 1358 1368
f 1373 1365 1359 1369
f 1363 1361 1360 1364
f 3796 1364 1360 3802
f 1361 1363 1378 1376
f 1372 1371 1363 1364
f 1363 1371 1391 1378
f 3793 1372 1364 3796
f 1369 1370 1375 1373
f 3795 1375 1370 3790
f 1379 1377 1376 1378
f 1377 1379 1380 1386
f 1378 1391 1392 1379
f 1393 1380 1379 1392
f 1387 1386 1380 1381
f 1394 1381 1380 1393
f 1388 1387 1381 1400
f 1381 1394 1398 1400
f 1382 1383 1384 1385
f 1382 1385 2768 2767
f 1383 1386 1387 1384
f 1384 1387 1388 1389
f 1390 1385 1384 1389
f 1385 1390 2771 2768
f 1388 1400 1401 1404
f 1405 1390 1389 1404
f 1390 1405 2779 2771
f 1392 1395 1396 1393
f 1397 1394 1393 1396
f 1394 1397 1399 1398
f 3816 1396 1395 3815
f 3817 1397 1396 3816
f 3822 1399 1397 3817
f 1398 1399 1412 1401
f 3825 1412 1399 3822
f 1406 1404 1401 1402
f 1413 1402 1401 1412
f 1402 1403 1407 1406
f 1414 1403 1402 1413
f 1410 1407 1403 1415
f 1403 1414 1416 1415
f 1408 1405 1404 1406
f 1405 1408 2780 2779
f 1406 1407 1409 1408
f 1411 1409 1407 1410
f 1408 1409 2781 2780
f 1409 1411 2782 2781
f 1410 1415 1457 1456
f 3827 1413 1412 3825
f 3828 1414 1413 3827
f 1417 1416 1414 3828
f 1417 3828 3831 3832
f 3970 1457 1417 3832
f 1418 1433 1432 1437
f 1418 1419 1435 1433
f 1418 1437 1440 1441
f 1444 1419 1418 1441
f 1436 1435 1419 1443
f 1445 1443 1419 1444
f 1424 1422 1421 1423
f 1426 1423 1421 1431
f 1422 1424 1429 1427
f 1423 1432 1433 1424
f 1423 1426 1434 1432
f 1424 1433 1435 1429
f 1430 1428 1427 1429
f 1429 1435 1436 1430
f 1439 1437 1432 1434
f 1437 1439 1442 1440
f 1440 1442 1447 1448
f 1449 1441 1440 1448
f 1450 1444 1441 1449
f 1451 1445 1444 1450
f 1458 1448 1447 1462
f 1459 1449 1448 1458
f 1460 1450 1449 1459
f 1461 1451 1450 1460
f 1452 1453 1455 1480
f 1476 1473 1452 1480
f 2860 1455 1453 2859
f 1481 1480 1455 1483
f 2874 1483 1455 2860
f 1456 1457 2787 2782
f 4917 2789 1457 3970
f 1458 1462 1463 1465
f 1466 1459 1458 1465
f 1467 1460 1459 1466
f 1468 1461 1460 1467
f 1469 1465 1463 1472
f 1470 1466 1465 1469
f 1471 1467 1466 1470
f 1477 1468 1467 1471
f 1469 1472 1473 1476
f 1475 1470 1469 1476
f 1479 1471 1470 1475
f 1478 1477 1471 1479
f 1475 1476 1480 1481
f 1482 1479 1475 1481
f 1478 1479 1482 1484
f 1481 1483 2873 1482
f 2876 1484 1482 2873
f 2875 2873 1483 2874
f 1485 1486 1494 1493
f 1495 1487 1485 1493
f 1486 1488 1496 1494
f 1497 1491 1487 1495
f 1488 1489 1498 1496
f 1513 1489 1488 1509
f 1489 1492 1499 1498
f 1514 1492 1489 1513
f 1490 1491 1497 1506
f 1499 1492 1490 1506
f 1490 1492 1514 1512
f 1493 1494 1501 1500
f 1502 1495 1493 1500
f 1494 1496 1504 1501
f 1503 1497 1495 1502
f 1496 1498 1520 1527
f 1528 1504 1496 1527
f 1507 1506 1497 1503
f 1498 1499 1521 1520
f 1499 1506 1529 1521
f 1500 1501 1543 1542
f 1544 1502 1500 1542
f 1501 1504 1545 1543
f 1546 1503 1502 1544
f 1549 1507 1503 1546
f 1531 1505 1504 1528
f 1504 1505 1548 1545
f 1533 1508 1505 1531
f 1505 1508 1547 1548
f 1506 1507 1530 1529
f 1507 1508 1533 1530
f 1547 1508 1507 1549
f 1520 1513 1510 1511
f 1523 1511 1510 1516
f 1528 1527 1511 1532
f 1511 1523 1534 1532
f 1521 1514 1513 1520
f 1522 1515 1514 1521
f 1525 1519 1515 1522
f 1516 1517 1524 1523
f 1517 1518 1526 1524
f 1518 1519 1525 1526
f 1522 1529 1530 1535
f 1537 1525 1522 1535
f 1523 1524 1536 1534
f 1524 1526 1538 1536
f 1538 1526 1525 1537
f 1531 1532 1566 1567
f 1569 1533 1531 1567
f 1532 1534 1539 1566
f 1540 1535 1533 1569
f 1534 1536 1541 1539
f 1581 1537 1535 1540
f 1536 1538 1582 1541
f 1582 1538 1537 1581
f 1539 1541 1574 1573
f 1575 1566 1539 1573
f 1540 1569 1571 1572
f 1540 1572 1610 1581
f 1609 1574 1541 1582
f 1542 1543 1551 1550
f 1552 1544 1542 1550
f 1543 1545 1554 1551
f 1553 1546 1544 1552
f 1545 1548 1567 1568
f 1557 1549 1546 1553
f 1547 1549 1557 1556
f 1567 1548 1547 1569
f 1547 1556 1571 1569
f 1550 1551 1558 1561
f 1560 1552 1550 1561
f 1551 1554 1563 1558
f 1562 1553 1552 1560
f 1564 1557 1553 1562
f 1556 1557 1612 1571
f 1557 1564 1613 1612
f 1558 1563 1923 1927
f 1926 1561 1558 1927
f 1923 1563 1559 1922
f 1559 1565 1924 1922
f 1920 1562 1560 1921
f 1560 1561 1926 1921
f 1925 1564 1562 1920
f 1564 1565 1614 1613
f 1924 1565 1564 1925
f 1570 1575 1576 1577
f 1572 1612 1613 1615
f 1618 1610 1572 1615
f 1576 1575 1573 1578
f 1573 1574 1616 1578
f 1574 1609 1620 1616
f 1625 1577 1576 1624
f 1576 1578 1627 1624
f 1626 1614 1577 1625
f 1578 1616 1629 1627
f 1671 1580 1579 1655
f 1682 1611 1580 1671
f 1609 1582 1581 1610
f 1588 1584 1583 1587
f 1583 1584 1589 1585
f 1947 1587 1583 1950
f 1583 1585 1952 1950
f 1593 1589 1584 1595
f 1584 1588 1596 1595
f 1590 1586 1585 1589
f 1585 1586 1953 1952
f 1586 1590 1608 1607
f 1586 1607 1984 1953
f 1592 1588 1587 1591
f 1946 1591 1587 1947
f 1588 1592 1597 1596
f 1594 1590 1589 1593
f 1590 1594 1651 1608
f 1948 1592 1591 1946
f 1970 1597 1592 1948
f 1599 1594 1593 1598
f 1593 1595 1600 1598
f 1595 1596 1603 1600
f 1596 1597 1605 1603
f 1975 1605 1597 1970
f 1598 1600 1602 1601
f 1652 1599 1598 1601
f 1604 1602 1600 1603
f 2072 1652 1601 2074
f 1601 1602 2079 2074
f 1602 1604 2083 2079
f 1606 1604 1603 1605
f 1604 1606 2086 2083
f 1976 1606 1605 1975
f 1606 1976 2350 2086
f 1607 1608 1622 1621
f 1607 1621 2004 1984
f 1609 1610 1618 1620
f 1743 1617 1611 1682
f 1628 1615 1614 1626
f 1630 1618 1615 1628
f 1616 1620 1631 1629
f 1752 1619 1617 1743
f 1631 1620 1618 1630
f 1756 1637 1619 1752
f 1623 1624 1633 1632
f 1922 1625 1623 1923
f 1929 1923 1623 1632
f 1624 1627 1636 1633
f 1625 1922 1924 1626
f 1638 1628 1626 1634
f 1626 1925 1931 1634
f 1627 1629 1639 1636
f 1640 1630 1628 1638
f 1629 1631 1641 1639
f 1641 1631 1630 1640
f 1632 1635 1930 1929
f 1989 1635 1633 1987
f 1633 1636 1992 1987
f 1930 1635 1634 1932
f 1634 1635 1989 1990
f 1991 1638 1634 1990
f 1636 1639 1993 1992
f 1766 1642 1637 1756
f 1649 1640 1638 1991
f 1639 1641 1647 1993
f 1647 1641 1640 1649
f 1769 1643 1642 1766
f 1806 1646 1643 1769
f 2021 1645 1644 2006
f 1644 1648 2024 2006
f 1645 2021 2367 2104
f 1646 1806 2204 2105
f 1997 1993 1647 2017
f 1647 1649 2016 2017
f 1648 1650 2025 2024
f 1649 1991 1995 2016
f 2369 2025 1650 2106
f 2088 2077 1653 2087
f 1655 1656 1672 1671
f 1656 1658 1673 1672
f 1673 1658 1657 1674
f 1657 1659 1675 1674
f 1659 1660 1676 1675
f 1660 1661 1677 1676
f 1662 1663 1666 1667
f 1662 1667 1692 1690
f 1663 1664 1668 1666
f 1664 1665 1670 1668
f 1666 1668 1685 1689
f 1688 1667 1666 1689
f 1667 1688 1697 1692
f 1668 1670 1687 1685
f 1687 1670 1669 1686
f 1671 1672 1681 1682
f 1672 1673 1678 1681
f 1673 1674 1679 1678
f 1674 1675 1680 1679
f 1675 1676 1683 1680
f 1676 1677 1684 1683
f 1742 1681 1678 1744
f 1678 1679 1748 1744
f 1679 1680 1745 1748
f 1680 1683 1746 1745
f 1743 1682 1681 1742
f 1683 1684 1747 1746
f 1685 1687 1729 1855
f 1856 1689 1685 1855
f 1729 1687 1686 1730
f 1794 1697 1688 1857
f 1688 1689 1856 1857
f 1695 1691 1690 1692
f 1699 1695 1692 1697
f 1700 1696 1694 1698
f 1696 1700 2193 2191
f 1792 1699 1697 1794
f 1793 1700 1698 1791
f 1700 1793 2262 2193
f 1701 1702 1703 1704
f 1701 1704 1709 1708
f 1706 1704 1703 1705
f 1704 1706 1712 1709
f 1707 1706 1705 1720
f 1706 1707 1713 1712
f 1707 1720 1721 1731
f 1734 1713 1707 1731
f 1708 1709 1711 1710
f 1714 1711 1709 1712
f 1712 1713 1715 1714
f 1737 1715 1713 1734
f 2408 1718 1717 2407
f 2409 1719 1718 2408
f 1725 1724 1719 2409
f 1732 1731 1721 1722
f 1722 1723 1733 1732
f 1723 1724 1725 1733
f 1739 1733 1725 1726
f 1725 2409 2414 1726
f 1726 1727 1741 1739
f 2415 1727 1726 2414
f 1729 1730 1858 1860
f 1859 1855 1729 1860
f 1731 1732 1735 1734
f 1732 1733 1739 1735
f 1734 1735 1738 1737
f 1735 1739 1741 1738
f 1742 1744 1750 1753
f 1752 1743 1742 1753
f 1744 1748 1749 1750
f 1749 1748 1745 1751
f 1745 1746 1755 1751
f 1746 1747 1754 1755
f 1758 1750 1749 1759
f 1749 1751 1760 1759
f 1757 1753 1750 1758
f 1751 1755 1762 1760
f 1752 1753 1757 1756
f 1762 1755 1754 1761
f 1756 1757 1767 1766
f 1757 1758 1763 1767
f 1758 1759 1764 1763
f 1759 1760 1765 1764
f 1760 1762 1773 1765
f 1773 1762 1761 1774
f 1768 1767 1763 1770
f 1763 1764 1771 1770
f 1764 1765 1772 1771
f 1776 1772 1765 1773
f 1766 1767 1768 1769
f 1806 1769 1768 1805
f 1768 1770 2033 1805
f 1770 1771 2034 2033
f 1771 1772 2035 2034
f 1772 1776 1816 2035
f 1773 1774 1775 1776
f 1816 1776 1775 1812
f 1777 1780 1810 1803
f 1827 1778 1777 1803
f 1828 1779 1778 1827
f 1832 1781 1779 1828
f 1780 1784 1817 1810
f 1838 1782 1781 1832
f 1843 1783 1782 1838
f 1847 1788 1783 1843
f 1784 1786 1819 1817
f 1786 1787 2038 1819
f 1787 2030 2047 2038
f 1848 1789 1788 1847
f 2060 1790 1789 1848
f 2049 2032 1790 2060
f 1892 1793 1791 1890
f 1792 1794 1889 1891
f 1793 1892 2266 2262
f 1794 1857 1862 1889
f 1796 1797 1798 1801
f 1808 1799 1796 1801
f 2198 1797 1796 2197
f 1796 1800 2199 2197
f 1822 1798 1797 1823
f 2241 1823 1797 2198
f 1802 1801 1798 1826
f 1798 1822 1824 1826
f 1807 1800 1799 1814
f 1799 1808 1813 1814
f 1800 1807 2202 2199
f 1801 1802 1809 1808
f 1802 1804 1811 1809
f 1802 1826 1829 1804
f 1811 1804 1803 1810
f 1803 1804 1829 1827
f 2204 1806 1805 2203
f 1805 2033 2390 2203
f 1807 1814 2036 2044
f 1807 2044 2393 2202
f 1808 1809 1815 1813
f 1809 1811 1820 1815
f 1820 1811 1810 1817
f 2210 1816 1812 2209
f 1813 1815 1818 2037
f 2036 1814 1813 2037
f 1821 1818 1815 1820
f 2392 2035 1816 2210
f 1817 1819 1821 1820
f 1818 1821 2040 2039
f 2041 2037 1818 2039
f 2040 1821 1819 2038
f 1831 1824 1822 1825
f 1822 1823 1834 1825
f 2244 1834 1823 2241
f 1829 1826 1824 1830
f 1833 1830 1824 1831
f 1825 1834 1835 1836
f 1837 1831 1825 1836
f 1830 1828 1827 1829
f 1828 1830 1833 1832
f 1839 1833 1831 1837
f 1832 1833 1839 1838
f 2245 1835 1834 2244
f 1846 1836 1835 1840
f 2246 1841 1835 2245
f 1844 1837 1836 1846
f 1845 1839 1837 1844
f 1838 1839 1845 1843
f 1853 1846 1840 1854
f 1840 1841 1905 1854
f 2265 1905 1841 2246
f 1843 1845 1850 1847
f 1850 1845 1844 1852
f 1844 1846 1853 1852
f 1851 1848 1847 1850
f 1848 1851 2062 2060
f 1850 1852 1849 1851
f 1849 1852 1853 2063
f 2062 1851 1849 2061
f 2065 2061 1849 2063
f 1853 1854 2064 2063
f 1854 1905 2067 2064
f 1861 1856 1855 1859
f 1862 1857 1856 1861
f 1864 1860 1858 1863
f 1859 1860 1864 1870
f 1874 1861 1859 1870
f 1884 1862 1861 1874
f 1908 1889 1862 1884
f 1867 1864 1863 1865
f 1864 1867 1866 1870
f 2442 1867 1865 2441
f 1874 1870 1866 1878
f 1866 1867 2442 2531
f 2532 1878 1866 2531
f 1873 1869 1868 1872
f 1868 1870 1875 1872
f 1869 1873 1898 1893
f 1870 1871 1876 1875
f 1879 1876 1871 1877
f 1881 1873 1872 1880
f 1872 1875 1882 1880
f 1873 1881 1906 1898
f 1874 1878 2534 1884
f 1875 1876 1883 1882
f 1876 1879 1888 1883
f 1903 1879 1877 1901
f 1878 2532 2533 2534
f 1918 1888 1879 1903
f 1880 1882 1886 1885
f 1881 1885 1910 1906
f 1882 1883 1887 1886
f 2538 1908 1884 2534
f 1885 1886 1912 1910
f 1886 1887 1913 1912
f 1887 1888 1918 1913
f 1916 1891 1889 1908
f 1917 1892 1890 1900
f 1892 1917 2271 2266
f 1899 1895 1893 1898
f 1907 1899 1898 1906
f 2541 1917 1900 2539
f 1901 1902 1904 1903
f 1903 1904 1919 1918
f 2401 2067 1905 2265
f 1911 1907 1906 1910
f 2540 1916 1908 2538
f 1914 1911 1910 1912
f 1912 1913 1915 1914
f 1919 1915 1913 1918
f 2709 2271 1917 2541
f 1920 1921 1928 1933
f 1931 1925 1920 1933
f 1921 1926 1934 1928
f 1935 1927 1923 1929
f 1926 1927 1935 1934
f 1938 1933 1928 1939
f 1928 1934 1942 1939
f 1929 1930 1940 1941
f 1930 1932 1937 1940
f 1937 1932 1931 1936
f 1931 1933 1938 1936
f 1934 1935 1943 1942
f 1990 1937 1936 1988
f 1936 1956 1998 1994
f 1937 1990 1989 1940
f 1938 1939 1958 1957
f 1939 1942 1944 1958
f 1940 1989 1986 1941
f 2002 1963 1941 2001
f 1942 1943 1945 1944
f 1944 1945 1960 1961
f 1962 1958 1944 1961
f 1946 1947 1949 1948
f 1947 1950 1951 1949
f 1948 1949 1971 1970
f 1949 1951 1972 1971
f 1954 1951 1950 1952
f 1951 1954 1973 1972
f 1952 1953 1955 1954
f 1985 1955 1953 1984
f 1954 1955 1974 1973
f 2014 1974 1955 1985
f 1956 1967 1969 1968
f 1956 1968 1999 1998
f 1957 1958 1962 1959
f 1959 1962 1969 1967
f 1966 1961 1960 1964
f 1969 1962 1961 1966
f 1966 1964 1963 1965
f 2011 1965 1963 2002
f 1965 1968 1969 1966
f 1999 1968 1965 2011
f 1970 1971 1977 1975
f 1971 1972 1979 1977
f 1972 1973 1980 1979
f 1973 1974 1981 1980
f 1978 1976 1975 1977
f 1976 1978 2351 2350
f 1982 1978 1977 1979
f 1978 1982 2358 2351
f 1979 1980 1983 1982
f 1980 1981 2015 1983
f 1982 1983 2355 2358
f 1983 2015 2353 2355
f 2007 1985 1984 2004
f 1986 1987 2000 2001
f 1987 1992 1996 2000
f 1995 1991 1988 1994
f 1992 1993 1997 1996
f 2019 1995 1994 1998
f 1996 1997 2010 2008
f 1997 2017 2023 2010
f 1998 1999 2005 2019
f 1999 2011 2012 2005
f 2002 2001 2000 2003
f 2009 2003 2000 2008
f 2002 2003 2012 2011
f 2003 2009 2013 2012
f 2005 2012 2013 2022
f 2020 2019 2005 2022
f 2006 2024 2029 2027
f 2028 2009 2008 2010
f 2010 2023 2026 2028
f 2026 2022 2013 2028
f 2023 2017 2016 2018
f 2018 2020 2026 2023
f 2021 2027 2370 2367
f 2371 2029 2025 2369
f 2027 2029 2371 2370
f 2030 2031 2052 2047
f 2031 2032 2049 2052
f 2033 2034 2391 2390
f 2034 2035 2392 2391
f 2036 2037 2041 2042
f 2045 2044 2036 2042
f 2048 2040 2038 2047
f 2039 2040 2048 2051
f 2054 2041 2039 2051
f 2043 2042 2041 2054
f 2046 2045 2042 2043
f 2043 2054 2055 2069
f 2070 2046 2043 2069
f 2044 2045 2395 2393
f 2045 2046 2398 2395
f 2046 2070 2405 2398
f 2056 2048 2047 2052
f 2053 2051 2048 2056
f 2056 2052 2049 2050
f 2049 2060 2062 2050
f 2053 2056 2050 2057
f 2050 2062 2061 2057
f 2051 2053 2055 2054
f 2053 2057 2058 2055
f 2059 2069 2055 2058
f 2057 2061 2065 2058
f 2066 2059 2058 2065
f 2068 2071 2059 2066
f 2070 2069 2059 2071
f 2063 2064 2066 2065
f 2064 2067 2068 2066
f 2403 2068 2067 2401
f 2406 2071 2068 2403
f 2070 2071 2406 2405
f 2072 2074 2075 2073
f 2073 2075 2081 2076
f 2080 2075 2074 2079
f 2075 2080 2082 2081
f 2095 2094 2076 2081
f 2085 2078 2077 2088
f 2078 2085 4692 4689
f 2084 2080 2079 2083
f 2091 2082 2080 2084
f 2081 2082 2097 2095
f 2082 2091 2103 2097
f 2092 2084 2083 2086
f 2093 2091 2084 2092
f 2085 2089 4696 4692
f 2362 2092 2086 2350
f 2089 2090 4697 4696
f 2090 2196 4831 4697
f 2363 2093 2092 2362
f 2385 2103 2093 2363
f 2096 2104 2383 2099
f 2382 2106 2098 2101
f 2384 2100 2099 2383
f 2387 2102 2100 2384
f 2101 2102 2387 2382
f 2223 2108 2105 2204
f 2107 2108 2223 2218
f 2112 2111 2110 2113
f 2114 2113 2110 2115
f 2110 2111 2117 2116
f 2123 2115 2110 2116
f 2111 2112 2134 2133
f 2149 2117 2111 2133
f 2114 2115 4098 4099
f 2115 2123 4105 4098
f 2116 2117 2118 2119
f 2116 2119 2124 2123
f 2150 2118 2117 2149
f 2125 2119 2118 2120
f 2173 2120 2118 2150
f 2128 2124 2119 2125
f 2126 2125 2120 2175
f 2120 2173 2174 2175
f 2121 2122 2127 2126
f 2175 2172 2121 2126
f 4107 2127 2122 4104
f 2123 2124 4106 4105
f 2124 2128 4108 4106
f 2125 2126 2127 2128
f 4108 2128 2127 4107
f 2129 2131 2132 2135
f 2129 2135 2139 2138
f 2147 2131 2129 2144
f 2129 2138 2156 2144
f 2131 2133 2134 2132
f 2149 2133 2131 2147
f 2136 2278 4371 4234
f 2138 2139 2141 2140
f 2138 2140 2158 2156
f 2140 2141 2142 2143
f 2140 2143 2160 2158
f 2279 2143 2142 2280
f 2294 2160 2143 2279
f 2148 2147 2144 2152
f 2157 2152 2144 2156
f 2154 2146 2145 2153
f 2174 2153 2145 2171
f 2146 2154 2167 2162
f 2150 2149 2147 2148
f 2148 2152 2155 2151
f 2173 2150 2148 2151
f 2154 2153 2151 2155
f 2174 2173 2151 2153
f 2165 2155 2152 2157
f 2154 2155 2165 2167
f 2159 2157 2156 2158
f 2157 2159 2166 2165
f 2161 2159 2158 2160
f 2159 2161 2169 2166
f 2296 2161 2160 2294
f 2298 2169 2161 2296
f 2168 2163 2162 2167
f 2170 2164 2163 2168
f 2164 2170 2297 2295
f 2168 2167 2165 2166
f 2170 2168 2166 2169
f 2297 2170 2169 2298
f 2171 2172 2175 2174
f 2182 2177 2176 2181
f 2176 2178 2183 2181
f 2177 2182 4143 4140
f 2178 2179 2186 2183
f 2179 2180 2188 2186
f 4165 2188 2180 4157
f 2181 2183 2185 2184
f 4160 2182 2181 2184
f 4144 4143 2182 4160
f 2187 2185 2183 2186
f 4164 2187 2186 2188
f 4166 4164 2188 4165
f 2192 2190 2189 2191
f 2194 2192 2191 2193
f 2263 2194 2193 2262
f 2195 2261 2286 2275
f 2200 2198 2197 2201
f 2197 2199 2206 2201
f 2198 2200 2242 2241
f 2199 2202 2208 2206
f 2394 2208 2202 2393
f 2223 2204 2203 2222
f 2224 2222 2203 2390
f 2237 2207 2205 2236
f 2210 2209 2207 2237
f 2210 2237 2226 2392
f 2211 2212 2230 2228
f 2212 2216 2238 2230
f 2213 2215 2227 2229
f 2233 2214 2213 2229
f 2214 2233 4842 4838
f 2256 2238 2216 2251
f 2217 2218 2223 2222
f 2224 2219 2217 2222
f 2225 2220 2219 2224
f 2226 2221 2220 2225
f 2237 2236 2221 2226
f 2224 2390 2391 2225
f 2225 2391 2392 2226
f 2227 2228 2231 2229
f 2228 2230 2232 2231
f 2229 2231 2234 2233
f 2239 2232 2230 2238
f 2231 2232 2235 2234
f 2240 2235 2232 2239
f 2233 2234 4844 4842
f 2234 2235 4845 4844
f 2235 2240 4851 4845
f 2258 2239 2238 2256
f 2260 2240 2239 2258
f 2240 2260 4863 4851
f 2241 2242 2243 2244
f 2245 2244 2243 2247
f 2249 2246 2245 2247
f 2246 2249 2250 2265
f 2401 2265 2250 2402
f 2252 2253 2257 2255
f 2253 2254 2259 2257
f 4862 2259 2254 4857
f 2258 2256 2255 2257
f 2260 2258 2257 2259
f 4863 2260 2259 4862
f 2261 2264 2291 2286
f 2267 2263 2262 2266
f 2264 2268 2331 2291
f 2272 2267 2266 2271
f 2268 2269 2338 2331
f 2269 2270 2340 2338
f 2270 2273 2341 2340
f 2710 2272 2271 2709
f 2273 2274 2347 2341
f 2822 2347 2274 2711
f 2288 2277 2275 2286
f 2287 2278 2276 2290
f 2289 2278 2277 2288
f 2278 2287 4349 4371
f 2279 2280 2281 2282
f 2279 2282 2300 2294
f 2285 2282 2281 2284
f 2282 2285 2302 2300
f 2305 2285 2284 2304
f 2321 2302 2285 2305
f 2293 2288 2286 2291
f 2287 2290 2332 2335
f 2287 2335 4368 4349
f 2292 2289 2288 2293
f 2333 2293 2291 2331
f 2292 2293 2333 2334
f 2301 2296 2294 2300
f 2295 2297 2314 2311
f 2299 2298 2296 2301
f 2297 2298 2299 2314
f 2299 2301 2303 2316
f 2315 2314 2299 2316
f 2303 2301 2300 2302
f 2322 2303 2302 2321
f 2317 2316 2303 2322
f 2306 2305 2304 2308
f 2305 2306 2323 2321
f 2306 2308 2309 2310
f 2306 2310 2330 2323
f 4314 2310 2309 4313
f 4334 2330 2310 4314
f 2315 2312 2311 2314
f 2318 2313 2312 2315
f 2313 2318 2320 2319
f 2315 2316 2317 2318
f 2320 2318 2317 2325
f 2317 2322 2326 2325
f 2319 2320 2327 2324
f 2320 2325 2328 2327
f 2326 2322 2321 2323
f 2329 2326 2323 2330
f 2324 2327 4332 4331
f 2325 2326 2329 2328
f 2327 2328 4333 4332
f 2328 2329 4335 4333
f 2329 2330 4334 4335
f 2339 2333 2331 2338
f 2345 2335 2332 2337
f 2336 2334 2333 2339
f 2335 2345 4369 4368
f 2336 2339 2342 2343
f 2807 2345 2337 2805
f 2342 2339 2338 2340
f 2340 2341 2344 2342
f 2348 2344 2341 2347
f 2346 2343 2342 2344
f 2349 2346 2344 2348
f 2345 2807 4942 4369
f 2823 2348 2347 2822
f 2806 2349 2348 2823
f 2350 2351 2352 2362
f 2359 2352 2351 2358
f 2352 2359 2361 2364
f 2363 2362 2352 2364
f 2356 2355 2353 2354
f 2360 2356 2354 2357
f 2359 2358 2355 2356
f 2361 2359 2356 2360
f 2357 2368 2373 2360
f 2375 2361 2360 2373
f 2386 2364 2361 2375
f 2363 2364 2386 2385
f 2365 2374 2376 2388
f 2384 2383 2365 2388
f 2379 2378 2366 2389
f 2366 2382 2387 2389
f 2367 2370 2380 2372
f 2381 2371 2369 2377
f 2370 2371 2381 2380
f 2376 2374 2372 2380
f 2376 2380 2381 2379
f 2389 2388 2376 2379
f 2377 2378 2379 2381
f 2389 2387 2384 2388
f 2396 2394 2393 2395
f 2397 2396 2395 2398
f 2397 2398 2405 2399
f 2399 2405 2406 2400
f 2400 2406 2403 2404
f 2401 2402 2404 2403
f 2411 2408 2407 2410
f 2414 2409 2408 2411
f 2413 2411 2410 2412
f 2415 2414 2411 2413
f 2416 2420 2421 2431
f 2416 2431 2440 2438
f 2417 2418 2424 2423
f 2459 2418 2417 2458
f 2419 2424 2418 2466
f 2418 2459 2460 2466
f 2434 2424 2419 2437
f 2419 2466 2469 2470
f 2508 2437 2419 2470
f 2421 2422 2432 2431
f 2422 2425 2433 2432
f 2423 2424 2434 2426
f 2425 2427 2436 2433
f 2435 2428 2426 2434
f 2447 2436 2427 2445
f 2429 2430 2453 2452
f 2520 2453 2430 2478
f 2431 2432 2439 2440
f 2432 2433 2443 2439
f 2433 2436 2444 2443
f 2479 2435 2434 2437
f 2454 2444 2436 2447
f 2481 2479 2437 2508
f 2438 2440 2442 2441
f 2442 2440 2439 2531
f 2532 2531 2439 2443
f 2533 2532 2443 2444
f 2444 2454 2542 2533
f 2447 2449 2456 2454
f 2448 2450 2457 2455
f 2603 2457 2450 2695
f 2451 2452 2580 2579
f 2452 2453 2621 2580
f 2453 2520 2624 2621
f 2454 2456 2535 2542
f 2455 2457 2537 2536
f 2714 2537 2457 2603
f 2477 2459 2458 2476
f 2461 2460 2459 2477
f 2460 2461 2468 2467
f 2469 2466 2460 2467
f 2462 2463 2461 2477
f 2463 2464 2472 2468
f 2464 2465 2474 2472
f 2490 2474 2465 2482
f 2467 2468 2472 2471
f 2475 2469 2467 2471
f 2505 2470 2469 2475
f 2470 2505 2509 2508
f 2471 2472 2474 2473
f 2471 2473 2506 2475
f 2473 2474 2490 2489
f 2473 2489 2493 2506
f 2507 2505 2475 2506
f 2478 2480 2523 2520
f 2480 2512 2524 2523
f 2481 2508 2509 2511
f 2482 2483 2492 2490
f 2483 2484 2498 2488
f 2488 2498 2485 2487
f 2494 2487 2485 2544
f 2499 2486 2485 2498
f 2485 2486 2543 2544
f 2492 2488 2487 2491
f 2496 2491 2487 2494
f 2489 2490 2492 2491
f 2489 2491 2496 2493
f 2493 2496 2497 2515
f 2507 2506 2493 2515
f 2494 2495 2497 2496
f 2494 2544 2546 2495
f 2519 2497 2495 2504
f 2551 2504 2495 2546
f 2516 2515 2497 2519
f 2521 2522 2500 2550
f 2530 2501 2500 2522
f 2528 2517 2501 2530
f 2504 2503 2502 2519
f 2502 2518 2516 2519
f 2503 2504 2551 2552
f 2505 2507 2510 2509
f 2507 2515 2516 2510
f 2514 2511 2509 2510
f 2518 2514 2510 2516
f 2512 2513 2526 2524
f 2513 2517 2528 2526
f 2520 2523 2625 2624
f 2521 2550 2548 2554
f 2521 2554 2651 2656
f 2657 2522 2521 2656
f 2654 2530 2522 2657
f 2523 2524 2525 2625
f 2527 2525 2524 2526
f 2525 2527 2629 2628
f 2529 2527 2526 2528
f 2527 2529 2652 2629
f 2528 2530 2654 2529
f 2653 2652 2529 2654
f 2538 2534 2533 2542
f 2535 2540 2538 2542
f 2541 2539 2536 2537
f 2709 2541 2537 2714
f 2546 2544 2543 2545
f 2551 2546 2545 2547
f 2547 2549 2552 2551
f 2651 2554 2553 2649
f 2555 2556 2558 2557
f 2572 2556 2555 2568
f 2560 2558 2556 2561
f 2562 2561 2556 2572
f 2559 2565 2658 2647
f 2560 2561 2566 2564
f 2561 2562 2563 2566
f 2562 2572 2574 2575
f 2577 2563 2562 2575
f 2825 2566 2563 2826
f 2563 2577 2845 2826
f 2564 2566 2825 2824
f 2659 2658 2565 2829
f 2571 2569 2567 2570
f 2568 2569 2574 2572
f 2569 2571 2573 2574
f 2575 2574 2573 2576
f 2575 2576 2578 2577
f 2577 2578 2846 2845
f 2579 2580 2608 2606
f 2622 2608 2580 2621
f 2581 2582 2584 2583
f 2612 2584 2582 2609
f 2583 2584 2586 2585
f 2631 2586 2584 2612
f 2585 2586 2588 2587
f 2632 2588 2586 2631
f 2587 2588 2590 2589
f 2637 2590 2588 2632
f 2589 2590 2592 2591
f 2661 2592 2590 2637
f 2591 2592 2594 2593
f 2666 2594 2592 2661
f 2593 2594 2602 2601
f 2665 2602 2594 2666
f 2598 2596 2595 2597
f 2596 2598 2679 2675
f 2600 2598 2597 2599
f 2598 2600 2688 2679
f 2599 2601 2602 2600
f 2600 2602 2665 2688
f 2603 2695 2696 2604
f 2603 2604 2715 2714
f 2605 2708 2745 2719
f 2816 2716 2605 2719
f 2614 2610 2607 2613
f 2619 2613 2607 2616
f 2609 2611 2615 2612
f 2611 2646 2647 2615
f 2612 2615 2633 2631
f 2626 2614 2613 2627
f 2613 2619 2630 2627
f 2615 2647 2658 2633
f 2616 2618 2620 2619
f 2619 2620 2641 2630
f 2623 2622 2621 2624
f 2623 2624 2625 2628
f 2626 2627 2636 2634
f 2627 2630 2643 2636
f 2630 2641 2642 2643
f 2635 2632 2631 2633
f 2632 2635 2640 2637
f 2633 2658 2659 2635
f 2634 2636 2639 2638
f 2660 2640 2635 2659
f 2644 2639 2636 2643
f 2637 2640 2663 2661
f 2638 2639 2664 2662
f 2639 2644 2670 2664
f 2640 2660 2701 2663
f 2644 2643 2642 2645
f 2644 2645 2671 2670
f 2651 2649 2648 2650
f 2656 2651 2650 2655
f 2653 2654 2657 2655
f 2660 2829 2835 2701
f 2661 2663 2667 2666
f 2662 2664 2669 2668
f 2703 2667 2663 2701
f 2673 2669 2664 2670
f 2665 2666 2667 2693
f 2689 2688 2665 2693
f 2702 2693 2667 2703
f 2668 2669 2694 2692
f 2669 2673 2700 2694
f 2670 2671 2674 2673
f 2673 2674 2672 2700
f 2672 2699 2698 2700
f 2681 2677 2675 2679
f 2683 2678 2676 2680
f 2677 2681 2705 2704
f 2686 2684 2678 2683
f 2689 2681 2679 2688
f 2691 2683 2680 2690
f 2681 2689 2706 2705
f 2732 2697 2682 2729
f 2698 2686 2683 2691
f 2687 2685 2684 2686
f 2699 2687 2686 2698
f 2689 2693 2702 2706
f 2690 2692 2694 2691
f 2691 2694 2700 2698
f 2741 2707 2697 2732
f 2842 2703 2701 2835
f 2866 2706 2702 2842
f 2866 2862 2705 2706
f 2745 2708 2707 2741
f 2715 2710 2709 2714
f 2711 2713 2808 2822
f 2808 2713 2712 2809
f 2712 2717 2819 2809
f 2819 2717 2716 2816
f 2749 2725 2718 2736
f 2746 2723 2719 2745
f 2719 2723 2818 2816
f 2720 2733 2742 2722
f 2720 2722 2820 2814
f 2721 2724 2723 2746
f 2744 2743 2721 2746
f 2722 2742 4941 4893
f 4943 2820 2722 4893
f 2723 2724 2817 2818
f 2752 2726 2725 2749
f 2759 2727 2726 2752
f 2802 2728 2727 2759
f 2728 2802 4894 4889
f 2729 2730 2734 2732
f 2730 2731 2735 2734
f 2732 2734 2744 2741
f 2734 2735 2743 2744
f 2736 2747 2750 2749
f 2753 2738 2737 2754
f 2737 2739 2773 2754
f 2738 2753 4912 4907
f 2739 2740 2774 2773
f 2740 2767 2769 2774
f 2746 2745 2741 2744
f 2747 2748 2755 2750
f 2749 2750 2751 2752
f 2756 2751 2750 2755
f 2759 2752 2751 2760
f 2751 2756 2762 2760
f 2753 2754 2758 2757
f 2753 2757 4902 4912
f 2777 2758 2754 2773
f 2757 2758 2763 2764
f 2757 2764 4899 4902
f 2795 2763 2758 2777
f 2759 2760 2761 2802
f 2765 2761 2760 2762
f 4894 2802 2761 4895
f 2761 2765 4898 4895
f 2766 2764 2763 2803
f 2763 2795 2804 2803
f 2766 2803 4900 4899
f 2767 2768 2770 2769
f 2772 2770 2768 2771
f 2769 2770 2775 2776
f 2778 2774 2769 2776
f 2770 2772 2783 2775
f 2772 2779 2784 2783
f 2773 2774 2778 2777
f 2793 2776 2775 2794
f 2775 2783 2800 2794
f 2796 2778 2776 2793
f 2777 2778 2796 2795
f 2779 2780 2785 2784
f 2780 2781 2786 2785
f 2781 2782 2787 2786
f 2784 2785 2791 2790
f 2784 2790 2801 2800
f 2785 2786 2792 2791
f 2786 2787 2788 2792
f 2788 2789 4923 2792
f 2789 4917 4918 4923
f 2790 2791 4922 4920
f 4934 2801 2790 4920
f 2791 2792 4923 4922
f 2793 2794 2797 2798
f 2799 2796 2793 2798
f 2794 2800 2801 2797
f 2795 2796 2799 2804
f 4926 2798 2797 4927
f 2797 2801 4934 4927
f 4929 2799 2798 4926
f 4928 2804 2799 4929
f 2803 2804 4928 4900
f 2820 2807 2805 2814
f 2811 2812 2806 2823
f 2807 2820 4943 4942
f 2808 2809 2813 2811
f 2823 2822 2808 2811
f 2821 2813 2809 2819
f 2810 2812 2811 2813
f 2810 2813 2821 2815
f 2818 2817 2815 2821
f 2816 2818 2821 2819
f 2824 2825 2828 2827
f 2825 2826 2830 2828
f 2847 2830 2826 2845
f 2827 2828 2831 2833
f 2828 2830 2832 2831
f 2849 2832 2830 2847
f 2834 2833 2831 2836
f 2831 2832 2837 2836
f 2857 2837 2832 2849
f 2834 2836 2839 2838
f 2836 2837 2840 2839
f 2853 2840 2837 2857
f 2838 2839 2843 2841
f 2839 2840 2844 2843
f 2855 2844 2840 2853
f 2841 2843 2869 2865
f 2843 2844 2870 2869
f 2844 2855 2883 2870
f 2845 2846 2848 2847
f 2847 2848 2850 2849
f 2849 2850 2852 2857
f 2853 2857 2852 2854
f 2853 2854 2856 2855
f 2855 2856 2884 2883
f 2863 2861 2858 2871
f 2858 2864 2867 2871
f 2863 2860 2859 2861
f 2860 2863 2879 2874
f 2863 2871 2872 2879
f 2864 2865 2869 2867
f 2867 2869 2870 2868
f 2872 2871 2867 2868
f 2868 2870 2883 2881
f 2886 2872 2868 2881
f 2880 2879 2872 2886
f 2877 2876 2873 2875
f 2880 2875 2874 2879
f 2878 2877 2875 2880
f 2886 2885 2878 2880
f 2884 2882 2881 2883
f 2881 2882 2885 2886
f 2887 3011 3010 3012
f 2887 3012 3014 3013
f 2888 2890 2896 2895
f 2897 2889 2888 2895
f 2888 2889 3020 3019
f 3021 2890 2888 3019
f 2889 2897 2899 2898
f 2889 2898 3028 3020
f 2890 2892 2891 2896
f 3022 2892 2890 3021
f 2891 2892 2893 2894
f 3023 2893 2892 3022
f 2906 2894 2893 2907
f 3034 2907 2893 3023
f 2898 2899 2901 2900
f 2898 2900 3029 3028
f 2900 2901 2903 2902
f 2900 2902 3030 3029
f 2902 2903 2905 2904
f 2902 2904 3031 3030
f 2904 2905 2923 2927
f 2904 2927 3043 3031
f 2906 2907 2909 2908
f 3035 2909 2907 3034
f 2908 2909 2910 2911
f 3036 2910 2909 3035
f 2913 2911 2910 2914
f 3038 2914 2910 3036
f 2913 2914 2916 2915
f 3039 2916 2914 3038
f 2915 2916 2918 2917
f 3040 2918 2916 3039
f 2917 2918 2921 2919
f 3042 2921 2918 3040
f 2922 2920 2919 2921
f 2920 2922 2932 2929
f 3041 2922 2921 3042
f 3048 2932 2922 3041
f 2928 2927 2923 2924
f 2924 2925 2926 2928
f 2931 2926 2925 2930
f 3044 2928 2926 3046
f 2926 2931 3047 3046
f 2927 2928 3044 3043
f 2931 2930 2929 2932
f 2931 2932 3048 3047
f 2933 2935 2937 2936
f 3053 2934 2933 3052
f 2933 2936 3062 3052
f 2939 2935 2934 3134
f 2934 3053 3135 3134
f 2940 2937 2935 2939
f 2936 2938 3063 3062
f 3155 2938 2937 2940
f 3156 3063 2938 3155
f 2939 3134 3413 3412
f 3477 2940 2939 3412
f 3478 3155 2940 3477
f 2943 2942 2941 2947
f 2941 2946 2948 2947
f 2941 2942 3312 3311
f 3316 2946 2941 3311
f 2942 2943 2944 2945
f 2942 2945 3313 3312
f 2943 2947 2951 2953
f 2952 2944 2943 2953
f 3750 2945 2944 3749
f 2944 2952 3754 3749
f 3877 3313 2945 3750
f 2950 2948 2946 2949
f 3319 2949 2946 3316
f 2947 2948 2957 2951
f 2948 2950 3335 2957
f 3338 2950 2949 3337
f 2949 3319 3636 3337
f 3341 3335 2950 3338
f 2954 2953 2951 2956
f 2958 2956 2951 2957
f 2952 2953 2954 2955
f 2952 2955 3755 3754
f 3323 2955 2954 3322
f 2954 2956 3324 3322
f 2955 3323 3882 3755
f 2956 2958 3325 3324
f 3336 2958 2957 3335
f 3635 3325 2958 3336
f 2965 2960 2959 2964
f 2977 2964 2959 2974
f 2966 2961 2960 2965
f 2969 2962 2961 2966
f 2972 2963 2962 2969
f 2968 2965 2964 2967
f 2979 2967 2964 2977
f 2970 2966 2965 2968
f 2971 2969 2966 2970
f 2981 2968 2967 2982
f 2967 2979 2995 2982
f 2983 2970 2968 2981
f 2969 2971 2973 2972
f 2984 2971 2970 2983
f 2985 2973 2971 2984
f 2974 2975 2978 2977
f 2976 4097 4119 2997
f 2977 2978 2980 2979
f 2979 2980 2996 2995
f 2981 2982 2987 2989
f 2988 2983 2981 2989
f 2998 2987 2982 2995
f 2990 2984 2983 2988
f 2986 2985 2984 2990
f 2986 2990 2992 2994
f 2991 2989 2987 3076
f 2987 2998 3079 3076
f 2988 2989 2991 2993
f 2992 2990 2988 2993
f 2991 3076 3078 3077
f 3094 2993 2991 3077
f 3055 2994 2992 3093
f 2992 2993 3094 3093
f 2995 2996 2999 2998
f 2997 4119 4228 3122
f 2998 2999 3000 3079
f 3081 3079 3000 3080
f 3005 3002 3001 3003
f 3008 3003 3001 3007
f 3003 3004 3006 3005
f 3009 3004 3003 3008
f 3004 3010 3011 3006
f 3004 3009 3015 3010
f 3016 3012 3010 3015
f 3017 3014 3012 3016
f 3013 3014 3051 3050
f 3014 3017 3054 3051
f 3025 3026 3027 3194
f 3197 3032 3025 3194
f 3196 3194 3027 3195
f 3045 3066 3068 3203
f 3202 3201 3045 3203
f 3050 3051 3057 3056
f 3051 3054 3070 3057
f 3063 3053 3052 3062
f 3053 3063 3156 3135
f 3055 3093 3095 3100
f 3056 3057 3059 3058
f 3071 3059 3057 3070
f 3058 3059 3061 3060
f 3072 3061 3059 3071
f 3060 3061 3069 3064
f 3075 3069 3061 3072
f 3067 3065 3064 3069
f 3068 3066 3065 3067
f 3074 3068 3067 3073
f 3067 3069 3075 3073
f 3206 3203 3068 3074
f 3081 3078 3076 3079
f 3096 3094 3077 3097
f 3077 3078 3102 3097
f 3078 3081 3123 3102
f 3123 3081 3080 3121
f 3085 3083 3082 3084
f 3091 3084 3082 3090
f 3082 3083 3136 3137
f 3178 3090 3082 3137
f 3083 3085 3088 3086
f 3083 3086 3145 3136
f 3357 3085 3084 3358
f 3084 3091 3376 3358
f 3361 3088 3085 3357
f 3086 3087 3146 3145
f 3364 3087 3086 3088
f 3087 3089 3149 3146
f 3088 3361 3362 3364
f 3362 3363 3089 3364
f 3092 3180 4276 4523
f 4525 3381 3092 4523
f 3093 3094 3096 3095
f 3095 3096 3098 3099
f 3101 3100 3095 3099
f 3096 3097 3103 3098
f 3097 3102 3104 3103
f 3106 3099 3098 3113
f 3098 3103 3114 3113
f 3109 3101 3099 3106
f 3124 3104 3102 3123
f 3103 3104 3105 3114
f 3126 3105 3104 3124
f 3116 3114 3105 3117
f 3130 3117 3105 3126
f 3110 3109 3106 3107
f 3106 3113 3115 3107
f 3111 3110 3107 3108
f 3118 3108 3107 3115
f 3112 3111 3108 3252
f 3108 3118 3253 3252
f 3112 3252 3251 3259
f 3113 3114 3116 3115
f 3115 3116 3119 3118
f 3116 3117 3120 3119
f 3133 3120 3117 3130
f 3118 3119 3260 3253
f 3119 3120 3261 3260
f 3120 3133 3273 3261
f 3124 3123 3121 3125
f 3122 4228 4235 3129
f 3124 3125 3128 3126
f 3126 3128 3131 3130
f 3127 3193 3333 3327
f 3129 4235 4377 3276
f 3130 3131 3132 3133
f 3273 3133 3132 3274
f 3134 3135 3414 3413
f 3135 3156 3479 3414
f 3138 3137 3136 3139
f 3147 3139 3136 3145
f 3137 3138 3179 3178
f 3138 3139 3141 3142
f 3138 3142 3182 3179
f 3150 3141 3139 3147
f 3140 3142 3141 3143
f 3140 3143 3157 3158
f 3182 3142 3140 3181
f 3140 3158 3185 3181
f 3144 3143 3141 3150
f 3143 3144 3163 3157
f 3144 3150 3151 3153
f 3144 3153 3164 3163
f 3145 3146 3148 3147
f 3147 3148 3151 3150
f 3148 3149 3152 3151
f 3166 3164 3154 3169
f 3479 3156 3155 3478
f 3159 3158 3157 3160
f 3165 3160 3157 3163
f 3158 3159 3187 3185
f 3159 3160 3161 3162
f 3159 3162 3188 3187
f 3167 3161 3160 3165
f 3170 3162 3161 3171
f 3161 3167 3172 3171
f 3162 3170 3190 3188
f 3163 3164 3166 3165
f 3165 3166 3168 3167
f 3167 3168 3173 3172
f 3168 3169 3174 3173
f 3170 3171 3176 3175
f 3170 3175 3192 3190
f 3171 3172 3177 3176
f 3172 3173 3481 3177
f 3173 3174 3482 3481
f 3175 3176 3599 3600
f 3612 3192 3175 3600
f 3176 3177 3484 3599
f 3177 3481 3483 3484
f 3180 3184 4269 4276
f 3184 3191 4282 4269
f 3189 3190 3192 3613
f 3191 3615 4736 4282
f 3193 4234 4371 3333
f 3194 3196 3198 3197
f 3200 3196 3195 3199
f 3204 3198 3196 3200
f 3202 3200 3199 3201
f 3200 3202 3205 3204
f 3202 3203 3206 3205
f 3213 3208 3207 3212
f 3207 3211 3219 3212
f 3216 3209 3208 3213
f 3217 3210 3209 3216
f 3210 3217 3223 3221
f 3215 3213 3212 3214
f 3212 3219 3220 3214
f 3213 3215 3218 3216
f 3232 3215 3214 3233
f 3214 3220 3237 3233
f 3234 3218 3215 3232
f 3235 3217 3216 3218
f 3243 3223 3217 3235
f 3218 3234 3236 3235
f 3224 3222 3221 3223
f 3225 3224 3223 3243
f 3244 3242 3225 3243
f 3226 3228 3227 3238
f 3226 3229 3231 3228
f 3232 3233 3226 3238
f 3237 3229 3226 3233
f 3239 3238 3227 3264
f 3227 3228 3256 3255
f 3227 3255 3257 3264
f 3228 3231 3230 3256
f 3251 3256 3230 3259
f 3239 3234 3232 3238
f 3240 3236 3234 3239
f 3235 3236 3244 3243
f 3236 3240 3246 3244
f 3239 3264 3265 3240
f 3278 3246 3240 3265
f 4350 4345 3241 3247
f 3242 3244 3246 3245
f 3245 3246 3278 3279
f 4377 4350 3247 3276
f 3305 3250 3248 3286
f 3328 3286 3248 3327
f 3249 3250 3305 3310
f 3249 3310 3858 3781
f 3251 3252 3253 3254
f 3255 3256 3251 3254
f 3262 3254 3253 3260
f 3257 3255 3254 3262
f 3257 3262 3263 3258
f 3265 3264 3257 3258
f 3258 3263 3277 3271
f 3278 3265 3258 3271
f 3260 3261 3263 3262
f 3277 3263 3261 3273
f 3270 3267 3266 3269
f 3266 3268 3854 3855
f 3856 3269 3266 3855
f 3653 3268 3267 3652
f 3267 3270 3655 3652
f 3268 3653 4034 3854
f 3332 3270 3269 3331
f 3924 3331 3269 3856
f 3275 3272 3271 3277
f 3271 3272 3279 3278
f 3273 3274 3275 3277
f 3280 3281 3284 3283
f 3285 3282 3280 3283
f 3304 3281 3280 3303
f 3280 3282 3306 3303
f 3282 3285 3288 3287
f 3282 3287 3308 3306
f 3283 3284 3327 3326
f 3329 3285 3283 3326
f 3330 3288 3285 3329
f 3289 3291 3292 3307
f 3289 3290 3295 3291
f 3304 3303 3289 3307
f 3289 3303 3306 3290
f 3300 3295 3290 3309
f 3290 3306 3308 3309
f 3294 3292 3291 3293
f 3296 3293 3291 3295
f 3298 3294 3293 3297
f 3293 3296 3299 3297
f 3301 3296 3295 3300
f 3302 3299 3296 3301
f 3297 3299 3853 3852
f 3857 3298 3297 3852
f 3299 3302 3863 3853
f 3311 3312 3314 3317
f 3321 3316 3311 3317
f 3312 3313 3315 3314
f 3878 3315 3313 3877
f 3320 3319 3316 3321
f 3318 3645 4026 3885
f 3319 3320 3637 3636
f 4409 3332 3331 4408
f 3331 3924 5007 4408
f 3342 3336 3335 3341
f 3336 3342 3640 3635
f 3340 3338 3337 3339
f 3638 3339 3337 3636
f 3338 3340 3343 3341
f 3348 3340 3339 3349
f 3644 3349 3339 3638
f 3345 3343 3340 3348
f 3344 3342 3341 3343
f 3342 3344 3641 3640
f 3346 3344 3343 3345
f 3344 3346 3642 3641
f 3347 3346 3345 3350
f 3345 3348 3353 3350
f 3346 3347 3643 3642
f 3347 3350 3351 3352
f 3347 3352 3647 3643
f 3348 3349 3354 3353
f 3648 3354 3349 3644
f 3355 3351 3350 3353
f 3990 3352 3351 3989
f 3351 3355 3993 3989
f 4022 3647 3352 3990
f 3353 3354 3356 3355
f 3649 3356 3354 3648
f 3355 3356 3994 3993
f 3356 3649 4024 3994
f 3357 3358 3360 3359
f 3357 3359 3365 3361
f 3378 3360 3358 3376
f 3359 3360 3367 3368
f 3372 3365 3359 3368
f 3379 3367 3360 3378
f 3366 3362 3361 3365
f 3363 3366 3373 3375
f 3373 3366 3365 3372
f 3370 3368 3367 3369
f 3382 3369 3367 3379
f 3368 3370 3371 3372
f 3384 3370 3369 3383
f 3369 3382 3404 3383
f 3387 3371 3370 3384
f 3373 3372 3371 3374
f 3388 3374 3371 3387
f 3389 3375 3374 3388
f 4543 3407 3381 4525
f 3385 3384 3383 3386
f 3406 3386 3383 3404
f 3384 3385 3391 3387
f 3392 3391 3385 3394
f 3385 3386 3395 3394
f 3408 3395 3386 3406
f 3390 3388 3387 3391
f 3389 3390 3393 3397
f 3390 3391 3392 3393
f 3396 3393 3392 3398
f 3392 3394 3399 3398
f 3394 3395 3400 3399
f 3410 3400 3395 3408
f 3396 3398 3402 3401
f 3398 3399 3403 3402
f 3399 3400 3543 3403
f 3400 3410 3544 3543
f 3401 3402 3520 3519
f 3402 3403 3545 3520
f 3403 3543 3546 3545
f 4686 3411 3407 4543
f 3544 3410 3409 3568
f 4695 3575 3411 4686
f 3412 3413 3421 3419
f 3422 3420 3419 3421
f 3420 3422 3423 3424
f 3474 3422 3421 3473
f 3475 3423 3422 3474
f 3426 3424 3423 3425
f 3476 3425 3423 3475
f 3500 3426 3425 3501
f 3425 3476 3514 3501
f 3427 3429 3428 3430
f 3427 3430 3432 3431
f 3440 3429 3427 3439
f 3427 3431 3441 3439
f 3428 3429 3445 3447
f 3429 3440 3464 3445
f 3431 3432 3434 3433
f 3431 3433 3442 3441
f 3433 3434 3435 3436
f 3433 3436 3443 3442
f 3438 3436 3435 3437
f 3436 3438 3444 3443
f 3455 3438 3437 3454
f 3469 3444 3438 3455
f 3448 3447 3445 3446
f 3465 3446 3445 3464
f 3449 3448 3446 3450
f 3466 3450 3446 3465
f 3449 3450 3452 3451
f 3467 3452 3450 3466
f 3451 3452 3502 3458
f 3452 3467 3507 3502
f 3457 3455 3454 3456
f 3455 3457 3470 3469
f 3461 3457 3456 3460
f 3457 3461 3471 3470
f 3503 3459 3458 3502
f 3463 3462 3459 3503
f 3463 3461 3460 3462
f 3461 3463 3472 3471
f 3463 3503 3508 3472
f 3489 3478 3477 3487
f 3601 3484 3483 3485
f 3602 3599 3484 3601
f 3604 3601 3485 3605
f 3487 3488 3490 3489
f 3493 3490 3488 3491
f 3489 3490 3496 3495
f 3490 3493 3497 3496
f 3491 3492 3494 3493
f 3524 3494 3492 3523
f 3493 3494 3498 3497
f 3527 3498 3494 3524
f 3500 3501 3505 3504
f 3515 3505 3501 3514
f 3508 3503 3502 3507
f 3504 3505 3511 3506
f 3516 3511 3505 3515
f 3512 3509 3506 3511
f 3513 3510 3509 3512
f 3510 3513 3526 3525
f 3517 3512 3511 3516
f 3518 3513 3512 3517
f 3513 3518 3528 3526
f 3519 3520 3547 3522
f 3520 3545 3548 3547
f 3522 3547 3551 3550
f 3526 3524 3523 3525
f 3524 3526 3528 3527
f 3529 3531 3532 3623
f 3610 3530 3529 3620
f 3619 3620 3529 3623
f 3537 3531 3530 3538
f 3539 3532 3531 3537
f 3535 3534 3533 3561
f 3533 3559 3560 3561
f 3538 3536 3534 3540
f 3534 3535 3541 3540
f 3535 3561 3563 3565
f 3541 3539 3537 3540
f 3539 3541 3565 3625
f 3542 3588 4711 4651
f 4754 3630 3542 4651
f 3543 3544 3569 3546
f 3545 3546 3549 3548
f 3570 3549 3546 3569
f 3547 3548 3555 3551
f 3548 3549 3556 3555
f 3573 3556 3549 3570
f 3550 3551 3554 3553
f 3557 3554 3551 3555
f 3560 3559 3553 3554
f 3555 3556 3558 3557
f 3574 3558 3556 3573
f 3557 3563 3561 3560
f 3557 3562 3564 3563
f 3590 3562 3558 3574
f 3591 3564 3562 3590
f 3566 3565 3563 3564
f 3593 3566 3564 3591
f 3627 3625 3565 3567
f 3594 3567 3566 3593
f 3567 3594 3634 3627
f 3579 3576 3571 3582
f 3571 3578 3585 3582
f 4711 3588 3575 4695
f 3577 3581 3657 3656
f 3596 3585 3578 3595
f 3579 3582 3583 3580
f 3584 3581 3580 3583
f 3581 3584 3658 3657
f 3586 3583 3582 3585
f 3587 3584 3583 3586
f 3584 3587 3659 3658
f 3597 3586 3585 3596
f 3598 3587 3586 3597
f 3587 3598 3689 3659
f 3634 3594 3592 3633
f 4702 3596 3595 4689
f 4703 3597 3596 4702
f 4704 3598 3597 4703
f 4830 3689 3598 4704
f 3603 3600 3599 3602
f 3600 3603 3614 3612
f 3606 3602 3601 3604
f 3607 3603 3602 3606
f 3603 3607 3616 3614
f 3604 3605 3609 3608
f 3621 3606 3604 3608
f 3607 3611 3618 3616
f 3608 3609 3620 3619
f 3628 3618 3611 3622
f 3615 3630 4754 4736
f 3619 3623 3625 3621
f 3621 3625 3626 3624
f 3622 3624 3631 3628
f 3624 3626 3632 3631
f 3626 3627 3634 3632
f 3636 3637 3639 3638
f 3638 3639 3646 3644
f 3644 3646 3650 3648
f 3651 3649 3648 3650
f 3649 3651 4025 4024
f 3684 3654 3652 3655
f 3653 3654 4035 4034
f 3654 3684 4036 4035
f 3697 3684 3655 3690
f 3660 3662 3663 3664
f 3665 3661 3660 3664
f 3661 3665 3670 3669
f 3673 3663 3662 3672
f 3666 3664 3663 3667
f 3674 3667 3663 3673
f 3668 3665 3664 3666
f 3665 3668 3671 3670
f 3676 3668 3666 3675
f 3677 3671 3668 3676
f 3669 3670 3681 3678
f 3670 3671 3682 3681
f 3671 3677 3686 3682
f 3692 3673 3672 3691
f 3693 3674 3673 3692
f 3694 3675 3674 3693
f 3695 3676 3675 3694
f 3696 3677 3676 3695
f 3699 3686 3677 3696
f 3679 3680 3678 3681
f 3679 3681 3682 3683
f 3685 3680 3679 3688
f 3679 3683 3687 3688
f 3684 3697 4064 4036
f 3685 3688 3701 3698
f 3700 3687 3686 3699
f 3701 3688 3687 3700
f 4856 3697 3690 4834
f 4839 3692 3691 4838
f 4840 3693 3692 4839
f 4841 3694 3693 4840
f 4854 3695 3694 4841
f 4855 3696 3695 4854
f 4858 3699 3696 4855
f 5127 4064 3697 4856
f 3698 3701 4860 4857
f 4859 3700 3699 4858
f 4860 3701 3700 4859
f 3702 3703 3710 3709
f 3702 3709 3719 3713
f 4789 3710 3703 4784
f 3707 3705 3704 3706
f 3704 3705 3717 3716
f 3730 3706 3704 3716
f 3705 3708 3731 3717
f 4787 3707 3706 4786
f 3706 3730 4798 4786
f 4788 3708 3707 4787
f 4800 3731 3708 4788
f 3709 3710 3711 3732
f 3720 3719 3709 3732
f 4790 3711 3710 4789
f 3733 3732 3711 3735
f 4799 3735 3711 4790
f 3712 3713 3719 3718
f 3723 3714 3712 3718
f 3724 3715 3714 3723
f 3715 3724 3740 3737
f 3718 3719 3720 3721
f 3718 3721 3725 3723
f 3722 3721 3720 3734
f 3720 3732 3733 3734
f 3721 3722 3726 3725
f 3727 3724 3723 3725
f 3724 3727 3729 3740
f 3725 3726 3728 3727
f 3727 3728 3736 3729
f 3741 3740 3729 3743
f 3729 3736 3742 3743
f 3741 3738 3737 3740
f 3746 3739 3738 3741
f 3739 3746 4825 4820
f 3741 3743 3745 3746
f 3745 3743 3742 3744
f 4824 3745 3744 4823
f 4825 3746 3745 4824
f 3768 3748 3747 3765
f 3889 3771 3747 3890
f 3747 3748 3899 3890
f 3748 3768 3774 3775
f 3748 3775 3897 3899
f 3751 3750 3749 3752
f 3756 3752 3749 3754
f 3750 3751 3879 3877
f 3751 3752 3759 3753
f 3751 3753 3881 3879
f 3752 3756 3758 3759
f 3753 3759 3760 3778
f 3753 3778 3916 3881
f 3754 3755 3757 3756
f 3883 3757 3755 3882
f 3756 3757 3761 3758
f 3886 3761 3757 3883
f 3760 3759 3758 3762
f 3758 3761 3763 3762
f 3780 3778 3760 3779
f 3760 3762 3981 3779
f 3887 3763 3761 3886
f 3762 3763 3980 3981
f 3763 3887 4017 3980
f 3766 3765 3764 3767
f 3765 3766 3769 3768
f 4002 3769 3766 4005
f 3766 3767 4003 4005
f 3767 3772 4004 4003
f 3768 3769 3776 3774
f 4006 3776 3769 4002
f 3770 3771 3773 3772
f 3891 3773 3771 3889
f 3772 3773 4010 4004
f 3773 3891 4043 4010
f 3775 3777 3898 3897
f 4014 3777 3776 4006
f 4047 3898 3777 4014
f 3778 3780 3917 3916
f 3779 3981 3983 3999
f 4000 3780 3779 3999
f 4031 3917 3780 4000
f 3870 3782 3781 3858
f 3921 3788 3782 3870
f 3783 3784 3791 3789
f 3784 3785 3800 3791
f 3785 3786 3805 3800
f 3786 3787 3806 3805
f 4905 3806 3787 4891
f 3946 3850 3788 3921
f 3792 3790 3789 3791
f 3790 3792 3798 3795
f 3799 3792 3791 3800
f 3801 3798 3792 3799
f 3797 3794 3793 3796
f 3794 3797 3818 3814
f 3796 3802 3803 3797
f 3797 3803 3840 3818
f 3799 3800 3805 3804
f 3807 3801 3799 3804
f 3802 3811 3810 3803
f 3803 3810 3847 3840
f 3804 3805 3806 3808
f 3809 3807 3804 3808
f 4904 3808 3806 4905
f 4906 3809 3808 4904
f 3810 3811 3812 3813
f 3810 3813 3848 3847
f 4908 3813 3812 4907
f 4938 3848 3813 4908
f 3819 3815 3814 3818
f 3820 3816 3815 3819
f 3821 3817 3816 3820
f 3817 3821 3826 3822
f 3841 3819 3818 3840
f 3823 3820 3819 3841
f 3824 3821 3820 3823
f 3821 3824 3837 3826
f 3823 3841 3842 3843
f 3844 3824 3823 3843
f 3838 3837 3824 3844
f 3834 3827 3825 3829
f 3825 3826 3837 3829
f 3831 3828 3827 3834
f 3829 3830 3835 3834
f 3839 3830 3829 3838
f 4919 3835 3830 4916
f 3830 3839 4924 4916
f 3833 3832 3831 3836
f 3831 3834 3835 3836
f 4918 4917 3833 3836
f 4918 3836 3835 4919
f 3838 3844 3846 3839
f 3839 3846 4936 4924
f 3842 3841 3840 3847
f 3845 3843 3842 3849
f 3842 3847 3848 3849
f 3846 3844 3843 3845
f 4936 3846 3845 4935
f 3845 3849 4937 4935
f 4937 3849 3848 4938
f 3952 3851 3850 3946
f 3851 3952 4952 4941
f 3860 3857 3852 3859
f 3852 3853 3862 3859
f 3853 3863 3864 3862
f 3892 3855 3854 3893
f 4037 3893 3854 4034
f 3895 3856 3855 3892
f 3856 3895 3912 3924
f 3861 3860 3859 3866
f 3859 3862 3868 3866
f 3861 3866 3867 3871
f 3862 3864 3865 3868
f 3869 3868 3865 3875
f 3869 3867 3866 3868
f 3873 3871 3867 3872
f 3867 3869 3874 3872
f 3869 3875 3876 3874
f 3919 3873 3872 3920
f 3872 3874 3922 3920
f 3874 3876 3923 3922
f 3880 3878 3877 3879
f 3884 3880 3879 3881
f 3888 3884 3881 3916
f 3888 3916 3917 3918
f 3889 3890 3900 3904
f 3905 3891 3889 3904
f 3890 3899 3901 3900
f 3891 3905 4056 4043
f 3892 3894 3896 3895
f 4038 3894 3893 4037
f 3895 3896 3913 3912
f 3901 3899 3897 3902
f 3897 3898 3903 3902
f 4048 3903 3898 4047
f 3909 3904 3900 3908
f 3900 3901 3911 3908
f 3901 3902 3906 3911
f 3902 3903 3907 3906
f 4057 3907 3903 4048
f 3910 3905 3904 3909
f 3905 3910 4059 4056
f 3937 3911 3906 3936
f 3906 3907 3971 3936
f 4074 3971 3907 4057
f 3933 3909 3908 3935
f 3908 3911 3937 3935
f 3934 3910 3909 3933
f 3910 3934 4071 4059
f 3912 3913 3915 3914
f 3914 3915 3943 3942
f 4032 3918 3917 4031
f 3919 3920 3925 3926
f 3920 3922 3927 3925
f 3922 3923 3931 3927
f 5035 5007 3924 5030
f 3929 3926 3925 3928
f 3925 3927 3930 3928
f 3927 3931 3932 3930
f 3947 3929 3928 3948
f 3928 3930 3949 3948
f 3930 3932 3957 3949
f 3933 3935 3939 3938
f 3941 3934 3933 3938
f 3934 3941 4079 4071
f 3935 3937 3940 3939
f 3940 3937 3936 3972
f 3936 3971 3973 3972
f 3938 3939 3960 3961
f 3962 3941 3938 3961
f 3939 3940 3974 3960
f 3940 3972 3975 3974
f 3941 3962 4083 4079
f 3942 3943 3945 3944
f 3944 3945 3967 3966
f 3947 3948 3951 3950
f 3948 3949 3955 3951
f 3949 3957 3958 3955
f 3950 3951 3954 3953
f 3956 3954 3951 3955
f 3953 3954 4950 4949
f 3954 3956 4951 4950
f 3955 3958 3959 3956
f 3956 3959 4956 4951
f 3963 3961 3960 3964
f 3977 3964 3960 3974
f 3965 3962 3961 3963
f 3962 3965 4086 4083
f 3963 3964 4959 4958
f 4960 3965 3963 4958
f 3964 3977 5052 4959
f 5111 4086 3965 4960
f 3966 3967 3969 3968
f 3968 3969 4962 4961
f 4089 3973 3971 4074
f 3972 3973 3976 3975
f 4091 3976 3973 4089
f 3974 3975 3978 3977
f 3975 3976 3979 3978
f 4094 3979 3976 4091
f 3977 3978 5053 5052
f 3978 3979 5054 5053
f 3979 4094 5156 5054
f 3983 3981 3980 3982
f 4018 3982 3980 4017
f 3985 3983 3982 3984
f 4019 3984 3982 4018
f 3988 3999 3983 3985
f 3986 3985 3984 3987
f 4020 3987 3984 4019
f 3985 3986 3995 3988
f 3986 3987 3992 3991
f 3986 3991 3997 3995
f 4023 3992 3987 4020
f 3988 3995 3996 4001
f 4000 3999 3988 4001
f 3992 3990 3989 3991
f 3997 3991 3989 3993
f 3990 3992 4023 4022
f 3993 3994 3998 3997
f 4030 3998 3994 4024
f 3995 3997 3998 3996
f 3996 3998 4030 4028
f 4033 4001 3996 4028
f 4000 4001 4033 4031
f 4002 4005 4007 4009
f 4015 4006 4002 4009
f 4007 4005 4003 4008
f 4003 4004 4010 4008
f 4007 4008 4011 4013
f 4012 4009 4007 4013
f 4009 4012 4016 4015
f 4046 4011 4010 4043
f 4045 4013 4011 4046
f 4012 4013 4045 4049
f 4050 4016 4012 4049
f 4014 4016 4050 4047
f 4021 4033 4028 4027
f 4021 4032 4031 4033
f 4024 4025 4029 4030
f 4027 4028 4030 4029
f 4034 4035 4039 4037
f 4035 4036 4044 4039
f 4055 4044 4036 4064
f 4038 4039 4044 4040
f 4040 4044 4055 4041
f 4058 4042 4041 4055
f 4042 4058 4069 4065
f 4051 4046 4043 4056
f 4045 4046 4051 4052
f 4053 4049 4045 4052
f 4054 4048 4047 4050
f 4048 4054 4061 4057
f 4054 4050 4049 4053
f 4051 4056 4059 4062
f 4063 4052 4051 4062
f 4060 4053 4052 4063
f 4061 4054 4053 4060
f 4057 4061 4076 4074
f 4072 4062 4059 4071
f 4060 4063 4073 4075
f 4076 4061 4060 4075
f 4073 4063 4062 4072
f 4064 5127 5143 5136
f 4065 4069 4070 4066
f 4066 4070 4081 4067
f 4067 4081 4082 4068
f 4068 4082 5110 5107
f 4080 4072 4071 4079
f 4077 4073 4072 4080
f 4078 4075 4073 4077
f 4074 4076 4090 4089
f 4090 4076 4075 4078
f 4077 4080 4084 4085
f 4093 4078 4077 4085
f 4092 4090 4078 4093
f 4084 4080 4079 4083
f 4087 4084 4083 4086
f 4088 4085 4084 4087
f 4085 4088 4095 4093
f 5112 4087 4086 5111
f 5113 4088 4087 5112
f 5158 4095 4088 5113
f 4089 4090 4092 4091
f 4091 4092 4096 4094
f 4092 4093 4095 4096
f 4094 4096 5157 5156
f 5157 4096 4095 5158
f 4101 4099 4098 4100
f 4111 4100 4098 4105
f 4103 4101 4100 4102
f 4114 4102 4100 4111
f 4120 4103 4102 4121
f 4102 4114 4127 4121
f 4116 4107 4104 4109
f 4105 4106 4112 4111
f 4106 4108 4113 4112
f 4113 4108 4107 4116
f 4109 4110 4117 4116
f 4129 4117 4110 4125
f 4111 4112 4115 4114
f 4112 4113 4118 4115
f 4113 4116 4117 4118
f 4114 4115 4128 4127
f 4115 4118 4130 4128
f 4130 4118 4117 4129
f 4120 4121 4122 4123
f 4132 4122 4121 4127
f 4124 4123 4122 4214
f 4122 4132 4217 4214
f 4124 4214 4216 4215
f 4125 4126 4135 4129
f 4126 4131 4137 4135
f 4127 4128 4134 4132
f 4128 4130 4133 4134
f 4133 4130 4129 4135
f 4243 4137 4131 4193
f 4132 4134 4136 4217
f 4136 4134 4133 4138
f 4133 4135 4137 4138
f 4219 4217 4136 4218
f 4136 4138 4244 4218
f 4244 4138 4137 4243
f 4145 4141 4140 4143
f 4146 4142 4141 4145
f 4142 4146 4152 4149
f 4143 4144 4147 4145
f 4148 4146 4145 4147
f 4146 4148 4451 4152
f 4154 4150 4149 4152
f 4156 4151 4150 4154
f 4151 4156 4189 4188
f 4153 4154 4152 4451
f 4156 4154 4153 4155
f 4189 4156 4155 4190
f 4320 4165 4157 4318
f 4158 4159 4453 4452
f 4454 4161 4158 4452
f 4159 4167 4462 4453
f 4455 4162 4161 4454
f 4457 4163 4162 4455
f 4470 4172 4163 4457
f 4171 4166 4165 4320
f 4167 4168 4463 4462
f 4168 4169 4466 4463
f 4169 4170 4468 4466
f 4170 4182 4490 4468
f 4171 4320 4321 4322
f 4472 4173 4172 4470
f 4474 4174 4173 4472
f 4477 4177 4174 4474
f 4479 4178 4177 4477
f 4481 4179 4178 4479
f 4483 4181 4179 4481
f 4180 4181 4483 4484
f 4496 4186 4180 4484
f 4182 4183 4491 4490
f 4183 4184 4493 4491
f 4184 4185 4495 4493
f 4185 4186 4496 4495
f 4212 4210 4187 4330
f 4187 4329 4328 4330
f 4188 4189 4201 4194
f 4189 4190 4200 4201
f 4191 4192 4205 4204
f 4498 4192 4191 4497
f 4191 4204 4500 4497
f 4292 4291 4192 4498
f 4302 4205 4192 4291
f 4193 4241 4245 4243
f 4203 4195 4194 4201
f 4207 4196 4195 4203
f 4213 4198 4196 4207
f 4197 4199 4211 4212
f 4197 4212 4330 4325
f 4211 4199 4198 4213
f 4203 4201 4200 4202
f 4207 4203 4202 4206
f 4204 4205 4502 4500
f 4205 4302 4303 4502
f 4213 4207 4206 4208
f 4208 4209 4211 4213
f 4209 4210 4212 4211
f 4219 4216 4214 4217
f 4215 4216 4230 4229
f 4216 4219 4250 4230
f 4218 4244 4246 4247
f 4250 4219 4218 4247
f 4226 4221 4220 4223
f 4220 4222 4271 4270
f 4286 4223 4220 4270
f 4221 4226 4532 4524
f 4224 4286 4287 4290
f 4224 4290 4294 4293
f 4532 4226 4224 4538
f 4225 4293 4294 4295
f 4229 4230 4232 4231
f 4251 4232 4230 4250
f 4231 4232 4233 4236
f 4253 4233 4232 4251
f 4237 4236 4233 4238
f 4264 4238 4233 4253
f 4237 4238 4240 4239
f 4268 4240 4238 4264
f 4239 4240 4379 4378
f 4240 4268 4402 4379
f 4241 4242 4249 4245
f 4258 4249 4242 4254
f 4246 4244 4243 4245
f 4248 4246 4245 4249
f 4252 4247 4246 4248
f 4251 4250 4247 4252
f 4248 4249 4258 4261
f 4262 4252 4248 4261
f 4251 4252 4262 4253
f 4253 4262 4265 4264
f 4254 4255 4259 4258
f 4255 4256 4260 4259
f 4256 4257 4395 4260
f 4257 4393 4394 4395
f 4263 4261 4258 4259
f 4259 4260 4266 4263
f 4396 4266 4260 4395
f 4265 4262 4261 4263
f 4267 4265 4263 4266
f 4264 4265 4267 4268
f 4403 4267 4266 4396
f 4402 4268 4267 4403
f 4270 4272 4287 4286
f 4272 4274 4289 4287
f 4289 4274 4273 4288
f 4273 4277 4298 4288
f 4279 4277 4275 4278
f 4277 4279 4300 4298
f 4281 4279 4278 4280
f 4279 4281 4301 4300
f 4281 4283 4308 4301
f 4283 4284 4312 4308
f 4284 4285 4737 4738
f 4745 4312 4284 4738
f 4305 4297 4290 4299
f 4291 4292 4571 4570
f 4636 4302 4291 4570
f 4292 4498 4499 4503
f 4292 4503 4572 4571
f 4307 4306 4299 4309
f 4637 4303 4302 4636
f 4501 4502 4303 4504
f 4638 4504 4303 4637
f 4316 4314 4313 4315
f 4314 4316 4342 4334
f 4347 4316 4315 4317
f 4363 4342 4316 4347
f 4317 4346 4348 4347
f 4318 4319 4321 4320
f 4327 4321 4319 4323
f 4326 4322 4321 4327
f 4323 4324 4328 4327
f 4324 4325 4330 4328
f 4326 4327 4328 4329
f 4331 4332 4338 4336
f 4332 4333 4339 4338
f 4333 4335 4343 4339
f 4343 4335 4334 4342
f 4340 4337 4336 4338
f 4337 4340 4360 4359
f 4338 4339 4341 4340
f 4344 4341 4339 4343
f 4340 4341 4361 4360
f 4341 4344 4362 4361
f 4344 4343 4342 4363
f 4364 4362 4344 4363
f 4352 4348 4346 4351
f 4347 4348 4364 4363
f 4348 4352 4367 4364
f 4370 4371 4349 4385
f 4349 4368 4414 4385
f 4387 4352 4351 4386
f 4406 4367 4352 4387
f 4357 4355 4353 4356
f 4353 4359 4360 4356
f 4354 4355 4357 4398
f 4394 4393 4354 4398
f 4358 4357 4356 4365
f 4356 4360 4361 4365
f 4399 4398 4357 4358
f 4358 4365 4366 4407
f 4401 4399 4358 4407
f 4361 4362 4366 4365
f 4362 4364 4367 4366
f 4366 4367 4406 4407
f 4368 4369 4421 4414
f 4985 4421 4369 4942
f 4383 4372 4371 4382
f 4384 4373 4372 4383
f 4391 4374 4373 4384
f 4381 4376 4375 4380
f 4387 4386 4375 4376
f 4376 4381 4405 4400
f 4406 4387 4376 4400
f 4378 4379 4381 4380
f 4405 4381 4379 4402
f 4389 4383 4382 4388
f 4390 4384 4383 4389
f 4392 4391 4384 4390
f 4416 4389 4388 4415
f 4417 4390 4389 4416
f 4419 4392 4390 4417
f 4396 4395 4394 4397
f 4394 4398 4399 4397
f 4396 4397 4404 4403
f 4397 4399 4401 4404
f 4400 4405 4404 4401
f 4407 4406 4400 4401
f 4402 4403 4404 4405
f 5008 4411 4408 5007
f 4835 4834 4410 4412
f 5009 4413 4411 5008
f 4412 4413 4836 4835
f 5125 4836 4413 5009
f 4422 4416 4415 4418
f 4423 4417 4416 4422
f 4420 4419 4417 4423
f 4425 4422 4418 4424
f 4420 4423 4428 4433
f 4428 4423 4422 4425
f 4427 4425 4424 4426
f 4425 4427 4429 4428
f 4431 4427 4426 4430
f 4432 4429 4427 4431
f 4434 4433 4428 4429
f 4435 4434 4429 4432
f 5005 4431 4430 4986
f 5006 4432 4431 5005
f 4993 4435 4432 5006
f 4437 4439 4436 4441
f 4445 4441 4436 4442
f 4436 4439 4506 4505
f 4510 4442 4436 4505
f 4440 4439 4437 4438
f 5011 4440 4438 5010
f 4439 4440 4508 4506
f 5059 4508 4440 5011
f 4444 4445 4442 4446
f 4513 4446 4442 4510
f 5099 4777 4443 5018
f 4444 4446 4769 4768
f 4446 4513 4869 4769
f 4518 4448 4447 4517
f 4447 4449 4520 4517
f 4448 4518 5064 5015
f 4449 4450 4521 4520
f 4867 4521 4450 4767
f 4459 4454 4452 4460
f 4452 4453 4461 4460
f 4464 4461 4453 4462
f 4456 4455 4454 4459
f 4455 4456 4458 4457
f 4457 4458 4471 4470
f 4462 4463 4465 4464
f 4467 4465 4463 4466
f 4469 4467 4466 4468
f 4487 4469 4468 4490
f 4470 4471 4473 4472
f 4472 4473 4475 4474
f 4474 4475 4478 4477
f 4477 4478 4480 4479
f 4479 4480 4482 4481
f 4481 4482 4485 4483
f 4486 4484 4483 4485
f 4484 4486 4492 4496
f 4487 4490 4491 4488
f 4488 4491 4493 4489
f 4489 4493 4495 4494
f 4495 4496 4492 4494
f 4501 4499 4497 4500
f 4504 4503 4499 4501
f 4503 4504 4638 4572
f 4505 4506 4507 4511
f 4512 4510 4505 4511
f 4509 4507 4506 4508
f 4515 4511 4507 4519
f 4507 4509 4516 4519
f 5060 4509 4508 5059
f 5066 4516 4509 5060
f 4510 4512 4514 4513
f 4522 4512 4511 4515
f 4868 4514 4512 4522
f 4513 4514 4870 4869
f 4514 4868 4874 4870
f 4515 4519 4517 4520
f 4515 4520 4521 4522
f 4516 4518 4517 4519
f 5064 4518 4516 5066
f 4868 4522 4521 4867
f 4533 4527 4524 4532
f 4526 4527 4528 4529
f 4537 4528 4527 4533
f 4530 4529 4528 4531
f 4539 4531 4528 4537
f 4530 4531 4544 4545
f 4531 4539 4552 4544
f 4538 4541 4542 4553
f 4542 4541 4540 4555
f 4546 4545 4544 4547
f 4554 4547 4544 4552
f 4546 4547 4549 4548
f 4558 4549 4547 4554
f 4548 4549 4551 4550
f 4562 4551 4549 4558
f 4551 4562 4688 4687
f 4564 4559 4557 4561
f 4688 4562 4559 4564
f 4722 4720 4564 4726
f 4564 4721 4724 4726
f 4571 4572 4579 4577
f 4578 4574 4573 4577
f 4581 4575 4574 4578
f 4583 4576 4575 4581
f 4576 4583 4658 4653
f 4580 4578 4577 4579
f 4578 4580 4582 4581
f 4581 4582 4584 4583
f 4583 4584 4659 4658
f 4593 4586 4585 4591
f 4585 4587 4595 4591
f 4586 4593 4612 4604
f 4587 4588 4597 4595
f 4588 4589 4599 4597
f 4589 4590 4602 4599
f 4621 4602 4590 4609
f 4591 4592 4594 4593
f 4596 4592 4591 4595
f 4593 4594 4614 4612
f 4598 4596 4595 4597
f 4600 4598 4597 4599
f 4601 4600 4599 4602
f 4601 4602 4621 4622
f 4603 4604 4612 4613
f 4616 4605 4603 4613
f 4618 4606 4605 4616
f 4606 4618 4667 4663
f 4621 4609 4607 4623
f 4607 4610 4627 4623
f 4610 4611 4629 4627
f 4668 4629 4611 4664
f 4615 4613 4612 4614
f 4613 4615 4617 4616
f 4616 4617 4619 4618
f 4618 4619 4625 4667
f 4624 4622 4621 4623
f 4628 4624 4623 4627
f 4668 4667 4625 4626
f 4629 4668 4626 4630
f 4630 4628 4627 4629
f 4633 4746 4750 4635
f 4645 4638 4637 4643
f 4639 4640 4644 4643
f 4640 4641 4649 4644
f 4641 4642 4650 4649
f 4678 4650 4642 4674
f 4646 4645 4643 4644
f 4647 4646 4644 4649
f 4650 4648 4647 4649
f 4648 4650 4678 4679
f 4652 4718 4719 4759
f 4661 4654 4653 4658
f 4669 4655 4654 4661
f 4670 4656 4655 4669
f 4671 4657 4656 4670
f 4657 4671 4681 4675
f 4658 4659 4660 4661
f 4669 4661 4660 4662
f 4662 4665 4670 4669
f 4668 4664 4663 4667
f 4665 4666 4671 4670
f 4681 4671 4666 4680
f 4724 4721 4672 4723
f 4674 4675 4681 4678
f 4680 4679 4678 4681
f 4723 4683 4682 4730
f 4684 4765 4733 4685
f 4687 4688 4720 4691
f 4689 4692 4705 4702
f 4690 4691 4694 4693
f 4691 4720 4722 4694
f 4692 4696 4706 4705
f 4693 4694 4699 4698
f 4727 4699 4694 4722
f 4832 4708 4697 4831
f 4698 4699 4701 4700
f 4728 4701 4699 4727
f 4700 4701 4713 4712
f 4731 4713 4701 4728
f 4709 4703 4702 4705
f 4710 4704 4703 4709
f 4704 4710 4833 4830
f 4705 4706 4707 4709
f 4707 4708 4710 4709
f 4833 4710 4708 4832
f 4712 4713 4715 4714
f 4732 4715 4713 4731
f 4714 4715 4717 4716
f 4734 4717 4715 4732
f 4716 4717 4719 4718
f 4735 4719 4717 4734
f 4766 4759 4719 4735
f 4726 4729 4730 4733
f 4732 4731 4726 4733
f 4733 4765 4766 4735
f 4740 4738 4737 4739
f 4738 4740 4747 4745
f 4742 4740 4739 4741
f 4740 4742 4749 4747
f 4744 4742 4741 4743
f 4742 4744 4753 4749
f 4761 4753 4744 4755
f 4750 4762 4760 4752
f 4755 4757 4763 4761
f 4757 4758 4764 4763
f 4758 4759 4766 4764
f 4762 4763 4764 4765
f 4767 4772 4873 4867
f 4768 4769 4771 4770
f 4871 4771 4769 4869
f 4770 4771 4778 4776
f 4880 4778 4771 4871
f 4772 4773 4875 4873
f 4773 4774 4877 4875
f 4774 4775 4879 4877
f 4775 4779 4882 4879
f 4776 4778 4782 4780
f 4885 4782 4778 4880
f 5170 4882 4779 5095
f 4783 4781 4780 4782
f 4781 4783 5098 5097
f 4888 4783 4782 4885
f 4783 4888 5174 5098
f 4784 4785 4791 4789
f 4808 4791 4785 4794
f 4793 4787 4786 4792
f 4806 4792 4786 4798
f 4788 4793 4807 4800
f 4801 4790 4789 4791
f 4802 4799 4790 4801
f 4809 4801 4791 4808
f 4807 4793 4792 4806
f 4794 4795 4812 4808
f 4795 4796 4818 4812
f 4796 4797 4819 4818
f 4829 4819 4797 4822
f 4803 4802 4801 4809
f 4803 4809 4811 4810
f 4805 4815 4817 4816
f 4805 4816 4828 4827
f 4811 4809 4808 4812
f 4810 4811 4814 4813
f 4811 4812 4818 4814
f 4813 4814 4817 4815
f 4814 4818 4819 4817
f 4816 4817 4819 4829
f 4826 4828 4816 4829
f 4826 4821 4820 4825
f 4829 4822 4821 4826
f 4828 4824 4823 4827
f 4826 4825 4824 4828
f 4834 4835 4837 4856
f 5126 4837 4836 5125
f 5127 4856 4837 5126
f 4843 4839 4838 4842
f 4846 4840 4839 4843
f 4841 4847 4848 4854
f 4849 4843 4842 4844
f 4847 4846 4843 4849
f 4844 4845 4850 4849
f 4853 4850 4845 4851
f 4847 4849 4850 4848
f 4848 4850 4853 4852
f 4855 4854 4848 4852
f 4866 4853 4851 4863
f 4858 4855 4852 4865
f 4852 4853 4866 4865
f 4857 4860 4861 4862
f 4861 4860 4859 4864
f 4863 4862 4861 4866
f 4861 4864 4865 4866
f 4874 4868 4867 4873
f 4869 4870 4872 4871
f 4876 4872 4870 4874
f 4871 4872 4881 4880
f 4872 4876 4878 4881
f 4876 4874 4873 4875
f 4878 4876 4875 4877
f 4883 4878 4877 4879
f 4886 4881 4878 4883
f 4879 4882 4884 4883
f 4880 4881 4886 4885
f 5172 4884 4882 5170
f 4883 4884 4887 4886
f 5175 4887 4884 5172
f 4885 4886 4887 4888
f 5174 4888 4887 5175
f 4897 4890 4889 4894
f 4910 4892 4890 4897
f 4891 4892 4910 4905
f 4893 4941 4952 4944
f 4996 4943 4893 4944
f 4894 4895 4896 4897
f 4901 4896 4895 4898
f 4910 4897 4896 4909
f 4896 4901 4911 4909
f 4903 4902 4899 4900
f 4932 4903 4900 4928
f 4913 4912 4902 4903
f 4939 4913 4903 4932
f 4904 4905 4910 4909
f 4911 4906 4904 4909
f 4913 4908 4907 4912
f 4908 4913 4939 4938
f 4930 4915 4914 4931
f 4933 4931 4914 4940
f 4936 4935 4914 4915
f 4914 4935 4937 4940
f 4921 4925 4915 4930
f 4924 4936 4915 4925
f 4921 4920 4916 4925
f 4916 4920 4922 4919
f 4922 4923 4918 4919
f 4921 4930 4927 4934
f 4926 4927 4930 4931
f 4933 4929 4926 4931
f 4928 4929 4933 4932
f 4940 4939 4932 4933
f 4937 4938 4939 4940
f 4942 4943 4996 4985
f 4967 4946 4945 4966
f 4945 4946 4999 4998
f 4968 4947 4946 4967
f 4946 4947 5000 4999
f 4970 4948 4947 4968
f 4947 4948 5003 5000
f 4949 4950 4954 4953
f 4950 4951 4955 4954
f 4951 4956 4957 4955
f 4953 4954 4964 4963
f 4954 4955 4965 4964
f 4955 4957 4969 4965
f 4958 4959 4972 4971
f 4974 4960 4958 4971
f 4973 4972 4959 5052
f 4960 4974 5116 5111
f 4961 4962 4982 4981
f 4967 4966 4963 4964
f 4968 4967 4964 4965
f 4965 4969 4970 4968
f 4976 4974 4971 4975
f 4971 4972 4977 4975
f 4972 4973 4978 4977
f 4979 4978 4973 5055
f 4973 5052 5053 5055
f 4974 4976 5120 5116
f 5023 4976 4975 5022
f 4975 4977 5024 5022
f 4976 5023 5135 5120
f 4977 4978 5025 5024
f 4978 4979 5026 5025
f 4979 4980 5027 5026
f 4979 5055 5056 4980
f 5137 5027 4980 5139
f 4980 5056 5159 5139
f 4981 4982 4984 4983
f 4983 4984 5029 5028
f 4986 4988 4989 5005
f 4989 4988 4987 4990
f 5001 4990 4987 4997
f 4989 4990 4992 4991
f 5006 5005 4989 4991
f 5002 4992 4990 5001
f 4991 4995 4993 5006
f 4994 4995 4991 4992
f 5004 4994 4992 5002
f 4997 4998 4999 5001
f 4999 5000 5002 5001
f 5000 5003 5004 5002
f 5037 5008 5007 5035
f 5038 5009 5008 5037
f 5009 5038 5130 5125
f 5012 5011 5010 5013
f 5011 5012 5061 5059
f 5012 5013 5017 5014
f 5012 5014 5062 5061
f 5014 5017 5021 5049
f 5014 5049 5087 5062
f 5065 5016 5015 5064
f 5071 5019 5016 5065
f 5072 5020 5019 5071
f 5020 5072 5161 5090
f 5051 5049 5021 5050
f 5022 5024 5041 5040
f 5042 5023 5022 5040
f 5023 5042 5144 5135
f 5024 5025 5043 5041
f 5025 5026 5044 5043
f 5026 5027 5045 5044
f 5148 5045 5027 5137
f 5028 5029 5031 5030
f 5030 5031 5036 5035
f 5032 5040 5041 5033
f 5042 5040 5032 5034
f 5032 5033 5057 5074
f 5075 5034 5032 5074
f 5033 5041 5043 5046
f 5033 5046 5058 5057
f 5144 5042 5034 5145
f 5034 5075 5185 5145
f 5035 5036 5039 5037
f 5038 5039 5131 5130
f 5043 5044 5047 5046
f 5044 5045 5048 5047
f 5149 5048 5045 5148
f 5046 5047 5083 5058
f 5047 5048 5085 5083
f 5195 5085 5048 5149
f 5049 5051 5088 5087
f 5105 5051 5050 5104
f 5180 5088 5051 5105
f 5053 5054 5056 5055
f 5159 5056 5054 5156
f 5076 5074 5057 5077
f 5057 5058 5080 5077
f 5084 5080 5058 5083
f 5063 5060 5059 5061
f 5060 5063 5067 5066
f 5061 5062 5069 5063
f 5070 5069 5062 5087
f 5068 5067 5063 5069
f 5064 5066 5067 5065
f 5065 5067 5068 5071
f 5068 5069 5070 5073
f 5072 5071 5068 5073
f 5070 5087 5088 5089
f 5162 5073 5070 5089
f 5072 5073 5162 5161
f 5078 5075 5074 5076
f 5075 5078 5183 5185
f 5076 5077 5081 5079
f 5077 5080 5082 5081
f 5078 5079 5184 5183
f 5079 5081 5189 5184
f 5086 5082 5080 5084
f 5081 5082 5190 5189
f 5082 5086 5191 5190
f 5191 5086 5085 5195
f 5181 5089 5088 5180
f 5164 5162 5089 5181
f 5163 5091 5090 5161
f 5165 5092 5091 5163
f 5166 5093 5092 5165
f 5171 5096 5093 5166
f 5094 5100 5101 5106
f 5105 5104 5094 5106
f 5095 5096 5171 5170
f 5097 5098 5103 5102
f 5178 5103 5098 5174
f 5100 5102 5103 5101
f 5101 5103 5178 5176
f 5182 5106 5101 5176
f 5105 5106 5182 5180
f 5107 5110 5114 5108
f 5108 5114 5115 5109
f 5109 5115 5134 5128
f 5117 5112 5111 5116
f 5118 5113 5112 5117
f 5113 5118 5119 5158
f 5121 5117 5116 5120
f 5122 5118 5117 5121
f 5123 5119 5118 5122
f 5119 5123 5124 5160
f 5157 5158 5119 5160
f 5138 5121 5120 5135
f 5140 5122 5121 5138
f 5141 5123 5122 5140
f 5142 5124 5123 5141
f 5137 5139 5124 5142
f 5124 5139 5159 5160
f 5133 5126 5125 5130
f 5143 5127 5126 5133
f 5128 5134 5136 5129
f 5129 5136 5143 5132
f 5143 5133 5131 5132
f 5150 5138 5135 5144
f 5137 5142 5153 5148
f 5151 5140 5138 5150
f 5152 5141 5140 5151
f 5153 5142 5141 5152
f 5144 5145 5146 5150
f 5186 5146 5145 5185
f 5151 5150 5146 5147
f 5193 5147 5146 5186
f 5152 5151 5147 5154
f 5194 5154 5147 5193
f 5155 5149 5148 5153
f 5149 5155 5196 5195
f 5155 5153 5152 5154
f 5196 5155 5154 5194
f 5156 5157 5160 5159
f 5161 5162 5164 5163
f 5163 5164 5167 5165
f 5164 5181 5169 5167
f 5168 5166 5165 5167
f 5166 5168 5173 5171
f 5177 5168 5167 5169
f 5179 5173 5168 5177
f 5169 5182 5176 5177
f 5169 5181 5180 5182
f 5170 5171 5173 5172
f 5172 5173 5179 5175
f 5174 5175 5179 5178
f 5179 5177 5176 5178
f 5187 5185 5183 5184
f 5188 5187 5184 5189
f 5186 5187 5188 5193
f 5188 5189 5190 5192
f 5194 5193 5188 5192
f 5190 5191 5197 5192
f 5196 5194 5192 5197
