# Blender 5.0.1
# www.blender.org
o tripo_node_4d80d76c-5be6-4d22-9986-46720cc2bf55
v -0.383057 0.103027 0.142334 0.0039 0.0039 0.0039
v -0.379150 0.103027 0.146729 0.0078 0.0078 0.0078
v -0.385010 0.103027 0.135986 0.0039 0.0039 0.0039
v -0.375244 0.101562 0.139893 0.0118 0.0118 0.0118
v -0.376709 0.101562 0.138428 0.0078 0.0078 0.0078
v -0.377686 0.101562 0.135010 0.0118 0.0118 0.0118
v -0.392822 0.113770 0.136963 0.0745 0.0784 0.0941
v -0.383545 0.113770 0.154053 0.0392 0.0431 0.0471
v -0.388428 0.107422 0.145264 0.0471 0.0627 0.0745
v -0.390381 0.113770 0.146729 0.0667 0.0824 0.0941
v -0.382080 0.107422 0.151611 0.0118 0.0157 0.0235
v -0.390381 0.107422 0.136475 0.1059 0.1176 0.1373
v -0.373291 0.113770 0.156494 0.0392 0.0431 0.0510
v -0.372314 0.103027 0.148193 0.0118 0.0118 0.0118
v -0.371826 0.101562 0.140869 0.0118 0.0118 0.0118
v -0.373291 0.107422 0.154053 0.0196 0.0196 0.0275
v -0.287842 0.058105 0.182861 0.0588 0.0627 0.0706
v -0.283936 0.061035 0.187256 0.2314 0.2353 0.2471
v -0.287842 0.058105 0.126221 0.0196 0.0196 0.0196
v -0.275635 0.041504 0.182861 0.0471 0.0510 0.0549
v -0.260498 0.026855 0.182861 0.0431 0.0471 0.0549
v -0.258057 0.030762 0.187256 0.0902 0.0941 0.1059
v -0.272217 0.044922 0.187256 0.1255 0.1294 0.1412
v -0.268799 0.068848 0.187256 0.8941 0.8941 0.8941
v -0.259033 0.055176 0.187256 0.8941 0.8941 0.8941
v -0.255615 0.058594 0.179932 0.0000 0.0000 0.0000
v -0.265381 0.071289 0.179932 0.0039 0.0039 0.0039
v -0.275635 0.041504 0.126221 0.0196 0.0196 0.0196
v -0.260498 0.026855 0.126221 0.0157 0.0157 0.0157
v -0.302490 0.097656 0.182373 0.0588 0.0627 0.0706
v -0.297607 0.098633 0.187256 0.6236 0.6236 0.6236
v -0.296631 0.076660 0.182861 0.0627 0.0667 0.0745
v -0.292236 0.078613 0.187256 0.3882 0.3921 0.4000
v -0.304932 0.120117 0.182861 0.0392 0.0392 0.0431
v -0.300049 0.120117 0.187256 0.8431 0.8392 0.8470
v -0.303955 0.113770 0.156494 0.0392 0.0471 0.0431
v -0.281982 0.118652 0.187256 0.7176 0.7176 0.7137
v -0.302979 0.103027 0.148193 0.0118 0.0157 0.0196
v -0.302979 0.101562 0.140869 0.0118 0.0157 0.0118
v -0.302979 0.100586 0.126221 0.0078 0.0078 0.0078
v -0.296631 0.076660 0.126221 0.0157 0.0157 0.0157
v -0.304932 0.120117 0.156006 0.0549 0.0627 0.0627
v -0.303467 0.107422 0.154053 0.0275 0.0314 0.0392
v -0.276123 0.083984 0.187256 0.8902 0.8902 0.8902
v -0.272217 0.085938 0.179932 0.0000 0.0000 0.0000
v -0.280518 0.101562 0.187256 0.8431 0.8431 0.8353
v -0.276611 0.102539 0.180420 0.0078 0.0078 0.0078
v -0.278564 0.118652 0.179932 0.0275 0.0275 0.0196
v -0.281006 0.135254 0.187256 0.4823 0.4823 0.4823
v -0.277100 0.134766 0.179932 0.0627 0.0627 0.0627
v -0.362549 0.100586 0.095459 0.0157 0.0157 0.0157
v -0.355225 0.100586 0.102783 0.0157 0.0157 0.0157
v -0.345459 0.100586 0.105225 0.0157 0.0157 0.0157
v -0.364990 0.100586 0.085693 0.0157 0.0157 0.0157
v -0.266357 0.070801 0.105225 0.0196 0.0235 0.0196
v -0.256592 0.057617 0.105225 0.0196 0.0235 0.0196
v -0.298584 0.100586 0.119385 0.0157 0.0157 0.0157
v -0.273682 0.085449 0.105225 0.0157 0.0196 0.0157
v -0.277588 0.100586 0.105225 0.0118 0.0118 0.0118
v -0.488525 0.187500 0.159912 0.7137 0.7098 0.7137
v -0.476807 0.186523 0.163818 0.6706 0.6706 0.6785
v -0.488525 0.160156 0.139893 0.4432 0.4550 0.4863
v -0.489990 0.163574 0.136475 0.4823 0.4823 0.5137
v -0.476807 0.156738 0.142334 0.2941 0.3059 0.3372
v -0.476807 0.148438 0.126221 0.3961 0.4157 0.4550
v -0.488525 0.172363 0.152100 0.5608 0.5569 0.5725
v -0.489990 0.176270 0.147705 0.3608 0.3568 0.3804
v -0.495850 0.192871 0.143799 0.5530 0.5490 0.5686
v -0.489990 0.188965 0.155029 0.5176 0.5137 0.5333
v -0.495850 0.183105 0.137939 0.4510 0.4471 0.4706
v -0.495850 0.172852 0.129639 0.3686 0.3725 0.3921
v -0.498779 0.196289 0.133057 0.5451 0.5412 0.5608
v -0.498779 0.189453 0.129150 0.5098 0.5059 0.5255
v -0.476807 0.169922 0.155518 0.3608 0.3608 0.3921
v -0.474365 0.199219 0.134033 0.1098 0.1137 0.1216
v -0.474365 0.190430 0.131104 0.1020 0.1059 0.1137
v -0.472412 0.187012 0.128662 0.0980 0.1020 0.1098
v -0.468018 0.188477 0.159912 0.2314 0.2353 0.2432
v -0.468018 0.161133 0.139893 0.0980 0.1020 0.1098
v -0.468018 0.173828 0.152100 0.1255 0.1294 0.1451
v -0.453369 0.182617 0.125732 0.0000 0.0000 0.0000
v -0.453369 0.199219 0.135498 0.0431 0.0431 0.0431
v -0.453369 0.189941 0.132080 0.0157 0.0157 0.0157
v -0.450928 0.198730 0.141357 0.0314 0.0314 0.0314
v -0.446045 0.198242 0.143311 0.0745 0.0745 0.0745
v -0.450928 0.178223 0.129639 0.0039 0.0039 0.0039
v -0.446045 0.176758 0.131104 0.0196 0.0196 0.0275
v -0.450928 0.187500 0.136963 0.0078 0.0078 0.0078
v -0.446045 0.186035 0.139404 0.0392 0.0392 0.0392
v -0.488525 0.204590 0.162354 0.8470 0.8431 0.8470
v -0.489990 0.204590 0.157471 0.5255 0.5255 0.5333
v -0.488525 0.221191 0.159912 0.8823 0.8823 0.8784
v -0.476807 0.204590 0.166748 0.9019 0.9019 0.9019
v -0.476807 0.222656 0.163818 0.9882 0.9882 0.9882
v -0.495850 0.204590 0.145264 0.7294 0.7216 0.7255
v -0.495850 0.215820 0.143799 0.8274 0.8235 0.8157
v -0.489990 0.219727 0.155029 0.6471 0.6471 0.6471
v -0.498779 0.204590 0.134522 0.6039 0.6039 0.6118
v -0.498779 0.212402 0.133057 0.6824 0.6745 0.6785
v -0.495850 0.226074 0.137939 0.8666 0.8627 0.8549
v -0.498779 0.219238 0.129150 0.6902 0.6902 0.6902
v -0.472412 0.200195 0.135498 0.1333 0.1373 0.1451
v -0.474365 0.208496 0.134033 0.1255 0.1294 0.1373
v -0.472412 0.213867 0.134522 0.1490 0.1647 0.1765
v -0.474365 0.217285 0.131104 0.1490 0.1569 0.1686
v -0.472412 0.225098 0.126709 0.1608 0.1765 0.1882
v -0.488525 0.236328 0.152100 0.8392 0.8392 0.8392
v -0.489990 0.232910 0.147705 0.8941 0.8941 0.8941
v -0.495850 0.235840 0.129639 0.8941 0.8902 0.8823
v -0.489990 0.245605 0.136475 0.8823 0.8823 0.8823
v -0.488525 0.248535 0.139893 0.8078 0.8078 0.8078
v -0.476807 0.238770 0.155518 0.9882 0.9882 0.9804
v -0.476807 0.251953 0.142334 0.9607 0.9607 0.9607
v -0.476807 0.260254 0.126221 0.9882 0.9882 0.9843
v -0.468018 0.204590 0.162354 0.2039 0.2196 0.2275
v -0.468018 0.220703 0.159912 0.2549 0.2706 0.2745
v -0.453369 0.208984 0.135498 0.1098 0.1098 0.1098
v -0.453369 0.218262 0.132080 0.3843 0.3843 0.3843
v -0.453369 0.226074 0.125732 0.0980 0.0980 0.0980
v -0.450928 0.210449 0.141357 0.0510 0.0510 0.0510
v -0.446045 0.210938 0.143311 0.1804 0.1804 0.1804
v -0.450928 0.221680 0.136963 0.0235 0.0235 0.0196
v -0.446045 0.222656 0.139404 0.2941 0.2941 0.2941
v -0.450928 0.230469 0.129639 0.0863 0.0863 0.0863
v -0.468018 0.235352 0.152100 0.2392 0.2549 0.2627
v -0.468018 0.247559 0.139893 0.2314 0.2392 0.2353
v -0.446045 0.232422 0.131104 0.2392 0.2392 0.2432
v -0.409912 0.191895 0.221436 0.0078 0.0118 0.0078
v -0.424072 0.198730 0.206787 0.0392 0.0431 0.0588
v -0.421631 0.195801 0.214600 0.0275 0.0392 0.0588
v -0.417725 0.192383 0.218506 0.0157 0.0235 0.0275
v -0.417725 0.188965 0.210205 0.0078 0.0078 0.0078
v -0.421631 0.192871 0.207275 0.0157 0.0196 0.0275
v -0.409912 0.188477 0.213623 0.0000 0.0000 0.0000
v -0.417725 0.200195 0.221924 0.0902 0.0941 0.1098
v -0.421631 0.209961 0.218994 0.1137 0.1255 0.1451
v -0.417725 0.209961 0.222900 0.1255 0.1333 0.1569
v -0.417725 0.213867 0.220947 0.2432 0.2471 0.2784
v -0.409912 0.199707 0.224854 0.0706 0.0706 0.0784
v -0.409912 0.210449 0.224854 0.1098 0.1098 0.1098
v -0.409912 0.214844 0.223389 0.4353 0.4392 0.4432
v -0.409912 0.216309 0.220459 0.3176 0.3255 0.3255
v -0.424072 0.200684 0.211670 0.0706 0.0863 0.0980
v -0.424072 0.205566 0.213623 0.0863 0.1020 0.1137
v -0.424072 0.210938 0.213623 0.0980 0.1098 0.1294
v -0.424072 0.216309 0.207275 0.1020 0.1137 0.1333
v -0.421631 0.202637 0.218018 0.0706 0.0824 0.1020
v -0.421631 0.213867 0.217529 0.1686 0.1804 0.2039
v -0.421631 0.216309 0.214600 0.1765 0.1961 0.2196
v -0.417725 0.216309 0.218506 0.2314 0.2432 0.2667
v -0.390869 0.188477 0.147217 0.0118 0.0157 0.0157
v -0.393311 0.180176 0.131592 0.0000 0.0000 0.0000
v -0.393311 0.188477 0.136963 0.0118 0.0196 0.0157
v -0.393311 0.191406 0.138428 0.0157 0.0196 0.0196
v -0.383545 0.188477 0.154053 0.0157 0.0196 0.0196
v -0.393311 0.204590 0.141846 0.0196 0.0275 0.0235
v -0.393311 0.217285 0.138428 0.0196 0.0275 0.0235
v -0.393311 0.228516 0.131592 0.0235 0.0235 0.0235
v -0.422119 0.266602 0.222900 0.4980 0.5059 0.5216
v -0.422119 0.292480 0.222900 0.6432 0.6471 0.6667
v -0.409912 0.266602 0.235107 0.4471 0.4550 0.4667
v -0.409912 0.292480 0.235107 0.8666 0.8666 0.8706
v -0.417725 0.266602 0.230713 0.6000 0.6039 0.6157
v -0.417725 0.264648 0.228760 0.4275 0.4353 0.4667
v -0.420166 0.264648 0.222412 0.3647 0.3647 0.3843
v -0.409912 0.264648 0.232666 0.3882 0.4000 0.4314
v -0.409912 0.263672 0.220459 0.1882 0.1922 0.2000
v -0.417725 0.292480 0.230713 0.8274 0.8313 0.8353
v -0.417725 0.294434 0.228760 0.8353 0.8392 0.8431
v -0.420166 0.294922 0.222412 0.7764 0.7804 0.7843
v -0.409912 0.294922 0.232666 0.6118 0.6236 0.6393
v -0.409912 0.295410 0.220459 0.0824 0.0863 0.0863
v -0.422119 0.266602 0.214600 0.2706 0.2863 0.3176
v -0.424072 0.263672 0.207275 0.1098 0.1216 0.1412
v -0.422119 0.292480 0.214600 0.3921 0.4039 0.4353
v -0.421631 0.263672 0.214600 0.2039 0.2196 0.2510
v -0.417725 0.263672 0.218506 0.1569 0.1608 0.1725
v -0.424072 0.295410 0.207275 0.0980 0.1098 0.1294
v -0.421631 0.295410 0.214600 0.2627 0.2784 0.3098
v -0.417725 0.295410 0.218506 0.8000 0.8000 0.8000
v -0.488525 0.152832 0.124756 0.4000 0.4078 0.4510
v -0.489990 0.157227 0.123291 0.4432 0.4550 0.4902
v -0.488525 0.149902 0.107666 0.3765 0.3921 0.4314
v -0.495850 0.166992 0.107666 0.3451 0.3529 0.3725
v -0.489990 0.154785 0.107666 0.4078 0.4196 0.4510
v -0.476807 0.145508 0.107666 0.3765 0.4000 0.4471
v -0.495850 0.168457 0.119385 0.3451 0.3568 0.3843
v -0.498779 0.182129 0.123291 0.4823 0.4784 0.5019
v -0.498779 0.179199 0.115967 0.4706 0.4667 0.4863
v -0.498779 0.178223 0.107666 0.4667 0.4628 0.4823
v -0.495850 0.168457 0.096436 0.3451 0.3568 0.3765
v -0.498779 0.179199 0.099854 0.4706 0.4667 0.4863
v -0.474365 0.183105 0.124756 0.0824 0.0863 0.0941
v -0.474365 0.178711 0.116943 0.0745 0.0824 0.0784
v -0.472412 0.177734 0.115967 0.0745 0.0824 0.0784
v -0.474365 0.176758 0.107666 0.0784 0.0863 0.0824
v -0.474365 0.178711 0.098389 0.0784 0.0824 0.0902
v -0.472412 0.177734 0.099854 0.0784 0.0824 0.0902
v -0.488525 0.152832 0.091064 0.3686 0.3882 0.4235
v -0.489990 0.157227 0.092529 0.4000 0.4118 0.4392
v -0.489990 0.163574 0.078857 0.4078 0.4078 0.4392
v -0.488525 0.160156 0.075928 0.3804 0.3921 0.4157
v -0.476807 0.148438 0.089600 0.3725 0.3961 0.4432
v -0.476807 0.156738 0.073486 0.3216 0.3451 0.3843
v -0.498779 0.182129 0.092529 0.4706 0.4745 0.4902
v -0.495850 0.172852 0.085693 0.3686 0.3725 0.3921
v -0.498779 0.189453 0.086670 0.5019 0.4980 0.5176
v -0.498779 0.196289 0.082764 0.5216 0.5176 0.5373
v -0.495850 0.183105 0.077393 0.4471 0.4432 0.4628
v -0.488525 0.172363 0.063721 0.4471 0.4550 0.4745
v -0.489990 0.176270 0.068115 0.3333 0.3294 0.3529
v -0.495850 0.192871 0.072022 0.5764 0.5764 0.5843
v -0.474365 0.183105 0.090088 0.0745 0.0784 0.0863
v -0.472412 0.187012 0.087158 0.0627 0.0706 0.0667
v -0.474365 0.190430 0.084229 0.0745 0.0824 0.0824
v -0.474365 0.199219 0.080811 0.0941 0.0980 0.1059
v -0.468018 0.153320 0.124756 0.0941 0.0980 0.1098
v -0.468018 0.150391 0.108154 0.1098 0.1176 0.1255
v -0.446045 0.167969 0.107666 0.0078 0.0078 0.0078
v -0.453369 0.177246 0.117432 0.0157 0.0196 0.0275
v -0.453369 0.175781 0.107666 0.0196 0.0235 0.0275
v -0.453369 0.177246 0.097900 0.0196 0.0235 0.0314
v -0.450928 0.172363 0.119385 0.0314 0.0353 0.0431
v -0.446045 0.170410 0.119873 0.0196 0.0235 0.0314
v -0.450928 0.170410 0.107666 0.0431 0.0471 0.0549
v -0.450928 0.172363 0.095947 0.0314 0.0353 0.0431
v -0.446045 0.170410 0.094971 0.0157 0.0157 0.0235
v -0.468018 0.153320 0.091064 0.0863 0.0980 0.1098
v -0.468018 0.161133 0.075928 0.1020 0.1059 0.1176
v -0.453369 0.182617 0.089111 0.0196 0.0235 0.0275
v -0.453369 0.189941 0.082764 0.0235 0.0275 0.0353
v -0.453369 0.199219 0.079346 0.0353 0.0392 0.0471
v -0.468018 0.173340 0.063721 0.1412 0.1530 0.1686
v -0.450928 0.178223 0.085693 0.0196 0.0275 0.0275
v -0.446045 0.176758 0.084229 0.0235 0.0275 0.0353
v -0.450928 0.187500 0.077881 0.0275 0.0314 0.0353
v -0.446045 0.186035 0.075928 0.0627 0.0667 0.0667
v -0.450928 0.198730 0.073975 0.0431 0.0510 0.0510
v -0.446045 0.198242 0.071533 0.0902 0.0980 0.0941
v -0.498779 0.226562 0.123291 0.6706 0.6628 0.6667
v -0.498779 0.229492 0.115967 0.6236 0.6236 0.6236
v -0.499756 0.204590 0.107666 0.5412 0.5412 0.5490
v -0.498779 0.229492 0.099854 0.6276 0.6276 0.6276
v -0.474365 0.224609 0.124756 0.1294 0.1333 0.1412
v -0.474365 0.229004 0.116943 0.1176 0.1333 0.1373
v -0.474365 0.229004 0.098389 0.1176 0.1333 0.1373
v -0.495850 0.240234 0.119385 0.8706 0.8666 0.8588
v -0.489990 0.251465 0.123291 0.8902 0.8902 0.8902
v -0.488525 0.256348 0.124756 0.7804 0.7804 0.7804
v -0.498779 0.230957 0.107666 0.6315 0.6315 0.6315
v -0.495850 0.242188 0.107666 0.8549 0.8549 0.8470
v -0.495850 0.240234 0.096436 0.8392 0.8353 0.8274
v -0.489990 0.253906 0.107666 0.9137 0.9137 0.9137
v -0.488525 0.258789 0.107666 0.7608 0.7686 0.7647
v -0.472412 0.231445 0.114502 0.1569 0.1725 0.1843
v -0.474365 0.230957 0.107666 0.1569 0.1725 0.1843
v -0.472412 0.231445 0.101318 0.1608 0.1765 0.1882
v -0.498779 0.204590 0.081299 0.5569 0.5569 0.5647
v -0.498779 0.212402 0.082764 0.5921 0.5921 0.6000
v -0.498779 0.219238 0.086670 0.6079 0.6079 0.6079
v -0.498779 0.226562 0.092529 0.6157 0.6157 0.6157
v -0.495850 0.204590 0.070557 0.7059 0.6980 0.7020
v -0.495850 0.215820 0.072022 0.7686 0.7647 0.7568
v -0.495850 0.226074 0.077393 0.7843 0.7804 0.7725
v -0.472412 0.200195 0.080322 0.1098 0.1137 0.1216
v -0.474365 0.208496 0.080811 0.1137 0.1176 0.1255
v -0.472412 0.213867 0.081299 0.1451 0.1608 0.1647
v -0.474365 0.224609 0.090088 0.1255 0.1412 0.1451
v -0.472412 0.225098 0.089111 0.1412 0.1569 0.1608
v -0.474365 0.217285 0.084229 0.1216 0.1373 0.1412
v -0.495850 0.235840 0.085693 0.8274 0.8235 0.8157
v -0.489990 0.245117 0.078857 0.9333 0.9333 0.9372
v -0.489990 0.251465 0.092529 0.9098 0.9098 0.9176
v -0.488525 0.256348 0.091064 0.7725 0.7725 0.7725
v -0.489990 0.232910 0.068115 0.9451 0.9451 0.9451
v -0.488525 0.236328 0.063721 0.7490 0.7490 0.7529
v -0.488525 0.248535 0.075928 0.7725 0.7725 0.7764
v -0.476807 0.260254 0.089600 0.9921 0.9921 0.9921
v -0.476807 0.251953 0.073486 0.9960 0.9960 0.9921
v -0.453369 0.230957 0.117432 0.0078 0.0078 0.0078
v -0.468018 0.255859 0.124756 0.1961 0.2118 0.2157
v -0.453369 0.232910 0.107666 0.0000 0.0000 0.0000
v -0.453369 0.230957 0.097900 0.0000 0.0000 0.0000
v -0.468018 0.258301 0.108154 0.1843 0.2000 0.2118
v -0.450928 0.236328 0.119385 0.1216 0.1216 0.1216
v -0.446045 0.238770 0.119873 0.1490 0.1490 0.1569
v -0.450928 0.238770 0.107666 0.1098 0.1098 0.1098
v -0.446045 0.241211 0.107666 0.0863 0.0863 0.0941
v -0.450928 0.236328 0.095947 0.1176 0.1176 0.1176
v -0.446045 0.238770 0.094971 0.0863 0.0863 0.0902
v -0.453369 0.208984 0.079346 0.0471 0.0549 0.0510
v -0.453369 0.226074 0.089111 0.0039 0.0039 0.0039
v -0.453369 0.218262 0.082764 0.0353 0.0392 0.0353
v -0.450928 0.230469 0.085693 0.1373 0.1373 0.1373
v -0.450928 0.210449 0.073975 0.0431 0.0510 0.0510
v -0.446045 0.210938 0.071533 0.1255 0.1294 0.1373
v -0.450928 0.221680 0.077881 0.0549 0.0588 0.0549
v -0.446045 0.222656 0.075928 0.1216 0.1255 0.1255
v -0.468018 0.255859 0.091064 0.1843 0.1922 0.2078
v -0.468018 0.235352 0.063721 0.1804 0.1882 0.1961
v -0.468018 0.248047 0.075928 0.1804 0.1843 0.1922
v -0.446045 0.232422 0.084229 0.1059 0.1059 0.1137
v -0.489990 0.188965 0.060791 0.3568 0.3529 0.3725
v -0.488525 0.187500 0.055908 0.5961 0.5961 0.6157
v -0.476807 0.169922 0.060303 0.3843 0.4000 0.4118
v -0.476807 0.186523 0.052002 0.5804 0.5961 0.6118
v -0.468018 0.187988 0.055908 0.1882 0.1961 0.2078
v -0.489990 0.204590 0.058350 0.3921 0.3843 0.3961
v -0.488525 0.204590 0.053467 0.7451 0.7451 0.7490
v -0.489990 0.219727 0.060791 0.8902 0.8823 0.8862
v -0.488525 0.221191 0.055908 0.7176 0.7176 0.7176
v -0.476807 0.204590 0.049072 0.7568 0.7568 0.7568
v -0.476807 0.222656 0.052002 0.8706 0.8706 0.8706
v -0.476807 0.238770 0.060303 0.9843 0.9843 0.9843
v -0.468018 0.204590 0.053467 0.1804 0.1922 0.2039
v -0.468018 0.221191 0.055908 0.2000 0.2157 0.2275
v -0.393311 0.173340 0.120361 0.0078 0.0078 0.0078
v -0.393311 0.169922 0.107178 0.0118 0.0118 0.0118
v -0.393311 0.173340 0.094482 0.0078 0.0078 0.0078
v -0.393311 0.180176 0.082764 0.0157 0.0157 0.0196
v -0.393311 0.191406 0.075928 0.0157 0.0235 0.0196
v -0.393311 0.235840 0.120361 0.0196 0.0275 0.0235
v -0.393311 0.238770 0.107178 0.0196 0.0275 0.0235
v -0.393311 0.235840 0.094482 0.0196 0.0196 0.0196
v -0.393311 0.228516 0.082764 0.0157 0.0235 0.0196
v -0.393311 0.204590 0.072998 0.0196 0.0196 0.0196
v -0.393311 0.217285 0.075928 0.0157 0.0196 0.0196
v -0.476807 0.263184 0.107666 0.9921 0.9882 0.9921
v -0.373779 0.188477 0.156982 0.0157 0.0157 0.0157
v -0.288330 0.191895 0.221436 0.0078 0.0078 0.0118
v -0.282959 0.191895 0.218994 0.0078 0.0078 0.0078
v -0.290771 0.188477 0.213623 0.0078 0.0078 0.0078
v -0.285400 0.188477 0.211182 0.0078 0.0118 0.0078
v -0.282959 0.188477 0.204346 0.0118 0.0118 0.0118
v -0.280518 0.191895 0.212646 0.0118 0.0196 0.0157
v -0.281982 0.199707 0.224854 0.0275 0.0353 0.0314
v -0.276611 0.199707 0.222900 0.0235 0.0275 0.0353
v -0.272217 0.210449 0.224854 0.0275 0.0275 0.0275
v -0.270264 0.214844 0.223389 0.0314 0.0392 0.0431
v -0.267334 0.209473 0.223389 0.0235 0.0275 0.0353
v -0.267334 0.212891 0.223389 0.0157 0.0196 0.0275
v -0.264893 0.216309 0.220459 0.0157 0.0235 0.0196
v -0.273193 0.200195 0.217529 0.0235 0.0275 0.0353
v -0.260986 0.216309 0.218018 0.0235 0.0275 0.0235
v -0.258057 0.216309 0.213623 0.0235 0.0275 0.0353
v -0.302979 0.140137 0.182861 0.0627 0.0667 0.0706
v -0.298584 0.139648 0.187256 0.8823 0.8823 0.8823
v -0.298096 0.160156 0.182861 0.0549 0.0549 0.0588
v -0.293213 0.158691 0.187256 0.8823 0.8823 0.8784
v -0.289307 0.179199 0.182861 0.0118 0.0118 0.0118
v -0.284912 0.176758 0.187256 0.8784 0.8745 0.8706
v -0.282959 0.188477 0.156982 0.0392 0.0431 0.0510
v -0.302979 0.140137 0.156006 0.0510 0.0549 0.0627
v -0.298096 0.160156 0.156006 0.0275 0.0314 0.0353
v -0.289307 0.179199 0.156006 0.0235 0.0235 0.0235
v -0.281494 0.190430 0.129150 0.0667 0.0706 0.0784
v -0.277588 0.151855 0.187256 0.4275 0.4275 0.4353
v -0.273682 0.149902 0.179932 0.0706 0.0706 0.0706
v -0.270752 0.166992 0.187256 0.4000 0.4000 0.4078
v -0.266846 0.165039 0.179932 0.0863 0.0863 0.0863
v -0.273682 0.193359 0.187256 0.8235 0.8274 0.8313
v -0.277100 0.196289 0.182373 0.0667 0.0667 0.0745
v -0.261475 0.181152 0.187256 0.3725 0.3765 0.3961
v -0.258057 0.178223 0.179932 0.0902 0.0941 0.0902
v -0.262939 0.210938 0.182861 0.1098 0.1098 0.1216
v -0.259521 0.207520 0.187256 0.7764 0.7764 0.7764
v -0.273193 0.200195 0.129150 0.0706 0.0745 0.0824
v -0.262939 0.210938 0.143311 0.0667 0.0706 0.0784
v -0.258057 0.216309 0.129150 0.0667 0.0706 0.0784
v -0.359619 0.386719 0.236084 0.5098 0.5098 0.5216
v -0.362061 0.384277 0.227783 0.0471 0.0510 0.0667
v -0.360107 0.386230 0.220459 0.0863 0.0902 0.0980
v -0.353760 0.378906 0.236084 0.4941 0.4902 0.5098
v -0.345947 0.372559 0.236084 0.3333 0.3372 0.3529
v -0.346436 0.369141 0.227783 0.0157 0.0157 0.0196
v -0.355225 0.375977 0.227783 0.0157 0.0157 0.0235
v -0.352295 0.375977 0.220459 0.0627 0.0627 0.0667
v -0.337158 0.369141 0.236084 0.4471 0.4550 0.4823
v -0.337646 0.365234 0.227783 0.0667 0.0706 0.0784
v -0.340576 0.368652 0.220459 0.0784 0.0824 0.0902
v -0.328369 0.363281 0.227783 0.0627 0.0667 0.0745
v -0.327881 0.367676 0.236084 0.4941 0.5019 0.5373
v -0.327881 0.385742 0.236084 0.8902 0.8902 0.8902
v -0.317139 0.384277 0.236084 0.8823 0.8823 0.8823
v -0.327881 0.365723 0.220459 0.0824 0.0863 0.0941
v -0.313232 0.386719 0.227783 0.7843 0.7843 0.7921
v -0.352783 0.317383 0.158447 0.0549 0.0627 0.0627
v -0.346924 0.323242 0.160889 0.0706 0.0745 0.0824
v -0.355225 0.314453 0.152588 0.0588 0.0667 0.0706
v -0.344971 0.308105 0.130615 0.2118 0.2235 0.2314
v -0.340088 0.313965 0.133545 0.0902 0.0941 0.1020
v -0.364014 0.377441 0.130615 0.0431 0.0471 0.0549
v -0.358154 0.378906 0.133545 0.0196 0.0196 0.0196
v -0.329834 0.383789 0.171631 0.1294 0.1333 0.1412
v -0.313232 0.386230 0.181397 0.1216 0.1255 0.1333
v -0.317627 0.382324 0.171631 0.1255 0.1294 0.1373
v -0.260986 0.384277 0.236572 0.8706 0.8745 0.8745
v -0.250244 0.385742 0.236572 0.8627 0.8706 0.8666
v -0.250244 0.365723 0.220459 0.0745 0.0784 0.0863
v -0.264404 0.386719 0.227783 0.8509 0.8549 0.8706
v -0.251221 0.313965 0.133545 0.0902 0.0941 0.1020
v -0.304932 0.368652 0.133545 0.1020 0.1059 0.1137
v -0.300537 0.374023 0.130615 0.1137 0.1216 0.1176
v -0.264404 0.386230 0.181396 0.1137 0.1216 0.1216
v -0.260010 0.382324 0.171631 0.1137 0.1176 0.1255
v -0.267334 0.368652 0.133545 0.1098 0.1137 0.1216
v -0.260010 0.362305 0.133545 0.1098 0.1176 0.1137
v -0.255127 0.368164 0.131104 0.1137 0.1216 0.1176
v -0.262451 0.374023 0.131104 0.1176 0.1255 0.1216
v -0.261963 0.376465 0.125244 0.1176 0.1216 0.1216
v -0.346924 0.305664 0.124756 0.2078 0.2157 0.2196
v -0.366455 0.376465 0.124756 0.0588 0.0667 0.0667
v -0.346924 0.305664 0.016357 0.1765 0.1804 0.1882
v -0.344971 0.308105 0.010010 0.2235 0.2392 0.2432
v -0.343994 0.305664 0.006104 0.1020 0.1098 0.1059
v -0.346924 0.305664 0.000732 0.1294 0.1373 0.1333
v -0.336182 0.305664 0.008545 0.1333 0.1373 0.1451
v -0.340088 0.313965 0.007568 0.2902 0.2941 0.2941
v -0.366455 0.376465 0.016357 0.0902 0.0941 0.1020
v -0.364014 0.377441 0.010010 0.0902 0.0941 0.1020
v -0.358154 0.378906 0.007568 0.0588 0.0667 0.0627
v -0.299072 0.376465 0.124756 0.1216 0.1294 0.1294
v -0.253174 0.370605 0.124756 0.1176 0.1255 0.1216
v -0.260010 0.376465 0.122803 0.1216 0.1255 0.1255
v -0.255615 0.372559 0.113037 0.1216 0.1294 0.1255
v -0.251221 0.313965 0.007568 0.0549 0.0627 0.0588
v -0.299072 0.376465 0.016357 0.1216 0.1294 0.1255
v -0.304932 0.368652 0.007568 0.0157 0.0157 0.0157
v -0.301025 0.374023 0.010010 0.1333 0.1412 0.1373
v -0.267334 0.368652 0.007568 0.0392 0.0392 0.0392
v -0.253174 0.370605 0.016357 0.1333 0.1412 0.1373
v -0.260010 0.376465 0.016357 0.1255 0.1333 0.1333
v -0.255615 0.372559 0.023193 0.1255 0.1333 0.1294
v -0.260010 0.362305 0.007568 0.0353 0.0353 0.0314
v -0.255127 0.368164 0.010010 0.1333 0.1451 0.1451
v -0.262451 0.374023 0.010010 0.1059 0.1098 0.1098
v -0.259521 0.374512 0.011963 0.1451 0.1530 0.1490
v -0.222900 0.011230 0.187256 0.0078 0.0118 0.0196
v -0.224365 0.006836 0.182861 0.0078 0.0039 0.0039
v -0.224365 0.006836 0.126221 0.0196 0.0196 0.0196
v -0.204346 0.001465 0.182861 0.0039 0.0039 0.0039
v -0.203857 0.006348 0.187256 0.0196 0.0275 0.0275
v -0.204346 0.001465 0.126221 0.0157 0.0157 0.0157
v -0.183838 0.000000 0.182861 0.0039 0.0039 0.0039
v -0.184326 0.004883 0.187256 0.0235 0.0235 0.0196
v -0.164795 0.006836 0.187256 0.0078 0.0157 0.0157
v -0.163818 0.001953 0.182861 0.0039 0.0039 0.0039
v -0.183838 0.000000 0.126221 0.0157 0.0157 0.0157
v -0.163818 0.001953 0.126221 0.0118 0.0157 0.0157
v -0.145752 0.011719 0.187256 0.0196 0.0275 0.0275
v -0.143799 0.007324 0.182861 0.0039 0.0039 0.0039
v -0.143799 0.007324 0.126221 0.0157 0.0157 0.0157
v -0.221924 0.100098 0.199463 0.0157 0.0157 0.0196
v -0.220947 0.113770 0.203857 0.9098 0.9098 0.9098
v -0.220947 0.125000 0.203857 0.8588 0.8588 0.8509
v -0.226318 0.112793 0.199463 0.0549 0.0549 0.0588
v -0.226318 0.125977 0.199463 0.0902 0.0941 0.0980
v -0.217529 0.102539 0.203857 0.4471 0.4471 0.4628
v -0.210693 0.093750 0.203857 0.4235 0.4235 0.4471
v -0.214600 0.089844 0.199463 0.0118 0.0118 0.0157
v -0.203857 0.082031 0.199463 0.0314 0.0314 0.0314
v -0.201416 0.086914 0.203857 0.4275 0.4353 0.4628
v -0.190674 0.083496 0.203857 0.4863 0.4902 0.5216
v -0.200439 0.104004 0.203857 0.8000 0.8039 0.8039
v -0.188232 0.097656 0.203857 0.8509 0.8509 0.8627
v -0.194580 0.100098 0.203857 0.7216 0.7333 0.7451
v -0.189209 0.103027 0.203857 0.3372 0.3490 0.3686
v -0.191162 0.078125 0.199463 0.0000 0.0000 0.0000
v -0.195557 0.102051 0.191650 0.2157 0.2510 0.2863
v -0.189697 0.101562 0.200928 0.3608 0.3961 0.4196
v -0.204346 0.109375 0.203857 0.8392 0.8509 0.8549
v -0.206787 0.115723 0.203857 0.7882 0.8039 0.8157
v -0.217529 0.135742 0.203857 0.8431 0.8470 0.8470
v -0.206787 0.123047 0.203857 0.3372 0.3412 0.3451
v -0.204834 0.129395 0.203857 0.1765 0.1804 0.1922
v -0.203857 0.117188 0.200928 0.1137 0.1333 0.1451
v -0.204346 0.115234 0.191650 0.0157 0.0157 0.0235
v -0.197998 0.108398 0.203857 0.0510 0.0627 0.0706
v -0.195557 0.110840 0.205322 0.0745 0.0824 0.0784
v -0.202393 0.117676 0.203857 0.1490 0.1647 0.1804
v -0.198975 0.118164 0.205322 0.1098 0.1255 0.1373
v -0.188721 0.106445 0.205811 0.1137 0.1176 0.1216
v -0.200928 0.127441 0.203857 0.1686 0.1765 0.1922
v -0.197510 0.125977 0.205322 0.1647 0.1686 0.1765
v -0.200439 0.134766 0.203857 0.0824 0.0902 0.0941
v -0.192627 0.132324 0.205322 0.1961 0.2000 0.2078
v -0.194092 0.135254 0.203857 0.3372 0.3451 0.3529
v -0.198975 0.107422 0.200928 0.2353 0.2784 0.2941
v -0.202393 0.128418 0.200928 0.2588 0.3137 0.3451
v -0.202393 0.128906 0.191650 0.0314 0.0353 0.0431
v -0.195068 0.136719 0.200928 0.2902 0.3216 0.3412
v -0.243408 0.015137 0.182861 0.0196 0.0235 0.0275
v -0.241455 0.019531 0.187256 0.0196 0.0235 0.0314
v -0.232666 0.034180 0.187256 0.8706 0.8706 0.8706
v -0.230225 0.038086 0.179932 0.1843 0.1843 0.1843
v -0.246826 0.043457 0.187256 0.8902 0.8980 0.8941
v -0.243896 0.046875 0.179932 0.0314 0.0314 0.0314
v -0.243408 0.015137 0.126221 0.0000 0.0039 0.0039
v -0.217041 0.027344 0.187256 0.8666 0.8666 0.8666
v -0.215576 0.031250 0.179932 0.7608 0.7608 0.7608
v -0.200439 0.023438 0.187256 0.8784 0.8784 0.8784
v -0.199463 0.027832 0.179932 0.4353 0.4353 0.4353
v -0.221924 0.100586 0.179932 0.0549 0.0588 0.0667
v -0.225830 0.112793 0.179932 0.0706 0.0745 0.0824
v -0.226318 0.125977 0.179932 0.0627 0.0667 0.0745
v -0.214111 0.089844 0.179932 0.0549 0.0588 0.0588
v -0.203369 0.082520 0.179932 0.0353 0.0392 0.0431
v -0.191162 0.078613 0.179932 0.0314 0.0353 0.0431
v -0.178955 0.083496 0.203857 0.4275 0.4392 0.4706
v -0.181396 0.098145 0.203857 0.8313 0.8313 0.8392
v -0.178467 0.103516 0.204346 0.1647 0.1647 0.1804
v -0.175049 0.100098 0.203857 0.8117 0.8196 0.8313
v -0.177979 0.078125 0.199463 0.0039 0.0039 0.0039
v -0.184326 0.099121 0.191650 0.6276 0.6863 0.7137
v -0.177979 0.101562 0.201416 0.5804 0.6276 0.6510
v -0.173584 0.103027 0.191650 0.5412 0.5921 0.6276
v -0.168213 0.086914 0.203857 0.3137 0.3176 0.3490
v -0.169189 0.104004 0.203857 0.8274 0.8392 0.8470
v -0.159912 0.092773 0.203857 0.3098 0.3176 0.3333
v -0.165771 0.082520 0.199463 0.0392 0.0431 0.0431
v -0.184814 0.120117 0.207764 0.1412 0.1451 0.1530
v -0.179443 0.106934 0.205811 0.0549 0.0549 0.0627
v -0.173584 0.110840 0.205811 0.0745 0.0824 0.0824
v -0.184814 0.134766 0.205811 0.2392 0.2392 0.2471
v -0.177002 0.132324 0.205811 0.1686 0.1725 0.1804
v -0.175049 0.135254 0.204346 0.2823 0.2902 0.3019
v -0.174072 0.136719 0.201904 0.2353 0.2510 0.2667
v -0.171143 0.108398 0.204346 0.1922 0.1961 0.2039
v -0.165283 0.109863 0.203857 0.8078 0.8235 0.8313
v -0.170166 0.118164 0.206299 0.0902 0.0941 0.1020
v -0.166748 0.117676 0.204834 0.0745 0.0784 0.0863
v -0.163330 0.116211 0.203857 0.8392 0.8509 0.8549
v -0.171631 0.126465 0.206299 0.1137 0.1176 0.1255
v -0.168213 0.127930 0.204834 0.1137 0.1216 0.1255
v -0.169678 0.135254 0.203857 0.5019 0.5137 0.5294
v -0.165771 0.129395 0.203857 0.1216 0.1255 0.1333
v -0.163330 0.123047 0.203857 0.5725 0.5882 0.6000
v -0.169678 0.107422 0.201904 0.4589 0.5098 0.5569
v -0.164795 0.117676 0.201904 0.2196 0.2432 0.2549
v -0.166260 0.111816 0.191650 0.0196 0.0235 0.0353
v -0.166748 0.128418 0.201904 0.0863 0.0902 0.0980
v -0.165283 0.123535 0.191650 0.0157 0.0196 0.0275
v -0.170654 0.133789 0.191650 0.0196 0.0235 0.0314
v -0.152100 0.096680 0.203857 0.1020 0.1059 0.1216
v -0.155029 0.098633 0.203857 0.4118 0.4157 0.4275
v -0.147705 0.096191 0.203857 0.3608 0.3608 0.3765
v -0.155518 0.090332 0.199463 0.0510 0.0510 0.0510
v -0.153564 0.090820 0.199463 0.0314 0.0314 0.0353
v -0.149170 0.091309 0.199463 0.0039 0.0039 0.0039
v -0.150146 0.109375 0.203857 0.9568 0.9568 0.9568
v -0.146240 0.107910 0.203857 0.0549 0.0510 0.0431
v -0.142334 0.106445 0.203857 0.9058 0.9058 0.9058
v -0.148193 0.119141 0.203857 0.8627 0.8627 0.8549
v -0.144287 0.119629 0.203857 0.2039 0.2000 0.1961
v -0.149170 0.126953 0.203857 0.8078 0.8078 0.8078
v -0.152588 0.136230 0.203857 0.8274 0.8274 0.8274
v -0.142822 0.125000 0.199463 0.0745 0.0784 0.0902
v -0.143799 0.126465 0.199463 0.0784 0.0824 0.0941
v -0.140381 0.119141 0.203857 0.8039 0.8000 0.8039
v -0.138916 0.124023 0.199463 0.3882 0.4039 0.4157
v -0.183838 0.021973 0.187256 0.8627 0.8627 0.8627
v -0.183350 0.026367 0.179932 0.8117 0.8078 0.8039
v -0.166748 0.023926 0.187256 0.8627 0.8627 0.8627
v -0.167236 0.028320 0.179932 0.5098 0.5098 0.5098
v -0.150146 0.028320 0.187256 0.8353 0.8431 0.8392
v -0.151611 0.032715 0.179932 0.4941 0.4941 0.4941
v -0.127686 0.020508 0.187256 0.0314 0.0353 0.0471
v -0.136963 0.039551 0.179932 0.3451 0.3451 0.3451
v -0.135010 0.035645 0.187256 0.8549 0.8549 0.8549
v -0.178467 0.078613 0.179932 0.0314 0.0392 0.0353
v -0.165771 0.082520 0.179932 0.0275 0.0353 0.0314
v -0.156982 0.089844 0.179443 0.0275 0.0353 0.0275
v -0.153564 0.091797 0.179443 0.0314 0.0392 0.0353
v -0.149170 0.092285 0.179443 0.0392 0.0471 0.0431
v -0.144775 0.127930 0.179443 0.0235 0.0235 0.0235
v -0.142822 0.124512 0.179443 0.0235 0.0275 0.0275
v -0.138916 0.122559 0.179443 0.0235 0.0314 0.0275
v -0.230713 0.036621 0.105225 0.0235 0.0275 0.0275
v -0.244873 0.045898 0.105225 0.0196 0.0235 0.0235
v -0.215576 0.030273 0.105225 0.0275 0.0314 0.0275
v -0.199951 0.026367 0.105225 0.0275 0.0314 0.0275
v -0.183838 0.024902 0.105225 0.0235 0.0314 0.0314
v -0.167725 0.026855 0.105225 0.0314 0.0392 0.0353
v -0.152100 0.031250 0.105225 0.0314 0.0353 0.0314
v -0.137451 0.038574 0.105225 0.0275 0.0353 0.0353
v -0.124756 0.016113 0.182861 0.0039 0.0118 0.0078
v -0.111084 0.031738 0.187256 0.0078 0.0157 0.0314
v -0.108154 0.028320 0.182861 0.0196 0.0235 0.0314
v -0.121338 0.045898 0.187256 0.8784 0.8784 0.8784
v -0.124268 0.049316 0.179932 0.0118 0.0118 0.0118
v -0.109619 0.058105 0.187256 0.8941 0.8980 0.8941
v -0.112549 0.061035 0.179932 0.0078 0.0078 0.0078
v -0.097412 0.045898 0.187256 0.0510 0.0510 0.0667
v -0.103760 0.074219 0.179932 0.0000 0.0000 0.0000
v -0.099854 0.072266 0.187256 0.8627 0.8666 0.8627
v -0.124756 0.016113 0.126221 0.0118 0.0157 0.0157
v -0.108154 0.028320 0.126221 0.0157 0.0235 0.0196
v -0.093506 0.042969 0.182861 0.1373 0.1294 0.1412
v -0.085693 0.062500 0.187256 0.1059 0.1098 0.1255
v -0.081299 0.060059 0.182861 0.0196 0.0235 0.0314
v -0.093506 0.042969 0.126221 0.0275 0.0314 0.0275
v -0.081299 0.060059 0.126221 0.0196 0.0196 0.0196
v -0.093994 0.085938 0.187256 0.4471 0.4471 0.4628
v -0.097412 0.086914 0.179932 0.0510 0.0510 0.0510
v -0.094482 0.097656 0.179932 0.0431 0.0510 0.0549
v -0.090576 0.096680 0.187256 0.3882 0.3961 0.4078
v -0.077881 0.078613 0.187256 0.2314 0.2353 0.2392
v -0.073486 0.077148 0.182861 0.0314 0.0314 0.0353
v -0.073486 0.092285 0.187256 0.2235 0.2235 0.2314
v -0.071045 0.105469 0.187256 0.4118 0.4118 0.4157
v -0.068604 0.091309 0.182861 0.0353 0.0353 0.0431
v -0.066650 0.105469 0.182861 0.0745 0.0745 0.0824
v -0.092529 0.107422 0.179932 0.0510 0.0510 0.0588
v -0.088623 0.106934 0.187256 0.1255 0.1294 0.1373
v -0.092041 0.121094 0.180420 0.0471 0.0471 0.0510
v -0.088623 0.121582 0.187256 0.4589 0.4589 0.4667
v -0.070557 0.122070 0.187256 0.6354 0.6354 0.6432
v -0.065674 0.122559 0.182861 0.0745 0.0784 0.0863
v -0.066162 0.116211 0.156982 0.0510 0.0549 0.0627
v -0.067139 0.103027 0.148193 0.0118 0.0118 0.0118
v -0.073486 0.077148 0.126221 0.0196 0.0196 0.0196
v -0.067139 0.101562 0.140381 0.0078 0.0078 0.0078
v -0.068604 0.091309 0.126221 0.0157 0.0196 0.0157
v -0.067139 0.100586 0.126221 0.0078 0.0078 0.0078
v -0.066650 0.107422 0.154053 0.0235 0.0275 0.0314
v -0.065674 0.121582 0.156006 0.0588 0.0667 0.0667
v -0.123779 0.047852 0.105225 0.0196 0.0275 0.0235
v -0.112549 0.059570 0.105225 0.0275 0.0314 0.0275
v -0.103271 0.073242 0.105225 0.0196 0.0275 0.0235
v -0.097412 0.086426 0.105225 0.0157 0.0196 0.0196
v -0.093994 0.097168 0.105225 0.0118 0.0157 0.0157
v -0.093018 0.100586 0.105225 0.0078 0.0118 0.0078
v -0.072998 0.100586 0.117920 0.0078 0.0078 0.0078
v -0.222412 0.138184 0.199463 0.0157 0.0157 0.0196
v -0.211182 0.145020 0.203857 0.8588 0.8627 0.8666
v -0.214600 0.148926 0.199463 0.0471 0.0471 0.0549
v -0.204346 0.156738 0.199463 0.0314 0.0353 0.0431
v -0.201904 0.151855 0.203857 0.8392 0.8470 0.8470
v -0.195068 0.139160 0.203857 0.1020 0.1059 0.1176
v -0.188721 0.141113 0.203857 0.0824 0.0902 0.0863
v -0.191162 0.155762 0.203857 0.8431 0.8470 0.8549
v -0.192627 0.137695 0.191650 0.0549 0.0588 0.0667
v -0.191650 0.160645 0.199463 0.0275 0.0314 0.0471
v -0.244873 0.234375 0.220459 0.0235 0.0275 0.0235
v -0.242920 0.231445 0.218994 0.0078 0.0118 0.0078
v -0.223389 0.241211 0.218994 0.0157 0.0235 0.0196
v -0.224854 0.244141 0.220459 0.0235 0.0275 0.0353
v -0.241455 0.229004 0.213623 0.0000 0.0000 0.0000
v -0.222412 0.238281 0.213623 0.0000 0.0000 0.0000
v -0.203369 0.250000 0.220459 0.0510 0.0549 0.0627
v -0.202393 0.247070 0.218994 0.0353 0.0314 0.0471
v -0.201904 0.244141 0.213623 0.0000 0.0000 0.0000
v -0.222412 0.138184 0.179932 0.0471 0.0510 0.0549
v -0.246338 0.189941 0.179932 0.0941 0.0980 0.0980
v -0.249268 0.193359 0.187256 0.3568 0.3568 0.3765
v -0.214600 0.148926 0.179932 0.0314 0.0392 0.0471
v -0.204346 0.156250 0.179932 0.0314 0.0353 0.0431
v -0.191650 0.160645 0.179932 0.0314 0.0392 0.0353
v -0.235596 0.203613 0.187256 0.3804 0.3804 0.4039
v -0.243408 0.218750 0.187256 0.8000 0.8039 0.8117
v -0.245850 0.223145 0.182861 0.1137 0.1176 0.1333
v -0.233643 0.199707 0.179932 0.0980 0.1059 0.1020
v -0.218994 0.206543 0.179932 0.0941 0.1020 0.0980
v -0.220459 0.210938 0.187256 0.3294 0.3333 0.3608
v -0.225342 0.227539 0.187256 0.8235 0.8392 0.8431
v -0.227295 0.231934 0.182861 0.0824 0.0941 0.1059
v -0.245850 0.223145 0.143311 0.0627 0.0667 0.0706
v -0.241455 0.229004 0.129150 0.0667 0.0745 0.0706
v -0.227295 0.231934 0.143311 0.0706 0.0784 0.0745
v -0.222412 0.238281 0.129150 0.0706 0.0784 0.0745
v -0.204346 0.215332 0.187256 0.2627 0.2627 0.2784
v -0.202881 0.210938 0.179932 0.1020 0.1020 0.1020
v -0.207275 0.237305 0.182861 0.0745 0.0863 0.0941
v -0.205811 0.232422 0.187256 0.8862 0.8941 0.8902
v -0.207275 0.237305 0.143311 0.0784 0.0863 0.0824
v -0.201904 0.244141 0.129150 0.0784 0.0824 0.0902
v -0.184814 0.138184 0.204346 0.4745 0.4784 0.4902
v -0.181885 0.141113 0.203857 0.1843 0.1882 0.2000
v -0.175049 0.139160 0.203857 0.0745 0.0784 0.0902
v -0.179443 0.155762 0.203857 0.8588 0.8666 0.8666
v -0.184326 0.139648 0.201416 0.2549 0.2706 0.2823
v -0.180908 0.139160 0.191650 0.0235 0.0392 0.0510
v -0.178955 0.161133 0.199463 0.0196 0.0314 0.0392
v -0.168701 0.152344 0.203857 0.8549 0.8666 0.8784
v -0.159424 0.145508 0.203857 0.8549 0.8627 0.8627
v -0.166260 0.156738 0.199463 0.0392 0.0471 0.0588
v -0.155518 0.149414 0.199463 0.0000 0.0000 0.0000
v -0.147705 0.138672 0.199463 0.0235 0.0235 0.0275
v -0.180908 0.249023 0.218994 0.0275 0.0314 0.0392
v -0.180908 0.251953 0.220459 0.0431 0.0471 0.0549
v -0.159424 0.247070 0.218994 0.0314 0.0314 0.0392
v -0.158936 0.250000 0.220459 0.0392 0.0431 0.0510
v -0.180908 0.246094 0.213623 0.0000 0.0000 0.0000
v -0.159912 0.244141 0.213623 0.0000 0.0000 0.0000
v -0.138428 0.241211 0.218994 0.0235 0.0275 0.0353
v -0.137451 0.244141 0.220459 0.0353 0.0392 0.0471
v -0.139404 0.238281 0.213623 0.0000 0.0000 0.0000
v -0.178955 0.160645 0.179932 0.0314 0.0392 0.0353
v -0.166260 0.156738 0.179932 0.0314 0.0353 0.0353
v -0.156006 0.148926 0.179932 0.0235 0.0275 0.0353
v -0.148193 0.138672 0.179932 0.0235 0.0275 0.0275
v -0.126709 0.192383 0.179932 0.0745 0.0784 0.0784
v -0.186768 0.212891 0.179932 0.1020 0.1020 0.1020
v -0.187256 0.217285 0.187256 0.1882 0.1922 0.1961
v -0.170654 0.211426 0.179932 0.1020 0.0980 0.1020
v -0.170166 0.215820 0.187256 0.1020 0.1059 0.1098
v -0.186279 0.234375 0.187256 0.8980 0.9019 0.8980
v -0.186279 0.239258 0.182861 0.1333 0.1451 0.1451
v -0.166260 0.232910 0.187256 0.8902 0.8980 0.8980
v -0.165771 0.237793 0.182861 0.2432 0.2549 0.2627
v -0.186279 0.239258 0.143311 0.0863 0.0902 0.0980
v -0.180908 0.246094 0.129150 0.0824 0.0863 0.0941
v -0.165771 0.237793 0.143311 0.0863 0.0902 0.0980
v -0.159912 0.244141 0.129150 0.0863 0.0902 0.0980
v -0.153564 0.211914 0.187256 0.1373 0.1490 0.1530
v -0.155029 0.208008 0.179932 0.0941 0.0941 0.0902
v -0.146729 0.227539 0.187256 0.8980 0.8980 0.8980
v -0.138428 0.205078 0.187256 0.1020 0.1098 0.1137
v -0.139893 0.201172 0.179932 0.0941 0.0980 0.0941
v -0.128662 0.219238 0.187256 0.9019 0.9058 0.9098
v -0.126709 0.223633 0.182861 0.2627 0.2784 0.2902
v -0.145264 0.232422 0.182861 0.3176 0.3412 0.3412
v -0.126709 0.223633 0.143311 0.0784 0.0863 0.0824
v -0.145264 0.232422 0.143311 0.0863 0.0941 0.0902
v -0.139404 0.238281 0.129150 0.0824 0.0863 0.0941
v -0.249756 0.367676 0.236084 0.4589 0.4667 0.5019
v -0.240967 0.369141 0.236084 0.4471 0.4510 0.4784
v -0.249756 0.363281 0.227783 0.0824 0.0902 0.0863
v -0.240479 0.365234 0.227783 0.0706 0.0745 0.0824
v -0.238525 0.368164 0.220459 0.0745 0.0824 0.0902
v -0.233154 0.372559 0.236084 0.4275 0.4275 0.4589
v -0.224854 0.378906 0.236572 0.4157 0.4196 0.4392
v -0.218994 0.386719 0.236572 0.4353 0.4353 0.4550
v -0.232178 0.369141 0.227783 0.0863 0.0902 0.0980
v -0.226807 0.375977 0.220459 0.0824 0.0902 0.1059
v -0.223389 0.375977 0.227783 0.0588 0.0627 0.0745
v -0.217041 0.384277 0.227783 0.0745 0.0784 0.0863
v -0.218506 0.386230 0.220459 0.0745 0.0863 0.0902
v -0.243408 0.308105 0.131104 0.1216 0.1333 0.1294
v -0.248291 0.383789 0.171631 0.1059 0.1098 0.1176
v -0.187256 0.266602 0.235107 0.4432 0.4510 0.4589
v -0.187256 0.292480 0.235107 0.8862 0.8862 0.8862
v -0.187256 0.264648 0.232666 0.3255 0.3412 0.3686
v -0.187256 0.263672 0.220459 0.1647 0.1647 0.1725
v -0.187256 0.294922 0.232666 0.0627 0.0745 0.0706
v -0.187256 0.295410 0.220459 0.0431 0.0431 0.0431
v -0.164307 0.386719 0.236084 0.5569 0.5569 0.5725
v -0.158936 0.379395 0.236084 0.3921 0.3882 0.4039
v -0.167236 0.384277 0.226807 0.0588 0.0588 0.0588
v -0.160889 0.375977 0.226807 0.0824 0.0824 0.0824
v -0.159912 0.377441 0.220459 0.0706 0.0706 0.0706
v -0.141846 0.369141 0.236084 0.4353 0.4392 0.4628
v -0.150635 0.373047 0.236084 0.3921 0.3961 0.4078
v -0.151611 0.369141 0.226807 0.0667 0.0706 0.0784
v -0.150146 0.370117 0.220459 0.0471 0.0510 0.0588
v -0.142822 0.365234 0.226807 0.0510 0.0549 0.0627
v -0.142334 0.366699 0.220459 0.0471 0.0510 0.0588
v -0.132080 0.367676 0.236084 0.5216 0.5216 0.5490
v -0.130615 0.385742 0.236084 0.8784 0.8823 0.8784
v -0.132568 0.363281 0.226807 0.0824 0.0902 0.0863
v -0.131592 0.364746 0.220459 0.1059 0.1098 0.1176
v -0.149170 0.308105 0.130615 0.1216 0.1294 0.1255
v -0.144287 0.313965 0.133545 0.0941 0.0980 0.1059
v -0.168213 0.377441 0.130615 0.0902 0.0980 0.0941
v -0.162354 0.378906 0.133545 0.1137 0.1216 0.1176
v -0.133057 0.383789 0.171143 0.1020 0.1059 0.1137
v -0.240479 0.305664 0.124756 0.1333 0.1333 0.1333
v -0.240479 0.305664 0.016357 0.1333 0.1373 0.1451
v -0.249756 0.305664 0.008545 0.1176 0.1216 0.1294
v -0.243408 0.308105 0.010010 0.1373 0.1451 0.1412
v -0.243408 0.305664 0.006104 0.1059 0.1098 0.1098
v -0.240479 0.305664 0.000732 0.1373 0.1451 0.1333
v -0.151123 0.305664 0.124756 0.1216 0.1294 0.1255
v -0.170654 0.376465 0.124756 0.1137 0.1137 0.1137
v -0.151123 0.305664 0.016357 0.1530 0.1608 0.1569
v -0.149170 0.308105 0.010010 0.1569 0.1647 0.1569
v -0.151123 0.305664 0.000732 0.1098 0.1176 0.1176
v -0.148193 0.305664 0.006104 0.0980 0.1059 0.1020
v -0.144287 0.313965 0.007568 0.1176 0.1176 0.1098
v -0.140381 0.305664 0.008545 0.1176 0.1216 0.1294
v -0.170654 0.376465 0.016357 0.1255 0.1333 0.1255
v -0.168213 0.377441 0.010010 0.1569 0.1725 0.1686
v -0.162354 0.378906 0.007568 0.0275 0.0196 0.0157
v -0.079834 0.191895 0.218994 0.0196 0.0275 0.0275
v -0.074463 0.191895 0.221436 0.0196 0.0235 0.0235
v -0.082275 0.191895 0.212646 0.0157 0.0157 0.0157
v -0.079834 0.188477 0.204346 0.0157 0.0157 0.0157
v -0.077881 0.188477 0.211182 0.0039 0.0039 0.0039
v -0.072021 0.188477 0.213623 0.0000 0.0000 0.0000
v -0.099854 0.220215 0.220459 0.0471 0.0510 0.0471
v -0.095947 0.216309 0.220459 0.0510 0.0549 0.0549
v -0.118896 0.231445 0.218994 0.0235 0.0314 0.0353
v -0.116943 0.234375 0.220459 0.0471 0.0471 0.0471
v -0.120361 0.229004 0.213623 0.0078 0.0078 0.0078
v -0.103760 0.216309 0.213623 0.0196 0.0235 0.0235
v -0.100830 0.216309 0.218018 0.0235 0.0314 0.0275
v -0.086182 0.199707 0.222900 0.0510 0.0588 0.0588
v -0.093506 0.209473 0.223389 0.0431 0.0471 0.0510
v -0.093506 0.212891 0.223389 0.0510 0.0510 0.0510
v -0.090576 0.214844 0.223389 0.1412 0.1412 0.1373
v -0.088623 0.210449 0.224854 0.0667 0.0667 0.0667
v -0.080811 0.199707 0.224854 0.0706 0.0706 0.0706
v -0.089600 0.200195 0.217529 0.0196 0.0353 0.0353
v -0.093994 0.137207 0.179932 0.0039 0.0039 0.0039
v -0.105225 0.167969 0.179932 0.0353 0.0431 0.0392
v -0.098389 0.152832 0.179932 0.0275 0.0314 0.0275
v -0.094482 0.154785 0.187256 0.7921 0.7921 0.7921
v -0.114990 0.180664 0.179932 0.0745 0.0784 0.0863
v -0.124268 0.195801 0.187256 0.2784 0.2823 0.2941
v -0.112061 0.184082 0.187256 0.4745 0.4745 0.4902
v -0.101807 0.170410 0.187256 0.6550 0.6550 0.6628
v -0.097900 0.193848 0.187256 0.8784 0.8823 0.8784
v -0.094482 0.197266 0.182861 0.6118 0.6157 0.6236
v -0.089600 0.138672 0.187256 0.9058 0.9058 0.9058
v -0.072510 0.140625 0.187256 0.7921 0.7921 0.7921
v -0.067627 0.141602 0.182861 0.1137 0.1176 0.1333
v -0.077881 0.159668 0.187256 0.8353 0.8353 0.8313
v -0.073486 0.161621 0.182861 0.0980 0.1020 0.1098
v -0.086182 0.177734 0.187256 0.8235 0.8235 0.8274
v -0.082764 0.181152 0.182373 0.2823 0.2902 0.3294
v -0.079834 0.188477 0.156982 0.0392 0.0431 0.0510
v -0.067627 0.141602 0.156006 0.0510 0.0549 0.0588
v -0.073486 0.161621 0.156006 0.0314 0.0353 0.0431
v -0.082275 0.180664 0.156006 0.0275 0.0314 0.0392
v -0.112061 0.208008 0.187256 0.9019 0.9058 0.9137
v -0.109131 0.211914 0.182861 0.3255 0.3490 0.3647
v -0.120361 0.229004 0.129150 0.0745 0.0784 0.0863
v -0.109131 0.211914 0.143311 0.0706 0.0784 0.0745
v -0.103760 0.216309 0.129150 0.0706 0.0745 0.0824
v -0.089600 0.200195 0.130127 0.0706 0.0784 0.0745
v -0.119385 0.383789 0.236084 0.8823 0.8823 0.8823
v -0.115479 0.386230 0.227783 0.7882 0.7921 0.8039
v -0.067139 0.383789 0.236572 0.8706 0.8706 0.8706
v -0.071045 0.386230 0.227783 0.8196 0.8353 0.8470
v -0.115479 0.386230 0.180420 0.1098 0.1176 0.1137
v -0.120850 0.381836 0.171143 0.1059 0.1137 0.1098
v -0.109131 0.368652 0.133545 0.1098 0.1176 0.1137
v -0.104736 0.374023 0.130615 0.1176 0.1176 0.1176
v -0.071045 0.386230 0.180908 0.1059 0.1137 0.1098
v -0.065674 0.381836 0.171631 0.1059 0.1098 0.1137
v -0.071533 0.368652 0.133545 0.1176 0.1255 0.1216
v -0.064209 0.362305 0.133545 0.1098 0.1176 0.1137
v -0.066650 0.374023 0.131104 0.1216 0.1216 0.1216
v -0.066162 0.376465 0.125244 0.1216 0.1216 0.1216
v -0.054443 0.367676 0.236572 0.4823 0.4823 0.5137
v -0.055908 0.385742 0.236572 0.8666 0.8745 0.8706
v -0.054932 0.364746 0.220459 0.0667 0.0745 0.0706
v -0.053955 0.363281 0.226807 0.0784 0.0824 0.0902
v -0.044678 0.369141 0.236572 0.4235 0.4275 0.4510
v -0.035889 0.373047 0.236572 0.4157 0.4196 0.4510
v -0.043701 0.365234 0.226807 0.0863 0.0902 0.0980
v -0.044189 0.366699 0.220459 0.0549 0.0588 0.0627
v -0.034912 0.369141 0.226807 0.0863 0.0902 0.0980
v -0.035889 0.370605 0.220459 0.0549 0.0627 0.0588
v -0.027588 0.379395 0.236572 0.4039 0.4078 0.4275
v -0.022217 0.386719 0.236572 0.4550 0.4510 0.4706
v -0.025635 0.375977 0.226807 0.0863 0.0863 0.0863
v -0.027588 0.376953 0.220459 0.0784 0.0863 0.0824
v -0.019287 0.384277 0.226807 0.0510 0.0549 0.0627
v -0.047607 0.308105 0.131104 0.1098 0.1176 0.1176
v -0.055420 0.313965 0.133545 0.0863 0.0941 0.0902
v -0.053467 0.383789 0.171631 0.1059 0.1098 0.1176
v -0.059326 0.368164 0.131104 0.1176 0.1216 0.1176
v -0.103271 0.376465 0.124756 0.1216 0.1216 0.1216
v -0.064209 0.376465 0.122803 0.1216 0.1294 0.1255
v -0.103271 0.376465 0.016357 0.1294 0.1373 0.1333
v -0.109131 0.368652 0.007568 0.0039 0.0078 0.0000
v -0.105225 0.374023 0.010010 0.0902 0.0941 0.0863
v -0.064209 0.376465 0.016357 0.1176 0.1255 0.1216
v -0.071533 0.368652 0.007568 0.0157 0.0157 0.0157
v -0.064209 0.362305 0.007568 0.0078 0.0078 0.0000
v -0.066650 0.374023 0.010010 0.1176 0.1255 0.1137
v -0.063721 0.374512 0.011963 0.1294 0.1373 0.1255
v -0.044678 0.305664 0.124756 0.1216 0.1216 0.1216
v -0.057373 0.370605 0.124756 0.1216 0.1255 0.1255
v -0.059814 0.372559 0.113037 0.1216 0.1255 0.1333
v -0.052979 0.305664 0.008545 0.1059 0.1098 0.1176
v -0.047607 0.308105 0.010010 0.1412 0.1451 0.1490
v -0.055420 0.313965 0.007568 0.0863 0.0902 0.0902
v -0.044678 0.305664 0.016357 0.1137 0.1216 0.1176
v -0.046631 0.305664 0.006104 0.1020 0.1098 0.1059
v -0.044189 0.305664 0.000732 0.1059 0.1098 0.1137
v -0.057373 0.370605 0.016357 0.1412 0.1451 0.1490
v -0.059814 0.372559 0.023193 0.1373 0.1451 0.1490
v -0.059326 0.368164 0.010010 0.1686 0.1765 0.1725
v -0.439697 0.635254 0.265381 0.4706 0.4667 0.4980
v -0.434326 0.635254 0.273682 0.6079 0.6039 0.6236
v -0.431885 0.628418 0.271729 0.2235 0.2314 0.2432
v -0.422119 0.635254 0.276611 0.5176 0.5216 0.5412
v -0.422119 0.626953 0.273193 0.1333 0.1530 0.1569
v -0.434326 0.626953 0.264893 0.1961 0.2078 0.2314
v -0.422119 0.623535 0.264893 0.0000 0.0000 0.0000
v -0.438721 0.657715 0.265869 0.7098 0.7098 0.7176
v -0.439697 0.659180 0.261963 0.6667 0.6667 0.6745
v -0.439697 0.663086 0.260498 0.6863 0.6863 0.6941
v -0.439697 0.674805 0.256104 0.6980 0.6980 0.7059
v -0.434326 0.657715 0.273682 0.9255 0.9255 0.9255
v -0.434326 0.660645 0.270264 0.9137 0.9137 0.9137
v -0.434326 0.663086 0.267334 0.9058 0.9058 0.9058
v -0.434326 0.666992 0.265869 0.9098 0.9058 0.8980
v -0.422119 0.656738 0.277100 0.9019 0.9019 0.9019
v -0.422119 0.659668 0.276611 0.8862 0.8862 0.8862
v -0.422119 0.662109 0.272705 0.8862 0.8862 0.8862
v -0.422119 0.665039 0.269775 0.0157 0.0157 0.0157
v -0.422119 0.668945 0.267822 0.1725 0.1725 0.1725
v -0.434326 0.678711 0.261475 0.9098 0.9098 0.9098
v -0.422119 0.680176 0.263916 0.5647 0.5647 0.5647
v -0.434326 0.694336 0.250244 0.8431 0.8431 0.8431
v -0.422119 0.695801 0.252197 0.2588 0.2627 0.2706
v -0.404053 0.487793 0.131104 0.1176 0.1216 0.1294
v -0.404053 0.493652 0.129639 0.1216 0.1255 0.1294
v -0.398682 0.495117 0.131104 0.1137 0.1176 0.1255
v -0.396729 0.488281 0.133545 0.1059 0.1098 0.1176
v -0.434326 0.630371 0.229736 0.1961 0.2118 0.2314
v -0.434326 0.635742 0.224365 0.1608 0.1608 0.1686
v -0.433350 0.632324 0.226318 0.1020 0.1059 0.1137
v -0.422119 0.627441 0.229248 0.0078 0.0078 0.0078
v -0.422119 0.629883 0.224365 0.0118 0.0157 0.0118
v -0.422119 0.634766 0.221436 0.0510 0.0549 0.0549
v -0.409912 0.606445 0.220459 0.1020 0.1059 0.1137
v -0.422119 0.606445 0.214600 0.2235 0.2353 0.2667
v -0.424072 0.606445 0.207275 0.1098 0.1216 0.1412
v -0.417725 0.606445 0.218506 0.2941 0.3019 0.3216
v -0.406982 0.487793 0.124756 0.1294 0.1333 0.1412
v -0.406006 0.495117 0.124756 0.1294 0.1333 0.1373
v -0.399170 0.498047 0.124756 0.1137 0.1176 0.1255
v -0.406982 0.487793 0.015869 0.1255 0.1294 0.1373
v -0.406006 0.495117 0.015869 0.1294 0.1333 0.1373
v -0.399658 0.498047 0.015869 0.1176 0.1255 0.1216
v -0.404053 0.488281 0.010010 0.1490 0.1530 0.1569
v -0.404541 0.493652 0.010986 0.1451 0.1490 0.1569
v -0.399170 0.495117 0.010010 0.1490 0.1530 0.1569
v -0.403076 0.486328 0.004639 0.0745 0.0824 0.0784
v -0.405029 0.492188 0.003662 0.1059 0.1137 0.1098
v -0.400146 0.494629 0.004639 0.0941 0.1020 0.0980
v -0.397217 0.488281 0.007568 0.1412 0.1569 0.1608
v -0.396240 0.487305 0.007568 0.1490 0.1569 0.1530
v -0.375244 0.496582 0.004639 0.0745 0.0863 0.0824
v -0.363525 0.395508 0.236084 0.5804 0.5804 0.5843
v -0.364990 0.405273 0.236084 0.8157 0.8157 0.8157
v -0.365967 0.394043 0.227783 0.0784 0.0824 0.0902
v -0.364014 0.394531 0.220459 0.0941 0.1020 0.1020
v -0.367920 0.404297 0.227783 0.0941 0.0980 0.1059
v -0.365967 0.404785 0.220459 0.0784 0.0824 0.0902
v -0.346436 0.405273 0.236084 0.9098 0.9098 0.9019
v -0.347412 0.416504 0.236084 0.9529 0.9529 0.9568
v -0.343994 0.408691 0.227783 0.4392 0.4510 0.4706
v -0.344482 0.420410 0.227783 0.4118 0.4235 0.4510
v -0.343506 0.394043 0.236084 0.8941 0.8941 0.8941
v -0.337158 0.388184 0.236084 0.8862 0.8862 0.8862
v -0.341064 0.396973 0.227783 0.8078 0.8078 0.8078
v -0.334228 0.390625 0.227783 0.8274 0.8274 0.8196
v -0.324463 0.388184 0.227783 0.7843 0.7843 0.7843
v -0.343994 0.408691 0.181397 0.1098 0.1137 0.1216
v -0.348877 0.404785 0.171631 0.0980 0.1020 0.1059
v -0.349854 0.416992 0.171631 0.1137 0.1216 0.1176
v -0.344971 0.420410 0.181397 0.1255 0.1294 0.1373
v -0.341064 0.396484 0.180908 0.1098 0.1137 0.1216
v -0.334229 0.390625 0.180908 0.1176 0.1216 0.1294
v -0.343018 0.389648 0.171631 0.1176 0.1216 0.1294
v -0.324463 0.387695 0.180908 0.1255 0.1294 0.1373
v -0.324951 0.420410 0.133545 0.1098 0.1176 0.1137
v -0.316650 0.418457 0.126709 0.1373 0.1451 0.1412
v -0.348877 0.473633 0.133545 0.1530 0.1490 0.1490
v -0.369385 0.488281 0.133545 0.0863 0.0941 0.0902
v -0.369385 0.494141 0.131104 0.0902 0.0980 0.0941
v -0.361084 0.485840 0.133545 0.0745 0.0824 0.0784
v -0.354248 0.480957 0.133545 0.1098 0.1137 0.1216
v -0.358643 0.491211 0.131104 0.0784 0.0824 0.0824
v -0.349854 0.485352 0.131104 0.1647 0.1765 0.1804
v -0.343506 0.476562 0.130615 0.1412 0.1412 0.1412
v -0.253662 0.388184 0.227783 0.6980 0.7059 0.7216
v -0.253662 0.387695 0.181396 0.1059 0.1137 0.1176
v -0.264404 0.421387 0.126709 0.1216 0.1294 0.1255
v -0.344482 0.542969 0.227783 0.0941 0.1098 0.1137
v -0.364990 0.557617 0.236084 0.8588 0.8588 0.8588
v -0.363525 0.566895 0.236084 0.8431 0.8470 0.8392
v -0.367920 0.558594 0.227783 0.0235 0.0275 0.0353
v -0.365967 0.558105 0.220459 0.0627 0.0667 0.0745
v -0.365967 0.568359 0.227783 0.0627 0.0667 0.0745
v -0.363525 0.570312 0.220459 0.0667 0.0706 0.0784
v -0.347412 0.546387 0.236084 0.9451 0.9451 0.9451
v -0.346436 0.557617 0.236084 0.7294 0.7294 0.7294
v -0.343994 0.554199 0.227783 0.0314 0.0314 0.0392
v -0.343506 0.568359 0.236084 0.6785 0.6785 0.6824
v -0.341064 0.565430 0.227783 0.0627 0.0706 0.0706
v -0.334228 0.572266 0.227783 0.0980 0.1020 0.1137
v -0.359619 0.575684 0.236084 0.8117 0.8117 0.8078
v -0.362061 0.578125 0.227783 0.1059 0.1137 0.1176
v -0.353760 0.583496 0.236084 0.7960 0.8039 0.8000
v -0.345947 0.589844 0.236084 0.8157 0.8157 0.8157
v -0.355225 0.586914 0.227783 0.1176 0.1216 0.1294
v -0.354736 0.584473 0.220459 0.0824 0.0863 0.0941
v -0.346436 0.593750 0.227783 0.1373 0.1412 0.1490
v -0.344482 0.592285 0.220459 0.0902 0.0941 0.1020
v -0.337158 0.574707 0.236084 0.4902 0.4941 0.5098
v -0.337158 0.593262 0.236084 0.8784 0.8823 0.8784
v -0.337646 0.597656 0.227783 0.3529 0.3608 0.3765
v -0.336670 0.595703 0.220459 0.0353 0.0314 0.0314
v -0.328369 0.599121 0.227783 0.7098 0.7137 0.7216
v -0.327881 0.577148 0.236084 0.2432 0.2432 0.2549
v -0.317139 0.578613 0.236572 0.1843 0.1961 0.2039
v -0.327881 0.595215 0.236572 0.8666 0.8666 0.8666
v -0.324463 0.574707 0.227783 0.0902 0.0941 0.1020
v -0.313721 0.576172 0.227783 0.1098 0.1137 0.1294
v -0.327881 0.597168 0.220459 0.0235 0.0235 0.0314
v -0.344971 0.542969 0.181397 0.1137 0.1176 0.1255
v -0.343994 0.554199 0.181397 0.1059 0.1098 0.1255
v -0.349854 0.545898 0.171631 0.1059 0.1098 0.1176
v -0.348877 0.557617 0.171631 0.1020 0.1059 0.1137
v -0.341064 0.565918 0.181397 0.1020 0.1059 0.1059
v -0.334229 0.572266 0.181397 0.1020 0.1098 0.1059
v -0.343018 0.572754 0.171631 0.0902 0.0980 0.0941
v -0.329834 0.579102 0.171631 0.0863 0.0941 0.0902
v -0.324463 0.575195 0.181397 0.1098 0.1176 0.1137
v -0.313721 0.576660 0.181397 0.1059 0.1098 0.1176
v -0.317627 0.580566 0.171631 0.0980 0.1020 0.1098
v -0.260498 0.578613 0.236572 0.2000 0.2039 0.2157
v -0.263916 0.576172 0.227783 0.0980 0.1020 0.1098
v -0.253174 0.574707 0.227783 0.0980 0.1020 0.1098
v -0.250244 0.597168 0.220459 0.0196 0.0235 0.0314
v -0.263916 0.576660 0.181396 0.1098 0.1137 0.1216
v -0.253174 0.575195 0.181396 0.1059 0.1137 0.1098
v -0.260010 0.580566 0.171631 0.0863 0.0941 0.0902
v -0.322021 0.429199 0.113037 0.1294 0.1333 0.1294
v -0.318604 0.423828 0.124756 0.1333 0.1333 0.1373
v -0.314209 0.430176 0.123291 0.1255 0.1294 0.1333
v -0.314209 0.436523 0.113037 0.1216 0.1333 0.1294
v -0.368896 0.496582 0.124756 0.1843 0.1843 0.1922
v -0.357666 0.493652 0.124756 0.0863 0.0941 0.0902
v -0.347900 0.486816 0.124756 0.1765 0.1804 0.1882
v -0.341553 0.477539 0.124756 0.1255 0.1294 0.1373
v -0.327881 0.417969 0.008545 0.6354 0.6276 0.6315
v -0.342529 0.422852 0.008545 0.6510 0.6432 0.6550
v -0.340088 0.434082 0.005615 0.1725 0.1725 0.1608
v -0.322021 0.429199 0.023193 0.1412 0.1490 0.1451
v -0.320068 0.425293 0.016357 0.1843 0.1843 0.1765
v -0.314209 0.436523 0.023193 0.1255 0.1333 0.1294
v -0.325928 0.429199 0.005615 0.1294 0.1294 0.1255
v -0.319092 0.421387 0.012939 0.1765 0.1725 0.1725
v -0.317139 0.421875 0.008545 0.5255 0.5255 0.5255
v -0.314209 0.432617 0.014404 0.1333 0.1333 0.1333
v -0.315186 0.433105 0.005615 0.1216 0.1255 0.1255
v -0.348877 0.473633 0.007568 0.1137 0.1176 0.1255
v -0.368896 0.496582 0.016357 0.1098 0.1176 0.1137
v -0.369385 0.494141 0.010010 0.1294 0.1333 0.1294
v -0.369873 0.488281 0.007568 0.1530 0.1569 0.1647
v -0.371826 0.490723 0.007568 0.1176 0.1255 0.1216
v -0.369385 0.496094 0.003174 0.0824 0.0902 0.0863
v -0.361572 0.485840 0.007568 0.0980 0.1059 0.1020
v -0.365967 0.491699 0.004639 0.0510 0.0549 0.0549
v -0.357666 0.493652 0.016357 0.1255 0.1333 0.1255
v -0.347900 0.486816 0.016357 0.1725 0.1765 0.1843
v -0.358643 0.491211 0.010010 0.1373 0.1373 0.1373
v -0.354248 0.480957 0.007568 0.2353 0.2392 0.2471
v -0.349854 0.485352 0.010010 0.1608 0.1647 0.1765
v -0.341553 0.477539 0.016357 0.1373 0.1412 0.1490
v -0.343506 0.476562 0.010010 0.1451 0.1490 0.1569
v -0.267822 0.431152 0.122314 0.1216 0.1255 0.1255
v -0.269775 0.436523 0.113037 0.1294 0.1294 0.1294
v -0.257568 0.421387 0.124268 0.1255 0.1333 0.1294
v -0.257568 0.429688 0.120850 0.1255 0.1333 0.1294
v -0.254150 0.422363 0.113037 0.1255 0.1333 0.1294
v -0.257568 0.434082 0.113037 0.1294 0.1333 0.1294
v -0.269775 0.436523 0.023193 0.1333 0.1412 0.1373
v -0.268799 0.434082 0.016357 0.1373 0.1451 0.1412
v -0.254150 0.422363 0.023193 0.1333 0.1412 0.1373
v -0.257568 0.434082 0.023193 0.1333 0.1373 0.1373
v -0.264404 0.422363 0.009522 0.1412 0.1490 0.1451
v -0.258057 0.432129 0.015381 0.1412 0.1490 0.1451
v -0.258545 0.429688 0.008545 0.5490 0.5490 0.5530
v -0.257568 0.421387 0.011963 0.1451 0.1530 0.1490
v -0.250732 0.428711 0.005615 0.1373 0.1451 0.1412
v -0.263916 0.436523 0.005615 0.1137 0.1216 0.1176
v -0.255127 0.434570 0.004150 0.1216 0.1294 0.1294
v -0.438232 0.637207 0.230225 0.4941 0.4902 0.5098
v -0.439697 0.652344 0.226807 0.4941 0.4863 0.5019
v -0.439697 0.690430 0.244873 0.6980 0.6941 0.7059
v -0.439697 0.670410 0.216553 0.4784 0.4784 0.4902
v -0.439697 0.692871 0.195068 0.4000 0.4000 0.4196
v -0.439697 0.711426 0.218506 0.6941 0.6902 0.6941
v -0.439697 0.730469 0.182373 0.6276 0.6236 0.6354
v -0.439697 0.710938 0.166260 0.3529 0.3568 0.3765
v -0.439697 0.727051 0.130127 0.3686 0.3686 0.3882
v -0.439697 0.747559 0.142334 0.5686 0.5686 0.5764
v -0.434326 0.648438 0.221436 0.0275 0.0275 0.0275
v -0.422119 0.644043 0.220459 0.0392 0.0431 0.0392
v -0.417725 0.644043 0.220459 0.0549 0.0627 0.0588
v -0.409912 0.644043 0.220459 0.0745 0.0902 0.0941
v -0.434326 0.666504 0.211182 0.0235 0.0275 0.0353
v -0.422119 0.665039 0.209229 0.0353 0.0392 0.0471
v -0.434326 0.688965 0.190674 0.0471 0.0510 0.0588
v -0.422119 0.687500 0.188721 0.0431 0.0471 0.0549
v -0.434326 0.715332 0.223389 0.7255 0.7255 0.7255
v -0.422119 0.716797 0.225342 0.1530 0.1569 0.1647
v -0.434326 0.706543 0.162842 0.0627 0.0667 0.0667
v -0.422119 0.704590 0.161377 0.0627 0.0706 0.0745
v -0.434326 0.734375 0.185791 0.4863 0.4941 0.4902
v -0.422119 0.736328 0.187256 0.1569 0.1608 0.1765
v -0.434326 0.722656 0.127197 0.0588 0.0627 0.0706
v -0.422119 0.720703 0.126221 0.0627 0.0667 0.0745
v -0.434326 0.751953 0.145264 0.2039 0.2157 0.2118
v -0.422119 0.753906 0.146729 0.2314 0.2432 0.2706
v -0.439697 0.758789 0.097900 0.6039 0.6039 0.6118
v -0.439697 0.737305 0.089600 0.3490 0.3490 0.3804
v -0.439697 0.741699 0.045654 0.3451 0.3490 0.3725
v -0.422119 0.730469 0.086670 0.0667 0.0706 0.0784
v -0.434326 0.732422 0.087647 0.0627 0.0667 0.0784
v -0.434326 0.736816 0.044678 0.0627 0.0667 0.0784
v -0.422119 0.734863 0.044189 0.0667 0.0706 0.0784
v -0.439697 0.764648 0.050049 0.6745 0.6706 0.6785
v -0.434326 0.763184 0.099854 0.2039 0.2157 0.2157
v -0.422119 0.765137 0.100830 0.2745 0.2902 0.3216
v -0.434326 0.769531 0.051025 0.2510 0.2549 0.2627
v -0.422119 0.771484 0.051514 0.3098 0.3294 0.3529
v -0.352783 0.639160 0.158447 0.0549 0.0588 0.0667
v -0.358643 0.645996 0.159424 0.7451 0.7412 0.7490
v -0.355225 0.645508 0.163330 0.6039 0.6039 0.6157
v -0.346924 0.638184 0.160889 0.1216 0.1216 0.1294
v -0.355225 0.663086 0.159424 0.8980 0.8980 0.8941
v -0.355225 0.639160 0.152588 0.0784 0.0863 0.0863
v -0.358643 0.661621 0.156006 0.7960 0.7921 0.7921
v -0.358643 0.683594 0.143311 0.8196 0.8235 0.8235
v -0.355225 0.685547 0.146240 0.9607 0.9686 0.9647
v -0.355225 0.705078 0.125732 0.9647 0.9725 0.9686
v -0.358643 0.702148 0.123779 0.7921 0.8000 0.7960
v -0.358643 0.716797 0.097900 0.8353 0.8470 0.8509
v -0.355225 0.720215 0.099854 0.9529 0.9647 0.9607
v -0.358643 0.726562 0.068115 0.5764 0.5921 0.6000
v -0.355225 0.730469 0.069092 0.9372 0.9490 0.9451
v -0.358643 0.730957 0.034912 0.6941 0.7098 0.7176
v -0.355225 0.734863 0.035400 0.9411 0.9529 0.9490
v -0.241455 0.388184 0.236572 0.8784 0.8784 0.8745
v -0.244873 0.390625 0.227783 0.7059 0.7216 0.7294
v -0.236572 0.396973 0.227783 0.7725 0.7882 0.7921
v -0.234131 0.394043 0.236572 0.8980 0.9019 0.8980
v -0.231201 0.405273 0.236572 0.9255 0.9255 0.9255
v -0.229736 0.416504 0.236572 0.9255 0.9215 0.9215
v -0.233643 0.408691 0.227783 0.5764 0.5961 0.6079
v -0.232666 0.420410 0.227783 0.7490 0.7647 0.7686
v -0.215576 0.395508 0.236572 0.5725 0.5725 0.5764
v -0.214111 0.405273 0.236572 0.9019 0.9019 0.9019
v -0.212646 0.394043 0.227783 0.0471 0.0510 0.0588
v -0.215088 0.394531 0.220459 0.0627 0.0667 0.0745
v -0.212646 0.404785 0.220459 0.0510 0.0549 0.0627
v -0.210693 0.404297 0.227783 0.0510 0.0667 0.0706
v -0.244385 0.390137 0.181396 0.1020 0.1098 0.1059
v -0.236572 0.396484 0.181396 0.0980 0.1020 0.1098
v -0.234619 0.389648 0.171631 0.0980 0.1059 0.1020
v -0.233643 0.408691 0.181396 0.1020 0.1098 0.1137
v -0.228760 0.404785 0.171631 0.0784 0.0824 0.0784
v -0.227783 0.416992 0.171631 0.0784 0.0863 0.0824
v -0.232666 0.420410 0.181396 0.1137 0.1216 0.1176
v -0.207764 0.487793 0.130615 0.1098 0.1137 0.1098
v -0.208252 0.493652 0.129639 0.1137 0.1216 0.1216
v -0.200928 0.488281 0.133545 0.1137 0.1216 0.1176
v -0.202881 0.495117 0.131104 0.1176 0.1255 0.1216
v -0.173096 0.404297 0.226807 0.0196 0.0235 0.0314
v -0.172119 0.404297 0.220459 0.0941 0.0980 0.1059
v -0.168213 0.395996 0.236084 0.6667 0.6667 0.6745
v -0.169678 0.405273 0.236084 0.8902 0.8902 0.8902
v -0.171631 0.394531 0.226807 0.0314 0.0353 0.0353
v -0.167725 0.388672 0.220459 0.0196 0.0196 0.0275
v -0.147217 0.395508 0.236084 0.9176 0.9176 0.9176
v -0.150635 0.405762 0.236084 0.9019 0.9019 0.9019
v -0.152100 0.416016 0.236084 0.9333 0.9372 0.9333
v -0.144775 0.398438 0.227783 0.6079 0.6118 0.6236
v -0.148193 0.408691 0.227783 0.0510 0.0549 0.0627
v -0.139404 0.388672 0.236084 0.9019 0.9019 0.9019
v -0.135986 0.391113 0.227783 0.6118 0.6276 0.6393
v -0.127197 0.388184 0.227783 0.6824 0.7137 0.7255
v -0.149170 0.419434 0.227783 0.0196 0.0275 0.0235
v -0.145264 0.398438 0.180420 0.0745 0.0824 0.0824
v -0.148193 0.408691 0.180420 0.0471 0.0471 0.0471
v -0.146240 0.390137 0.171143 0.0980 0.1059 0.1020
v -0.153076 0.404785 0.171143 0.0667 0.0706 0.0745
v -0.154541 0.416016 0.171143 0.0784 0.0824 0.0902
v -0.136475 0.391113 0.180420 0.0980 0.1020 0.1020
v -0.127197 0.388184 0.180420 0.1020 0.1059 0.1098
v -0.149170 0.419434 0.180420 0.0471 0.0471 0.0471
v -0.128662 0.420410 0.133545 0.1176 0.1255 0.1216
v -0.173584 0.488281 0.133545 0.1216 0.1294 0.1255
v -0.173096 0.494141 0.130615 0.1216 0.1255 0.1255
v -0.165283 0.485840 0.133545 0.1216 0.1294 0.1255
v -0.158447 0.480957 0.133545 0.1216 0.1255 0.1333
v -0.162842 0.491211 0.131104 0.1294 0.1373 0.1333
v -0.153076 0.473633 0.133545 0.1216 0.1294 0.1255
v -0.147705 0.476562 0.130615 0.1216 0.1294 0.1255
v -0.154053 0.485352 0.131104 0.1255 0.1294 0.1294
v -0.232666 0.542969 0.227783 0.6785 0.6941 0.6980
v -0.244385 0.572266 0.227783 0.0902 0.1059 0.1137
v -0.236572 0.565430 0.227783 0.1569 0.1725 0.1843
v -0.229736 0.546387 0.236572 0.9137 0.9137 0.9137
v -0.231201 0.557617 0.236572 0.8274 0.8274 0.8274
v -0.234131 0.568359 0.236572 0.7255 0.7255 0.7333
v -0.233643 0.554199 0.227783 0.4784 0.5019 0.5019
v -0.214111 0.557617 0.236572 0.9568 0.9568 0.9568
v -0.215576 0.566895 0.236572 0.9451 0.9490 0.9451
v -0.212646 0.558105 0.220459 0.0157 0.0157 0.0078
v -0.210693 0.558594 0.227783 0.4235 0.4314 0.4196
v -0.212646 0.568359 0.227783 0.4784 0.4941 0.4902
v -0.215576 0.570312 0.220459 0.0235 0.0235 0.0235
v -0.249756 0.577148 0.236572 0.1490 0.1569 0.1765
v -0.241455 0.574707 0.236572 0.5059 0.5059 0.5294
v -0.249756 0.595215 0.236572 0.8706 0.8745 0.8745
v -0.240967 0.593262 0.236572 0.8745 0.8823 0.8784
v -0.249756 0.599121 0.227783 0.6706 0.6785 0.6745
v -0.240479 0.597656 0.227783 0.5882 0.5961 0.5921
v -0.240967 0.595215 0.220459 0.0471 0.0471 0.0431
v -0.233154 0.589844 0.236572 0.8941 0.8980 0.8980
v -0.218994 0.575684 0.236572 0.9294 0.9372 0.9333
v -0.224854 0.583496 0.236572 0.9137 0.9176 0.9215
v -0.223389 0.586914 0.227783 0.6510 0.6667 0.6706
v -0.219971 0.579590 0.220459 0.0392 0.0392 0.0431
v -0.232178 0.593750 0.227783 0.6393 0.6550 0.6550
v -0.231201 0.590820 0.220459 0.0235 0.0235 0.0235
v -0.217041 0.578125 0.227783 0.4118 0.4392 0.4471
v -0.188721 0.606445 0.220459 0.1098 0.1098 0.1176
v -0.232666 0.542969 0.181396 0.1059 0.1137 0.1098
v -0.244385 0.572754 0.181396 0.1020 0.1098 0.1059
v -0.236572 0.565918 0.181396 0.0980 0.1059 0.1020
v -0.234619 0.572754 0.171631 0.0549 0.0549 0.0549
v -0.233643 0.554199 0.181396 0.0980 0.1059 0.1020
v -0.227783 0.545898 0.171631 0.0706 0.0706 0.0706
v -0.228760 0.557617 0.171631 0.0627 0.0627 0.0627
v -0.248291 0.579102 0.171631 0.0667 0.0667 0.0667
v -0.173096 0.558594 0.226807 0.0275 0.0275 0.0275
v -0.172119 0.558594 0.220459 0.1686 0.1843 0.1882
v -0.169678 0.557617 0.236084 0.9490 0.9490 0.9451
v -0.168213 0.566406 0.236084 0.9411 0.9411 0.9411
v -0.171631 0.567871 0.226807 0.0196 0.0196 0.0235
v -0.169189 0.570312 0.220459 0.0549 0.0627 0.0627
v -0.152100 0.546875 0.236084 0.9372 0.9333 0.9294
v -0.151123 0.557129 0.236084 0.7882 0.7882 0.7843
v -0.147705 0.566895 0.236084 0.5412 0.5412 0.5490
v -0.141357 0.573730 0.236084 0.4589 0.4628 0.4745
v -0.149170 0.543457 0.227783 0.0157 0.0235 0.0235
v -0.148193 0.553711 0.227783 0.0353 0.0392 0.0471
v -0.145264 0.563965 0.227783 0.0588 0.0627 0.0706
v -0.138428 0.571289 0.227783 0.0863 0.0980 0.1176
v -0.130615 0.574219 0.227783 0.0980 0.1059 0.1176
v -0.164307 0.575684 0.236084 0.9333 0.9333 0.9333
v -0.158936 0.583008 0.236084 0.9098 0.9176 0.9137
v -0.167236 0.578125 0.226807 0.0235 0.0235 0.0196
v -0.160889 0.586426 0.226807 0.0235 0.0235 0.0235
v -0.160400 0.584473 0.220459 0.0353 0.0392 0.0471
v -0.150635 0.589355 0.236084 0.8941 0.8980 0.8980
v -0.143311 0.592773 0.236084 0.8862 0.8902 0.8862
v -0.151611 0.593262 0.226807 0.0941 0.1020 0.0980
v -0.150146 0.592285 0.220459 0.0510 0.0510 0.0510
v -0.144287 0.596680 0.226807 0.2902 0.2941 0.2941
v -0.141357 0.595703 0.220459 0.0667 0.0667 0.0706
v -0.134033 0.576660 0.236084 0.2627 0.2667 0.2745
v -0.132568 0.595215 0.236084 0.8745 0.8745 0.8706
v -0.132568 0.599121 0.226807 0.6902 0.6902 0.6863
v -0.131592 0.598145 0.220459 0.0275 0.0196 0.0235
v -0.149170 0.543457 0.180420 0.0392 0.0392 0.0392
v -0.148193 0.553711 0.180420 0.0431 0.0431 0.0431
v -0.145264 0.564453 0.180420 0.0549 0.0549 0.0549
v -0.154541 0.546875 0.171143 0.0667 0.0745 0.0706
v -0.153076 0.557617 0.171143 0.0627 0.0706 0.0667
v -0.146240 0.572266 0.171143 0.0627 0.0667 0.0667
v -0.138916 0.571289 0.180420 0.0784 0.0824 0.0824
v -0.130615 0.574219 0.180420 0.0941 0.1020 0.0980
v -0.133545 0.579102 0.171143 0.0706 0.0784 0.0745
v -0.211182 0.487793 0.124756 0.1176 0.1255 0.1216
v -0.210205 0.495117 0.124756 0.1216 0.1294 0.1255
v -0.203369 0.498047 0.124756 0.1216 0.1294 0.1255
v -0.211182 0.488281 0.015869 0.1373 0.1451 0.1412
v -0.210205 0.495117 0.015869 0.1333 0.1412 0.1333
v -0.203857 0.498047 0.015869 0.1333 0.1373 0.1451
v -0.208252 0.488281 0.010010 0.2314 0.2392 0.2392
v -0.208740 0.493652 0.010986 0.1765 0.1843 0.1804
v -0.203369 0.495117 0.010010 0.2000 0.2039 0.2000
v -0.206787 0.486328 0.004639 0.1530 0.1569 0.1530
v -0.208252 0.492188 0.003662 0.1373 0.1412 0.1412
v -0.203369 0.494629 0.004639 0.1490 0.1530 0.1530
v -0.199951 0.487305 0.007568 0.0941 0.1020 0.0980
v -0.200928 0.488770 0.007568 0.0980 0.0980 0.0902
v -0.125732 0.429199 0.113037 0.1216 0.1255 0.1255
v -0.173096 0.496582 0.124756 0.1294 0.1294 0.1294
v -0.161865 0.493652 0.124756 0.1294 0.1373 0.1333
v -0.145264 0.477539 0.124756 0.1294 0.1294 0.1294
v -0.152100 0.486816 0.124756 0.1294 0.1373 0.1333
v -0.131104 0.417969 0.008545 0.7294 0.6980 0.6863
v -0.145752 0.422852 0.008545 0.7490 0.7059 0.6824
v -0.143311 0.434082 0.005615 0.0549 0.0549 0.0549
v -0.125732 0.429199 0.023193 0.1294 0.1373 0.1333
v -0.129150 0.429199 0.005615 0.1412 0.1530 0.1333
v -0.173096 0.496582 0.016357 0.1333 0.1373 0.1333
v -0.173584 0.494141 0.010010 0.1569 0.1686 0.1725
v -0.174072 0.488281 0.007568 0.0314 0.0157 0.0039
v -0.175537 0.490723 0.007568 0.0275 0.0353 0.0353
v -0.172607 0.496094 0.003174 0.1451 0.1490 0.1490
v -0.178467 0.496582 0.004639 0.1451 0.1490 0.1569
v -0.161865 0.493652 0.016357 0.1373 0.1451 0.1412
v -0.165283 0.485840 0.007568 0.0471 0.0549 0.0353
v -0.169189 0.491699 0.004639 0.1569 0.1647 0.1725
v -0.162842 0.491211 0.010010 0.1608 0.1804 0.1922
v -0.158447 0.480957 0.007568 0.1020 0.0941 0.0980
v -0.145264 0.477539 0.016357 0.1373 0.1451 0.1412
v -0.153076 0.473633 0.007568 0.1216 0.1294 0.1255
v -0.147705 0.476562 0.010010 0.1647 0.1647 0.1686
v -0.152100 0.486816 0.016357 0.1412 0.1412 0.1451
v -0.154053 0.485352 0.010010 0.1451 0.1490 0.1569
v -0.120850 0.418457 0.126709 0.1216 0.1216 0.1216
v -0.068604 0.421387 0.126709 0.1255 0.1255 0.1255
v -0.047119 0.388672 0.236572 0.8941 0.8941 0.8941
v -0.059326 0.388184 0.227783 0.7255 0.7412 0.7529
v -0.050537 0.391113 0.227783 0.7372 0.7529 0.7608
v -0.039307 0.395508 0.236572 0.9176 0.9215 0.9176
v -0.035889 0.405762 0.236572 0.9451 0.9490 0.9451
v -0.034424 0.416016 0.236572 0.9058 0.8980 0.9019
v -0.041748 0.398438 0.227783 0.6393 0.6471 0.6550
v -0.038330 0.408691 0.227783 0.0118 0.0118 0.0196
v -0.037353 0.419434 0.227783 0.0078 0.0157 0.0235
v -0.018311 0.395996 0.236572 0.5530 0.5530 0.5608
v -0.016846 0.405273 0.236572 0.8706 0.8706 0.8706
v -0.018799 0.388672 0.220459 0.0510 0.0549 0.0588
v -0.014893 0.394531 0.226807 0.0431 0.0471 0.0549
v -0.013428 0.404297 0.226807 0.0392 0.0549 0.0510
v -0.014404 0.404297 0.220459 0.0784 0.0824 0.0902
v -0.059326 0.388184 0.180908 0.1059 0.1059 0.1137
v -0.050049 0.391113 0.180908 0.1020 0.1098 0.1059
v -0.041260 0.398438 0.180908 0.0784 0.0824 0.0902
v -0.038330 0.408691 0.180908 0.0745 0.0745 0.0745
v -0.040283 0.390137 0.171631 0.0941 0.1020 0.0980
v -0.033447 0.404785 0.171631 0.0745 0.0784 0.0784
v -0.031982 0.416016 0.171631 0.0784 0.0863 0.0824
v -0.037354 0.419434 0.180908 0.0745 0.0824 0.0784
v -0.007080 0.487793 0.130615 0.1255 0.1255 0.1255
v -0.007568 0.493652 0.129639 0.1216 0.1216 0.1216
v -0.002197 0.495117 0.131104 0.1176 0.1294 0.1255
v -0.121826 0.579102 0.236084 0.3568 0.3647 0.3804
v -0.118408 0.576660 0.227783 0.1098 0.1216 0.1294
v -0.064697 0.579102 0.236572 0.4510 0.4589 0.4784
v -0.068115 0.576660 0.227783 0.1137 0.1333 0.1451
v -0.117920 0.576660 0.180420 0.0941 0.0980 0.1020
v -0.120850 0.580566 0.171143 0.0784 0.0863 0.0824
v -0.068604 0.576660 0.180908 0.0980 0.1059 0.1020
v -0.065674 0.580566 0.171631 0.0863 0.0902 0.0980
v -0.055908 0.574219 0.227783 0.0941 0.1176 0.1216
v -0.048096 0.571289 0.227783 0.0863 0.1020 0.1137
v -0.034424 0.546875 0.236572 0.8941 0.8941 0.8980
v -0.035400 0.557129 0.236572 0.8313 0.8313 0.8274
v -0.045166 0.573730 0.236572 0.5608 0.5608 0.5804
v -0.038818 0.566895 0.236572 0.6863 0.6824 0.6941
v -0.037353 0.543457 0.227783 0.0627 0.0667 0.0745
v -0.038330 0.553711 0.227783 0.0157 0.0196 0.0275
v -0.041260 0.563965 0.227783 0.0314 0.0471 0.0588
v -0.016846 0.557617 0.236572 0.9686 0.9686 0.9686
v -0.018311 0.566406 0.236572 0.9568 0.9568 0.9529
v -0.017334 0.570312 0.220459 0.0863 0.0863 0.0941
v -0.013428 0.558594 0.226807 0.0745 0.0745 0.0745
v -0.014404 0.558594 0.220459 0.1373 0.1451 0.1412
v -0.014893 0.567871 0.226807 0.0863 0.0902 0.0863
v -0.052490 0.576660 0.236572 0.2863 0.2863 0.2980
v -0.054443 0.595215 0.236572 0.8745 0.8823 0.8784
v -0.054932 0.598145 0.220459 0.0392 0.0392 0.0353
v -0.053955 0.599121 0.226807 0.6902 0.6863 0.6706
v -0.035889 0.589355 0.236572 0.8941 0.8941 0.8941
v -0.043213 0.592773 0.236572 0.8745 0.8823 0.8784
v -0.042236 0.596680 0.226807 0.6079 0.6079 0.6000
v -0.045166 0.595703 0.220459 0.0627 0.0627 0.0549
v -0.034912 0.593262 0.226807 0.6628 0.6628 0.6589
v -0.035889 0.591797 0.220459 0.0549 0.0549 0.0627
v -0.027588 0.583008 0.236572 0.9176 0.9255 0.9215
v -0.022217 0.575684 0.236572 0.9333 0.9411 0.9372
v -0.025635 0.586426 0.226807 0.1725 0.1725 0.1725
v -0.028076 0.586426 0.220459 0.0863 0.0863 0.0863
v -0.019287 0.578125 0.226807 0.0980 0.1059 0.1020
v -0.022217 0.579590 0.220459 0.0745 0.0745 0.0745
v -0.055908 0.574219 0.180908 0.0863 0.0902 0.0902
v -0.048096 0.571289 0.180908 0.0784 0.0863 0.0824
v -0.037354 0.543457 0.180908 0.0588 0.0627 0.0627
v -0.038330 0.553711 0.180908 0.0627 0.0627 0.0627
v -0.041260 0.564453 0.180908 0.0667 0.0667 0.0667
v -0.031982 0.546875 0.171631 0.0745 0.0745 0.0784
v -0.033447 0.557617 0.171631 0.0745 0.0824 0.0784
v -0.040283 0.572266 0.171631 0.0706 0.0784 0.0745
v -0.052979 0.579102 0.171631 0.0784 0.0824 0.0863
v -0.122803 0.423828 0.124756 0.1255 0.1255 0.1294
v -0.118408 0.430176 0.123291 0.1216 0.1255 0.1255
v -0.118408 0.436523 0.113037 0.1255 0.1255 0.1294
v -0.072021 0.431152 0.122314 0.1255 0.1255 0.1255
v -0.073975 0.436523 0.113037 0.1255 0.1333 0.1294
v -0.124268 0.425293 0.016357 0.1294 0.1333 0.1412
v -0.118408 0.436523 0.023193 0.1255 0.1333 0.1294
v -0.123291 0.421387 0.012939 0.1569 0.1686 0.1647
v -0.120361 0.421875 0.008545 0.1725 0.1686 0.1608
v -0.118408 0.432617 0.014404 0.1412 0.1490 0.1451
v -0.118408 0.433105 0.005615 0.1412 0.1451 0.1451
v -0.073975 0.436523 0.023193 0.1294 0.1294 0.1294
v -0.072998 0.434082 0.016357 0.1294 0.1373 0.1333
v -0.068604 0.422363 0.009521 0.7333 0.7137 0.7020
v -0.067139 0.436523 0.005615 0.1255 0.1294 0.1373
v -0.061768 0.421387 0.124268 0.1255 0.1333 0.1294
v -0.061768 0.429688 0.120850 0.1255 0.1294 0.1255
v -0.058350 0.422363 0.113037 0.1255 0.1333 0.1294
v -0.061768 0.434082 0.113037 0.1490 0.1451 0.1451
v -0.010010 0.487793 0.124756 0.1216 0.1255 0.1255
v -0.009521 0.495117 0.124756 0.1216 0.1255 0.1255
v -0.002686 0.498047 0.124756 0.1255 0.1333 0.1294
v -0.058350 0.422363 0.023193 0.1333 0.1373 0.1451
v -0.061768 0.434082 0.023193 0.1333 0.1412 0.1373
v -0.061768 0.421387 0.011963 0.1765 0.1843 0.1804
v -0.062256 0.432129 0.015381 0.1373 0.1451 0.1412
v -0.062256 0.429688 0.008545 0.2000 0.2000 0.1922
v -0.054443 0.428711 0.005615 0.1333 0.1333 0.1333
v -0.058838 0.434570 0.004150 0.1216 0.1294 0.1255
v -0.010498 0.488281 0.015869 0.1255 0.1333 0.1294
v -0.009521 0.495117 0.015869 0.1255 0.1373 0.1333
v -0.003174 0.498047 0.015869 0.1255 0.1333 0.1294
v -0.008057 0.492188 0.003662 0.1216 0.1255 0.1216
v -0.007568 0.488281 0.010010 0.2549 0.2627 0.2667
v -0.007568 0.493652 0.010986 0.1961 0.2039 0.2000
v -0.002197 0.495117 0.010010 0.2392 0.2432 0.2353
v -0.006592 0.486328 0.004639 0.1333 0.1373 0.1333
v -0.000244 0.488281 0.007568 0.0235 0.0235 0.0235
v -0.003174 0.494629 0.004639 0.1333 0.1333 0.1333
v -0.188721 0.644043 0.220459 0.1451 0.1686 0.1686
v -0.385010 0.103027 -0.135986 0.0039 0.0039 0.0078
v -0.377686 0.101562 -0.135010 0.0118 0.0118 0.0118
v -0.376709 0.101562 -0.138428 0.0039 0.0078 0.0078
v -0.375244 0.101562 -0.139893 0.0000 0.0078 0.0039
v -0.383057 0.103027 -0.142334 0.0000 0.0000 0.0000
v -0.379150 0.103027 -0.146728 0.0000 0.0000 0.0000
v -0.392822 0.113770 -0.136963 0.0706 0.0745 0.0902
v -0.390381 0.107422 -0.136475 0.1216 0.1333 0.1530
v -0.388428 0.107422 -0.145264 0.1059 0.1216 0.1333
v -0.390381 0.113770 -0.146728 0.0667 0.0745 0.0941
v -0.383545 0.113770 -0.154053 0.0784 0.0824 0.0980
v -0.382080 0.107422 -0.151611 0.0078 0.0157 0.0196
v -0.364990 0.100586 -0.085693 0.0118 0.0118 0.0118
v -0.362549 0.100586 -0.095459 0.0157 0.0157 0.0157
v -0.355225 0.100586 -0.102783 0.0157 0.0157 0.0157
v -0.345459 0.100586 -0.105225 0.0118 0.0118 0.0118
v -0.266357 0.070801 -0.105713 0.0196 0.0275 0.0235
v -0.256592 0.057617 -0.105713 0.0196 0.0235 0.0235
v -0.298584 0.100586 -0.119385 0.0078 0.0078 0.0078
v -0.273682 0.085449 -0.105713 0.0157 0.0196 0.0196
v -0.277588 0.100586 -0.105225 0.0078 0.0078 0.0078
v -0.371826 0.101562 -0.140869 0.0000 0.0078 0.0039
v -0.372314 0.103027 -0.148193 0.0039 0.0039 0.0039
v -0.373291 0.107422 -0.154053 0.0118 0.0157 0.0157
v -0.373291 0.113770 -0.156494 0.0431 0.0471 0.0549
v -0.287842 0.058105 -0.126221 0.0157 0.0157 0.0157
v -0.287842 0.058105 -0.182373 0.0824 0.0863 0.0941
v -0.283936 0.061035 -0.187256 0.0275 0.0314 0.0353
v -0.275635 0.041504 -0.126221 0.0157 0.0157 0.0157
v -0.260498 0.026855 -0.126221 0.0118 0.0118 0.0118
v -0.275635 0.041504 -0.182373 0.0588 0.0667 0.0627
v -0.260498 0.026855 -0.182373 0.0510 0.0549 0.0588
v -0.258057 0.030762 -0.187256 0.0235 0.0314 0.0314
v -0.272217 0.044922 -0.187256 0.0275 0.0314 0.0353
v -0.268799 0.068848 -0.187256 0.7882 0.7882 0.7882
v -0.259033 0.055176 -0.187256 0.8039 0.8039 0.8039
v -0.255615 0.058594 -0.179932 0.4863 0.4863 0.4863
v -0.265381 0.071289 -0.179932 0.5373 0.5373 0.5373
v -0.302979 0.100586 -0.125732 0.0157 0.0157 0.0157
v -0.302979 0.101562 -0.140869 0.0078 0.0118 0.0157
v -0.302979 0.103027 -0.148193 0.0039 0.0078 0.0078
v -0.296631 0.076660 -0.126221 0.0118 0.0118 0.0118
v -0.304932 0.120117 -0.156006 0.0667 0.0706 0.0784
v -0.303467 0.107422 -0.154053 0.0275 0.0314 0.0392
v -0.302490 0.097656 -0.181885 0.0824 0.0863 0.0941
v -0.297607 0.098633 -0.187256 0.0745 0.0745 0.0745
v -0.296631 0.076660 -0.182373 0.1020 0.1059 0.1216
v -0.292236 0.078613 -0.187256 0.0235 0.0235 0.0275
v -0.303955 0.113770 -0.156494 0.0510 0.0549 0.0627
v -0.304932 0.120117 -0.182373 0.1294 0.1333 0.1412
v -0.300049 0.120117 -0.187256 0.0824 0.0863 0.0824
v -0.281982 0.118652 -0.187256 0.8039 0.8039 0.8039
v -0.276123 0.083984 -0.187256 0.7921 0.7921 0.7921
v -0.272217 0.085938 -0.179932 0.2510 0.2510 0.2510
v -0.280518 0.101562 -0.187256 0.8000 0.8000 0.8000
v -0.276611 0.102539 -0.179932 0.0353 0.0353 0.0353
v -0.278564 0.118652 -0.179932 0.0196 0.0196 0.0196
v -0.281006 0.135254 -0.187256 0.7490 0.7490 0.7529
v -0.277100 0.134766 -0.179932 0.0039 0.0039 0.0039
v -0.488525 0.188477 -0.058838 0.5804 0.5764 0.5961
v -0.476807 0.187500 -0.054932 0.6079 0.6276 0.6393
v -0.468018 0.189453 -0.058838 0.1647 0.1804 0.1882
v -0.488525 0.205566 -0.056396 0.6589 0.6589 0.6628
v -0.489990 0.205566 -0.061279 0.4784 0.4823 0.4980
v -0.488525 0.222168 -0.058838 0.7451 0.7451 0.7490
v -0.476807 0.205566 -0.052002 0.8313 0.8392 0.8313
v -0.476807 0.223633 -0.054932 0.8902 0.8941 0.8941
v -0.468018 0.205566 -0.056396 0.1922 0.2078 0.2196
v -0.468018 0.221680 -0.058838 0.1961 0.2118 0.2157
v -0.488525 0.161621 -0.078857 0.3686 0.3804 0.4157
v -0.489990 0.164551 -0.082275 0.4196 0.4314 0.4628
v -0.476807 0.158203 -0.076416 0.3412 0.3568 0.3882
v -0.476807 0.149902 -0.092529 0.4078 0.4235 0.4667
v -0.488525 0.173340 -0.066650 0.4392 0.4432 0.4745
v -0.489990 0.177246 -0.071045 0.2902 0.2941 0.3137
v -0.495850 0.193848 -0.074951 0.5451 0.5451 0.5569
v -0.489990 0.190430 -0.063721 0.3333 0.3333 0.3647
v -0.495850 0.174316 -0.089111 0.3647 0.3725 0.3921
v -0.495850 0.184082 -0.080811 0.4392 0.4432 0.4628
v -0.498779 0.197266 -0.085693 0.5255 0.5216 0.5412
v -0.498779 0.190430 -0.089600 0.4980 0.5019 0.5176
v -0.476807 0.170898 -0.063232 0.3647 0.3882 0.4118
v -0.468994 0.190430 -0.086182 0.0941 0.0980 0.1020
v -0.488525 0.153809 -0.093994 0.3608 0.3725 0.4078
v -0.489990 0.158691 -0.095459 0.3921 0.4039 0.4392
v -0.488525 0.150879 -0.111084 0.3804 0.3961 0.4314
v -0.495850 0.167969 -0.111084 0.3451 0.3490 0.3686
v -0.489990 0.156250 -0.111084 0.4157 0.4275 0.4628
v -0.476807 0.146973 -0.111084 0.4667 0.4823 0.5255
v -0.495850 0.169922 -0.099365 0.3451 0.3568 0.3843
v -0.498779 0.183594 -0.095459 0.4784 0.4745 0.4941
v -0.498779 0.180176 -0.102783 0.4628 0.4667 0.4823
v -0.498779 0.179199 -0.111084 0.4589 0.4628 0.4823
v -0.495850 0.169922 -0.122314 0.3529 0.3568 0.3765
v -0.498779 0.180176 -0.118896 0.4667 0.4706 0.4902
v -0.468994 0.180176 -0.095947 0.0588 0.0627 0.0706
v -0.468994 0.176758 -0.110596 0.0667 0.0745 0.0745
v -0.468018 0.162598 -0.078857 0.1059 0.1137 0.1255
v -0.468018 0.174805 -0.066650 0.1137 0.1216 0.1333
v -0.453857 0.183594 -0.092529 0.0196 0.0235 0.0196
v -0.453857 0.191406 -0.086182 0.0196 0.0235 0.0235
v -0.446533 0.199219 -0.074951 0.0471 0.0510 0.0588
v -0.451416 0.179199 -0.088623 0.0157 0.0196 0.0235
v -0.446533 0.177734 -0.087158 0.0196 0.0235 0.0235
v -0.451416 0.188477 -0.081299 0.0196 0.0235 0.0196
v -0.446533 0.187012 -0.078857 0.0235 0.0314 0.0275
v -0.468018 0.154297 -0.093994 0.1059 0.1137 0.1255
v -0.468018 0.151367 -0.110596 0.0902 0.1020 0.1059
v -0.453857 0.178711 -0.100830 0.0353 0.0353 0.0314
v -0.453857 0.177246 -0.110596 0.0392 0.0392 0.0392
v -0.453857 0.178711 -0.120361 0.0275 0.0275 0.0275
v -0.451416 0.173340 -0.098877 0.0392 0.0392 0.0431
v -0.446533 0.171387 -0.098389 0.0078 0.0078 0.0118
v -0.451416 0.171387 -0.110596 0.0471 0.0510 0.0588
v -0.446533 0.168945 -0.110596 0.0078 0.0118 0.0196
v -0.451416 0.173340 -0.122314 0.0353 0.0392 0.0471
v -0.446533 0.171387 -0.123291 0.0118 0.0157 0.0235
v -0.495850 0.205566 -0.073486 0.7137 0.7137 0.7137
v -0.495850 0.217285 -0.074951 0.8157 0.8117 0.8117
v -0.489990 0.220703 -0.063721 0.6706 0.6706 0.6745
v -0.498779 0.205566 -0.084228 0.5921 0.5921 0.6000
v -0.498779 0.213379 -0.085693 0.6628 0.6628 0.6628
v -0.495850 0.227051 -0.080811 0.8627 0.8588 0.8509
v -0.498779 0.220703 -0.089600 0.6902 0.6902 0.6902
v -0.468994 0.200195 -0.082275 0.0980 0.1020 0.1098
v -0.468994 0.210938 -0.082275 0.0980 0.1020 0.1098
v -0.468994 0.220703 -0.086182 0.1020 0.1059 0.1176
v -0.488525 0.237305 -0.066650 0.8000 0.8000 0.8039
v -0.489990 0.233887 -0.071045 0.9019 0.9058 0.9098
v -0.495850 0.236816 -0.089111 0.8980 0.8941 0.8862
v -0.488525 0.249512 -0.078857 0.8039 0.8039 0.8078
v -0.489990 0.246582 -0.082275 0.8392 0.8431 0.8509
v -0.476807 0.240234 -0.063232 0.9882 0.9882 0.9843
v -0.476807 0.252930 -0.076416 0.9921 0.9921 0.9921
v -0.476807 0.261230 -0.092529 0.9843 0.9843 0.9804
v -0.498779 0.227539 -0.095459 0.6941 0.6941 0.6941
v -0.498779 0.230469 -0.102783 0.6706 0.6706 0.6706
v -0.499756 0.205566 -0.111084 0.5530 0.5530 0.5608
v -0.498779 0.230469 -0.118896 0.6589 0.6589 0.6589
v -0.495850 0.241211 -0.099365 0.9019 0.8980 0.8902
v -0.489990 0.252441 -0.095459 0.9294 0.9372 0.9333
v -0.488525 0.257324 -0.093994 0.7686 0.7686 0.7686
v -0.498779 0.231934 -0.111084 0.6628 0.6628 0.6628
v -0.495850 0.243164 -0.111084 0.8862 0.8823 0.8745
v -0.495850 0.241211 -0.122314 0.8588 0.8549 0.8470
v -0.489990 0.254883 -0.111084 0.9176 0.9176 0.9176
v -0.488525 0.259766 -0.111084 0.7294 0.7294 0.7333
v -0.468994 0.230957 -0.095947 0.1333 0.1412 0.1490
v -0.468994 0.233887 -0.109619 0.1255 0.1294 0.1412
v -0.468994 0.232910 -0.119873 0.1412 0.1451 0.1569
v -0.453857 0.200684 -0.082764 0.0314 0.0353 0.0314
v -0.453857 0.210449 -0.082764 0.0353 0.0392 0.0353
v -0.453857 0.219727 -0.086182 0.0196 0.0235 0.0235
v -0.453857 0.227539 -0.092529 0.0000 0.0000 0.0000
v -0.451416 0.199707 -0.076904 0.0314 0.0392 0.0353
v -0.451416 0.211426 -0.076904 0.0431 0.0471 0.0431
v -0.446533 0.211914 -0.074951 0.1020 0.1059 0.1137
v -0.451416 0.222656 -0.081299 0.0431 0.0431 0.0431
v -0.446533 0.223633 -0.078857 0.0941 0.0980 0.1059
v -0.468018 0.236328 -0.066650 0.1922 0.2078 0.2157
v -0.468018 0.248535 -0.078857 0.2039 0.2157 0.2196
v -0.451416 0.231445 -0.088623 0.0078 0.0078 0.0078
v -0.446533 0.233398 -0.087158 0.0588 0.0588 0.0667
v -0.453857 0.232422 -0.100830 0.0000 0.0000 0.0000
v -0.468018 0.256836 -0.093994 0.2196 0.2314 0.2353
v -0.453857 0.233887 -0.110596 0.0000 0.0000 0.0000
v -0.453857 0.232422 -0.120361 0.0039 0.0039 0.0078
v -0.468018 0.259766 -0.110596 0.2039 0.2196 0.2235
v -0.451416 0.237305 -0.098877 0.0039 0.0039 0.0039
v -0.446533 0.239746 -0.098389 0.0471 0.0471 0.0471
v -0.451416 0.239746 -0.110596 0.0157 0.0157 0.0157
v -0.446533 0.242188 -0.110596 0.0588 0.0588 0.0627
v -0.451416 0.237305 -0.122314 0.0275 0.0275 0.0275
v -0.446533 0.239746 -0.123291 0.0745 0.0745 0.0745
v -0.424072 0.198730 -0.000244 0.0627 0.0667 0.0745
v -0.417725 0.188965 -0.000244 0.0078 0.0078 0.0078
v -0.421631 0.192871 -0.000244 0.0549 0.0588 0.0706
v -0.409912 0.188477 -0.000244 0.0078 0.0078 0.0078
v -0.393799 0.180664 -0.086182 0.0157 0.0157 0.0157
v -0.393799 0.192383 -0.078857 0.0157 0.0157 0.0157
v -0.393799 0.173828 -0.097412 0.0039 0.0039 0.0039
v -0.393799 0.170410 -0.110596 0.0078 0.0078 0.0078
v -0.393799 0.173828 -0.123779 0.0078 0.0078 0.0078
v -0.393799 0.205566 -0.075439 0.0196 0.0196 0.0196
v -0.393799 0.218750 -0.078857 0.0235 0.0235 0.0235
v -0.393799 0.230469 -0.086182 0.0196 0.0196 0.0196
v -0.393799 0.237305 -0.097412 0.0196 0.0196 0.0196
v -0.393799 0.240723 -0.110596 0.0196 0.0196 0.0196
v -0.393799 0.237305 -0.123779 0.0196 0.0196 0.0196
v -0.476807 0.264160 -0.111084 0.9960 0.9960 0.9921
v -0.424072 0.295410 -0.000244 0.1098 0.1137 0.1294
v -0.488525 0.153809 -0.127686 0.3804 0.3961 0.4314
v -0.489990 0.158691 -0.126221 0.3961 0.4078 0.4392
v -0.489990 0.164551 -0.139893 0.3921 0.4039 0.4314
v -0.488525 0.161621 -0.142822 0.3294 0.3294 0.3568
v -0.476807 0.149902 -0.129150 0.4589 0.4745 0.5137
v -0.476807 0.158203 -0.145264 0.3059 0.3176 0.3451
v -0.498779 0.183594 -0.126221 0.4784 0.4784 0.4941
v -0.495850 0.174316 -0.133057 0.3725 0.3765 0.3961
v -0.498779 0.190430 -0.132080 0.5019 0.4980 0.5176
v -0.498779 0.197266 -0.135986 0.5216 0.5176 0.5373
v -0.488525 0.173340 -0.155029 0.2588 0.2588 0.2745
v -0.489990 0.177246 -0.150635 0.3255 0.3216 0.3451
v -0.495850 0.184082 -0.141357 0.4235 0.4275 0.4471
v -0.495850 0.193848 -0.146728 0.5569 0.5569 0.5647
v -0.468994 0.180176 -0.125244 0.0627 0.0667 0.0745
v -0.468994 0.190430 -0.135010 0.0549 0.0627 0.0627
v -0.489990 0.190430 -0.157959 0.3294 0.3333 0.3412
v -0.488525 0.188477 -0.162842 0.2549 0.2588 0.2667
v -0.476807 0.170898 -0.158447 0.3765 0.3804 0.4000
v -0.476807 0.187500 -0.166748 0.5921 0.5921 0.6000
v -0.468018 0.154297 -0.127686 0.0941 0.1098 0.1216
v -0.468018 0.162109 -0.142822 0.1294 0.1333 0.1490
v -0.453857 0.183594 -0.129150 0.0039 0.0039 0.0039
v -0.453857 0.191406 -0.135498 0.0118 0.0157 0.0157
v -0.468018 0.174805 -0.155029 0.1333 0.1451 0.1569
v -0.451416 0.179199 -0.132568 0.0039 0.0039 0.0039
v -0.446533 0.177734 -0.134033 0.0039 0.0118 0.0118
v -0.451416 0.188477 -0.140381 0.0118 0.0118 0.0118
v -0.446533 0.187012 -0.142334 0.0706 0.0706 0.0706
v -0.446533 0.199219 -0.146728 0.1725 0.1725 0.1725
v -0.468018 0.188965 -0.162842 0.2235 0.2353 0.2510
v -0.498779 0.205566 -0.137451 0.5686 0.5686 0.5764
v -0.498779 0.213379 -0.135986 0.6118 0.6118 0.6118
v -0.498779 0.220703 -0.132080 0.6315 0.6315 0.6315
v -0.498779 0.227539 -0.126221 0.6471 0.6471 0.6471
v -0.495850 0.205566 -0.148682 0.7059 0.6980 0.7020
v -0.495850 0.217285 -0.146728 0.7333 0.7255 0.7294
v -0.495850 0.227051 -0.141357 0.7294 0.7255 0.7176
v -0.468994 0.200195 -0.139404 0.1137 0.1176 0.1255
v -0.468994 0.210449 -0.139404 0.1333 0.1451 0.1530
v -0.468994 0.228027 -0.128662 0.1098 0.1176 0.1294
v -0.468994 0.220215 -0.135498 0.1216 0.1373 0.1451
v -0.495850 0.236816 -0.133057 0.8157 0.8117 0.8039
v -0.489990 0.252441 -0.126221 0.9098 0.9098 0.9098
v -0.488525 0.257324 -0.127686 0.7568 0.7568 0.7568
v -0.489990 0.246582 -0.139893 0.9294 0.9294 0.9294
v -0.489990 0.233887 -0.150635 0.9568 0.9568 0.9490
v -0.488525 0.237305 -0.155029 0.3216 0.3216 0.3176
v -0.488525 0.249512 -0.142822 0.6432 0.6471 0.6510
v -0.476807 0.261230 -0.129150 0.9843 0.9843 0.9843
v -0.476807 0.252930 -0.145264 0.9215 0.9215 0.9215
v -0.489990 0.205566 -0.160400 0.5882 0.5843 0.5921
v -0.488525 0.205566 -0.165283 0.2863 0.2784 0.2863
v -0.489990 0.220703 -0.157959 0.9333 0.9255 0.9294
v -0.488525 0.222168 -0.162842 0.2627 0.2549 0.2588
v -0.476807 0.205566 -0.169678 0.7921 0.7921 0.7921
v -0.476807 0.223633 -0.166748 0.8941 0.8941 0.8941
v -0.476807 0.240234 -0.158447 0.9019 0.9019 0.9019
v -0.453857 0.200684 -0.138916 0.0510 0.0510 0.0510
v -0.453857 0.210449 -0.138916 0.0902 0.0902 0.0902
v -0.453857 0.227539 -0.129150 0.0706 0.0706 0.0706
v -0.453857 0.219727 -0.135498 0.1059 0.1059 0.1059
v -0.451416 0.222656 -0.140381 0.0549 0.0549 0.0549
v -0.451416 0.199707 -0.144287 0.0431 0.0431 0.0431
v -0.451416 0.211426 -0.144287 0.0510 0.0549 0.0549
v -0.446533 0.211914 -0.146728 0.3255 0.3255 0.3255
v -0.446533 0.223633 -0.142334 0.3961 0.3961 0.3961
v -0.468018 0.256836 -0.127686 0.2196 0.2314 0.2471
v -0.468018 0.236328 -0.155029 0.2275 0.2432 0.2510
v -0.468018 0.249023 -0.142822 0.2196 0.2314 0.2353
v -0.451416 0.231445 -0.132568 0.0706 0.0706 0.0706
v -0.446533 0.233398 -0.134033 0.2706 0.2706 0.2706
v -0.468018 0.205566 -0.165283 0.3333 0.3451 0.3529
v -0.468018 0.222168 -0.162842 0.3216 0.3333 0.3451
v -0.393799 0.180664 -0.135498 0.0039 0.0039 0.0039
v -0.393311 0.188477 -0.136963 0.0157 0.0235 0.0196
v -0.390869 0.188477 -0.147217 0.0118 0.0157 0.0157
v -0.393799 0.192383 -0.142334 0.0157 0.0196 0.0196
v -0.383545 0.188477 -0.154053 0.0196 0.0235 0.0196
v -0.393799 0.230469 -0.135498 0.0196 0.0235 0.0235
v -0.393799 0.205566 -0.145752 0.0196 0.0275 0.0235
v -0.393799 0.218750 -0.142334 0.0196 0.0235 0.0235
v -0.424072 0.198730 -0.206787 0.0431 0.0471 0.0627
v -0.417725 0.188965 -0.210205 0.0039 0.0039 0.0039
v -0.421631 0.192871 -0.207275 0.0196 0.0275 0.0431
v -0.421631 0.195801 -0.214600 0.0588 0.0706 0.0941
v -0.417725 0.192383 -0.218506 0.0314 0.0353 0.0431
v -0.409912 0.188477 -0.213623 0.0000 0.0000 0.0000
v -0.409912 0.191895 -0.221436 0.0196 0.0196 0.0235
v -0.424072 0.200684 -0.211670 0.1098 0.1176 0.1373
v -0.424072 0.205566 -0.213623 0.1294 0.1412 0.1608
v -0.424072 0.210938 -0.213623 0.1412 0.1530 0.1725
v -0.424072 0.216309 -0.207275 0.0902 0.0941 0.1098
v -0.421631 0.202637 -0.218018 0.0980 0.1098 0.1294
v -0.421631 0.213867 -0.217529 0.2078 0.2196 0.2471
v -0.421631 0.216309 -0.214600 0.2353 0.2471 0.2745
v -0.417725 0.216309 -0.218506 0.1882 0.2039 0.2314
v -0.417725 0.200195 -0.221924 0.0980 0.1020 0.1216
v -0.421631 0.209961 -0.218994 0.1569 0.1686 0.1922
v -0.417725 0.213867 -0.220947 0.1490 0.1569 0.1843
v -0.417725 0.209961 -0.222900 0.1255 0.1333 0.1490
v -0.409912 0.199707 -0.224853 0.0745 0.0784 0.0863
v -0.409912 0.210449 -0.224853 0.0941 0.0980 0.1059
v -0.409912 0.214844 -0.223389 0.2784 0.2823 0.2980
v -0.409912 0.216309 -0.220459 0.2235 0.2275 0.2432
v -0.424072 0.263672 -0.207275 0.0941 0.0980 0.1059
v -0.422119 0.266602 -0.214600 0.2588 0.2706 0.2980
v -0.422119 0.292480 -0.214600 0.2235 0.2353 0.2627
v -0.421631 0.263672 -0.214600 0.2471 0.2588 0.2902
v -0.417725 0.263672 -0.218506 0.1569 0.1608 0.1804
v -0.424072 0.295410 -0.207275 0.1020 0.1059 0.1216
v -0.421631 0.295410 -0.214600 0.2627 0.2823 0.3019
v -0.417725 0.295410 -0.218506 0.7804 0.7843 0.7921
v -0.422119 0.266602 -0.222900 0.5373 0.5451 0.5686
v -0.422119 0.292480 -0.222900 0.6628 0.6667 0.6824
v -0.420166 0.264648 -0.222412 0.3568 0.3686 0.3921
v -0.417725 0.264648 -0.228760 0.2039 0.2078 0.2275
v -0.417725 0.266602 -0.230713 0.5412 0.5490 0.5647
v -0.409912 0.263672 -0.220459 0.0627 0.0627 0.0706
v -0.409912 0.264648 -0.232666 0.3882 0.3921 0.4118
v -0.417725 0.292480 -0.230713 0.7843 0.7843 0.7921
v -0.409912 0.266602 -0.235107 0.4510 0.4550 0.4823
v -0.409912 0.292480 -0.235107 0.8588 0.8627 0.8666
v -0.420166 0.294922 -0.222412 0.6000 0.5961 0.6118
v -0.417725 0.294434 -0.228760 0.8078 0.8117 0.8196
v -0.409912 0.295410 -0.220459 0.1098 0.1137 0.1216
v -0.409912 0.294922 -0.232666 0.4863 0.4980 0.5059
v -0.282959 0.188477 -0.000244 0.0706 0.0745 0.0824
v -0.373779 0.188477 -0.156982 0.0157 0.0157 0.0157
v -0.302979 0.140137 -0.156006 0.0549 0.0588 0.0667
v -0.298096 0.160156 -0.156006 0.0353 0.0431 0.0392
v -0.281494 0.190430 -0.129150 0.0588 0.0627 0.0706
v -0.289307 0.179199 -0.156006 0.0235 0.0275 0.0235
v -0.302979 0.140137 -0.182373 0.0902 0.0902 0.0902
v -0.298584 0.139648 -0.187256 0.0627 0.0667 0.0667
v -0.298096 0.160156 -0.182373 0.0196 0.0196 0.0196
v -0.293213 0.158691 -0.187256 0.2157 0.2157 0.2157
v -0.282959 0.188477 -0.156982 0.0275 0.0314 0.0314
v -0.289307 0.179199 -0.182373 0.0000 0.0039 0.0000
v -0.284912 0.176758 -0.187256 0.1961 0.1961 0.1961
v -0.277588 0.151855 -0.187256 0.6197 0.6157 0.6197
v -0.273682 0.149902 -0.179932 0.0000 0.0000 0.0000
v -0.270752 0.166992 -0.187256 0.4432 0.4392 0.4589
v -0.266846 0.165039 -0.179932 0.0000 0.0000 0.0000
v -0.277100 0.196289 -0.181885 0.0314 0.0314 0.0392
v -0.273682 0.193359 -0.187256 0.2706 0.2706 0.2745
v -0.258057 0.178223 -0.179932 0.0000 0.0039 0.0000
v -0.261475 0.181152 -0.187256 0.4432 0.4432 0.4628
v -0.273193 0.200195 -0.129150 0.0627 0.0706 0.0667
v -0.258057 0.216309 -0.129150 0.0588 0.0627 0.0706
v -0.262939 0.210938 -0.143311 0.0627 0.0667 0.0745
v -0.262939 0.210938 -0.182373 0.0510 0.0549 0.0627
v -0.259521 0.207520 -0.187256 0.3765 0.3843 0.3804
v -0.290772 0.188477 -0.213623 0.0000 0.0000 0.0000
v -0.282959 0.188477 -0.204346 0.0118 0.0118 0.0118
v -0.285400 0.188477 -0.211182 0.0078 0.0078 0.0078
v -0.288330 0.191895 -0.221436 0.0196 0.0235 0.0314
v -0.282959 0.191895 -0.218994 0.0157 0.0157 0.0157
v -0.280518 0.191895 -0.212646 0.0157 0.0157 0.0157
v -0.281982 0.199707 -0.224854 0.0588 0.0667 0.0627
v -0.273193 0.200195 -0.217529 0.0275 0.0314 0.0392
v -0.258057 0.216309 -0.213623 0.0314 0.0353 0.0431
v -0.260986 0.216309 -0.218018 0.0314 0.0353 0.0431
v -0.276611 0.199707 -0.222900 0.0431 0.0471 0.0549
v -0.272217 0.210449 -0.224854 0.0627 0.0667 0.0745
v -0.270264 0.214844 -0.223389 0.1020 0.1098 0.1176
v -0.267334 0.209473 -0.223389 0.0431 0.0471 0.0549
v -0.267334 0.212891 -0.223389 0.0431 0.0510 0.0588
v -0.264893 0.216309 -0.220459 0.0471 0.0510 0.0549
v -0.346924 0.305664 -0.134521 0.1608 0.1686 0.1765
v -0.343994 0.305664 -0.139893 0.1490 0.1530 0.1608
v -0.355225 0.313965 -0.152588 0.0706 0.0784 0.0745
v -0.352783 0.316406 -0.158447 0.0745 0.0824 0.0784
v -0.344971 0.320312 -0.160889 0.0627 0.0706 0.0667
v -0.336182 0.305664 -0.142334 0.0980 0.1020 0.1098
v -0.316162 0.386230 -0.171631 0.0510 0.0549 0.0627
v -0.347900 0.376953 -0.215088 0.2196 0.2235 0.2314
v -0.361084 0.381836 -0.226807 0.0431 0.0431 0.0510
v -0.356689 0.379395 -0.220459 0.0824 0.0902 0.0863
v -0.353760 0.374512 -0.226807 0.0431 0.0431 0.0431
v -0.346924 0.372070 -0.220459 0.0902 0.0980 0.0941
v -0.352295 0.378418 -0.236084 0.4000 0.4039 0.4235
v -0.337647 0.372070 -0.215088 0.2157 0.2196 0.2275
v -0.326416 0.369141 -0.215088 0.2118 0.2157 0.2235
v -0.341553 0.367676 -0.226807 0.0824 0.0863 0.0941
v -0.333252 0.367188 -0.220459 0.1098 0.1176 0.1137
v -0.329834 0.364746 -0.226807 0.0902 0.0980 0.0941
v -0.331787 0.370117 -0.236084 0.5530 0.5530 0.5804
v -0.342041 0.372559 -0.236084 0.5019 0.5019 0.5333
v -0.331299 0.386230 -0.236084 0.8313 0.8313 0.8313
v -0.316162 0.386230 -0.226807 0.7882 0.7921 0.8000
v -0.320557 0.384277 -0.236084 0.8588 0.8588 0.8588
v -0.263916 0.386230 -0.171631 0.0941 0.0980 0.1059
v -0.253662 0.369141 -0.215088 0.2196 0.2235 0.2314
v -0.250244 0.364746 -0.226807 0.0863 0.0902 0.0980
v -0.263916 0.386230 -0.226807 0.8235 0.8274 0.8353
v -0.259522 0.384277 -0.236084 0.8862 0.8862 0.8862
v -0.230713 0.036621 -0.105713 0.0314 0.0353 0.0314
v -0.244873 0.045898 -0.105713 0.0196 0.0275 0.0235
v -0.215576 0.030273 -0.105713 0.0235 0.0314 0.0275
v -0.199951 0.026367 -0.105713 0.0235 0.0275 0.0275
v -0.183838 0.024902 -0.105713 0.0235 0.0314 0.0275
v -0.167725 0.026855 -0.105713 0.0235 0.0314 0.0275
v -0.152100 0.031250 -0.105713 0.0275 0.0353 0.0314
v -0.137451 0.038574 -0.105713 0.0275 0.0353 0.0314
v -0.224365 0.006836 -0.126221 0.0157 0.0157 0.0157
v -0.224365 0.006836 -0.182373 0.0000 0.0039 0.0000
v -0.222900 0.011230 -0.187256 0.0118 0.0157 0.0196
v -0.204346 0.001465 -0.126221 0.0157 0.0157 0.0157
v -0.204346 0.001465 -0.182373 0.0000 0.0039 0.0078
v -0.203857 0.006348 -0.187256 0.0196 0.0235 0.0275
v -0.183838 0.000000 -0.126221 0.0157 0.0157 0.0157
v -0.163818 0.001953 -0.126221 0.0157 0.0157 0.0157
v -0.183838 0.000000 -0.182373 0.0000 0.0000 0.0000
v -0.184326 0.004883 -0.187256 0.0118 0.0157 0.0196
v -0.164795 0.006836 -0.187256 0.0118 0.0157 0.0275
v -0.163818 0.001953 -0.182373 0.0039 0.0039 0.0039
v -0.143799 0.007324 -0.126221 0.0157 0.0157 0.0157
v -0.145752 0.011719 -0.187256 0.0588 0.0588 0.0706
v -0.143799 0.007324 -0.182373 0.0078 0.0078 0.0039
v -0.243408 0.015137 -0.126221 0.0000 0.0000 0.0000
v -0.243408 0.015137 -0.182373 0.0235 0.0314 0.0314
v -0.241455 0.019531 -0.187256 0.0275 0.0314 0.0314
v -0.232666 0.034180 -0.187256 0.7843 0.7882 0.7882
v -0.230225 0.038086 -0.179932 0.7882 0.7921 0.7882
v -0.246826 0.043457 -0.187256 0.7882 0.7882 0.7882
v -0.243896 0.046875 -0.179932 0.8235 0.8235 0.8235
v -0.217041 0.027344 -0.187256 0.8000 0.8000 0.8000
v -0.215576 0.031250 -0.179932 0.8313 0.8313 0.8313
v -0.200439 0.023438 -0.187256 0.8117 0.8117 0.8117
v -0.199463 0.027832 -0.179932 0.8353 0.8353 0.8353
v -0.221924 0.100586 -0.179932 0.0471 0.0510 0.0588
v -0.226318 0.112793 -0.179932 0.0627 0.0706 0.0667
v -0.226318 0.125977 -0.179932 0.0549 0.0627 0.0588
v -0.214111 0.089844 -0.179932 0.0510 0.0588 0.0549
v -0.203857 0.082031 -0.179932 0.0392 0.0471 0.0431
v -0.191162 0.078125 -0.179932 0.0353 0.0392 0.0392
v -0.221924 0.100098 -0.199463 0.0157 0.0157 0.0157
v -0.226318 0.112793 -0.199463 0.0039 0.0039 0.0039
v -0.226318 0.125977 -0.199463 0.0078 0.0078 0.0118
v -0.220947 0.113770 -0.203369 0.7255 0.7255 0.7333
v -0.220947 0.125000 -0.203369 0.9333 0.9333 0.9372
v -0.214600 0.089844 -0.199463 0.0118 0.0157 0.0157
v -0.203857 0.082031 -0.199463 0.0039 0.0078 0.0078
v -0.217529 0.102539 -0.203369 0.4823 0.4784 0.4980
v -0.210693 0.093750 -0.203369 0.3882 0.3843 0.4118
v -0.191162 0.078125 -0.199463 0.0078 0.0118 0.0118
v -0.195557 0.102051 -0.191650 0.5137 0.5569 0.6236
v -0.189697 0.101562 -0.200928 0.6236 0.6432 0.6824
v -0.201416 0.086914 -0.203369 0.4196 0.4314 0.4589
v -0.190674 0.083496 -0.203369 0.4823 0.4823 0.5098
v -0.200439 0.104004 -0.203369 0.7647 0.7686 0.7843
v -0.188232 0.097656 -0.203369 0.7725 0.7725 0.7843
v -0.194580 0.100098 -0.203369 0.7216 0.7255 0.7333
v -0.189209 0.103027 -0.203857 0.0275 0.0314 0.0353
v -0.204346 0.115234 -0.191650 0.2235 0.2627 0.3019
v -0.203857 0.117188 -0.200928 0.1530 0.1647 0.1765
v -0.204346 0.109375 -0.203369 0.7686 0.7804 0.7960
v -0.206787 0.115723 -0.203369 0.7960 0.8039 0.8196
v -0.217529 0.135742 -0.203369 0.9215 0.9255 0.9255
v -0.206787 0.123047 -0.203369 0.7921 0.7960 0.8078
v -0.204834 0.129395 -0.203369 0.6941 0.6980 0.7059
v -0.198975 0.107422 -0.200928 0.5333 0.5490 0.5804
v -0.202393 0.128906 -0.191650 0.1608 0.1922 0.2196
v -0.202393 0.128418 -0.200928 0.2196 0.2392 0.2667
v -0.195068 0.136719 -0.200928 0.2510 0.2784 0.3019
v -0.197998 0.108398 -0.203857 0.0627 0.0706 0.0667
v -0.195557 0.110840 -0.205322 0.0235 0.0275 0.0392
v -0.201904 0.117676 -0.203369 0.0667 0.0706 0.0784
v -0.198975 0.118164 -0.205322 0.0431 0.0471 0.0549
v -0.188721 0.106445 -0.205322 0.0118 0.0118 0.0118
v -0.200928 0.127441 -0.203857 0.1490 0.1569 0.1725
v -0.197510 0.125977 -0.205322 0.1255 0.1294 0.1373
v -0.200439 0.134766 -0.203369 0.4275 0.4235 0.4392
v -0.192627 0.132324 -0.205322 0.2000 0.2039 0.2118
v -0.194092 0.135254 -0.203857 0.2078 0.2157 0.2314
v -0.183838 0.021973 -0.187256 0.8313 0.8313 0.8313
v -0.183350 0.026367 -0.179932 0.8431 0.8431 0.8392
v -0.166748 0.023926 -0.187256 0.8627 0.8627 0.8627
v -0.167236 0.028320 -0.179932 0.1922 0.1922 0.1922
v -0.151611 0.032715 -0.179932 0.0118 0.0118 0.0118
v -0.150146 0.028320 -0.187256 0.8706 0.8706 0.8706
v -0.127686 0.020508 -0.187256 0.2627 0.2667 0.2784
v -0.136963 0.039551 -0.179932 0.0039 0.0039 0.0039
v -0.135010 0.035645 -0.187256 0.8941 0.8941 0.8941
v -0.178467 0.078613 -0.179932 0.0314 0.0392 0.0353
v -0.165771 0.082520 -0.179932 0.0275 0.0353 0.0314
v -0.156982 0.089844 -0.179443 0.0275 0.0314 0.0275
v -0.153564 0.091797 -0.179932 0.0314 0.0314 0.0314
v -0.149170 0.092285 -0.179932 0.0314 0.0392 0.0353
v -0.144775 0.127930 -0.179443 0.0196 0.0196 0.0157
v -0.142822 0.124512 -0.179932 0.0157 0.0235 0.0196
v -0.138916 0.122559 -0.179932 0.0235 0.0314 0.0275
v -0.177979 0.078125 -0.199463 0.0039 0.0039 0.0078
v -0.184326 0.099121 -0.191650 0.6902 0.7137 0.7608
v -0.173584 0.103027 -0.191650 0.5725 0.6000 0.6550
v -0.177979 0.101562 -0.201416 0.0941 0.1137 0.1216
v -0.178955 0.083496 -0.203369 0.4432 0.4471 0.4784
v -0.181396 0.098145 -0.203369 0.8039 0.8078 0.8117
v -0.178467 0.103516 -0.204346 0.0353 0.0431 0.0510
v -0.175049 0.100098 -0.203369 0.8313 0.8353 0.8431
v -0.165771 0.082520 -0.199463 0.0314 0.0353 0.0392
v -0.168213 0.086914 -0.203369 0.4000 0.4039 0.4275
v -0.169189 0.104004 -0.203369 0.8627 0.8627 0.8666
v -0.159912 0.092773 -0.203369 0.7020 0.7020 0.7137
v -0.174072 0.136719 -0.201416 0.3216 0.3568 0.3921
v -0.184814 0.120117 -0.207764 0.1333 0.1333 0.1412
v -0.179443 0.106934 -0.205811 0.0549 0.0627 0.0588
v -0.173584 0.110840 -0.205811 0.1020 0.1020 0.1059
v -0.184814 0.134766 -0.205811 0.1804 0.1843 0.1922
v -0.177002 0.132324 -0.205811 0.2196 0.2353 0.2471
v -0.175049 0.135254 -0.204346 0.3216 0.3372 0.3529
v -0.166260 0.111816 -0.191650 0.1569 0.1922 0.2353
v -0.169678 0.107422 -0.201416 0.4706 0.4980 0.5216
v -0.164795 0.117676 -0.201904 0.1255 0.1294 0.1373
v -0.165283 0.123535 -0.191650 0.0431 0.0588 0.0745
v -0.170654 0.133789 -0.191650 0.0549 0.0745 0.0863
v -0.166748 0.128418 -0.201904 0.1882 0.2000 0.2196
v -0.171143 0.108398 -0.204346 0.1569 0.1608 0.1686
v -0.165283 0.109863 -0.203369 0.6785 0.6785 0.6941
v -0.170166 0.118164 -0.205811 0.1451 0.1451 0.1490
v -0.166748 0.117676 -0.204346 0.1333 0.1412 0.1451
v -0.163330 0.116211 -0.203369 0.1961 0.1961 0.2000
v -0.171631 0.126465 -0.205811 0.1804 0.1843 0.1922
v -0.168213 0.127930 -0.204346 0.2000 0.2039 0.2157
v -0.169678 0.135254 -0.203369 0.1922 0.2078 0.2196
v -0.165771 0.129395 -0.203369 0.1922 0.2039 0.2157
v -0.163330 0.123047 -0.203369 0.1373 0.1451 0.1569
v -0.155518 0.090332 -0.199463 0.0824 0.0863 0.0980
v -0.153564 0.090820 -0.199463 0.0392 0.0392 0.0471
v -0.149170 0.091309 -0.199463 0.0235 0.0275 0.0275
v -0.152100 0.096680 -0.203369 0.4667 0.4667 0.4784
v -0.155029 0.098633 -0.203369 0.8706 0.8706 0.8784
v -0.147705 0.096191 -0.203369 0.3529 0.3568 0.3725
v -0.142822 0.125000 -0.199463 0.1059 0.1137 0.1216
v -0.143799 0.126465 -0.199463 0.1059 0.1098 0.1176
v -0.150146 0.109375 -0.203369 0.8627 0.8627 0.8627
v -0.146240 0.107910 -0.203369 0.5686 0.5686 0.5686
v -0.142334 0.106445 -0.203369 0.8509 0.8509 0.8509
v -0.148193 0.119141 -0.203369 0.8392 0.8392 0.8392
v -0.144287 0.119629 -0.203369 0.6550 0.6550 0.6550
v -0.149170 0.126953 -0.203369 0.7216 0.7216 0.7216
v -0.152588 0.136230 -0.203369 0.7333 0.7372 0.7333
v -0.138916 0.124023 -0.199463 0.3568 0.3765 0.3961
v -0.140381 0.119141 -0.203369 0.3961 0.4000 0.3961
v -0.123779 0.047852 -0.105713 0.0275 0.0353 0.0314
v -0.112549 0.059570 -0.105713 0.0235 0.0314 0.0275
v -0.103271 0.073242 -0.105713 0.0235 0.0314 0.0275
v -0.097412 0.086426 -0.105713 0.0196 0.0235 0.0235
v -0.093994 0.097168 -0.105713 0.0196 0.0275 0.0235
v -0.093018 0.100586 -0.105225 0.0118 0.0118 0.0118
v -0.072998 0.100586 -0.117920 0.0078 0.0078 0.0078
v -0.124756 0.016113 -0.126221 0.0157 0.0157 0.0157
v -0.108154 0.028320 -0.126221 0.0235 0.0235 0.0235
v -0.124756 0.016113 -0.182373 0.0078 0.0078 0.0078
v -0.111084 0.031738 -0.187256 0.2745 0.2784 0.2941
v -0.108154 0.028320 -0.182373 0.0510 0.0510 0.0549
v -0.124268 0.049316 -0.179932 0.0039 0.0039 0.0039
v -0.121338 0.045898 -0.187256 0.9137 0.9137 0.9137
v -0.109619 0.058105 -0.187256 0.9451 0.9451 0.9451
v -0.112549 0.061035 -0.179932 0.0235 0.0235 0.0196
v -0.097412 0.045898 -0.187256 0.3294 0.3294 0.3451
v -0.103760 0.074219 -0.179932 0.0196 0.0196 0.0196
v -0.099854 0.072266 -0.187256 0.4980 0.4980 0.5019
v -0.093506 0.042969 -0.126221 0.0118 0.0118 0.0118
v -0.081299 0.060059 -0.126221 0.0196 0.0196 0.0196
v -0.093506 0.042969 -0.182373 0.0431 0.0471 0.0549
v -0.085693 0.062500 -0.187256 0.3059 0.3098 0.3255
v -0.081299 0.060059 -0.182373 0.0667 0.0667 0.0745
v -0.097412 0.086914 -0.179932 0.0549 0.0588 0.0549
v -0.093994 0.085938 -0.187256 0.1059 0.1098 0.1176
v -0.094482 0.097656 -0.179932 0.0471 0.0549 0.0471
v -0.073486 0.077148 -0.126221 0.0157 0.0235 0.0196
v -0.068604 0.091309 -0.126221 0.0157 0.0196 0.0196
v -0.067139 0.100586 -0.125732 0.0824 0.0824 0.0824
v -0.067139 0.101562 -0.140381 0.0078 0.0078 0.0078
v -0.066650 0.107422 -0.154053 0.0314 0.0392 0.0392
v -0.065674 0.121582 -0.156006 0.0392 0.0471 0.0431
v -0.090576 0.096680 -0.187256 0.0627 0.0667 0.0745
v -0.077881 0.078613 -0.187256 0.2235 0.2275 0.2432
v -0.073486 0.077148 -0.182373 0.0392 0.0392 0.0392
v -0.073486 0.092285 -0.187256 0.4589 0.4550 0.4706
v -0.071045 0.105469 -0.187256 0.7255 0.7216 0.7333
v -0.068604 0.091309 -0.182373 0.0471 0.0471 0.0471
v -0.066650 0.105469 -0.182373 0.0706 0.0745 0.0824
v -0.092529 0.107422 -0.179932 0.0471 0.0510 0.0588
v -0.088623 0.106934 -0.187256 0.0510 0.0549 0.0627
v -0.092041 0.121094 -0.179932 0.0275 0.0353 0.0353
v -0.088623 0.121582 -0.187256 0.0824 0.0863 0.0941
v -0.066162 0.116211 -0.156982 0.0471 0.0549 0.0510
v -0.070557 0.122070 -0.187256 0.6902 0.6863 0.6980
v -0.065674 0.122559 -0.182373 0.0667 0.0706 0.0784
v -0.222412 0.138184 -0.179932 0.0392 0.0431 0.0510
v -0.246338 0.189941 -0.179932 0.0235 0.0314 0.0275
v -0.249268 0.193359 -0.187256 0.3921 0.3921 0.4118
v -0.214600 0.148926 -0.179932 0.0353 0.0392 0.0471
v -0.204346 0.156738 -0.179932 0.0275 0.0353 0.0353
v -0.191650 0.160645 -0.179932 0.0275 0.0353 0.0353
v -0.241455 0.229004 -0.129150 0.0588 0.0667 0.0667
v -0.245850 0.223145 -0.143311 0.0627 0.0706 0.0706
v -0.222412 0.238281 -0.129150 0.0627 0.0706 0.0667
v -0.227295 0.231934 -0.143311 0.0745 0.0824 0.0784
v -0.235596 0.203613 -0.187256 0.4039 0.4078 0.4314
v -0.243408 0.218750 -0.187256 0.8313 0.8313 0.8353
v -0.245850 0.223145 -0.182373 0.0745 0.0784 0.0824
v -0.233643 0.199707 -0.179932 0.0392 0.0471 0.0431
v -0.218994 0.206543 -0.179932 0.0667 0.0745 0.0706
v -0.220459 0.210938 -0.187256 0.4628 0.4628 0.4863
v -0.225342 0.227539 -0.187256 0.8745 0.8745 0.8745
v -0.227295 0.231934 -0.182373 0.0471 0.0510 0.0510
v -0.207275 0.237305 -0.143311 0.0706 0.0745 0.0824
v -0.201904 0.244141 -0.129150 0.0667 0.0706 0.0784
v -0.204346 0.215332 -0.187256 0.4235 0.4275 0.4471
v -0.202881 0.210938 -0.179932 0.0784 0.0863 0.0824
v -0.207275 0.237305 -0.182373 0.0471 0.0588 0.0667
v -0.205811 0.232422 -0.187256 0.8745 0.8745 0.8745
v -0.222412 0.138184 -0.199463 0.0157 0.0157 0.0196
v -0.214600 0.148926 -0.199463 0.0118 0.0118 0.0196
v -0.204346 0.156738 -0.199463 0.0510 0.0549 0.0588
v -0.211182 0.145020 -0.203369 0.8862 0.8862 0.8862
v -0.192627 0.137695 -0.191650 0.1569 0.1882 0.2078
v -0.191650 0.160645 -0.199463 0.0353 0.0392 0.0471
v -0.201904 0.151855 -0.203369 0.8313 0.8353 0.8431
v -0.195068 0.139160 -0.203369 0.2549 0.2588 0.2745
v -0.188721 0.141113 -0.203369 0.0941 0.1020 0.1176
v -0.191162 0.155762 -0.203369 0.8235 0.8235 0.8235
v -0.241455 0.229004 -0.213623 0.0000 0.0000 0.0000
v -0.222412 0.238281 -0.213623 0.0000 0.0000 0.0000
v -0.244873 0.234375 -0.220459 0.0431 0.0471 0.0549
v -0.242920 0.231445 -0.218994 0.0235 0.0275 0.0314
v -0.223389 0.241211 -0.218994 0.0314 0.0353 0.0471
v -0.224854 0.244141 -0.220459 0.0510 0.0549 0.0627
v -0.201904 0.244141 -0.213623 0.0000 0.0000 0.0000
v -0.203369 0.250000 -0.220459 0.0431 0.0471 0.0549
v -0.202393 0.247070 -0.218994 0.0392 0.0431 0.0549
v -0.178955 0.160645 -0.179932 0.0275 0.0353 0.0314
v -0.166260 0.156738 -0.179932 0.0275 0.0353 0.0314
v -0.155518 0.149414 -0.179932 0.0196 0.0235 0.0314
v -0.148193 0.138672 -0.179932 0.0157 0.0196 0.0275
v -0.126709 0.192383 -0.179932 0.1451 0.1490 0.1530
v -0.180908 0.246094 -0.129150 0.0706 0.0745 0.0784
v -0.186279 0.239258 -0.143311 0.0824 0.0863 0.0941
v -0.159912 0.244141 -0.129150 0.0706 0.0784 0.0784
v -0.165771 0.237793 -0.143311 0.0824 0.0863 0.0941
v -0.186768 0.212891 -0.179932 0.0941 0.0980 0.0941
v -0.187256 0.217285 -0.187256 0.3059 0.3098 0.3216
v -0.170654 0.211426 -0.179932 0.1098 0.1137 0.1137
v -0.170166 0.215820 -0.187256 0.1176 0.1176 0.1216
v -0.186279 0.234375 -0.187256 0.8745 0.8745 0.8745
v -0.186279 0.239258 -0.182373 0.1059 0.1137 0.1137
v -0.165771 0.237793 -0.182373 0.1922 0.2000 0.1961
v -0.166260 0.232910 -0.187256 0.8666 0.8666 0.8666
v -0.126709 0.223633 -0.143311 0.0745 0.0824 0.0784
v -0.145264 0.232422 -0.143311 0.0824 0.0902 0.0863
v -0.139404 0.238281 -0.129150 0.0706 0.0745 0.0824
v -0.155029 0.208008 -0.179932 0.1137 0.1216 0.1176
v -0.153564 0.211914 -0.187256 0.1176 0.1176 0.1176
v -0.146729 0.227539 -0.187256 0.8588 0.8549 0.8470
v -0.139893 0.201172 -0.179932 0.1255 0.1255 0.1294
v -0.138428 0.205078 -0.187256 0.1255 0.1294 0.1255
v -0.128662 0.219238 -0.187256 0.8549 0.8549 0.8549
v -0.126709 0.223633 -0.182373 0.3098 0.3176 0.3255
v -0.145264 0.232422 -0.182373 0.1647 0.1725 0.1647
v -0.180908 0.139160 -0.191650 0.1137 0.1569 0.1804
v -0.184326 0.139648 -0.201416 0.3568 0.3765 0.4000
v -0.178955 0.161133 -0.199463 0.0431 0.0431 0.0510
v -0.184814 0.138184 -0.204346 0.3451 0.3529 0.3647
v -0.181885 0.141113 -0.203369 0.1765 0.1922 0.2118
v -0.175049 0.139160 -0.203369 0.1961 0.2118 0.2275
v -0.179443 0.155762 -0.203369 0.8274 0.8313 0.8274
v -0.166260 0.156738 -0.199463 0.0275 0.0392 0.0549
v -0.168701 0.152344 -0.203369 0.8117 0.8196 0.8235
v -0.159424 0.145508 -0.203369 0.8000 0.8000 0.8039
v -0.155518 0.149414 -0.199463 0.1098 0.1137 0.1176
v -0.147705 0.138672 -0.199463 0.1451 0.1490 0.1490
v -0.180908 0.246094 -0.213623 0.0000 0.0000 0.0000
v -0.159912 0.244141 -0.213623 0.0039 0.0039 0.0118
v -0.180908 0.249023 -0.218994 0.0392 0.0431 0.0510
v -0.180908 0.251953 -0.220459 0.0196 0.0235 0.0314
v -0.159424 0.247070 -0.218994 0.0431 0.0471 0.0588
v -0.158936 0.250000 -0.220459 0.0196 0.0235 0.0314
v -0.139404 0.238281 -0.213623 0.0000 0.0000 0.0039
v -0.138428 0.241211 -0.218994 0.0353 0.0392 0.0510
v -0.137451 0.244141 -0.220459 0.0118 0.0157 0.0235
v -0.243408 0.305664 -0.139893 0.1098 0.1137 0.1216
v -0.240479 0.305664 -0.134521 0.1098 0.1255 0.1255
v -0.249756 0.305664 -0.142334 0.0863 0.0902 0.0980
v -0.242432 0.372070 -0.215088 0.2275 0.2314 0.2392
v -0.232666 0.376953 -0.215088 0.2275 0.2314 0.2392
v -0.245361 0.367188 -0.220459 0.0784 0.1020 0.1059
v -0.239014 0.367676 -0.226807 0.0824 0.0980 0.1098
v -0.248291 0.370117 -0.236084 0.6628 0.6628 0.6863
v -0.248779 0.386230 -0.236084 0.9019 0.9019 0.9019
v -0.238037 0.372559 -0.236084 0.6432 0.6471 0.6667
v -0.233154 0.372070 -0.220459 0.0980 0.1020 0.1098
v -0.223389 0.379395 -0.220459 0.0902 0.0941 0.1020
v -0.226318 0.374512 -0.226807 0.0784 0.0824 0.0902
v -0.219482 0.381836 -0.226807 0.1765 0.1804 0.1961
v -0.228271 0.378418 -0.236084 0.6393 0.6354 0.6550
v -0.151123 0.305664 -0.134521 0.1059 0.1098 0.1098
v -0.148193 0.305664 -0.139893 0.0980 0.1059 0.1020
v -0.140381 0.305664 -0.142334 0.0784 0.0824 0.0902
v -0.187256 0.263672 -0.220459 0.0627 0.0627 0.0627
v -0.187256 0.264648 -0.234619 0.4196 0.4353 0.4510
v -0.187256 0.266602 -0.236572 0.5530 0.5608 0.5764
v -0.187256 0.292480 -0.236572 0.8509 0.8549 0.8549
v -0.187256 0.295410 -0.220459 0.0235 0.0275 0.0314
v -0.187256 0.294922 -0.234619 0.0980 0.1059 0.1176
v -0.165771 0.383789 -0.226807 0.1176 0.1255 0.1333
v -0.159912 0.378418 -0.220459 0.1294 0.1451 0.1569
v -0.156982 0.374023 -0.226807 0.1216 0.1255 0.1333
v -0.151123 0.376953 -0.215088 0.2275 0.2314 0.2392
v -0.142334 0.372559 -0.215088 0.2392 0.2353 0.2432
v -0.129639 0.369141 -0.215088 0.2235 0.2275 0.2353
v -0.149170 0.370605 -0.220459 0.1020 0.1059 0.1137
v -0.144775 0.367676 -0.226807 0.1255 0.1294 0.1451
v -0.155029 0.378418 -0.236084 0.3921 0.3921 0.4235
v -0.146729 0.373047 -0.236084 0.4745 0.4745 0.5059
v -0.136963 0.366211 -0.220459 0.1020 0.1059 0.1137
v -0.133545 0.364746 -0.226807 0.0980 0.0980 0.1059
v -0.135498 0.370117 -0.236084 0.4980 0.4980 0.5294
v -0.079834 0.188477 -0.000244 0.0784 0.0824 0.0902
v -0.093994 0.137207 -0.179932 0.1216 0.1294 0.1255
v -0.105225 0.167969 -0.179932 0.1569 0.1686 0.1725
v -0.098389 0.152832 -0.179932 0.1530 0.1569 0.1608
v -0.094482 0.154785 -0.187256 0.1255 0.1255 0.1255
v -0.114990 0.180664 -0.179932 0.1569 0.1608 0.1686
v -0.124268 0.195801 -0.187256 0.1294 0.1373 0.1333
v -0.112061 0.184082 -0.187256 0.1412 0.1451 0.1490
v -0.101807 0.170410 -0.187256 0.1294 0.1333 0.1373
v -0.097900 0.193848 -0.187256 0.8000 0.8039 0.8078
v -0.094482 0.197266 -0.182373 0.5882 0.6039 0.6039
v -0.067627 0.141602 -0.156006 0.0353 0.0431 0.0392
v -0.073486 0.161621 -0.156006 0.0118 0.0157 0.0157
v -0.082275 0.180664 -0.156006 0.0353 0.0431 0.0392
v -0.089600 0.138672 -0.187256 0.1137 0.1176 0.1176
v -0.072510 0.140625 -0.187256 0.7294 0.7294 0.7294
v -0.067627 0.141602 -0.182373 0.1569 0.1608 0.1686
v -0.077881 0.159668 -0.187256 0.7960 0.7960 0.7960
v -0.073486 0.161621 -0.182373 0.1137 0.1176 0.1255
v -0.079834 0.188477 -0.156982 0.0392 0.0431 0.0510
v -0.086182 0.177734 -0.187256 0.8000 0.8000 0.8000
v -0.082764 0.181152 -0.181885 0.1922 0.2039 0.2235
v -0.120361 0.229004 -0.129150 0.0627 0.0667 0.0745
v -0.103760 0.216309 -0.129150 0.0588 0.0627 0.0627
v -0.109131 0.211914 -0.143311 0.0706 0.0784 0.0745
v -0.112061 0.208008 -0.187256 0.8470 0.8470 0.8549
v -0.109131 0.211914 -0.182373 0.1490 0.1569 0.1608
v -0.089600 0.200195 -0.130127 0.0588 0.0627 0.0706
v -0.079834 0.188477 -0.204346 0.0118 0.0157 0.0157
v -0.082275 0.191895 -0.212646 0.0118 0.0196 0.0157
v -0.077881 0.188477 -0.211182 0.0000 0.0000 0.0000
v -0.072021 0.188477 -0.213623 0.0000 0.0000 0.0000
v -0.079834 0.191895 -0.218994 0.0157 0.0196 0.0275
v -0.074463 0.191895 -0.221436 0.0078 0.0118 0.0157
v -0.120361 0.229004 -0.213623 0.0000 0.0039 0.0000
v -0.103760 0.216309 -0.213623 0.0196 0.0196 0.0196
v -0.100830 0.216309 -0.218018 0.0157 0.0157 0.0157
v -0.099854 0.220215 -0.220459 0.0078 0.0078 0.0078
v -0.095947 0.216309 -0.220459 0.0196 0.0235 0.0275
v -0.118896 0.231445 -0.218994 0.0118 0.0196 0.0235
v -0.116943 0.234375 -0.220459 0.0118 0.0157 0.0235
v -0.089600 0.200195 -0.217529 0.0196 0.0275 0.0235
v -0.086182 0.199707 -0.222900 0.0196 0.0235 0.0275
v -0.093506 0.209473 -0.223389 0.0196 0.0196 0.0196
v -0.093506 0.212891 -0.223389 0.0196 0.0196 0.0275
v -0.090576 0.214844 -0.223389 0.0941 0.0980 0.1098
v -0.088623 0.210449 -0.224854 0.0431 0.0471 0.0549
v -0.080811 0.199707 -0.224854 0.0549 0.0706 0.0824
v -0.119873 0.386719 -0.172119 0.0980 0.1020 0.1098
v -0.066650 0.386719 -0.172119 0.1059 0.1059 0.1059
v -0.119873 0.386719 -0.226807 0.8470 0.8470 0.8549
v -0.123779 0.384766 -0.236084 0.8627 0.8588 0.8588
v -0.066650 0.386719 -0.226807 0.8078 0.8117 0.8274
v -0.062744 0.384766 -0.236084 0.8941 0.8941 0.8941
v -0.052979 0.305664 -0.142334 0.0824 0.0863 0.0941
v -0.044189 0.305664 -0.134521 0.1020 0.1059 0.1137
v -0.046631 0.305664 -0.139893 0.0941 0.0980 0.1059
v -0.056885 0.369141 -0.215088 0.2157 0.2196 0.2275
v -0.044678 0.372559 -0.215088 0.2275 0.2314 0.2392
v -0.035400 0.376953 -0.215088 0.2235 0.2275 0.2353
v -0.049561 0.366211 -0.220459 0.1137 0.1176 0.1255
v -0.052979 0.364746 -0.226807 0.0627 0.0667 0.0745
v -0.051025 0.370117 -0.236084 0.5882 0.5882 0.6157
v -0.041748 0.367676 -0.226807 0.0706 0.0745 0.0824
v -0.037354 0.370605 -0.220459 0.0902 0.0941 0.1020
v -0.039795 0.373047 -0.236084 0.4902 0.4941 0.5255
v -0.031494 0.378418 -0.236084 0.5216 0.5255 0.5412
v -0.026611 0.378418 -0.220459 0.0824 0.0863 0.0941
v -0.029541 0.374023 -0.226807 0.0353 0.0392 0.0471
v -0.020752 0.383789 -0.226807 0.0706 0.0745 0.0824
v -0.406494 0.493164 -0.002197 0.1176 0.1216 0.1255
v -0.406006 0.485840 -0.001709 0.1020 0.1098 0.1059
v -0.401123 0.497559 -0.002197 0.1137 0.1176 0.1216
v -0.376221 0.499512 -0.002686 0.1059 0.1098 0.1176
v -0.424072 0.606445 -0.000244 0.1137 0.1176 0.1333
v -0.406494 0.493164 -0.132080 0.1137 0.1216 0.1216
v -0.406006 0.485840 -0.132080 0.1098 0.1137 0.1176
v -0.403076 0.486328 -0.138916 0.1098 0.1176 0.1176
v -0.405029 0.492188 -0.137451 0.1176 0.1216 0.1216
v -0.400146 0.494629 -0.138428 0.1098 0.1137 0.1216
v -0.401123 0.497559 -0.131592 0.1137 0.1176 0.1255
v -0.396240 0.487305 -0.141357 0.0824 0.0863 0.0863
v -0.376221 0.499512 -0.131103 0.1059 0.1098 0.1176
v -0.375244 0.496582 -0.138428 0.0902 0.0980 0.1020
v -0.424072 0.606445 -0.207275 0.1059 0.1098 0.1255
v -0.422119 0.606445 -0.214600 0.2588 0.2706 0.2980
v -0.417725 0.606445 -0.218506 0.1294 0.1412 0.1686
v -0.434326 0.635742 -0.224365 0.1451 0.1490 0.1569
v -0.433350 0.632324 -0.226318 0.1333 0.1373 0.1530
v -0.434326 0.630371 -0.229736 0.2510 0.2784 0.3294
v -0.422119 0.634766 -0.221436 0.0275 0.0314 0.0392
v -0.422119 0.629883 -0.224365 0.0196 0.0235 0.0196
v -0.422119 0.627441 -0.229248 0.0118 0.0118 0.0118
v -0.409912 0.606445 -0.220459 0.0118 0.0196 0.0157
v -0.339111 0.437012 -0.002197 0.2823 0.2980 0.3059
v -0.324951 0.432129 -0.002197 0.1333 0.1412 0.1373
v -0.314209 0.436523 -0.002197 0.1176 0.1255 0.1216
v -0.363525 0.492188 -0.002686 0.0784 0.0863 0.0824
v -0.368896 0.497559 -0.002686 0.0941 0.0980 0.1059
v -0.265869 0.439453 -0.002197 0.1255 0.1333 0.1294
v -0.254150 0.435059 -0.001709 0.1216 0.1294 0.1294
v -0.343994 0.409180 -0.171631 0.0863 0.0902 0.0980
v -0.344971 0.421387 -0.171631 0.0863 0.0902 0.0980
v -0.339111 0.437012 -0.132080 0.2784 0.2902 0.3098
v -0.340088 0.434082 -0.139404 0.1882 0.2000 0.2039
v -0.342529 0.426758 -0.142334 0.1216 0.1255 0.1333
v -0.324951 0.432129 -0.132080 0.1255 0.1294 0.1333
v -0.325928 0.429199 -0.139404 0.1216 0.1255 0.1373
v -0.315186 0.433105 -0.139404 0.1216 0.1255 0.1294
v -0.314209 0.436523 -0.132080 0.1216 0.1294 0.1255
v -0.327881 0.421875 -0.142334 0.1137 0.1176 0.1255
v -0.317139 0.425781 -0.142334 0.1137 0.1216 0.1176
v -0.341553 0.398926 -0.171631 0.0667 0.0706 0.0784
v -0.335693 0.391113 -0.171631 0.0510 0.0588 0.0588
v -0.327393 0.388184 -0.171631 0.0510 0.0549 0.0627
v -0.369385 0.496094 -0.137451 0.0824 0.0863 0.0902
v -0.363525 0.492188 -0.131103 0.0745 0.0824 0.0784
v -0.365967 0.491699 -0.138428 0.0706 0.0784 0.0784
v -0.368896 0.497559 -0.131103 0.0863 0.0902 0.0980
v -0.371826 0.490723 -0.141357 0.0745 0.0784 0.0863
v -0.362549 0.396484 -0.215088 0.2000 0.2039 0.2118
v -0.365479 0.408203 -0.215088 0.1922 0.1961 0.2039
v -0.358154 0.387207 -0.215088 0.2118 0.2157 0.2235
v -0.364014 0.390137 -0.220459 0.0863 0.0941 0.0980
v -0.366943 0.393555 -0.226807 0.0392 0.0431 0.0471
v -0.368408 0.402832 -0.220459 0.0863 0.0902 0.1020
v -0.370361 0.405762 -0.226807 0.0471 0.0471 0.0549
v -0.360107 0.387207 -0.236084 0.2784 0.2823 0.2941
v -0.364014 0.395996 -0.236084 0.3098 0.3098 0.3216
v -0.365967 0.406738 -0.236084 0.3608 0.3608 0.3647
v -0.343994 0.409180 -0.226807 0.6980 0.6941 0.7137
v -0.344482 0.395996 -0.236084 0.7921 0.7960 0.7960
v -0.346436 0.405273 -0.236084 0.7804 0.7804 0.7882
v -0.347412 0.416992 -0.236084 0.8078 0.8078 0.8117
v -0.344971 0.420898 -0.226807 0.7372 0.7333 0.7490
v -0.341553 0.398926 -0.226807 0.7059 0.7059 0.7255
v -0.335205 0.391113 -0.226807 0.7568 0.7568 0.7647
v -0.338623 0.389160 -0.236084 0.8117 0.8117 0.8039
v -0.326904 0.388184 -0.226807 0.7804 0.7804 0.7960
v -0.265869 0.439453 -0.132080 0.1216 0.1294 0.1255
v -0.250732 0.428711 -0.139404 0.1216 0.1255 0.1216
v -0.263916 0.436523 -0.139404 0.1176 0.1255 0.1255
v -0.254150 0.435059 -0.132080 0.1216 0.1255 0.1255
v -0.255127 0.434570 -0.138428 0.1216 0.1294 0.1255
v -0.258545 0.429688 -0.142334 0.1137 0.1216 0.1176
v -0.252686 0.387695 -0.171631 0.0902 0.0980 0.1020
v -0.253174 0.387695 -0.226807 0.6824 0.6863 0.6941
v -0.344971 0.543457 -0.171631 0.0824 0.0863 0.0941
v -0.343994 0.554688 -0.171631 0.0824 0.0863 0.0941
v -0.341553 0.564941 -0.171631 0.0627 0.0706 0.0667
v -0.335693 0.572266 -0.171631 0.0667 0.0745 0.0745
v -0.327393 0.575195 -0.171631 0.0706 0.0784 0.0745
v -0.316162 0.576660 -0.171631 0.0784 0.0824 0.0902
v -0.365479 0.555664 -0.215088 0.2314 0.2353 0.2432
v -0.362549 0.567383 -0.215088 0.2314 0.2353 0.2432
v -0.344971 0.542969 -0.226807 0.7608 0.7568 0.7764
v -0.370361 0.558105 -0.226807 0.0392 0.0392 0.0392
v -0.368408 0.562500 -0.220459 0.0863 0.0902 0.1020
v -0.366943 0.570312 -0.226807 0.0471 0.0471 0.0471
v -0.365967 0.557129 -0.236084 0.5098 0.5098 0.5098
v -0.364014 0.567871 -0.236084 0.8353 0.8353 0.8353
v -0.343994 0.554688 -0.226807 0.5137 0.5176 0.5373
v -0.347412 0.546875 -0.236084 0.8196 0.8196 0.8196
v -0.346436 0.558105 -0.236084 0.8235 0.8274 0.8274
v -0.344482 0.567383 -0.236084 0.8313 0.8313 0.8431
v -0.341553 0.564453 -0.226807 0.2275 0.2353 0.2471
v -0.335205 0.572266 -0.226807 0.1333 0.1373 0.1490
v -0.338623 0.574219 -0.236084 0.7764 0.7764 0.7882
v -0.358154 0.576660 -0.215088 0.2353 0.2353 0.2432
v -0.347900 0.586914 -0.215088 0.2314 0.2353 0.2432
v -0.364014 0.575195 -0.220459 0.0745 0.0784 0.0863
v -0.361084 0.582031 -0.226807 0.0863 0.0902 0.0902
v -0.360107 0.576660 -0.236084 0.9607 0.9607 0.9607
v -0.356689 0.585449 -0.220459 0.0706 0.0784 0.0745
v -0.353760 0.589355 -0.226807 0.1255 0.1255 0.1255
v -0.346924 0.593262 -0.220459 0.0745 0.0824 0.0863
v -0.352295 0.585449 -0.236084 0.8509 0.8549 0.8588
v -0.337647 0.591797 -0.215088 0.2353 0.2353 0.2432
v -0.326416 0.594727 -0.215088 0.2353 0.2353 0.2432
v -0.341553 0.596191 -0.226807 0.1176 0.1176 0.1176
v -0.334717 0.597656 -0.220459 0.0549 0.0588 0.0627
v -0.330811 0.599121 -0.226807 0.3255 0.3372 0.3529
v -0.331787 0.577148 -0.236084 0.3843 0.3882 0.4157
v -0.342041 0.591309 -0.236084 0.8784 0.8823 0.8823
v -0.331787 0.593750 -0.236084 0.8509 0.8509 0.8549
v -0.327393 0.575195 -0.226807 0.0706 0.0784 0.0784
v -0.316162 0.576660 -0.226807 0.1020 0.1059 0.1137
v -0.320557 0.578613 -0.236084 0.2902 0.2941 0.3137
v -0.262939 0.576660 -0.171631 0.0745 0.0784 0.0863
v -0.252197 0.575195 -0.171631 0.0784 0.0863 0.0824
v -0.253662 0.594727 -0.215088 0.2471 0.2471 0.2510
v -0.262939 0.576660 -0.226807 0.1608 0.1647 0.1725
v -0.252197 0.575195 -0.226807 0.1725 0.1765 0.1843
v -0.251221 0.598633 -0.220459 0.0510 0.0510 0.0549
v -0.259033 0.578613 -0.236084 0.1490 0.1530 0.1647
v -0.439697 0.744141 -0.000244 0.3333 0.3372 0.3568
v -0.439697 0.741699 -0.045654 0.3372 0.3412 0.3608
v -0.439697 0.737305 -0.089600 0.3412 0.3412 0.3725
v -0.439697 0.758789 -0.097900 0.6000 0.6000 0.6079
v -0.434326 0.739258 -0.000244 0.0706 0.0706 0.0745
v -0.422119 0.736816 -0.000244 0.0784 0.0784 0.0863
v -0.434326 0.736816 -0.044678 0.0784 0.0706 0.0824
v -0.422119 0.734863 -0.044189 0.0784 0.0784 0.0863
v -0.422119 0.730469 -0.086670 0.0784 0.0784 0.0863
v -0.434326 0.732422 -0.087646 0.0824 0.0863 0.0863
v -0.439697 0.767090 -0.000244 0.6276 0.6276 0.6354
v -0.439697 0.764648 -0.050049 0.6628 0.6628 0.6706
v -0.434326 0.771973 -0.000244 0.2667 0.2706 0.2784
v -0.422119 0.773926 -0.000244 0.3333 0.3529 0.3765
v -0.434326 0.769531 -0.051025 0.2275 0.2314 0.2353
v -0.422119 0.771484 -0.051514 0.3137 0.3333 0.3568
v -0.434326 0.763184 -0.099853 0.1804 0.1843 0.1804
v -0.422119 0.765137 -0.100830 0.3059 0.3216 0.3568
v -0.439697 0.727051 -0.130127 0.3176 0.3255 0.3451
v -0.439697 0.747559 -0.142334 0.5725 0.5725 0.5804
v -0.439697 0.710938 -0.166260 0.3137 0.3216 0.3451
v -0.439697 0.730469 -0.182373 0.6157 0.6157 0.6236
v -0.439697 0.692871 -0.195068 0.3372 0.3412 0.3647
v -0.439697 0.670410 -0.216553 0.4353 0.4392 0.4550
v -0.438232 0.637207 -0.230225 0.4078 0.4039 0.4235
v -0.439697 0.652344 -0.226807 0.4118 0.4118 0.4235
v -0.439697 0.690430 -0.244873 0.6589 0.6589 0.6667
v -0.439697 0.711426 -0.218506 0.6628 0.6628 0.6667
v -0.434326 0.722656 -0.127197 0.0745 0.0784 0.0863
v -0.422119 0.720703 -0.126221 0.0745 0.0784 0.0863
v -0.434326 0.751953 -0.145264 0.1725 0.1765 0.1804
v -0.422119 0.753906 -0.146728 0.2706 0.2823 0.3176
v -0.434326 0.706543 -0.162842 0.0667 0.0706 0.0784
v -0.422119 0.704590 -0.161377 0.0667 0.0706 0.0784
v -0.434326 0.734375 -0.185791 0.5373 0.5412 0.5373
v -0.422119 0.736328 -0.187256 0.1804 0.1922 0.2235
v -0.434326 0.666504 -0.211182 0.0431 0.0431 0.0510
v -0.422119 0.665039 -0.209228 0.0549 0.0549 0.0627
v -0.434326 0.688965 -0.190674 0.0588 0.0627 0.0706
v -0.422119 0.687500 -0.188721 0.0588 0.0627 0.0706
v -0.434326 0.648438 -0.221436 0.0196 0.0196 0.0196
v -0.422119 0.644043 -0.220459 0.0392 0.0392 0.0471
v -0.417725 0.644043 -0.220459 0.0784 0.0824 0.0902
v -0.409912 0.644043 -0.220459 0.0824 0.0863 0.0941
v -0.434326 0.715332 -0.223389 0.6745 0.6785 0.6863
v -0.422119 0.716797 -0.225342 0.1725 0.1765 0.1882
v -0.355225 0.639160 -0.000244 0.1294 0.1333 0.1412
v -0.358643 0.645996 -0.000244 0.5764 0.5764 0.5843
v -0.355225 0.645508 -0.000244 0.8039 0.8078 0.8235
v -0.358643 0.733398 -0.000244 0.7882 0.8000 0.8000
v -0.355225 0.736816 -0.000244 0.9333 0.9411 0.9372
v -0.358643 0.730957 -0.034912 0.7255 0.7294 0.7372
v -0.355225 0.734863 -0.035400 0.9294 0.9372 0.9333
v -0.358643 0.726562 -0.068115 0.6432 0.6471 0.6471
v -0.355225 0.730469 -0.069092 0.9137 0.9294 0.9294
v -0.358643 0.716797 -0.097900 0.8470 0.8470 0.8470
v -0.355225 0.720215 -0.099853 0.9490 0.9568 0.9529
v -0.358643 0.702148 -0.123779 0.8823 0.8902 0.8862
v -0.355225 0.639160 -0.152588 0.1216 0.1255 0.1333
v -0.358643 0.661621 -0.156006 0.7725 0.7725 0.7725
v -0.358643 0.683594 -0.143311 0.7843 0.7843 0.7882
v -0.355225 0.685547 -0.146240 0.9647 0.9725 0.9647
v -0.352783 0.639160 -0.158447 0.0706 0.0706 0.0784
v -0.358643 0.645996 -0.159424 0.6354 0.6315 0.6510
v -0.355225 0.645508 -0.163330 0.3451 0.3451 0.3568
v -0.344971 0.638184 -0.160889 0.0667 0.0706 0.0667
v -0.355225 0.663086 -0.159424 0.8666 0.8706 0.8706
v -0.355225 0.705078 -0.125732 0.9568 0.9686 0.9647
v -0.439697 0.635254 -0.265381 0.4196 0.4196 0.4432
v -0.434326 0.626953 -0.264893 0.1255 0.1373 0.1569
v -0.422119 0.623535 -0.264893 0.0000 0.0000 0.0039
v -0.431885 0.628418 -0.271728 0.2588 0.2902 0.3098
v -0.434326 0.635254 -0.273682 0.6941 0.6980 0.7098
v -0.422119 0.626953 -0.273193 0.1686 0.1922 0.2118
v -0.422119 0.635254 -0.276611 0.9019 0.8980 0.9176
v -0.439697 0.659180 -0.261963 0.6393 0.6393 0.6471
v -0.439697 0.663086 -0.260498 0.6628 0.6628 0.6706
v -0.438721 0.657715 -0.265869 0.6589 0.6589 0.6667
v -0.439697 0.674805 -0.256103 0.6667 0.6667 0.6745
v -0.434326 0.663086 -0.267334 0.8666 0.8706 0.8666
v -0.434326 0.666992 -0.265869 0.8666 0.8706 0.8706
v -0.434326 0.660645 -0.270264 0.8666 0.8666 0.8706
v -0.434326 0.657715 -0.273682 0.8823 0.8823 0.8862
v -0.422119 0.662109 -0.272705 0.8549 0.8588 0.8588
v -0.422119 0.665039 -0.269775 0.0039 0.0039 0.0039
v -0.422119 0.656738 -0.277100 0.8784 0.8784 0.8784
v -0.422119 0.659668 -0.276611 0.8627 0.8666 0.8666
v -0.434326 0.678711 -0.261475 0.8823 0.8823 0.8823
v -0.422119 0.680176 -0.263916 0.4000 0.4039 0.4118
v -0.434326 0.694336 -0.250244 0.8313 0.8313 0.8313
v -0.422119 0.695801 -0.252197 0.2471 0.2510 0.2588
v -0.422119 0.668945 -0.267822 0.0824 0.0863 0.0941
v -0.247803 0.427246 -0.001709 0.1216 0.1294 0.1255
v -0.209229 0.485840 -0.001709 0.1176 0.1255 0.1216
v -0.210205 0.493164 -0.002197 0.1255 0.1255 0.1255
v -0.204834 0.497559 -0.002197 0.1255 0.1294 0.1294
v -0.142334 0.437012 -0.001709 0.1255 0.1294 0.1216
v -0.128174 0.432129 -0.001709 0.1255 0.1294 0.1255
v -0.179443 0.499512 -0.002686 0.1255 0.1333 0.1294
v -0.172119 0.497559 -0.002686 0.1255 0.1333 0.1294
v -0.166748 0.492188 -0.002686 0.1255 0.1333 0.1294
v -0.247803 0.427246 -0.132080 0.1176 0.1216 0.1216
v -0.243408 0.390625 -0.171631 0.0824 0.0863 0.0941
v -0.236084 0.398438 -0.171631 0.0784 0.0863 0.0863
v -0.233643 0.408691 -0.171631 0.0863 0.0941 0.0902
v -0.232178 0.420898 -0.171631 0.0980 0.1020 0.1098
v -0.209229 0.485840 -0.132080 0.1176 0.1176 0.1216
v -0.210205 0.493164 -0.132080 0.1137 0.1216 0.1176
v -0.206787 0.486328 -0.138916 0.1137 0.1216 0.1176
v -0.208252 0.492188 -0.137451 0.1176 0.1176 0.1176
v -0.203369 0.494629 -0.138428 0.1137 0.1176 0.1255
v -0.204834 0.497559 -0.131592 0.1255 0.1216 0.1216
v -0.199951 0.487305 -0.141357 0.1020 0.1098 0.1059
v -0.222412 0.387207 -0.215088 0.2275 0.2314 0.2392
v -0.243408 0.390625 -0.226807 0.6000 0.6079 0.6197
v -0.236084 0.398438 -0.226807 0.3019 0.3059 0.3216
v -0.240479 0.388672 -0.236084 0.9176 0.9176 0.9176
v -0.233643 0.408691 -0.226807 0.1176 0.1216 0.1373
v -0.233643 0.395508 -0.236084 0.9411 0.9451 0.9490
v -0.220459 0.387207 -0.236084 0.8117 0.8078 0.8235
v -0.230713 0.404785 -0.236084 0.9882 0.9921 0.9882
v -0.229736 0.416504 -0.236084 0.7725 0.7725 0.7725
v -0.232666 0.420410 -0.226807 0.0980 0.1020 0.1098
v -0.218018 0.396484 -0.215088 0.2235 0.2275 0.2353
v -0.215088 0.408203 -0.215088 0.2275 0.2275 0.2353
v -0.216064 0.390137 -0.220459 0.0941 0.0980 0.1059
v -0.213135 0.393555 -0.226807 0.2549 0.2667 0.2823
v -0.211670 0.402832 -0.220459 0.0549 0.0588 0.0667
v -0.210205 0.405762 -0.226807 0.4823 0.4980 0.5098
v -0.216553 0.395996 -0.236084 0.8157 0.8157 0.8274
v -0.214111 0.406738 -0.236084 0.8078 0.8078 0.8157
v -0.142334 0.437012 -0.132080 0.1216 0.1255 0.1255
v -0.143311 0.434082 -0.139404 0.1176 0.1216 0.1216
v -0.145752 0.426758 -0.142334 0.1059 0.1059 0.1059
v -0.128174 0.432129 -0.132080 0.1216 0.1294 0.1255
v -0.129150 0.429199 -0.139404 0.1216 0.1255 0.1216
v -0.131104 0.421875 -0.142334 0.1098 0.1176 0.1137
v -0.145752 0.399902 -0.172119 0.0667 0.0706 0.0784
v -0.148193 0.409180 -0.172119 0.0549 0.0549 0.0588
v -0.139404 0.392090 -0.172119 0.0863 0.0902 0.0941
v -0.131592 0.389160 -0.172119 0.0902 0.0941 0.1020
v -0.149170 0.419922 -0.172119 0.0510 0.0510 0.0510
v -0.172607 0.496094 -0.136963 0.1216 0.1255 0.1294
v -0.179443 0.499512 -0.131104 0.1255 0.1255 0.1255
v -0.172119 0.497559 -0.131104 0.1530 0.1490 0.1412
v -0.178467 0.496582 -0.138428 0.1294 0.1294 0.1333
v -0.175537 0.490723 -0.141357 0.1098 0.1137 0.1216
v -0.166748 0.492188 -0.131104 0.1216 0.1333 0.1294
v -0.169189 0.491699 -0.138428 0.1255 0.1294 0.1294
v -0.166260 0.397949 -0.215088 0.2275 0.2314 0.2392
v -0.161377 0.387207 -0.215088 0.2235 0.2275 0.2353
v -0.168701 0.408203 -0.215088 0.2157 0.2275 0.2314
v -0.173584 0.405762 -0.226807 0.1530 0.1569 0.1686
v -0.167725 0.389160 -0.220459 0.1137 0.1294 0.1412
v -0.171631 0.401367 -0.220459 0.1451 0.1490 0.1647
v -0.171631 0.395508 -0.226807 0.1255 0.1294 0.1373
v -0.167725 0.396973 -0.236084 0.1843 0.1882 0.2000
v -0.163818 0.387695 -0.236084 0.1843 0.1843 0.1961
v -0.169678 0.406738 -0.236084 0.2353 0.2392 0.2471
v -0.145752 0.399902 -0.226807 0.7804 0.7804 0.7882
v -0.148193 0.409180 -0.226807 0.7921 0.7921 0.8000
v -0.142334 0.390137 -0.236084 0.8000 0.8000 0.8039
v -0.148193 0.396973 -0.236084 0.7921 0.7921 0.8000
v -0.150635 0.405762 -0.236084 0.8039 0.8039 0.8117
v -0.152100 0.416016 -0.236084 0.8078 0.8078 0.8157
v -0.139404 0.392578 -0.226807 0.7921 0.7921 0.8000
v -0.131592 0.389160 -0.226807 0.8157 0.8196 0.8274
v -0.135010 0.387207 -0.236084 0.8353 0.8392 0.8470
v -0.149170 0.419434 -0.226807 0.7725 0.7725 0.7804
v -0.232666 0.542480 -0.171631 0.0941 0.0980 0.1059
v -0.242920 0.572266 -0.171631 0.0745 0.0784 0.0863
v -0.236084 0.564941 -0.171631 0.0745 0.0784 0.0863
v -0.233643 0.554199 -0.171631 0.0824 0.0863 0.0941
v -0.232666 0.542480 -0.226807 0.1176 0.1216 0.1294
v -0.243408 0.572754 -0.226807 0.1961 0.2118 0.2235
v -0.236084 0.564941 -0.226807 0.1412 0.1451 0.1530
v -0.233643 0.554199 -0.226807 0.1373 0.1412 0.1451
v -0.229736 0.546387 -0.236084 0.8274 0.8313 0.8274
v -0.230713 0.558105 -0.236084 0.4902 0.4941 0.5019
v -0.233643 0.567383 -0.236084 0.3921 0.3921 0.4078
v -0.215088 0.555664 -0.215088 0.2196 0.2235 0.2314
v -0.218018 0.567383 -0.215088 0.2235 0.2235 0.2314
v -0.210205 0.558105 -0.226807 0.7216 0.7255 0.7333
v -0.211670 0.562500 -0.220459 0.1098 0.1176 0.1255
v -0.213135 0.570312 -0.226807 0.7568 0.7608 0.7686
v -0.214111 0.557129 -0.236084 0.7960 0.7960 0.7960
v -0.216553 0.567871 -0.236084 0.7960 0.7960 0.7960
v -0.242432 0.591797 -0.215088 0.2353 0.2392 0.2471
v -0.232666 0.586914 -0.215088 0.2275 0.2432 0.2471
v -0.222412 0.576660 -0.215088 0.2353 0.2353 0.2432
v -0.249268 0.599121 -0.226807 0.7255 0.7255 0.7333
v -0.235596 0.594238 -0.220459 0.1490 0.1608 0.1569
v -0.239990 0.597168 -0.226807 0.7686 0.7725 0.7882
v -0.248291 0.577148 -0.236084 0.1765 0.1804 0.1922
v -0.239990 0.574707 -0.236084 0.4510 0.4550 0.4706
v -0.248291 0.593750 -0.236084 0.8078 0.8078 0.8117
v -0.238037 0.591309 -0.236084 0.7921 0.7882 0.8039
v -0.223389 0.585449 -0.220459 0.1686 0.1686 0.1804
v -0.223389 0.586426 -0.226807 0.8039 0.8039 0.8117
v -0.231201 0.592773 -0.226807 0.7804 0.7843 0.7921
v -0.228271 0.585449 -0.236084 0.7725 0.7725 0.7725
v -0.220459 0.576660 -0.236084 0.7804 0.7804 0.7804
v -0.216064 0.575195 -0.220459 0.1059 0.1137 0.1137
v -0.217041 0.579102 -0.226807 0.7451 0.7490 0.7568
v -0.188721 0.606445 -0.220459 0.0275 0.0275 0.0275
v -0.149170 0.543945 -0.172119 0.0353 0.0353 0.0353
v -0.148193 0.554199 -0.172119 0.0314 0.0314 0.0314
v -0.145752 0.563477 -0.172119 0.0314 0.0392 0.0353
v -0.138916 0.571289 -0.172119 0.0471 0.0510 0.0510
v -0.130615 0.574219 -0.172119 0.0549 0.0627 0.0588
v -0.168701 0.555664 -0.215088 0.2314 0.2353 0.2432
v -0.166260 0.565918 -0.215088 0.2314 0.2353 0.2432
v -0.173584 0.558105 -0.226807 0.1725 0.1765 0.1922
v -0.171631 0.562500 -0.220459 0.1530 0.1647 0.1765
v -0.171631 0.568359 -0.226807 0.0863 0.0941 0.1020
v -0.169678 0.557129 -0.236084 0.2353 0.2353 0.2353
v -0.167725 0.566406 -0.236084 0.6980 0.6980 0.6980
v -0.149170 0.543945 -0.226807 0.7372 0.7372 0.7451
v -0.148193 0.554199 -0.226807 0.6471 0.6510 0.6589
v -0.145752 0.563477 -0.226807 0.4745 0.4902 0.5059
v -0.152100 0.547852 -0.236084 0.8117 0.8117 0.8117
v -0.150635 0.557617 -0.236084 0.8353 0.8353 0.8353
v -0.148193 0.566406 -0.236084 0.8313 0.8313 0.8392
v -0.141846 0.573242 -0.236084 0.4589 0.4628 0.4823
v -0.138916 0.570801 -0.226807 0.1255 0.1412 0.1569
v -0.130615 0.574219 -0.226807 0.2235 0.2275 0.2432
v -0.161377 0.576172 -0.215088 0.2314 0.2353 0.2432
v -0.167725 0.574707 -0.220459 0.0667 0.0824 0.0902
v -0.165771 0.580078 -0.226807 0.0471 0.0510 0.0588
v -0.159912 0.585449 -0.220459 0.0549 0.0706 0.0824
v -0.156982 0.589355 -0.226807 0.0235 0.0314 0.0314
v -0.163818 0.576172 -0.236084 0.9607 0.9607 0.9568
v -0.151123 0.586426 -0.215088 0.2392 0.2432 0.2510
v -0.142334 0.591309 -0.215088 0.2471 0.2471 0.2549
v -0.129639 0.594727 -0.215088 0.2471 0.2471 0.2549
v -0.149170 0.593262 -0.220459 0.0588 0.0706 0.0784
v -0.144775 0.596191 -0.226807 0.1020 0.1059 0.1137
v -0.155029 0.585449 -0.236084 0.9451 0.9529 0.9529
v -0.144775 0.591309 -0.236084 0.9019 0.9019 0.9058
v -0.136963 0.597656 -0.220459 0.0824 0.0863 0.0941
v -0.132568 0.599121 -0.226807 0.4314 0.4353 0.4432
v -0.134033 0.576660 -0.236084 0.3765 0.3843 0.4078
v -0.132568 0.594238 -0.236084 0.8392 0.8431 0.8431
v -0.117432 0.436523 -0.001709 0.1255 0.1333 0.1294
v -0.069092 0.439453 -0.001709 0.1216 0.1294 0.1255
v -0.051025 0.427246 -0.001709 0.1176 0.1216 0.1255
v -0.057861 0.435059 -0.001709 0.1176 0.1255 0.1216
v -0.009033 0.485840 -0.001709 0.1176 0.1176 0.1176
v -0.010010 0.493164 -0.002197 0.1137 0.1216 0.1176
v -0.004639 0.497559 -0.002197 0.1176 0.1216 0.1216
v -0.118408 0.433105 -0.139404 0.1216 0.1216 0.1216
v -0.117432 0.436523 -0.132080 0.1216 0.1294 0.1255
v -0.120361 0.425781 -0.142334 0.1137 0.1137 0.1137
v -0.069092 0.439453 -0.132080 0.1216 0.1216 0.1216
v -0.067139 0.436523 -0.139404 0.1255 0.1255 0.1255
v -0.051025 0.427246 -0.132080 0.1176 0.1255 0.1176
v -0.054443 0.428711 -0.139404 0.1176 0.1255 0.1216
v -0.057861 0.435059 -0.132080 0.1216 0.1216 0.1255
v -0.058838 0.434570 -0.138428 0.1176 0.1255 0.1216
v -0.062256 0.429688 -0.142334 0.1137 0.1137 0.1137
v -0.054932 0.389160 -0.172119 0.0863 0.0902 0.0980
v -0.047119 0.392090 -0.172119 0.0902 0.0941 0.1020
v -0.040771 0.399902 -0.172119 0.0431 0.0431 0.0471
v -0.038330 0.409180 -0.172119 0.0392 0.0471 0.0431
v -0.037354 0.419922 -0.172119 0.0392 0.0471 0.0431
v -0.009033 0.485840 -0.132080 0.1137 0.1216 0.1176
v -0.010010 0.493164 -0.132080 0.1137 0.1176 0.1216
v -0.008057 0.492188 -0.137451 0.1137 0.1176 0.1137
v -0.006592 0.486328 -0.138916 0.1137 0.1216 0.1176
v -0.003174 0.494629 -0.138428 0.1098 0.1176 0.1137
v -0.004639 0.497559 -0.131592 0.1176 0.1216 0.1216
v -0.054932 0.389160 -0.226807 0.6236 0.6315 0.6471
v -0.047119 0.392578 -0.226807 0.5059 0.5098 0.5333
v -0.051514 0.387207 -0.236084 0.9137 0.9137 0.9137
v -0.041260 0.399902 -0.226807 0.0627 0.0667 0.0745
v -0.038330 0.409180 -0.226807 0.0824 0.0980 0.1020
v -0.044189 0.390137 -0.236084 0.9294 0.9294 0.9294
v -0.038330 0.396973 -0.236084 0.9686 0.9686 0.9686
v -0.035889 0.405762 -0.236084 0.7529 0.7568 0.7529
v -0.034424 0.416016 -0.236084 0.4471 0.4510 0.4471
v -0.037354 0.419434 -0.226807 0.1373 0.1412 0.1490
v -0.025147 0.387207 -0.215088 0.2314 0.2353 0.2432
v -0.020264 0.397949 -0.215088 0.2196 0.2235 0.2314
v -0.015869 0.406250 -0.217529 0.2157 0.2196 0.2275
v -0.018799 0.389160 -0.220459 0.1020 0.1059 0.1137
v -0.022705 0.387695 -0.236084 0.4980 0.4941 0.5137
v -0.018799 0.396973 -0.236084 0.7921 0.7921 0.8000
v -0.016846 0.406738 -0.236084 0.8078 0.8078 0.8157
v -0.014893 0.395508 -0.226807 0.1843 0.1882 0.2000
v -0.012939 0.405762 -0.226807 0.2000 0.2039 0.2196
v -0.117432 0.576660 -0.172119 0.0745 0.0784 0.0863
v -0.068604 0.576660 -0.172119 0.0706 0.0784 0.0745
v -0.117920 0.576660 -0.226807 0.1569 0.1725 0.1843
v -0.121338 0.578613 -0.236084 0.1490 0.1569 0.1725
v -0.068604 0.576660 -0.226807 0.1922 0.1961 0.2157
v -0.065186 0.578613 -0.236084 0.1490 0.1530 0.1608
v -0.055908 0.574219 -0.172119 0.0588 0.0667 0.0627
v -0.047607 0.571289 -0.172119 0.0431 0.0510 0.0471
v -0.037354 0.543945 -0.172119 0.0275 0.0353 0.0314
v -0.038330 0.554199 -0.172119 0.0314 0.0314 0.0314
v -0.040771 0.563477 -0.172119 0.0314 0.0314 0.0314
v -0.055908 0.574219 -0.226807 0.1569 0.1647 0.1882
v -0.047607 0.570801 -0.226807 0.1333 0.1373 0.1451
v -0.037354 0.543945 -0.226807 0.0980 0.1020 0.1098
v -0.038330 0.554199 -0.226807 0.0824 0.0863 0.0941
v -0.041260 0.563477 -0.226807 0.1373 0.1412 0.1490
v -0.034424 0.547852 -0.236084 0.2863 0.2863 0.2902
v -0.035889 0.557617 -0.236084 0.1255 0.1255 0.1255
v -0.044678 0.573242 -0.236084 0.1647 0.1686 0.1804
v -0.038330 0.566406 -0.236084 0.2863 0.2941 0.2980
v -0.017822 0.555664 -0.215088 0.2353 0.2432 0.2549
v -0.020264 0.565918 -0.215088 0.2235 0.2235 0.2314
v -0.016846 0.557129 -0.236084 0.7882 0.7882 0.7843
v -0.018799 0.566406 -0.236084 0.7960 0.7960 0.7960
v -0.012939 0.558105 -0.226807 0.2549 0.2549 0.2706
v -0.014893 0.562500 -0.220459 0.1216 0.1294 0.1255
v -0.014893 0.568359 -0.226807 0.3216 0.3255 0.3333
v -0.056885 0.594727 -0.215088 0.2432 0.2432 0.2510
v -0.035400 0.586426 -0.215088 0.2314 0.2353 0.2432
v -0.044678 0.591309 -0.215088 0.2314 0.2471 0.2588
v -0.049561 0.597656 -0.220459 0.0588 0.0588 0.0784
v -0.053955 0.599121 -0.226807 0.6980 0.6980 0.7176
v -0.052490 0.576660 -0.236084 0.1530 0.1569 0.1686
v -0.053955 0.594238 -0.236084 0.8196 0.8196 0.8235
v -0.041748 0.596191 -0.226807 0.7372 0.7412 0.7568
v -0.037354 0.593262 -0.220459 0.1176 0.1294 0.1490
v -0.031494 0.585449 -0.236084 0.7843 0.7843 0.7882
v -0.041748 0.591309 -0.236084 0.8000 0.8000 0.8039
v -0.025147 0.576172 -0.215088 0.2235 0.2275 0.2353
v -0.026611 0.585449 -0.220459 0.0353 0.0431 0.0627
v -0.029541 0.589355 -0.226807 0.7137 0.7176 0.7294
v -0.018799 0.574707 -0.220459 0.0941 0.0941 0.1059
v -0.020752 0.580078 -0.226807 0.7333 0.7372 0.7529
v -0.022705 0.576172 -0.236084 0.7921 0.7960 0.7960
v -0.188721 0.644043 -0.220459 0.0745 0.0784 0.0863
v 0.116455 0.010742 0.182373 0.0078 0.0078 0.0078
v 0.116455 0.010742 0.125732 0.0157 0.0157 0.0157
v 0.031006 0.070801 0.182373 0.0196 0.0196 0.0196
v 0.031006 0.070801 0.125732 0.0196 0.0196 0.0196
v 0.057861 0.032227 0.182373 0.0118 0.0157 0.0196
v 0.060791 0.035645 0.187256 0.0157 0.0157 0.0275
v 0.037842 0.056152 0.182373 0.0196 0.0196 0.0235
v 0.046631 0.043457 0.182373 0.0196 0.0196 0.0275
v 0.041748 0.058594 0.187256 0.0078 0.0118 0.0118
v 0.035400 0.072266 0.187256 0.0196 0.0235 0.0275
v 0.050049 0.046387 0.187256 0.0118 0.0157 0.0157
v 0.060303 0.054688 0.187256 0.8235 0.8235 0.8235
v 0.052979 0.065430 0.187256 0.5843 0.5882 0.5961
v 0.056885 0.067383 0.179932 0.2549 0.2549 0.2549
v 0.057861 0.032227 0.125732 0.0196 0.0196 0.0196
v 0.037842 0.056152 0.125732 0.0196 0.0275 0.0235
v 0.046631 0.043457 0.125732 0.0392 0.0392 0.0392
v 0.027100 0.085938 0.182373 0.0157 0.0157 0.0157
v 0.025635 0.101562 0.182373 0.0196 0.0235 0.0196
v 0.030029 0.101562 0.187256 0.0549 0.0588 0.0549
v 0.027100 0.117188 0.182373 0.0392 0.0431 0.0510
v 0.031006 0.132812 0.182373 0.0471 0.0510 0.0588
v 0.026123 0.111816 0.156982 0.0275 0.0353 0.0314
v 0.026611 0.117676 0.156494 0.0275 0.0275 0.0353
v 0.030518 0.132812 0.156494 0.0471 0.0549 0.0510
v 0.025635 0.104492 0.152100 0.0118 0.0157 0.0157
v 0.027100 0.085938 0.125732 0.0196 0.0196 0.0196
v 0.025635 0.101562 0.140381 0.0118 0.0118 0.0118
v 0.025635 0.100586 0.125732 0.0078 0.0078 0.0078
v 0.031494 0.086426 0.187256 0.0510 0.0549 0.0549
v 0.044678 0.088867 0.187256 0.7804 0.7960 0.8039
v 0.043701 0.101562 0.187256 0.7608 0.7764 0.7882
v 0.047607 0.076660 0.187256 0.3490 0.3451 0.3686
v 0.052002 0.078125 0.179932 0.1216 0.1216 0.1216
v 0.048584 0.089844 0.179932 0.0275 0.0314 0.0392
v 0.047607 0.101562 0.179932 0.0471 0.0549 0.0549
v 0.031494 0.116699 0.187256 0.6941 0.7020 0.7176
v 0.044678 0.114258 0.187256 0.4275 0.4314 0.4471
v 0.035400 0.130859 0.187256 0.8941 0.8902 0.8902
v 0.048584 0.113281 0.179932 0.0588 0.0667 0.0627
v 0.047607 0.126465 0.187256 0.8627 0.8588 0.8549
v 0.052002 0.125000 0.179932 0.0039 0.0039 0.0039
v 0.056885 0.135742 0.179932 0.0431 0.0431 0.0431
v 0.101318 0.074219 0.199951 0.0392 0.0392 0.0392
v 0.111084 0.070801 0.199951 0.0078 0.0078 0.0118
v 0.120850 0.071289 0.199951 0.0039 0.0039 0.0039
v 0.086670 0.085449 0.203857 0.4275 0.4314 0.4510
v 0.090576 0.085449 0.203857 0.4275 0.4314 0.4471
v 0.093506 0.086914 0.203857 0.7255 0.7255 0.7412
v 0.086670 0.097168 0.203857 0.9098 0.9098 0.9098
v 0.087158 0.081055 0.199463 0.0510 0.0549 0.0627
v 0.091553 0.080566 0.199463 0.0667 0.0667 0.0745
v 0.093506 0.079590 0.199463 0.0627 0.0627 0.0667
v 0.084229 0.110840 0.203857 0.8392 0.8392 0.8392
v 0.088135 0.110840 0.203857 0.8470 0.8470 0.8470
v 0.091553 0.109863 0.203857 0.8627 0.8627 0.8549
v 0.084229 0.115234 0.199463 0.7921 0.7921 0.8039
v 0.088135 0.115723 0.199463 0.8000 0.8000 0.8117
v 0.090088 0.116699 0.199463 0.7960 0.8000 0.8117
v 0.097412 0.082031 0.203857 0.3686 0.3647 0.3843
v 0.103271 0.077637 0.203857 0.3451 0.3529 0.3725
v 0.109131 0.088379 0.203857 0.8902 0.8902 0.8902
v 0.105225 0.091309 0.203857 0.9019 0.9019 0.8941
v 0.102783 0.095215 0.203857 0.9215 0.9215 0.9215
v 0.101807 0.099609 0.203857 0.8823 0.8823 0.8784
v 0.102295 0.104492 0.203857 0.0588 0.0549 0.0549
v 0.107666 0.093750 0.199463 0.0196 0.0196 0.0196
v 0.109131 0.095215 0.200439 0.0353 0.0353 0.0353
v 0.106689 0.093262 0.197998 0.0235 0.0235 0.0235
v 0.105225 0.099609 0.199463 0.0588 0.0627 0.0627
v 0.104248 0.099121 0.197998 0.0471 0.0510 0.0471
v 0.107666 0.099609 0.200439 0.0784 0.0784 0.0784
v 0.106689 0.105469 0.199463 0.1176 0.1255 0.1255
v 0.108154 0.104492 0.200439 0.1294 0.1333 0.1294
v 0.106689 0.093750 0.190186 0.0588 0.0588 0.0588
v 0.104736 0.102051 0.190186 0.0235 0.0314 0.0275
v 0.111572 0.074707 0.203857 0.3137 0.3176 0.3333
v 0.113525 0.086914 0.203857 0.8862 0.8862 0.8862
v 0.120361 0.075195 0.203857 0.3568 0.3568 0.3725
v 0.117920 0.086914 0.203857 0.8627 0.8627 0.8627
v 0.122803 0.088379 0.203857 0.8509 0.8509 0.8509
v 0.112549 0.089355 0.197998 0.2078 0.2078 0.2078
v 0.113525 0.089355 0.190186 0.3961 0.4039 0.4196
v 0.119873 0.088867 0.197998 0.7020 0.7020 0.7020
v 0.119873 0.089355 0.190186 0.4157 0.4235 0.4353
v 0.112549 0.090332 0.199951 0.0471 0.0471 0.0471
v 0.113525 0.092285 0.200928 0.0157 0.0196 0.0157
v 0.116455 0.100586 0.201904 0.1255 0.1255 0.1255
v 0.118896 0.092285 0.200928 0.0157 0.0157 0.0157
v 0.119385 0.090332 0.199951 0.1765 0.1765 0.1765
v 0.124268 0.093262 0.199951 0.0745 0.0706 0.0706
v 0.122803 0.094727 0.200928 0.0000 0.0000 0.0000
v 0.124268 0.104004 0.200928 0.1333 0.1333 0.1333
v 0.093994 0.115723 0.203857 0.8706 0.8745 0.8706
v 0.097900 0.120117 0.203857 0.8706 0.8745 0.8784
v 0.103760 0.108887 0.203857 0.0627 0.0627 0.0588
v 0.106201 0.111328 0.203857 0.0549 0.0549 0.0510
v 0.105225 0.124512 0.203857 0.8627 0.8666 0.8666
v 0.105713 0.105957 0.197998 0.1216 0.1255 0.1333
v 0.106201 0.106934 0.190186 0.0784 0.0824 0.0902
v 0.095459 0.123047 0.199951 0.0784 0.0863 0.0863
v 0.103760 0.128418 0.199951 0.0235 0.0353 0.0431
v 0.110107 0.113770 0.203857 0.0431 0.0471 0.0431
v 0.114502 0.114746 0.203857 0.0471 0.0510 0.0549
v 0.123779 0.112305 0.203857 0.0784 0.0824 0.0824
v 0.119385 0.114258 0.203857 0.0627 0.0627 0.0627
v 0.114014 0.126465 0.203857 0.8902 0.8941 0.9019
v 0.122314 0.125977 0.203857 0.8862 0.8941 0.8941
v 0.111572 0.108398 0.200928 0.2078 0.2078 0.2118
v 0.110596 0.109863 0.199951 0.6510 0.6510 0.6589
v 0.110107 0.110840 0.197998 0.4510 0.4550 0.4628
v 0.116455 0.109375 0.200928 0.2196 0.2196 0.2196
v 0.116943 0.111328 0.199951 0.4157 0.4196 0.4235
v 0.116943 0.112793 0.197998 0.4745 0.4784 0.4863
v 0.110596 0.110840 0.190186 0.3019 0.3019 0.3333
v 0.121338 0.107910 0.200928 0.1961 0.1961 0.1961
v 0.122803 0.109863 0.199951 0.4510 0.4589 0.4550
v 0.123291 0.110352 0.197998 0.2000 0.2078 0.2039
v 0.117432 0.111816 0.190186 0.2510 0.2823 0.2941
v 0.124756 0.107910 0.190186 0.1725 0.2039 0.2235
v 0.113525 0.130859 0.199951 0.0353 0.0392 0.0471
v 0.123779 0.129883 0.199951 0.0392 0.0431 0.0627
v 0.072998 0.026855 0.187256 0.0196 0.0235 0.0275
v 0.071045 0.022949 0.182373 0.0118 0.0118 0.0118
v 0.085205 0.016602 0.182373 0.0078 0.0078 0.0078
v 0.086670 0.020508 0.187256 0.0078 0.0118 0.0118
v 0.079834 0.038574 0.187256 0.8549 0.8549 0.8549
v 0.081787 0.041992 0.179932 0.8862 0.8862 0.8862
v 0.091553 0.033203 0.187256 0.8431 0.8431 0.8431
v 0.093018 0.037109 0.179932 0.8627 0.8627 0.8627
v 0.069580 0.045898 0.187256 0.8588 0.8588 0.8588
v 0.063721 0.057617 0.179932 0.6276 0.6276 0.6276
v 0.072021 0.048828 0.179932 0.8392 0.8392 0.8392
v 0.071045 0.022949 0.125732 0.0157 0.0157 0.0157
v 0.085205 0.016602 0.125732 0.0157 0.0157 0.0157
v 0.101318 0.016602 0.187256 0.0078 0.0196 0.0235
v 0.100342 0.012207 0.182373 0.0078 0.0078 0.0078
v 0.103760 0.029785 0.187256 0.8784 0.8784 0.8745
v 0.104248 0.034180 0.179932 0.8509 0.8549 0.8431
v 0.116455 0.015625 0.187256 0.0078 0.0157 0.0157
v 0.116455 0.028809 0.187256 0.8470 0.8470 0.8470
v 0.116455 0.033203 0.179932 0.8784 0.8823 0.8823
v 0.101318 0.074219 0.179443 0.0549 0.0588 0.0667
v 0.111084 0.071289 0.179443 0.0549 0.0588 0.0667
v 0.120850 0.071289 0.179443 0.0588 0.0627 0.0706
v 0.100342 0.012207 0.125732 0.0118 0.0118 0.0118
v 0.087158 0.082031 0.179443 0.0706 0.0745 0.0824
v 0.091553 0.081543 0.179443 0.0627 0.0667 0.0745
v 0.084229 0.113770 0.179443 0.0275 0.0275 0.0196
v 0.088135 0.114746 0.179443 0.0235 0.0314 0.0275
v 0.090576 0.117188 0.179443 0.0196 0.0275 0.0235
v 0.093994 0.079590 0.179443 0.0627 0.0667 0.0745
v 0.095459 0.122559 0.179443 0.0353 0.0431 0.0392
v 0.103760 0.127930 0.179443 0.0431 0.0510 0.0471
v 0.113525 0.130371 0.179443 0.0471 0.0549 0.0510
v 0.123291 0.129395 0.179443 0.0471 0.0549 0.0510
v 0.062256 0.056641 0.109131 0.0431 0.0353 0.0431
v 0.055420 0.066895 0.109131 0.0196 0.0275 0.0275
v 0.029541 0.100586 0.118896 0.0039 0.0039 0.0039
v 0.046143 0.100586 0.108643 0.0118 0.0157 0.0118
v 0.050049 0.077637 0.109131 0.0196 0.0235 0.0196
v 0.047119 0.089355 0.109131 0.0196 0.0196 0.0196
v 0.081299 0.041016 0.109131 0.0275 0.0275 0.0314
v 0.092041 0.035645 0.109131 0.0314 0.0353 0.0314
v 0.071045 0.047852 0.109131 0.0235 0.0275 0.0275
v 0.104248 0.032715 0.109131 0.0314 0.0431 0.0431
v 0.116455 0.031250 0.109131 0.0314 0.0353 0.0392
v 0.128662 0.078125 0.203857 0.3255 0.3216 0.3451
v 0.135010 0.083496 0.203857 0.3568 0.3529 0.3725
v 0.126221 0.091309 0.203857 0.8627 0.8666 0.8666
v 0.128662 0.095703 0.203857 0.9137 0.9137 0.9137
v 0.129639 0.100098 0.203857 0.9411 0.9411 0.9372
v 0.129150 0.104980 0.203857 0.7059 0.7059 0.7098
v 0.139893 0.091309 0.203857 0.4589 0.4589 0.4784
v 0.130615 0.074707 0.199951 0.0549 0.0549 0.0588
v 0.138428 0.081055 0.199951 0.0118 0.0118 0.0118
v 0.125244 0.092285 0.197998 0.8157 0.8157 0.8157
v 0.125244 0.099121 0.200928 0.0510 0.0510 0.0510
v 0.127197 0.098633 0.199951 0.0078 0.0078 0.0078
v 0.126221 0.104980 0.199951 0.0588 0.0588 0.0588
v 0.128174 0.098633 0.198486 0.0157 0.0157 0.0157
v 0.127686 0.105469 0.198486 0.0392 0.0392 0.0392
v 0.125732 0.094238 0.190186 0.1804 0.1843 0.2000
v 0.127686 0.099609 0.190186 0.1176 0.1216 0.1294
v 0.141357 0.099609 0.203857 0.7176 0.7216 0.7176
v 0.143311 0.089844 0.199951 0.0235 0.0275 0.0275
v 0.145752 0.099609 0.199951 0.0196 0.0196 0.0235
v 0.127197 0.108887 0.203857 0.1647 0.1686 0.1686
v 0.140381 0.108398 0.203857 0.9176 0.9215 0.9294
v 0.136475 0.116211 0.203857 0.9098 0.9137 0.9176
v 0.130127 0.122070 0.203857 0.8902 0.8980 0.9058
v 0.139893 0.118652 0.199951 0.0000 0.0000 0.0000
v 0.132568 0.125488 0.199951 0.0157 0.0235 0.0353
v 0.144287 0.109375 0.199951 0.0353 0.0392 0.0392
v 0.131104 0.016602 0.187256 0.0078 0.0157 0.0235
v 0.132080 0.012207 0.182373 0.0078 0.0118 0.0078
v 0.128662 0.029785 0.187256 0.8470 0.8470 0.8470
v 0.128174 0.034180 0.179932 0.8784 0.8823 0.8784
v 0.139893 0.037109 0.179932 0.8862 0.8902 0.8862
v 0.147217 0.016602 0.182373 0.0078 0.0078 0.0078
v 0.145752 0.020508 0.187256 0.0078 0.0118 0.0196
v 0.141357 0.033203 0.187256 0.8235 0.8235 0.8235
v 0.150635 0.041992 0.179932 0.8745 0.8862 0.8823
v 0.152588 0.038574 0.187256 0.8353 0.8353 0.8353
v 0.132080 0.012207 0.125732 0.0157 0.0157 0.0157
v 0.147217 0.016602 0.125732 0.0118 0.0118 0.0118
v 0.159424 0.026855 0.187256 0.0275 0.0392 0.0471
v 0.161377 0.022949 0.182373 0.0235 0.0314 0.0314
v 0.171631 0.035645 0.187256 0.0431 0.0471 0.0549
v 0.174561 0.032227 0.182373 0.0549 0.0588 0.0667
v 0.162842 0.045898 0.187256 0.8431 0.8431 0.8431
v 0.160400 0.048828 0.179932 0.8745 0.8784 0.8823
v 0.168701 0.057617 0.179932 0.4118 0.4078 0.4118
v 0.172119 0.054688 0.187256 0.8627 0.8627 0.8627
v 0.182373 0.046387 0.187256 0.0902 0.0941 0.1059
v 0.185791 0.043457 0.182373 0.0431 0.0471 0.0510
v 0.179443 0.065430 0.187256 0.8706 0.8706 0.8706
v 0.175537 0.067383 0.179932 0.1412 0.1373 0.1412
v 0.161377 0.022949 0.125732 0.0157 0.0157 0.0157
v 0.174561 0.032227 0.125732 0.0157 0.0196 0.0196
v 0.185791 0.043457 0.125732 0.0157 0.0157 0.0157
v 0.130127 0.074707 0.179443 0.0667 0.0706 0.0784
v 0.137939 0.081055 0.179443 0.0784 0.0824 0.0863
v 0.143311 0.089844 0.179443 0.0784 0.0824 0.0902
v 0.145264 0.099609 0.179443 0.0706 0.0745 0.0824
v 0.139404 0.118164 0.179443 0.0392 0.0471 0.0431
v 0.132568 0.125000 0.179443 0.0471 0.0549 0.0510
v 0.143799 0.109375 0.179443 0.0549 0.0627 0.0588
v 0.180908 0.078125 0.179932 0.1020 0.1020 0.1020
v 0.184814 0.076660 0.187256 0.8862 0.8823 0.8862
v 0.183838 0.089844 0.179932 0.0000 0.0000 0.0000
v 0.184814 0.101562 0.179932 0.0000 0.0000 0.0000
v 0.183838 0.113281 0.179932 0.0039 0.0039 0.0039
v 0.175537 0.135742 0.179932 0.0275 0.0353 0.0314
v 0.180908 0.125000 0.179932 0.0078 0.0118 0.0118
v 0.184814 0.126465 0.187256 0.8157 0.8157 0.8157
v 0.190674 0.058594 0.187256 0.1882 0.1922 0.2000
v 0.194580 0.056152 0.182373 0.0549 0.0588 0.0667
v 0.197021 0.072266 0.187256 0.4432 0.4432 0.4510
v 0.201416 0.070801 0.182373 0.0863 0.0863 0.0941
v 0.194580 0.056152 0.125732 0.0196 0.0196 0.0196
v 0.201416 0.070801 0.125732 0.0157 0.0157 0.0157
v 0.187744 0.088867 0.187256 0.9019 0.9019 0.9019
v 0.200928 0.086426 0.187256 0.6118 0.6079 0.6236
v 0.189209 0.101562 0.187256 0.9098 0.9098 0.9098
v 0.202393 0.101562 0.187256 0.6393 0.6354 0.6393
v 0.205322 0.085938 0.182373 0.0902 0.0941 0.1020
v 0.206787 0.101562 0.182373 0.0902 0.0980 0.1059
v 0.187744 0.114258 0.187256 0.9215 0.9215 0.9215
v 0.200928 0.116699 0.187256 0.8196 0.8196 0.8157
v 0.197021 0.130859 0.187256 0.8588 0.8588 0.8588
v 0.201416 0.132812 0.182373 0.0980 0.0980 0.1059
v 0.201904 0.132812 0.156494 0.0353 0.0431 0.0392
v 0.205322 0.117188 0.182373 0.1412 0.1412 0.1451
v 0.206299 0.111816 0.156982 0.0275 0.0314 0.0314
v 0.205811 0.117676 0.156494 0.0392 0.0471 0.0431
v 0.206787 0.104492 0.152100 0.0118 0.0118 0.0118
v 0.206787 0.103027 0.144287 0.0118 0.0118 0.0118
v 0.205322 0.085938 0.125732 0.0118 0.0118 0.0118
v 0.206787 0.101562 0.125732 0.0118 0.0157 0.0118
v 0.128662 0.032715 0.109131 0.0275 0.0392 0.0431
v 0.140381 0.035645 0.109131 0.0275 0.0314 0.0275
v 0.151611 0.041016 0.109131 0.0275 0.0353 0.0314
v 0.161377 0.047852 0.109131 0.0235 0.0314 0.0275
v 0.170166 0.056641 0.109131 0.0235 0.0275 0.0235
v 0.177002 0.066895 0.109131 0.0196 0.0235 0.0235
v 0.182373 0.077637 0.109131 0.0196 0.0157 0.0196
v 0.185303 0.089355 0.109131 0.0196 0.0157 0.0196
v 0.186279 0.100586 0.108643 0.0118 0.0118 0.0118
v 0.200439 0.100098 0.115479 0.0118 0.0118 0.0118
v 0.037842 0.146973 0.182373 0.0510 0.0549 0.0667
v 0.041748 0.144531 0.187256 0.9019 0.9098 0.9058
v 0.046631 0.159668 0.182373 0.0510 0.0588 0.0667
v 0.037354 0.146973 0.156494 0.0431 0.0471 0.0549
v 0.046631 0.160156 0.156494 0.0314 0.0353 0.0431
v 0.052979 0.138184 0.187256 0.9058 0.9058 0.9019
v 0.060303 0.148438 0.187256 0.7725 0.7725 0.7764
v 0.050049 0.156738 0.187256 0.8980 0.9098 0.9137
v 0.060791 0.167480 0.187256 0.8862 0.8941 0.8902
v 0.057861 0.170898 0.182373 0.1922 0.2000 0.2000
v 0.057861 0.171387 0.156494 0.0196 0.0275 0.0235
v 0.063721 0.145508 0.179932 0.0588 0.0588 0.0588
v 0.069580 0.157227 0.187256 0.5843 0.5843 0.5882
v 0.072021 0.154297 0.179932 0.0588 0.0588 0.0588
v 0.079834 0.164551 0.187256 0.4980 0.5019 0.5137
v 0.081787 0.161133 0.179932 0.0667 0.0667 0.0667
v 0.093018 0.166016 0.179932 0.0784 0.0784 0.0784
v 0.072998 0.176270 0.187256 0.8823 0.8902 0.8862
v 0.071045 0.180176 0.182373 0.1882 0.1922 0.2078
v 0.070557 0.180664 0.156494 0.0235 0.0275 0.0314
v 0.091553 0.169922 0.187256 0.4902 0.4902 0.5098
v 0.086670 0.182617 0.187256 0.8745 0.8745 0.8745
v 0.085205 0.187012 0.182373 0.0471 0.0588 0.0627
v 0.091553 0.188477 0.156494 0.0235 0.0275 0.0353
v 0.103760 0.173340 0.187256 0.5137 0.5137 0.5294
v 0.104248 0.168945 0.179932 0.0824 0.0824 0.0784
v 0.101318 0.186523 0.187256 0.8706 0.8823 0.8784
v 0.100342 0.190918 0.182373 0.0235 0.0275 0.0353
v 0.100342 0.190918 0.177002 0.0314 0.0353 0.0431
v 0.116455 0.174316 0.187256 0.4784 0.4784 0.4980
v 0.116455 0.169922 0.179932 0.0863 0.0863 0.0784
v 0.116455 0.187500 0.187256 0.8745 0.8823 0.8902
v 0.116455 0.192383 0.182373 0.0196 0.0235 0.0275
v 0.116455 0.192383 0.177002 0.0275 0.0275 0.0275
v 0.009522 0.266602 0.235107 0.5255 0.5294 0.5451
v 0.009522 0.292480 0.235107 0.7960 0.7960 0.7960
v 0.009522 0.264648 0.232666 0.3412 0.3529 0.3804
v 0.009033 0.263672 0.220459 0.1608 0.1647 0.1725
v 0.009522 0.294922 0.232666 0.0941 0.0980 0.1020
v 0.009522 0.295410 0.220459 0.0510 0.0510 0.0471
v 0.034424 0.386719 0.236572 0.5764 0.5725 0.5843
v 0.046631 0.373535 0.236572 0.5019 0.5019 0.5098
v 0.039795 0.379395 0.236572 0.5412 0.5412 0.5490
v 0.038330 0.375977 0.226807 0.0588 0.0667 0.0667
v 0.031982 0.384277 0.226807 0.0431 0.0471 0.0510
v 0.041748 0.375000 0.220459 0.0667 0.0745 0.0706
v 0.054932 0.369629 0.236572 0.4471 0.4510 0.4706
v 0.051025 0.367188 0.226807 0.0863 0.0902 0.0980
v 0.052979 0.368652 0.220459 0.0392 0.0471 0.0431
v 0.051514 0.308105 0.130615 0.1137 0.1216 0.1176
v 0.056396 0.313965 0.133545 0.1020 0.1098 0.1059
v 0.038330 0.378906 0.133545 0.1137 0.1176 0.1216
v 0.032471 0.377441 0.130615 0.1059 0.1137 0.1137
v 0.065674 0.367676 0.236572 0.5333 0.5373 0.5530
v 0.065186 0.386230 0.236572 0.8980 0.8980 0.8980
v 0.076416 0.384277 0.236572 0.8902 0.8902 0.8941
v 0.065674 0.363281 0.226807 0.0824 0.0863 0.0941
v 0.065186 0.365234 0.220459 0.0941 0.1059 0.1098
v 0.079834 0.386230 0.227783 0.8431 0.8470 0.8549
v 0.062744 0.383789 0.172119 0.1020 0.1059 0.1137
v 0.075439 0.381836 0.172119 0.1020 0.1020 0.1059
v 0.079834 0.386230 0.181885 0.0980 0.0980 0.0980
v 0.092041 0.368652 0.133545 0.1098 0.1176 0.1176
v 0.095947 0.374023 0.130615 0.1255 0.1294 0.1294
v 0.049561 0.305664 0.124756 0.1176 0.1255 0.1216
v 0.030029 0.376465 0.124756 0.1137 0.1176 0.1216
v 0.049561 0.305664 0.016357 0.1216 0.1255 0.1333
v 0.051514 0.308105 0.010010 0.1373 0.1530 0.1608
v 0.049561 0.305664 0.000732 0.1137 0.1176 0.1137
v 0.052979 0.305664 0.006104 0.0941 0.0980 0.0941
v 0.060303 0.305664 0.008545 0.1098 0.1137 0.1216
v 0.056396 0.313965 0.007568 0.1294 0.1333 0.1255
v 0.030029 0.376465 0.016357 0.1137 0.1137 0.1137
v 0.032471 0.377441 0.010010 0.1373 0.1451 0.1412
v 0.038330 0.378906 0.007568 0.0275 0.0196 0.0235
v 0.097900 0.376465 0.124756 0.1294 0.1373 0.1333
v 0.092041 0.368652 0.007568 0.0078 0.0078 0.0078
v 0.097900 0.376465 0.016357 0.1255 0.1333 0.1294
v 0.095459 0.374023 0.010010 0.1137 0.1176 0.1098
v 0.139893 0.166016 0.179932 0.0667 0.0667 0.0667
v 0.150635 0.161133 0.179932 0.0667 0.0667 0.0667
v 0.152588 0.164551 0.187256 0.4863 0.4863 0.4980
v 0.128662 0.173340 0.187256 0.4745 0.4745 0.4902
v 0.128174 0.168945 0.179932 0.0745 0.0784 0.0745
v 0.131104 0.186523 0.187256 0.7725 0.7764 0.7725
v 0.132080 0.190918 0.182373 0.0196 0.0196 0.0235
v 0.132080 0.190918 0.177002 0.0157 0.0157 0.0157
v 0.141357 0.169922 0.187256 0.4823 0.4784 0.4980
v 0.145752 0.182617 0.187256 0.7921 0.7921 0.7921
v 0.147217 0.187012 0.182373 0.0902 0.0980 0.0941
v 0.140869 0.188477 0.156494 0.0275 0.0353 0.0314
v 0.168701 0.145508 0.179932 0.0392 0.0471 0.0431
v 0.162842 0.157227 0.187256 0.4863 0.4863 0.4941
v 0.160400 0.154297 0.179932 0.0549 0.0627 0.0588
v 0.171631 0.167480 0.187256 0.8784 0.8745 0.8862
v 0.179443 0.138184 0.187256 0.6079 0.6079 0.6157
v 0.172119 0.148438 0.187256 0.5530 0.5530 0.5647
v 0.182373 0.156738 0.187256 0.8784 0.8784 0.8784
v 0.185791 0.159668 0.182373 0.0510 0.0510 0.0510
v 0.185791 0.160156 0.156494 0.0196 0.0196 0.0196
v 0.159424 0.176270 0.187256 0.8392 0.8431 0.8392
v 0.161377 0.180176 0.182373 0.0196 0.0196 0.0196
v 0.161865 0.180664 0.156494 0.0118 0.0157 0.0118
v 0.174561 0.170898 0.182373 0.0588 0.0588 0.0588
v 0.174561 0.171387 0.156494 0.0118 0.0118 0.0118
v 0.221436 0.199219 0.224854 0.0863 0.0784 0.0902
v 0.221436 0.191895 0.221436 0.0196 0.0275 0.0275
v 0.221436 0.188477 0.213623 0.0118 0.0118 0.0118
v 0.216553 0.216309 0.220459 0.2823 0.2823 0.2823
v 0.221436 0.210449 0.224854 0.1255 0.1294 0.1373
v 0.218994 0.214844 0.223389 0.3216 0.3216 0.3216
v 0.224365 0.214844 0.223389 0.3333 0.3412 0.3412
v 0.226318 0.220215 0.223877 0.1176 0.1176 0.1216
v 0.223877 0.216309 0.218994 0.1373 0.1373 0.1373
v 0.226318 0.218262 0.220459 0.0314 0.0353 0.0392
v 0.226318 0.223633 0.225342 0.7764 0.7764 0.7843
v 0.230713 0.223633 0.227295 0.6785 0.6785 0.6824
v 0.230713 0.218750 0.225342 0.1137 0.1216 0.1255
v 0.230713 0.216309 0.221436 0.1098 0.1098 0.1137
v 0.226318 0.239258 0.225342 0.8313 0.8313 0.8313
v 0.226318 0.242676 0.223877 0.8157 0.8157 0.8157
v 0.226318 0.244141 0.219971 0.6667 0.6706 0.6667
v 0.230713 0.239746 0.227295 0.8862 0.8784 0.8823
v 0.230713 0.244141 0.225342 0.8706 0.8706 0.8706
v 0.230713 0.246582 0.220459 0.8274 0.8274 0.8274
v 0.222412 0.216309 0.218018 0.1137 0.1176 0.1176
v 0.224854 0.216309 0.212158 0.0157 0.0235 0.0196
v 0.224854 0.223633 0.218506 0.0863 0.0902 0.0941
v 0.226807 0.216309 0.217529 0.0275 0.0275 0.0275
v 0.224854 0.238770 0.218506 0.2275 0.2314 0.2353
v 0.190674 0.144531 0.187256 0.8823 0.8862 0.8823
v 0.194580 0.146973 0.182373 0.0627 0.0706 0.0667
v 0.195068 0.146973 0.156494 0.0392 0.0392 0.0392
v 0.221436 0.188477 0.156982 0.0157 0.0157 0.0157
v 0.216553 0.208008 0.154541 0.0392 0.0471 0.0471
v 0.224365 0.214355 0.156982 0.0902 0.0980 0.1059
v 0.226318 0.218262 0.164307 0.0275 0.0353 0.0353
v 0.224365 0.224121 0.165771 0.0235 0.0275 0.0353
v 0.222412 0.216309 0.156982 0.0510 0.0549 0.0549
v 0.224854 0.216309 0.162842 0.0275 0.0314 0.0353
v 0.226318 0.219727 0.160400 0.0471 0.0510 0.0588
v 0.226318 0.223145 0.158936 0.2549 0.2667 0.2745
v 0.226807 0.216309 0.162842 0.0353 0.0392 0.0431
v 0.230713 0.216309 0.163818 0.0392 0.0431 0.0510
v 0.230713 0.218262 0.158936 0.0824 0.0863 0.0902
v 0.230713 0.222656 0.156982 0.2902 0.2941 0.3019
v 0.224854 0.237793 0.165283 0.0353 0.0392 0.0471
v 0.226318 0.244141 0.164307 0.1098 0.1216 0.1294
v 0.226318 0.242676 0.160400 0.4471 0.4589 0.4745
v 0.226318 0.239258 0.158936 0.5255 0.5373 0.5530
v 0.230713 0.239746 0.156982 0.5764 0.5804 0.5882
v 0.230713 0.244141 0.158936 0.5686 0.5725 0.5804
v 0.230713 0.246582 0.163818 0.5451 0.5569 0.5686
v 0.131104 0.384277 0.236572 0.8745 0.8745 0.8745
v 0.127686 0.386230 0.227783 0.7764 0.7804 0.7882
v 0.142822 0.367676 0.236572 0.4941 0.4980 0.5176
v 0.152100 0.369629 0.236572 0.4902 0.4941 0.5137
v 0.141357 0.386230 0.236572 0.8745 0.8745 0.8745
v 0.142822 0.363281 0.226807 0.0824 0.0863 0.0941
v 0.143311 0.365234 0.220459 0.0902 0.1059 0.1176
v 0.152100 0.365723 0.226807 0.0745 0.0784 0.0863
v 0.152588 0.367676 0.220459 0.0824 0.0863 0.0941
v 0.159424 0.372559 0.236572 0.4667 0.4706 0.4863
v 0.168701 0.379395 0.236572 0.4432 0.4471 0.4628
v 0.159912 0.368652 0.226807 0.0392 0.0431 0.0431
v 0.159912 0.370605 0.220459 0.0627 0.0667 0.0745
v 0.170166 0.375977 0.226807 0.0392 0.0431 0.0431
v 0.169678 0.377441 0.220459 0.0510 0.0549 0.0627
v 0.174072 0.386719 0.236572 0.4784 0.4784 0.4863
v 0.177002 0.384277 0.226807 0.0471 0.0471 0.0510
v 0.153076 0.308105 0.131104 0.1137 0.1216 0.1176
v 0.145752 0.313965 0.133545 0.0863 0.0941 0.0902
v 0.162842 0.316406 0.158447 0.0431 0.0510 0.0471
v 0.156982 0.322754 0.160889 0.0588 0.0627 0.0706
v 0.165283 0.313965 0.152588 0.0510 0.0588 0.0549
v 0.127197 0.386230 0.181885 0.0941 0.1020 0.0980
v 0.131104 0.381836 0.172119 0.0980 0.1020 0.1098
v 0.143311 0.383789 0.172119 0.0941 0.0980 0.1059
v 0.129150 0.368652 0.133545 0.1137 0.1176 0.1255
v 0.136475 0.362305 0.133545 0.1059 0.1098 0.1176
v 0.134521 0.374023 0.131104 0.1255 0.1294 0.1373
v 0.134521 0.376465 0.125244 0.1294 0.1333 0.1412
v 0.141357 0.368164 0.131104 0.1137 0.1176 0.1255
v 0.216553 0.266602 0.235107 0.6197 0.6197 0.6315
v 0.216553 0.292480 0.235107 0.8784 0.8862 0.8823
v 0.216553 0.264648 0.232666 0.4432 0.4510 0.4784
v 0.215576 0.263672 0.220459 0.1216 0.1216 0.1216
v 0.216553 0.294922 0.232666 0.3882 0.4039 0.4196
v 0.216553 0.295410 0.220459 0.1451 0.1530 0.1490
v 0.219971 0.264648 0.227783 0.5843 0.5882 0.6079
v 0.221924 0.266602 0.228760 0.7412 0.7372 0.7529
v 0.221924 0.266602 0.220459 0.4784 0.4784 0.4863
v 0.221924 0.292480 0.228760 0.7843 0.7843 0.7843
v 0.221924 0.292480 0.220459 0.5843 0.5843 0.5882
v 0.219971 0.294922 0.227783 0.8078 0.8117 0.8078
v 0.221924 0.263672 0.218506 0.1451 0.1490 0.1530
v 0.224854 0.263672 0.212158 0.0745 0.0784 0.0863
v 0.221924 0.295410 0.218506 0.6039 0.6079 0.6118
v 0.224854 0.295410 0.212158 0.0784 0.0824 0.0902
v 0.223389 0.365234 0.203369 0.0667 0.0745 0.0706
v 0.226807 0.362305 0.203369 0.1373 0.1451 0.1569
v 0.226807 0.365234 0.205322 0.0824 0.0863 0.0941
v 0.223389 0.382812 0.203369 0.1569 0.1647 0.1725
v 0.226807 0.382812 0.205322 0.8862 0.8941 0.8980
v 0.226807 0.385742 0.203369 0.8666 0.8745 0.8823
v 0.223877 0.362793 0.202393 0.0588 0.0588 0.0667
v 0.223389 0.362305 0.197998 0.0471 0.0510 0.0588
v 0.221924 0.365234 0.197998 0.0824 0.0863 0.0941
v 0.226807 0.360840 0.197998 0.1608 0.1765 0.1882
v 0.221924 0.382812 0.197998 0.0588 0.0627 0.0706
v 0.223877 0.385254 0.202393 0.1608 0.1647 0.1686
v 0.223389 0.385742 0.197998 0.0314 0.0353 0.0431
v 0.223389 0.362305 0.186768 0.0392 0.0431 0.0510
v 0.223877 0.362793 0.182373 0.0353 0.0392 0.0471
v 0.221924 0.365234 0.186768 0.0784 0.0824 0.0902
v 0.223389 0.365234 0.181396 0.0275 0.0314 0.0353
v 0.226807 0.360840 0.186768 0.1882 0.2039 0.2157
v 0.226807 0.362305 0.181396 0.1412 0.1530 0.1647
v 0.226807 0.365234 0.179443 0.1333 0.1490 0.1569
v 0.221924 0.382812 0.186768 0.0745 0.0784 0.0863
v 0.223389 0.385742 0.186768 0.0549 0.0588 0.0667
v 0.223389 0.382812 0.181396 0.0275 0.0353 0.0431
v 0.223877 0.385254 0.182373 0.0314 0.0353 0.0392
v 0.226807 0.385742 0.181396 0.5921 0.6039 0.6118
v 0.226807 0.382812 0.179443 0.3255 0.3412 0.3529
v 0.156006 0.305664 0.124756 0.1216 0.1255 0.1333
v 0.136475 0.376465 0.122803 0.1333 0.1451 0.1412
v 0.143311 0.370605 0.124756 0.1216 0.1255 0.1255
v 0.141357 0.372559 0.113037 0.1608 0.1686 0.1647
v 0.156006 0.305664 0.016357 0.1216 0.1255 0.1333
v 0.147217 0.305664 0.008545 0.1176 0.1333 0.1373
v 0.153076 0.308105 0.010010 0.1216 0.1373 0.1412
v 0.153564 0.305664 0.006104 0.1020 0.1098 0.1059
v 0.156006 0.305664 0.000732 0.1020 0.1059 0.1137
v 0.145752 0.313965 0.007568 0.1216 0.1294 0.1176
v 0.136475 0.376465 0.016357 0.1804 0.1882 0.1843
v 0.129150 0.368652 0.007568 0.0157 0.0157 0.0078
v 0.136475 0.362305 0.007568 0.0039 0.0118 0.0039
v 0.134521 0.374023 0.010010 0.5019 0.5137 0.4941
v 0.136963 0.374512 0.011963 0.3333 0.3412 0.3216
v 0.143311 0.370605 0.016357 0.1451 0.1490 0.1490
v 0.141357 0.372559 0.023193 0.1882 0.1961 0.1922
v 0.141357 0.368164 0.010010 0.2627 0.2627 0.2510
v 0.357178 0.100586 0.105225 0.0157 0.0157 0.0157
v 0.366943 0.100586 0.102295 0.0118 0.0118 0.0118
v 0.373779 0.100586 0.094482 0.0157 0.0157 0.0157
v 0.385498 0.116211 0.156982 0.1725 0.1804 0.1765
v 0.380615 0.103027 0.144287 0.0118 0.0118 0.0118
v 0.383057 0.104980 0.150635 0.0235 0.0275 0.0314
v 0.384521 0.103027 0.140869 0.0275 0.0314 0.0392
v 0.387451 0.104980 0.148193 0.0353 0.0392 0.0471
v 0.389404 0.104980 0.140869 0.0392 0.0471 0.0510
v 0.386475 0.103027 0.128662 0.0157 0.0196 0.0275
v 0.384521 0.109863 0.155029 0.0392 0.0431 0.0510
v 0.389893 0.109863 0.153076 0.0549 0.0588 0.0667
v 0.390381 0.116211 0.154541 0.0824 0.0902 0.1020
v 0.392822 0.116211 0.149658 0.1137 0.1176 0.1333
v 0.391846 0.109863 0.147217 0.0824 0.0863 0.1059
v 0.376709 0.100586 0.083740 0.0118 0.0118 0.0118
v 0.256104 0.243164 0.196533 0.3804 0.3961 0.4118
v 0.256104 0.243164 0.187744 0.4941 0.5137 0.5255
v 0.260498 0.243164 0.200928 0.5294 0.5451 0.5490
v 0.269775 0.243164 0.200928 0.5843 0.5921 0.6039
v 0.274170 0.243164 0.196533 0.7412 0.7490 0.7529
v 0.274170 0.243164 0.187744 0.7333 0.7372 0.7451
v 0.308838 0.243164 0.196533 0.0627 0.0667 0.0745
v 0.308838 0.243164 0.187744 0.0667 0.0706 0.0784
v 0.260498 0.243164 0.183838 0.6118 0.6236 0.6393
v 0.269775 0.243164 0.183838 0.6902 0.7059 0.7176
v 0.312744 0.243164 0.200928 0.0745 0.0824 0.0863
v 0.322510 0.243164 0.200928 0.0706 0.0784 0.0863
v 0.326904 0.243164 0.196533 0.0745 0.0784 0.0902
v 0.326904 0.243164 0.187744 0.2314 0.2471 0.2588
v 0.365479 0.245605 0.209228 0.7059 0.7098 0.7176
v 0.364502 0.245605 0.206787 0.7529 0.7608 0.7686
v 0.367920 0.245605 0.210205 0.6980 0.7020 0.7098
v 0.312744 0.243164 0.183838 0.0314 0.0353 0.0471
v 0.322510 0.243164 0.183838 0.0314 0.0353 0.0392
v 0.340576 0.239746 0.156982 0.7921 0.7921 0.7843
v 0.342529 0.244141 0.158936 0.8000 0.8000 0.7960
v 0.347900 0.214355 0.156982 0.3529 0.3686 0.3725
v 0.350342 0.218262 0.157471 0.5137 0.5333 0.5451
v 0.353760 0.216309 0.162842 0.0275 0.0353 0.0314
v 0.355225 0.216309 0.161377 0.0275 0.0314 0.0353
v 0.356689 0.216309 0.163818 0.0314 0.0314 0.0392
v 0.348877 0.244141 0.156494 0.8235 0.8274 0.8274
v 0.347412 0.246582 0.163818 0.8431 0.8431 0.8353
v 0.353271 0.246582 0.161377 0.8431 0.8431 0.8353
v 0.364502 0.245605 0.182373 0.3098 0.3255 0.3294
v 0.365479 0.245605 0.179932 0.4941 0.5059 0.5059
v 0.372803 0.246094 0.185791 0.7216 0.7216 0.7176
v 0.367920 0.245605 0.178955 0.6393 0.6550 0.6510
v 0.374756 0.246582 0.179443 0.3255 0.3372 0.3333
v 0.345459 0.209473 0.154541 0.2392 0.2549 0.2588
v 0.347412 0.209473 0.153076 0.2471 0.2627 0.2667
v 0.349854 0.214355 0.155518 0.4745 0.4902 0.5019
v 0.346924 0.222656 0.154541 0.6315 0.6393 0.6589
v 0.346924 0.239746 0.154541 0.8078 0.8078 0.8000
v 0.351318 0.244141 0.150146 0.8431 0.8392 0.8431
v 0.349365 0.239746 0.148193 0.8196 0.8196 0.8117
v 0.356201 0.246582 0.155029 0.8509 0.8509 0.8431
v 0.256104 0.364746 0.196533 0.2157 0.2275 0.2432
v 0.256104 0.364746 0.187744 0.1608 0.1765 0.1882
v 0.260498 0.364746 0.200928 0.4706 0.4863 0.5059
v 0.269775 0.364746 0.200928 0.4471 0.4628 0.4784
v 0.274170 0.364746 0.196533 0.3804 0.4039 0.4118
v 0.274170 0.364746 0.187744 0.2941 0.3098 0.3216
v 0.308838 0.364746 0.196533 0.3255 0.3372 0.3568
v 0.308838 0.364746 0.187744 0.2078 0.2235 0.2353
v 0.260498 0.364746 0.183838 0.1451 0.1569 0.1647
v 0.269775 0.364746 0.183838 0.1725 0.1882 0.2000
v 0.312744 0.364746 0.200928 0.3765 0.3843 0.4000
v 0.322510 0.364746 0.200928 0.3843 0.3882 0.4039
v 0.326904 0.364746 0.196533 0.3333 0.3451 0.3647
v 0.326904 0.364746 0.187744 0.2392 0.2588 0.2706
v 0.364990 0.362305 0.203369 0.3137 0.3255 0.3333
v 0.364990 0.365234 0.205322 0.2235 0.2275 0.2392
v 0.368408 0.365234 0.203369 0.6510 0.6667 0.6785
v 0.364990 0.382812 0.205322 0.6863 0.6941 0.7020
v 0.364990 0.385742 0.203369 0.7686 0.7764 0.7882
v 0.368408 0.382812 0.203369 0.4823 0.4941 0.5137
v 0.364990 0.360840 0.197998 0.3294 0.3412 0.3608
v 0.367920 0.362793 0.202393 0.6510 0.6628 0.6745
v 0.368408 0.362305 0.197998 0.6471 0.6628 0.6785
v 0.369873 0.365234 0.197998 0.6276 0.6393 0.6589
v 0.367920 0.385254 0.202393 0.4275 0.4432 0.4589
v 0.369873 0.382812 0.197998 0.2980 0.3098 0.3294
v 0.368408 0.385742 0.197998 0.2902 0.3019 0.3176
v 0.312744 0.364746 0.183838 0.1725 0.1804 0.1922
v 0.322510 0.364746 0.183838 0.1765 0.1922 0.2039
v 0.358154 0.365234 0.184326 0.3255 0.3333 0.3568
v 0.358154 0.382812 0.184326 0.7490 0.7568 0.7529
v 0.360596 0.362305 0.184326 0.3098 0.3216 0.3451
v 0.364990 0.360840 0.186768 0.1686 0.1843 0.1961
v 0.363525 0.363281 0.187256 0.2471 0.2588 0.2745
v 0.364990 0.362305 0.181396 0.0902 0.0902 0.1059
v 0.361572 0.365234 0.187256 0.3216 0.3255 0.3451
v 0.364990 0.365234 0.179443 0.0824 0.0824 0.0980
v 0.368408 0.362305 0.187256 0.3921 0.4000 0.4157
v 0.368408 0.362305 0.186768 0.4432 0.4550 0.4745
v 0.367432 0.360840 0.184326 0.1843 0.1961 0.2118
v 0.367920 0.362793 0.182373 0.0745 0.0784 0.0941
v 0.369873 0.365234 0.186768 0.5608 0.5647 0.5843
v 0.368408 0.365234 0.181396 0.0549 0.0588 0.0745
v 0.361572 0.382812 0.187256 0.6276 0.6315 0.6354
v 0.360596 0.385742 0.184326 0.7921 0.7960 0.8000
v 0.363525 0.384766 0.187256 0.5412 0.5569 0.5608
v 0.364990 0.385742 0.181396 0.2823 0.2941 0.3059
v 0.364990 0.382812 0.179443 0.1216 0.1333 0.1451
v 0.369873 0.382812 0.186768 0.4510 0.4667 0.4784
v 0.367920 0.385742 0.187256 0.2432 0.2588 0.2588
v 0.368408 0.385742 0.186768 0.2706 0.2823 0.2902
v 0.368408 0.382812 0.181396 0.0745 0.0784 0.0980
v 0.367920 0.385254 0.182373 0.0941 0.1020 0.1137
v 0.364014 0.243164 0.099853 0.4157 0.4353 0.4353
v 0.369385 0.243164 0.105225 0.5176 0.5333 0.5294
v 0.364014 0.243164 0.088623 0.2588 0.2667 0.2667
v 0.369385 0.243164 0.083740 0.1569 0.1569 0.1569
v 0.364014 0.243164 0.004639 0.2549 0.2784 0.2784
v 0.369385 0.243164 0.009521 0.2353 0.2510 0.2549
v 0.364014 0.364746 0.099853 0.0941 0.0980 0.1098
v 0.369385 0.364746 0.105225 0.0627 0.0667 0.0745
v 0.358154 0.365234 0.091553 0.2784 0.2863 0.2863
v 0.358154 0.382812 0.091553 0.7764 0.7764 0.7686
v 0.360596 0.362305 0.091553 0.1961 0.2000 0.2157
v 0.364014 0.364746 0.088623 0.1176 0.1216 0.1373
v 0.367432 0.360840 0.091553 0.0118 0.0118 0.0118
v 0.369385 0.364746 0.083740 0.0275 0.0314 0.0392
v 0.360596 0.385742 0.091553 0.7843 0.7921 0.7764
v 0.364014 0.364746 0.004639 0.0706 0.0706 0.0784
v 0.369385 0.364746 0.009521 0.1137 0.1176 0.1333
v 0.408447 0.199219 0.224853 0.1059 0.1059 0.1059
v 0.407959 0.191895 0.221436 0.0275 0.0353 0.0353
v 0.406494 0.188477 0.213623 0.0235 0.0235 0.0314
v 0.411865 0.188477 0.211182 0.0353 0.0392 0.0471
v 0.417725 0.191895 0.217041 0.0353 0.0392 0.0431
v 0.414307 0.188477 0.205322 0.0196 0.0275 0.0275
v 0.422119 0.191895 0.207275 0.0118 0.0118 0.0157
v 0.396729 0.216309 0.221436 0.2980 0.2980 0.3059
v 0.402588 0.223633 0.227295 0.6824 0.6824 0.6902
v 0.400635 0.218750 0.225342 0.0784 0.0824 0.0902
v 0.402588 0.239746 0.227295 0.8980 0.8980 0.8980
v 0.400147 0.244141 0.225342 0.8941 0.8941 0.8941
v 0.395752 0.246582 0.220459 0.8784 0.8784 0.8784
v 0.387939 0.245605 0.210205 0.6863 0.6941 0.6902
v 0.390381 0.245605 0.209228 0.7098 0.7137 0.7176
v 0.391357 0.245605 0.206787 0.8196 0.8274 0.8235
v 0.408447 0.210449 0.224853 0.1765 0.1804 0.1882
v 0.407959 0.214844 0.223389 0.4980 0.4941 0.5059
v 0.420654 0.199707 0.219971 0.0667 0.0745 0.0706
v 0.420654 0.210449 0.219971 0.1255 0.1255 0.1333
v 0.407471 0.216309 0.218994 0.1373 0.1373 0.1451
v 0.412842 0.218750 0.222412 0.0824 0.0824 0.0824
v 0.414795 0.223633 0.224365 0.6236 0.6236 0.6276
v 0.412354 0.244141 0.221924 0.8862 0.8862 0.8862
v 0.414795 0.239746 0.224365 0.8666 0.8666 0.8666
v 0.419189 0.214844 0.218506 0.2432 0.2510 0.2549
v 0.408936 0.216309 0.218018 0.2432 0.2432 0.2432
v 0.416260 0.216309 0.215576 0.1176 0.1216 0.1294
v 0.417725 0.216309 0.209228 0.1137 0.1176 0.1255
v 0.420166 0.216309 0.206787 0.0824 0.0863 0.0941
v 0.421143 0.216309 0.197510 0.0863 0.0902 0.0980
v 0.425537 0.199707 0.207764 0.0627 0.0627 0.0824
v 0.425537 0.210449 0.207764 0.1020 0.1059 0.1216
v 0.424072 0.214844 0.207275 0.1451 0.1569 0.1686
v 0.422119 0.218750 0.213623 0.0588 0.0588 0.0588
v 0.423584 0.223633 0.215576 0.6079 0.6039 0.6118
v 0.427002 0.223633 0.203369 0.4745 0.4745 0.4823
v 0.425049 0.218750 0.201416 0.0588 0.0588 0.0667
v 0.421631 0.244141 0.213135 0.8588 0.8588 0.8588
v 0.407959 0.246582 0.217041 0.8627 0.8627 0.8627
v 0.416748 0.246582 0.208252 0.8549 0.8549 0.8549
v 0.420166 0.246582 0.196045 0.8509 0.8509 0.8509
v 0.423584 0.239746 0.215576 0.8078 0.8000 0.8039
v 0.427002 0.239746 0.203369 0.6667 0.6589 0.6628
v 0.425049 0.244141 0.200928 0.8157 0.8157 0.8157
v 0.385498 0.188477 0.156982 0.0235 0.0235 0.0235
v 0.390381 0.188477 0.154541 0.0157 0.0196 0.0235
v 0.392822 0.188477 0.149658 0.0157 0.0235 0.0196
v 0.391846 0.180664 0.131592 0.0078 0.0078 0.0078
v 0.391846 0.191895 0.138428 0.0196 0.0235 0.0235
v 0.381592 0.246094 0.178955 0.6980 0.6980 0.6824
v 0.390381 0.245605 0.179932 0.7608 0.7686 0.7529
v 0.387939 0.245605 0.178955 0.7843 0.7882 0.7764
v 0.391357 0.245605 0.182373 0.8392 0.8431 0.8313
v 0.391846 0.204590 0.141846 0.0392 0.0471 0.0431
v 0.391846 0.217285 0.138428 0.0314 0.0353 0.0353
v 0.391846 0.228516 0.131592 0.1451 0.1490 0.1569
v 0.445068 0.198242 0.143311 0.1569 0.1569 0.1569
v 0.450928 0.198730 0.141357 0.0392 0.0392 0.0392
v 0.445068 0.176758 0.131103 0.0157 0.0157 0.0157
v 0.450928 0.178223 0.129639 0.0275 0.0275 0.0275
v 0.445068 0.186523 0.139404 0.0863 0.0824 0.0863
v 0.450928 0.187500 0.136963 0.0275 0.0353 0.0314
v 0.453369 0.192871 0.128174 0.0157 0.0157 0.0118
v 0.454346 0.194824 0.127197 0.0275 0.0275 0.0275
v 0.486084 0.166504 0.135010 0.3176 0.3294 0.3568
v 0.494385 0.166016 0.135498 0.3294 0.3372 0.3647
v 0.499756 0.167969 0.134033 0.3882 0.4000 0.4118
v 0.481201 0.179199 0.142334 0.3765 0.3921 0.4118
v 0.481201 0.190918 0.148682 0.5961 0.6118 0.6236
v 0.481201 0.169434 0.133057 0.3059 0.3255 0.3412
v 0.481201 0.192871 0.128174 0.0275 0.0275 0.0275
v 0.481201 0.194824 0.127197 0.0627 0.0706 0.0667
v 0.486084 0.176758 0.145752 0.4275 0.4314 0.4471
v 0.494385 0.176270 0.145752 0.4314 0.4275 0.4510
v 0.499756 0.177734 0.144287 0.4706 0.4745 0.4823
v 0.486084 0.189941 0.152588 0.7216 0.7216 0.7255
v 0.494385 0.189941 0.152588 0.7020 0.7059 0.7098
v 0.499756 0.190430 0.150635 0.6589 0.6628 0.6706
v 0.445068 0.210938 0.143311 0.2823 0.2823 0.2823
v 0.450928 0.210449 0.141357 0.0392 0.0392 0.0392
v 0.445068 0.223145 0.139404 0.3255 0.3216 0.3255
v 0.450928 0.221680 0.136963 0.0392 0.0353 0.0392
v 0.450928 0.230469 0.129639 0.1882 0.1922 0.2000
v 0.453369 0.200684 0.131103 0.0353 0.0353 0.0353
v 0.454346 0.204590 0.129150 0.0627 0.0627 0.0627
v 0.453369 0.208984 0.131103 0.0549 0.0549 0.0549
v 0.454346 0.213867 0.127197 0.1216 0.1255 0.1255
v 0.453369 0.216797 0.128174 0.2627 0.2588 0.2627
v 0.445068 0.232422 0.131103 0.2392 0.2353 0.2353
v 0.481201 0.204590 0.150635 0.7568 0.7647 0.7764
v 0.481201 0.217773 0.148682 0.8353 0.8392 0.8470
v 0.481201 0.229980 0.142334 0.6000 0.6157 0.6236
v 0.481201 0.200684 0.131103 0.0471 0.0471 0.0471
v 0.481201 0.204590 0.129150 0.0784 0.0863 0.0824
v 0.481201 0.208984 0.131103 0.0549 0.0549 0.0549
v 0.481201 0.213867 0.127197 0.0980 0.0980 0.0980
v 0.481201 0.216797 0.128174 0.0706 0.0706 0.0706
v 0.486084 0.204590 0.154541 0.8823 0.8823 0.8823
v 0.494385 0.204590 0.155029 0.8666 0.8666 0.8666
v 0.499756 0.204590 0.152588 0.7960 0.8000 0.8000
v 0.486084 0.219238 0.152588 0.9568 0.9568 0.9568
v 0.494385 0.219238 0.152588 0.9686 0.9686 0.9686
v 0.499756 0.218262 0.150635 0.7960 0.7960 0.8000
v 0.481201 0.239258 0.133057 0.5804 0.5961 0.6039
v 0.486084 0.231934 0.145752 0.9490 0.9490 0.9490
v 0.494385 0.232422 0.145752 0.9764 0.9764 0.9764
v 0.499756 0.230957 0.144287 0.7568 0.7608 0.7647
v 0.486084 0.242676 0.135010 0.9294 0.9294 0.9294
v 0.494385 0.242676 0.135498 0.9804 0.9843 0.9843
v 0.499756 0.241211 0.134033 0.6941 0.7020 0.7059
v 0.380127 0.362305 0.187256 0.4941 0.5137 0.5255
v 0.380615 0.360840 0.184326 0.2980 0.3137 0.3294
v 0.384521 0.363281 0.187256 0.5843 0.6000 0.6118
v 0.387451 0.362305 0.184326 0.4471 0.4589 0.4745
v 0.386475 0.365234 0.187256 0.5882 0.5961 0.6118
v 0.389893 0.365234 0.184326 0.5686 0.5843 0.5961
v 0.379639 0.384766 0.187256 0.6510 0.6589 0.6667
v 0.380615 0.386230 0.184326 0.5176 0.5333 0.5373
v 0.386475 0.378418 0.187256 0.6432 0.6471 0.6667
v 0.389893 0.378418 0.184326 0.5608 0.5764 0.5882
v 0.384521 0.382812 0.187256 0.6550 0.6706 0.6785
v 0.387451 0.383301 0.184326 0.5647 0.5843 0.5921
v 0.391846 0.173828 0.120361 0.0118 0.0118 0.0118
v 0.391846 0.170410 0.107666 0.0118 0.0196 0.0157
v 0.391846 0.173828 0.094971 0.0118 0.0118 0.0118
v 0.391846 0.180664 0.083740 0.0157 0.0157 0.0196
v 0.391846 0.191895 0.076416 0.0235 0.0314 0.0235
v 0.381592 0.243164 0.105225 0.6510 0.6667 0.6706
v 0.386963 0.243164 0.099853 0.8117 0.8235 0.8196
v 0.391846 0.235352 0.120361 0.6706 0.6902 0.6902
v 0.391846 0.238770 0.107666 0.7412 0.7568 0.7608
v 0.391846 0.235352 0.094971 0.7372 0.7529 0.7647
v 0.391846 0.228516 0.083740 0.1255 0.1333 0.1412
v 0.391846 0.204590 0.073486 0.0431 0.0431 0.0431
v 0.391846 0.217285 0.076416 0.0314 0.0353 0.0314
v 0.381592 0.243164 0.083740 0.2745 0.2823 0.2745
v 0.386963 0.243164 0.088623 0.7882 0.8000 0.8039
v 0.381592 0.243164 0.009521 0.2118 0.2275 0.2314
v 0.386963 0.243164 0.004639 0.1530 0.1686 0.1647
v 0.445068 0.167969 0.107666 0.0353 0.0431 0.0510
v 0.445068 0.170410 0.119873 0.0431 0.0471 0.0510
v 0.450928 0.172363 0.119385 0.0314 0.0392 0.0353
v 0.445068 0.170410 0.094971 0.0353 0.0392 0.0471
v 0.450928 0.170410 0.107666 0.0549 0.0588 0.0627
v 0.450928 0.172363 0.095947 0.0431 0.0471 0.0510
v 0.453369 0.182129 0.115478 0.0118 0.0118 0.0118
v 0.454346 0.183105 0.112061 0.0157 0.0235 0.0196
v 0.453369 0.186523 0.122803 0.0039 0.0039 0.0039
v 0.454346 0.187500 0.120850 0.0157 0.0235 0.0196
v 0.453369 0.180664 0.107666 0.0118 0.0118 0.0118
v 0.454346 0.183105 0.102783 0.0157 0.0235 0.0196
v 0.453369 0.182129 0.099365 0.0157 0.0157 0.0157
v 0.454346 0.187500 0.093994 0.0314 0.0314 0.0314
v 0.445068 0.176758 0.084228 0.0353 0.0431 0.0392
v 0.450928 0.178223 0.085693 0.0392 0.0431 0.0471
v 0.445068 0.186523 0.075928 0.0706 0.0745 0.0784
v 0.445068 0.198242 0.071533 0.1020 0.1098 0.1059
v 0.450928 0.187500 0.077881 0.0588 0.0627 0.0706
v 0.450928 0.198730 0.073975 0.0549 0.0627 0.0627
v 0.453369 0.186523 0.092041 0.0157 0.0157 0.0157
v 0.454346 0.194824 0.088135 0.0275 0.0275 0.0275
v 0.453369 0.192871 0.086670 0.0235 0.0275 0.0353
v 0.481201 0.163574 0.120850 0.2745 0.2941 0.3098
v 0.481201 0.161133 0.107666 0.2627 0.2863 0.2980
v 0.481201 0.163574 0.093994 0.2392 0.2588 0.2745
v 0.486084 0.159668 0.122314 0.3137 0.3294 0.3529
v 0.494385 0.159180 0.122314 0.3098 0.3372 0.3608
v 0.499756 0.161133 0.121338 0.3490 0.3686 0.3843
v 0.486084 0.157227 0.107666 0.3137 0.3294 0.3608
v 0.494385 0.156738 0.107666 0.3216 0.3372 0.3725
v 0.499756 0.159180 0.107666 0.3333 0.3451 0.3647
v 0.481201 0.182129 0.115478 0.0235 0.0235 0.0235
v 0.481201 0.183105 0.112061 0.0510 0.0510 0.0588
v 0.481201 0.186523 0.122803 0.0196 0.0196 0.0196
v 0.481201 0.187500 0.120850 0.0510 0.0549 0.0627
v 0.481201 0.180664 0.107666 0.0275 0.0275 0.0275
v 0.481201 0.183105 0.102783 0.0510 0.0510 0.0588
v 0.481201 0.182129 0.099365 0.0314 0.0314 0.0314
v 0.481201 0.187500 0.093994 0.0588 0.0627 0.0706
v 0.486084 0.159668 0.093018 0.3176 0.3372 0.3608
v 0.486084 0.166504 0.079834 0.2902 0.3176 0.3412
v 0.494385 0.159180 0.093018 0.3333 0.3490 0.3804
v 0.499756 0.161133 0.093506 0.3529 0.3647 0.3921
v 0.494385 0.166016 0.079346 0.2627 0.2784 0.2980
v 0.499756 0.167969 0.080811 0.3490 0.3608 0.3843
v 0.481201 0.169434 0.082275 0.2275 0.2471 0.2627
v 0.481201 0.186523 0.092041 0.0510 0.0549 0.0588
v 0.481201 0.194824 0.088135 0.0627 0.0667 0.0745
v 0.481201 0.192871 0.086670 0.0588 0.0667 0.0706
v 0.481201 0.179199 0.072510 0.3216 0.3529 0.3647
v 0.481201 0.190918 0.066162 0.3529 0.3843 0.3961
v 0.486084 0.176758 0.069092 0.3490 0.3647 0.3686
v 0.499756 0.177734 0.071045 0.3843 0.3882 0.4039
v 0.494385 0.176270 0.069092 0.3059 0.3098 0.3255
v 0.486084 0.189941 0.062744 0.4353 0.4550 0.4667
v 0.499756 0.190430 0.064209 0.3686 0.3804 0.4000
v 0.454346 0.221191 0.120850 0.0824 0.0863 0.0941
v 0.453369 0.223145 0.122803 0.1098 0.1098 0.1098
v 0.453369 0.227051 0.115478 0.0745 0.0745 0.0745
v 0.454346 0.225586 0.112061 0.0471 0.0510 0.0588
v 0.453369 0.228516 0.107666 0.0588 0.0588 0.0588
v 0.454346 0.225586 0.102783 0.0588 0.0627 0.0706
v 0.454346 0.221191 0.093994 0.0510 0.0549 0.0627
v 0.453369 0.227051 0.099365 0.0627 0.0627 0.0627
v 0.445068 0.238770 0.119873 0.3059 0.3176 0.3137
v 0.450928 0.236816 0.119385 0.2745 0.2902 0.2863
v 0.445068 0.241211 0.107666 0.2588 0.2823 0.2823
v 0.445068 0.238770 0.094971 0.2039 0.2275 0.2275
v 0.450928 0.238770 0.107666 0.2510 0.2745 0.2784
v 0.450928 0.236816 0.095947 0.1843 0.2039 0.2039
v 0.450928 0.230469 0.085693 0.1569 0.1725 0.1765
v 0.445068 0.210938 0.071533 0.1098 0.1176 0.1255
v 0.450928 0.210449 0.073975 0.0706 0.0745 0.0824
v 0.445068 0.223145 0.075928 0.1176 0.1294 0.1373
v 0.450928 0.221680 0.077881 0.0824 0.0863 0.0941
v 0.454346 0.213867 0.088135 0.0431 0.0471 0.0549
v 0.453369 0.200684 0.083740 0.0392 0.0392 0.0392
v 0.454346 0.204590 0.085693 0.0431 0.0431 0.0510
v 0.453369 0.208984 0.083740 0.0431 0.0510 0.0471
v 0.453369 0.216797 0.086670 0.0510 0.0549 0.0627
v 0.453369 0.223145 0.092041 0.0588 0.0588 0.0588
v 0.445068 0.232422 0.084228 0.1176 0.1255 0.1333
v 0.481201 0.221191 0.120850 0.1020 0.0980 0.0902
v 0.481201 0.223145 0.122803 0.0510 0.0510 0.0471
v 0.481201 0.227051 0.115478 0.0510 0.0510 0.0431
v 0.481201 0.225586 0.112061 0.1059 0.1059 0.0980
v 0.481201 0.228516 0.107666 0.0510 0.0510 0.0510
v 0.481201 0.225586 0.102783 0.0941 0.0941 0.0941
v 0.481201 0.221191 0.093994 0.0863 0.0863 0.0784
v 0.481201 0.227051 0.099365 0.0353 0.0353 0.0353
v 0.481201 0.245605 0.120850 0.3608 0.3804 0.3843
v 0.481201 0.245605 0.093994 0.3216 0.3372 0.3490
v 0.481201 0.247559 0.107666 0.4471 0.4589 0.4667
v 0.486084 0.249512 0.122314 0.8980 0.8980 0.8941
v 0.494385 0.249512 0.122314 0.9568 0.9568 0.9568
v 0.499756 0.247559 0.121338 0.6471 0.6550 0.6550
v 0.486084 0.251465 0.107666 0.8862 0.8823 0.8745
v 0.494385 0.251953 0.107666 0.9725 0.9725 0.9725
v 0.499756 0.249512 0.107666 0.6039 0.6079 0.6079
v 0.481201 0.213867 0.088135 0.0745 0.0824 0.0784
v 0.481201 0.200684 0.083740 0.0706 0.0745 0.0824
v 0.481201 0.204590 0.085693 0.0706 0.0745 0.0824
v 0.481201 0.208984 0.083740 0.0745 0.0784 0.0863
v 0.481201 0.216797 0.086670 0.0510 0.0510 0.0510
v 0.481201 0.223145 0.092041 0.0353 0.0353 0.0353
v 0.481201 0.204590 0.064209 0.4235 0.4392 0.4510
v 0.481201 0.229980 0.072510 0.4628 0.4784 0.4863
v 0.481201 0.217773 0.066162 0.4667 0.4863 0.4980
v 0.486084 0.219238 0.062744 0.7451 0.7529 0.7490
v 0.499756 0.218262 0.064209 0.6236 0.6276 0.6276
v 0.481201 0.239258 0.082275 0.3137 0.3333 0.3451
v 0.486084 0.242676 0.079834 0.7921 0.7921 0.7921
v 0.494385 0.242676 0.079346 0.7098 0.7137 0.7216
v 0.499756 0.241211 0.080811 0.7176 0.7216 0.7176
v 0.486084 0.249512 0.093018 0.8274 0.8313 0.8235
v 0.494385 0.249512 0.093018 0.8823 0.8823 0.8823
v 0.499756 0.247559 0.093506 0.6706 0.6706 0.6706
v 0.486084 0.231934 0.069092 0.7568 0.7647 0.7608
v 0.499756 0.230957 0.071045 0.7255 0.7294 0.7294
v 0.494385 0.232422 0.069092 0.5608 0.5608 0.5686
v 0.494385 0.189941 0.062256 0.3294 0.3490 0.3647
v 0.486084 0.204590 0.060303 0.4902 0.5059 0.5137
v 0.494385 0.204590 0.059814 0.3725 0.3882 0.4000
v 0.499756 0.204590 0.062256 0.4941 0.4980 0.5059
v 0.494385 0.219238 0.062256 0.5294 0.5333 0.5412
v 0.381592 0.364746 0.105225 0.2941 0.3137 0.3372
v 0.386963 0.364746 0.099853 0.2706 0.2745 0.2902
v 0.380615 0.360840 0.091553 0.3961 0.4157 0.4314
v 0.381592 0.364746 0.083740 0.2432 0.2510 0.2667
v 0.387451 0.362305 0.091553 0.4078 0.4078 0.4157
v 0.389893 0.365234 0.091553 0.0902 0.0941 0.1059
v 0.386963 0.364746 0.088623 0.3765 0.3882 0.4078
v 0.380615 0.386230 0.091553 0.8039 0.8039 0.8039
v 0.389893 0.378418 0.091553 0.5725 0.5725 0.5804
v 0.387451 0.383301 0.091553 0.8274 0.8274 0.8274
v 0.381592 0.364746 0.009521 0.2275 0.2314 0.2510
v 0.386963 0.364746 0.004639 0.2902 0.2941 0.3176
v 0.030518 0.396484 0.236572 0.6902 0.6902 0.6902
v 0.029053 0.405273 0.236572 0.9529 0.9529 0.9529
v 0.027588 0.394531 0.226807 0.0431 0.0471 0.0549
v 0.031006 0.388672 0.220459 0.0431 0.0471 0.0510
v 0.025635 0.404297 0.226807 0.1686 0.1843 0.1882
v 0.027100 0.403809 0.220459 0.0706 0.0706 0.0706
v 0.045654 0.405762 0.236572 0.9058 0.9058 0.9058
v 0.044189 0.415527 0.236572 0.9058 0.9137 0.9176
v 0.049561 0.394531 0.236572 0.9058 0.9058 0.9058
v 0.056397 0.388672 0.236572 0.9137 0.9137 0.9137
v 0.051514 0.396973 0.227783 0.7725 0.7725 0.7725
v 0.059326 0.391113 0.227783 0.7608 0.7608 0.7608
v 0.048096 0.409180 0.227783 0.2314 0.2510 0.2627
v 0.046631 0.418945 0.227783 0.5451 0.5569 0.5764
v 0.041748 0.405273 0.172119 0.0902 0.0941 0.0980
v 0.040283 0.416016 0.172119 0.0980 0.1020 0.1098
v 0.051514 0.396973 0.181885 0.0784 0.0824 0.0902
v 0.048584 0.390625 0.172119 0.0902 0.0941 0.1020
v 0.058838 0.391113 0.181885 0.0863 0.0902 0.0980
v 0.047607 0.409180 0.181885 0.0784 0.0863 0.0863
v 0.046631 0.419434 0.181885 0.0941 0.0980 0.1059
v 0.000244 0.488281 0.133545 0.1216 0.1294 0.1255
v 0.027100 0.488281 0.133545 0.1294 0.1373 0.1333
v 0.027588 0.494141 0.130615 0.1294 0.1373 0.1333
v 0.047607 0.473633 0.133545 0.1294 0.1373 0.1333
v 0.052979 0.476562 0.130615 0.1294 0.1373 0.1373
v 0.035400 0.485840 0.133545 0.1333 0.1333 0.1333
v 0.037842 0.491211 0.131104 0.1333 0.1333 0.1333
v 0.042236 0.480957 0.133545 0.1294 0.1333 0.1412
v 0.046631 0.485352 0.131104 0.1294 0.1373 0.1333
v 0.068604 0.388184 0.227783 0.7882 0.7882 0.7960
v 0.068115 0.388184 0.181885 0.0941 0.0980 0.0941
v 0.072021 0.420410 0.133545 0.1216 0.1294 0.1255
v 0.079834 0.418457 0.126709 0.1294 0.1373 0.1333
v 0.029053 0.557617 0.236572 0.9294 0.9294 0.9255
v 0.030518 0.565918 0.236572 0.9176 0.9215 0.9137
v 0.025635 0.558105 0.226807 0.4941 0.4980 0.5059
v 0.027100 0.567871 0.226807 0.2510 0.2549 0.2627
v 0.027100 0.559082 0.220459 0.0863 0.0863 0.0941
v 0.029541 0.570312 0.220459 0.1020 0.1020 0.1059
v 0.044189 0.547363 0.236572 0.8902 0.8902 0.8902
v 0.045166 0.556641 0.236572 0.7764 0.7686 0.7725
v 0.046631 0.543945 0.227783 0.2667 0.2863 0.2980
v 0.049072 0.567871 0.236572 0.5176 0.5176 0.5176
v 0.055420 0.573730 0.236572 0.4039 0.4000 0.4157
v 0.047607 0.553711 0.227783 0.0510 0.0667 0.0706
v 0.051514 0.565430 0.227783 0.0549 0.0667 0.0824
v 0.058350 0.571777 0.227783 0.0824 0.1020 0.1137
v 0.007568 0.606445 0.220459 0.1020 0.1059 0.1137
v 0.034424 0.575684 0.236572 0.9058 0.9137 0.9098
v 0.039795 0.583008 0.236572 0.8941 0.8980 0.8980
v 0.046631 0.588867 0.236572 0.8627 0.8666 0.8627
v 0.031982 0.578125 0.226807 0.2980 0.3137 0.3059
v 0.038330 0.586426 0.226807 0.3843 0.3921 0.3882
v 0.038330 0.584473 0.220459 0.1216 0.1216 0.1216
v 0.045654 0.592285 0.226807 0.4706 0.4745 0.4784
v 0.054932 0.592773 0.236572 0.8706 0.8706 0.8706
v 0.054443 0.596680 0.226807 0.5843 0.5921 0.5921
v 0.052002 0.594238 0.220459 0.0941 0.0941 0.0941
v 0.046631 0.543457 0.181885 0.0784 0.0824 0.0824
v 0.040771 0.546875 0.172119 0.0824 0.0902 0.0863
v 0.041748 0.557617 0.172119 0.0784 0.0824 0.0784
v 0.047607 0.553711 0.181885 0.0706 0.0784 0.0745
v 0.051025 0.565430 0.181885 0.0863 0.0902 0.0902
v 0.048584 0.572266 0.172119 0.0706 0.0745 0.0824
v 0.057861 0.571777 0.181885 0.0941 0.0980 0.0980
v 0.064209 0.576660 0.236572 0.1765 0.1725 0.1882
v 0.075439 0.578613 0.236572 0.2745 0.2784 0.2902
v 0.065674 0.595215 0.236572 0.8745 0.8823 0.8784
v 0.067139 0.574707 0.227783 0.1294 0.1490 0.1686
v 0.065674 0.599121 0.226807 0.7568 0.7568 0.7568
v 0.065186 0.597168 0.220459 0.1020 0.1020 0.1098
v 0.078857 0.576660 0.227783 0.1490 0.1686 0.1804
v 0.067139 0.574707 0.181885 0.0980 0.1020 0.1098
v 0.062744 0.579102 0.172119 0.0784 0.0863 0.0824
v 0.075439 0.580566 0.172119 0.0902 0.0941 0.1020
v 0.078857 0.576172 0.181885 0.0980 0.1059 0.1020
v 0.115967 0.596191 0.160889 0.0314 0.0314 0.0314
v 0.117432 0.602051 0.158447 0.1098 0.1137 0.1216
v 0.117920 0.604492 0.152588 0.1059 0.1098 0.1176
v 0.027588 0.496582 0.124756 0.1294 0.1373 0.1333
v 0.055420 0.477539 0.124756 0.1373 0.1412 0.1412
v 0.038818 0.493652 0.124756 0.1333 0.1412 0.1373
v 0.048584 0.486816 0.124756 0.1373 0.1451 0.1412
v 0.054443 0.422852 0.008545 0.7020 0.6863 0.6824
v 0.056885 0.434082 0.005615 0.0745 0.0706 0.0745
v 0.000244 0.487305 0.007568 0.0353 0.0353 0.0353
v 0.027588 0.496582 0.016357 0.1373 0.1451 0.1412
v 0.027588 0.494141 0.010010 0.1804 0.1843 0.1765
v 0.024658 0.490723 0.007568 0.0275 0.0275 0.0196
v 0.031006 0.491699 0.004639 0.1530 0.1569 0.1530
v 0.027588 0.496094 0.003174 0.1412 0.1412 0.1412
v 0.021729 0.496582 0.004639 0.1333 0.1373 0.1333
v 0.055420 0.477539 0.016357 0.1569 0.1647 0.1608
v 0.052979 0.476562 0.010010 0.1647 0.1725 0.1647
v 0.047607 0.473633 0.007568 0.3961 0.3921 0.3765
v 0.038818 0.493652 0.016357 0.1412 0.1412 0.1412
v 0.037842 0.491211 0.010010 0.1765 0.1843 0.1843
v 0.031494 0.486816 0.007568 0.0235 0.0196 0.0039
v 0.046631 0.485352 0.010010 0.1725 0.1765 0.1725
v 0.042236 0.480957 0.007568 0.3059 0.3059 0.2980
v 0.048584 0.486816 0.016357 0.1412 0.1490 0.1451
v 0.077881 0.423828 0.124756 0.1294 0.1373 0.1333
v 0.074951 0.429199 0.113037 0.1255 0.1333 0.1294
v 0.082275 0.430176 0.123291 0.1294 0.1333 0.1373
v 0.082275 0.436523 0.113037 0.1373 0.1451 0.1412
v 0.069092 0.417969 0.008545 0.6863 0.6824 0.6628
v 0.076416 0.425293 0.016357 0.1294 0.1373 0.1333
v 0.074951 0.429199 0.023193 0.1294 0.1373 0.1333
v 0.077393 0.421387 0.012939 0.1451 0.1490 0.1451
v 0.071045 0.429199 0.005615 0.1216 0.1294 0.1255
v 0.082275 0.436523 0.023193 0.1451 0.1530 0.1490
v 0.079834 0.421875 0.008545 0.5098 0.5098 0.4902
v 0.082275 0.432617 0.014404 0.1490 0.1490 0.1490
v 0.081787 0.433105 0.005615 0.1569 0.1569 0.1490
v 0.138428 0.388184 0.227783 0.6902 0.6941 0.7098
v 0.149658 0.388672 0.236572 0.8902 0.8941 0.8941
v 0.156006 0.395020 0.236572 0.9058 0.9137 0.9098
v 0.146729 0.391113 0.227783 0.6745 0.6902 0.7020
v 0.153564 0.397461 0.227783 0.6354 0.6393 0.6432
v 0.159424 0.406250 0.236572 0.9255 0.9255 0.9255
v 0.160400 0.416016 0.236572 0.9019 0.9058 0.9019
v 0.156982 0.409180 0.227783 0.0000 0.0039 0.0118
v 0.177979 0.396484 0.236572 0.5530 0.5530 0.5530
v 0.179443 0.405273 0.236572 0.6510 0.6510 0.6510
v 0.177002 0.388672 0.220459 0.0627 0.0627 0.0667
v 0.180908 0.394531 0.226807 0.0667 0.0667 0.0745
v 0.182861 0.404297 0.226807 0.0941 0.0941 0.1020
v 0.181396 0.403809 0.220459 0.0784 0.0784 0.0784
v 0.157959 0.419434 0.227783 0.0157 0.0157 0.0157
v 0.137939 0.388184 0.181885 0.0941 0.0941 0.0941
v 0.146729 0.391113 0.181885 0.0863 0.0902 0.0980
v 0.153564 0.397461 0.181885 0.0745 0.0784 0.0863
v 0.132080 0.421387 0.126709 0.1373 0.1373 0.1373
v 0.156982 0.390625 0.172119 0.0706 0.0745 0.0824
v 0.156982 0.409180 0.181885 0.0745 0.0824 0.0824
v 0.163330 0.405273 0.172119 0.0745 0.0784 0.0863
v 0.164795 0.416016 0.172119 0.0784 0.0824 0.0902
v 0.157959 0.419922 0.181885 0.0784 0.0863 0.0824
v 0.226807 0.387207 0.197998 0.7804 0.7960 0.8000
v 0.226807 0.387207 0.186768 0.7921 0.8078 0.8117
v 0.150146 0.574219 0.236572 0.5176 0.5176 0.5294
v 0.147217 0.572266 0.227783 0.0824 0.0863 0.0941
v 0.154053 0.564941 0.227783 0.0392 0.0392 0.0392
v 0.160400 0.546875 0.236572 0.9176 0.9176 0.9176
v 0.159424 0.556641 0.236572 0.7843 0.7843 0.7843
v 0.156494 0.567383 0.236572 0.6589 0.6589 0.6667
v 0.157959 0.543457 0.227783 0.0118 0.0157 0.0157
v 0.156982 0.553223 0.227783 0.0118 0.0196 0.0157
v 0.179443 0.557617 0.236572 0.7568 0.7568 0.7490
v 0.177979 0.565918 0.236572 0.8157 0.8157 0.8117
v 0.182861 0.558105 0.226807 0.1098 0.1137 0.1216
v 0.178955 0.570312 0.220459 0.0627 0.0627 0.0627
v 0.181396 0.567871 0.226807 0.1098 0.1137 0.1137
v 0.181396 0.559082 0.220459 0.0941 0.0941 0.0941
v 0.132080 0.578613 0.236572 0.2823 0.2863 0.3019
v 0.128662 0.576660 0.227783 0.1098 0.1255 0.1294
v 0.137451 0.575195 0.227295 0.1020 0.1176 0.1294
v 0.140869 0.577637 0.236084 0.2667 0.2745 0.2863
v 0.142822 0.595215 0.236572 0.8784 0.8823 0.8823
v 0.150635 0.592773 0.236572 0.8627 0.8666 0.8666
v 0.142822 0.599121 0.226807 0.6236 0.6393 0.6354
v 0.143311 0.597168 0.220459 0.0549 0.0706 0.0824
v 0.150635 0.597168 0.226807 0.6039 0.6039 0.6000
v 0.152588 0.595215 0.220459 0.1137 0.1216 0.1216
v 0.159424 0.589844 0.236572 0.8196 0.8235 0.8196
v 0.168701 0.583008 0.236572 0.8117 0.8117 0.8117
v 0.170166 0.586426 0.226807 0.1098 0.1098 0.1137
v 0.159912 0.593750 0.226807 0.1451 0.1451 0.1451
v 0.162842 0.590332 0.220459 0.1216 0.1216 0.1216
v 0.174072 0.575684 0.236572 0.8117 0.8196 0.8157
v 0.177002 0.578125 0.226807 0.1098 0.1137 0.1098
v 0.174072 0.579590 0.220459 0.0627 0.0627 0.0667
v 0.147217 0.572266 0.181885 0.0784 0.0824 0.0863
v 0.154053 0.564941 0.181885 0.0706 0.0784 0.0745
v 0.154053 0.566895 0.160889 0.0275 0.0353 0.0314
v 0.157959 0.542969 0.181885 0.0706 0.0745 0.0784
v 0.156982 0.553223 0.181885 0.0706 0.0745 0.0706
v 0.163330 0.557617 0.172119 0.0784 0.0824 0.0902
v 0.164795 0.546875 0.172119 0.0745 0.0824 0.0784
v 0.156982 0.572266 0.172119 0.0745 0.0784 0.0863
v 0.156982 0.549805 0.160889 0.0157 0.0157 0.0157
v 0.162842 0.550293 0.158447 0.0784 0.0824 0.0902
v 0.159424 0.568848 0.158447 0.0706 0.0745 0.0824
v 0.165283 0.550293 0.152588 0.1059 0.1098 0.1176
v 0.161865 0.569824 0.152588 0.0941 0.0980 0.1059
v 0.128174 0.576660 0.180908 0.0941 0.0980 0.1059
v 0.131104 0.580566 0.172119 0.0941 0.1020 0.0980
v 0.137451 0.575195 0.181396 0.0902 0.0980 0.0941
v 0.132568 0.591309 0.160889 0.0314 0.0314 0.0314
v 0.135498 0.596680 0.158447 0.0941 0.0980 0.1020
v 0.143311 0.579102 0.172119 0.0902 0.0941 0.0980
v 0.145752 0.581055 0.160889 0.0275 0.0353 0.0314
v 0.150146 0.584961 0.158447 0.0627 0.0706 0.0706
v 0.136475 0.599121 0.152588 0.1020 0.1059 0.1137
v 0.152100 0.586914 0.152588 0.0941 0.0980 0.1098
v 0.216553 0.589844 0.220459 0.3372 0.3372 0.3372
v 0.218506 0.604492 0.220459 0.2823 0.2823 0.2823
v 0.224365 0.618164 0.220459 0.0392 0.0353 0.0353
v 0.233643 0.630371 0.220459 0.0078 0.0078 0.0078
v 0.222412 0.589844 0.218018 0.1020 0.1020 0.1059
v 0.224854 0.589355 0.212158 0.0627 0.0627 0.0627
v 0.224365 0.603027 0.218018 0.0549 0.0510 0.0510
v 0.226807 0.602539 0.212158 0.0353 0.0353 0.0353
v 0.229736 0.615723 0.218018 0.0157 0.0157 0.0157
v 0.231689 0.614258 0.212158 0.0196 0.0196 0.0196
v 0.238037 0.625977 0.218018 0.0118 0.0118 0.0118
v 0.239502 0.624512 0.212158 0.0118 0.0118 0.0118
v 0.248779 0.634277 0.218018 0.0078 0.0118 0.0078
v 0.249756 0.632324 0.212158 0.0078 0.0078 0.0078
v 0.216553 0.589844 0.154541 0.0118 0.0118 0.0118
v 0.218506 0.604492 0.154541 0.0118 0.0118 0.0118
v 0.222412 0.589844 0.156982 0.0118 0.0157 0.0157
v 0.224854 0.589355 0.162842 0.0275 0.0353 0.0392
v 0.224365 0.603027 0.156982 0.0157 0.0157 0.0157
v 0.226807 0.602539 0.162842 0.0235 0.0275 0.0353
v 0.229736 0.615723 0.156982 0.0118 0.0118 0.0118
v 0.231689 0.614258 0.162842 0.0196 0.0235 0.0275
v 0.238037 0.625977 0.156982 0.0157 0.0157 0.0157
v 0.239502 0.624512 0.162842 0.0157 0.0235 0.0275
v 0.249756 0.632324 0.162842 0.0157 0.0196 0.0196
v 0.248779 0.634277 0.156982 0.0118 0.0118 0.0118
v 0.224365 0.618164 0.154541 0.0078 0.0078 0.0078
v 0.233643 0.630371 0.154541 0.0118 0.0118 0.0118
v 0.128662 0.431152 0.122314 0.1373 0.1451 0.1412
v 0.138916 0.421387 0.124268 0.1373 0.1451 0.1412
v 0.138916 0.429688 0.120850 0.1294 0.1373 0.1333
v 0.126709 0.436523 0.113037 0.1333 0.1412 0.1373
v 0.138916 0.434082 0.113037 0.1294 0.1373 0.1333
v 0.142822 0.422363 0.113037 0.3765 0.3843 0.3647
v 0.126709 0.436523 0.023193 0.1530 0.1608 0.1569
v 0.127686 0.434082 0.016357 0.1373 0.1412 0.1451
v 0.138916 0.434082 0.023193 0.1686 0.1765 0.1686
v 0.132080 0.422363 0.009521 0.2941 0.3019 0.2902
v 0.138916 0.421387 0.011963 0.4823 0.4902 0.4706
v 0.138428 0.432129 0.015381 0.1569 0.1608 0.1530
v 0.137939 0.429688 0.008545 0.2000 0.2078 0.1961
v 0.133057 0.436523 0.005615 0.1176 0.1255 0.1216
v 0.142822 0.422363 0.023193 0.4235 0.4314 0.4118
v 0.145752 0.428711 0.005615 0.1059 0.1137 0.1098
v 0.141357 0.434570 0.004150 0.1098 0.1176 0.1137
v 0.245850 0.639648 0.220459 0.0471 0.0588 0.0549
v 0.441162 0.632812 0.276611 0.3765 0.3882 0.4196
v 0.441162 0.625488 0.272217 0.1647 0.1765 0.2000
v 0.447022 0.628418 0.271728 0.2000 0.2118 0.2353
v 0.447022 0.632812 0.273193 0.4314 0.4432 0.4667
v 0.441162 0.623535 0.264893 0.0667 0.0706 0.0863
v 0.447022 0.626953 0.264893 0.1569 0.1608 0.1765
v 0.450439 0.632812 0.264893 0.3412 0.3412 0.3647
v 0.441162 0.656738 0.277100 0.9215 0.9215 0.9215
v 0.441162 0.659668 0.276611 0.9019 0.9058 0.9058
v 0.441162 0.662109 0.272705 0.8941 0.8902 0.8941
v 0.441162 0.665039 0.269775 0.0353 0.0353 0.0353
v 0.447022 0.657715 0.273682 0.8588 0.8509 0.8470
v 0.449951 0.657715 0.265869 0.7098 0.7020 0.7059
v 0.447022 0.660645 0.270264 0.8509 0.8509 0.8509
v 0.447510 0.663086 0.267334 0.8745 0.8666 0.8706
v 0.447510 0.666992 0.265869 0.8862 0.8862 0.8862
v 0.451416 0.659180 0.261963 0.6236 0.6157 0.6236
v 0.451416 0.663086 0.260498 0.6393 0.6315 0.6354
v 0.441162 0.668945 0.267822 0.0235 0.0235 0.0235
v 0.441162 0.680176 0.263916 0.0784 0.0784 0.0784
v 0.447510 0.678711 0.261475 0.9176 0.9176 0.9176
v 0.451416 0.674805 0.256103 0.6393 0.6315 0.6354
v 0.441162 0.695801 0.252197 0.0980 0.0980 0.0980
v 0.447510 0.694336 0.250244 0.8980 0.9058 0.9019
v 0.364990 0.387207 0.197998 0.7921 0.8078 0.8157
v 0.364990 0.387207 0.186768 0.6510 0.6550 0.6628
v 0.367432 0.387207 0.184326 0.1530 0.1569 0.1608
v 0.365479 0.635742 0.209228 0.1530 0.1608 0.1647
v 0.364502 0.635742 0.206787 0.1451 0.1569 0.1608
v 0.367920 0.635742 0.210205 0.1843 0.1961 0.2000
v 0.364502 0.635742 0.182373 0.0667 0.0706 0.0784
v 0.365479 0.635742 0.179932 0.0667 0.0706 0.0824
v 0.367920 0.635742 0.178955 0.0706 0.0745 0.0824
v 0.367432 0.387207 0.091553 0.8353 0.8353 0.8353
v 0.398193 0.629883 0.224365 0.0118 0.0196 0.0196
v 0.405518 0.634766 0.221436 0.0235 0.0275 0.0314
v 0.387939 0.635742 0.210205 0.1961 0.2000 0.2078
v 0.390381 0.635742 0.209228 0.1922 0.1961 0.1961
v 0.391357 0.635742 0.206787 0.2118 0.2157 0.2157
v 0.398682 0.636719 0.216064 0.0392 0.0431 0.0392
v 0.390381 0.635742 0.179932 0.2000 0.2039 0.2118
v 0.387939 0.635742 0.178955 0.1961 0.2039 0.2118
v 0.391357 0.635742 0.182373 0.2314 0.2353 0.2432
v 0.441162 0.627441 0.229248 0.0118 0.0118 0.0118
v 0.441162 0.629883 0.224365 0.0314 0.0353 0.0353
v 0.441162 0.634766 0.221436 0.0471 0.0510 0.0549
v 0.447022 0.630371 0.229736 0.1412 0.1451 0.1569
v 0.446533 0.632324 0.226318 0.1569 0.1686 0.1843
v 0.447022 0.635742 0.224365 0.2000 0.2157 0.2353
v 0.255127 0.644043 0.220459 0.1137 0.1333 0.1373
v 0.274658 0.639160 0.220459 0.0196 0.0196 0.0157
v 0.260986 0.639648 0.218018 0.0118 0.0118 0.0078
v 0.261475 0.637207 0.212158 0.0118 0.0118 0.0118
v 0.274658 0.639160 0.212158 0.0118 0.0118 0.0118
v 0.261475 0.637207 0.162842 0.0118 0.0118 0.0118
v 0.260986 0.639648 0.156982 0.0118 0.0157 0.0157
v 0.274658 0.639160 0.162842 0.0118 0.0118 0.0118
v 0.274170 0.642090 0.156982 0.0118 0.0118 0.0118
v 0.252197 0.642578 0.154541 0.0118 0.0118 0.0118
v 0.274170 0.643555 0.153564 0.0118 0.0078 0.0118
v 0.363525 0.638672 0.211182 0.0353 0.0392 0.0392
v 0.363525 0.638672 0.177978 0.0353 0.0392 0.0431
v 0.370850 0.642090 0.156494 0.0118 0.0157 0.0157
v 0.371338 0.639160 0.160889 0.0118 0.0196 0.0157
v 0.370850 0.643555 0.154053 0.0078 0.0196 0.0157
v 0.390381 0.639160 0.220459 0.0157 0.0196 0.0275
v 0.390381 0.639160 0.212158 0.0157 0.0235 0.0196
v 0.392334 0.638672 0.211182 0.1647 0.1569 0.1412
v 0.401611 0.639160 0.215576 0.0196 0.0196 0.0196
v 0.401611 0.663086 0.205811 0.0353 0.0353 0.0353
v 0.405518 0.665039 0.209228 0.0353 0.0353 0.0353
v 0.405518 0.687500 0.188721 0.0471 0.0549 0.0510
v 0.380615 0.639160 0.158447 0.0157 0.0157 0.0157
v 0.392334 0.638672 0.177978 0.1059 0.1098 0.1059
v 0.401611 0.684570 0.186279 0.0431 0.0431 0.0431
v 0.378662 0.642090 0.154541 0.0157 0.0157 0.0157
v 0.377197 0.643555 0.152100 0.0157 0.0157 0.0157
v 0.381592 0.643555 0.147705 0.0157 0.0157 0.0157
v 0.384033 0.642090 0.149170 0.0157 0.0157 0.0157
v 0.387451 0.639160 0.151123 0.0157 0.0157 0.0157
v 0.386475 0.642090 0.140869 0.0157 0.0157 0.0157
v 0.390381 0.639160 0.141357 0.0235 0.0235 0.0235
v 0.383545 0.643555 0.140381 0.0157 0.0157 0.0157
v 0.401611 0.701660 0.159424 0.0588 0.0588 0.0588
v 0.405518 0.704590 0.161377 0.0627 0.0706 0.0667
v 0.405518 0.720703 0.126221 0.0667 0.0745 0.0706
v 0.449463 0.637207 0.230225 0.5530 0.5530 0.5647
v 0.450439 0.652344 0.226807 0.6354 0.6354 0.6432
v 0.447022 0.648438 0.221436 0.2275 0.2314 0.2314
v 0.451416 0.690430 0.244873 0.6157 0.6079 0.6118
v 0.441162 0.647949 0.218018 0.0471 0.0471 0.0471
v 0.441162 0.665039 0.209228 0.0392 0.0392 0.0392
v 0.447022 0.666504 0.211182 0.1608 0.1647 0.1725
v 0.450439 0.670410 0.216553 0.6667 0.6667 0.6745
v 0.441162 0.687500 0.188721 0.0392 0.0392 0.0471
v 0.450439 0.692383 0.195557 0.5608 0.5647 0.5843
v 0.447021 0.688965 0.190674 0.2000 0.2039 0.2196
v 0.441162 0.716797 0.225342 0.0706 0.0784 0.0745
v 0.447510 0.715332 0.223389 0.8784 0.8784 0.8706
v 0.451416 0.711426 0.218506 0.6118 0.6118 0.6118
v 0.451416 0.730469 0.182373 0.5961 0.5961 0.5961
v 0.441162 0.704590 0.161377 0.0039 0.0039 0.0000
v 0.451416 0.710938 0.166260 0.3216 0.3255 0.3490
v 0.447510 0.706543 0.162842 0.2000 0.2118 0.2275
v 0.441162 0.736328 0.187256 0.0392 0.0392 0.0392
v 0.447510 0.734375 0.185791 0.8353 0.8353 0.8353
v 0.441162 0.720703 0.126221 0.0431 0.0471 0.0471
v 0.447510 0.722656 0.127197 0.0941 0.0980 0.1059
v 0.451416 0.727051 0.130127 0.2745 0.2784 0.2980
v 0.441162 0.753906 0.146728 0.0275 0.0275 0.0235
v 0.447510 0.751953 0.145264 0.8196 0.8196 0.8196
v 0.451416 0.747559 0.142334 0.5921 0.5882 0.5882
v 0.401611 0.717285 0.124756 0.0588 0.0588 0.0588
v 0.405518 0.730469 0.086670 0.0667 0.0667 0.0667
v 0.401611 0.727051 0.085693 0.0588 0.0588 0.0588
v 0.401611 0.731445 0.043701 0.0549 0.0549 0.0549
v 0.405518 0.734863 0.044189 0.0667 0.0745 0.0706
v 0.451416 0.758789 0.097900 0.6039 0.5961 0.6000
v 0.441162 0.730469 0.086670 0.0275 0.0275 0.0275
v 0.447510 0.732422 0.087646 0.1137 0.1176 0.1255
v 0.451416 0.737305 0.089600 0.3019 0.3059 0.3216
v 0.441162 0.734863 0.044189 0.0000 0.0000 0.0039
v 0.447510 0.736816 0.044678 0.1922 0.1922 0.2118
v 0.451416 0.741699 0.045654 0.3019 0.3019 0.3176
v 0.441162 0.765137 0.100830 0.0000 0.0000 0.0000
v 0.447510 0.763184 0.099853 0.8784 0.8784 0.8823
v 0.441162 0.771484 0.051514 0.0000 0.0000 0.0000
v 0.447510 0.769531 0.051025 0.8235 0.8235 0.8235
v 0.451416 0.764648 0.050049 0.6079 0.6000 0.6079
v 0.062256 0.056641 -0.109131 0.0235 0.0235 0.0235
v 0.055420 0.066895 -0.109131 0.0235 0.0235 0.0235
v 0.025635 0.100586 -0.124268 0.0000 0.0000 0.0000
v 0.029541 0.100586 -0.118896 0.0000 0.0000 0.0000
v 0.046143 0.100586 -0.108643 0.0118 0.0157 0.0118
v 0.050049 0.077637 -0.109131 0.0196 0.0196 0.0196
v 0.047119 0.089355 -0.109131 0.0196 0.0235 0.0235
v 0.081299 0.041016 -0.109131 0.0275 0.0353 0.0314
v 0.092041 0.035645 -0.109131 0.0314 0.0353 0.0314
v 0.071045 0.047852 -0.109131 0.0235 0.0235 0.0235
v 0.104248 0.032715 -0.109131 0.0314 0.0353 0.0392
v 0.116455 0.031250 -0.109131 0.0314 0.0314 0.0314
v 0.116455 0.010742 -0.125732 0.0118 0.0118 0.0118
v 0.116455 0.010742 -0.182373 0.0000 0.0000 0.0000
v 0.031006 0.070801 -0.125732 0.0196 0.0196 0.0196
v 0.031006 0.070801 -0.182373 0.0196 0.0196 0.0196
v 0.057861 0.032227 -0.125732 0.0196 0.0196 0.0196
v 0.037842 0.056152 -0.125732 0.0196 0.0196 0.0196
v 0.046631 0.043457 -0.125732 0.0275 0.0275 0.0275
v 0.057861 0.032227 -0.182373 0.0196 0.0196 0.0196
v 0.060791 0.035645 -0.187256 0.0118 0.0157 0.0196
v 0.037842 0.056152 -0.182373 0.0235 0.0235 0.0275
v 0.046631 0.043457 -0.182373 0.0235 0.0235 0.0235
v 0.041748 0.058594 -0.187256 0.0039 0.0078 0.0078
v 0.035400 0.072266 -0.187256 0.0157 0.0157 0.0157
v 0.050049 0.046387 -0.187256 0.0196 0.0196 0.0275
v 0.060303 0.054688 -0.187256 0.7804 0.7804 0.7804
v 0.052979 0.065430 -0.187256 0.6118 0.6118 0.6157
v 0.056885 0.067383 -0.179932 0.5176 0.5176 0.5216
v 0.027100 0.085938 -0.125732 0.0157 0.0235 0.0196
v 0.025635 0.101562 -0.125732 0.0039 0.0039 0.0039
v 0.025635 0.101562 -0.140381 0.0039 0.0039 0.0039
v 0.025635 0.104492 -0.152100 0.0118 0.0196 0.0157
v 0.027100 0.085938 -0.182373 0.0235 0.0235 0.0235
v 0.025635 0.101562 -0.182373 0.0157 0.0196 0.0157
v 0.030029 0.101562 -0.187256 0.0392 0.0392 0.0353
v 0.026123 0.111816 -0.156982 0.0275 0.0353 0.0353
v 0.026611 0.117676 -0.156494 0.0275 0.0314 0.0392
v 0.030518 0.132812 -0.156494 0.0471 0.0510 0.0588
v 0.027100 0.117188 -0.182373 0.0314 0.0353 0.0431
v 0.031006 0.132812 -0.182373 0.0431 0.0471 0.0549
v 0.031494 0.086426 -0.187256 0.1608 0.1608 0.1647
v 0.044678 0.088867 -0.187256 0.7725 0.7725 0.7804
v 0.043701 0.101562 -0.187256 0.8235 0.8196 0.8392
v 0.047607 0.076660 -0.187256 0.3804 0.3765 0.3961
v 0.052002 0.078125 -0.179932 0.2471 0.2471 0.2549
v 0.048584 0.089844 -0.179932 0.0392 0.0471 0.0431
v 0.047607 0.101562 -0.179932 0.0471 0.0549 0.0510
v 0.031494 0.116699 -0.187256 0.6785 0.6785 0.6863
v 0.044678 0.114258 -0.187256 0.5961 0.5961 0.6157
v 0.035400 0.130859 -0.187256 0.7098 0.7098 0.7137
v 0.048584 0.113281 -0.179932 0.0510 0.0549 0.0627
v 0.047607 0.126465 -0.187256 0.8157 0.8157 0.8157
v 0.052002 0.125000 -0.179932 0.0196 0.0196 0.0196
v 0.056885 0.135742 -0.179932 0.0510 0.0549 0.0549
v 0.071045 0.022949 -0.125732 0.0118 0.0118 0.0118
v 0.085205 0.016602 -0.125732 0.0118 0.0118 0.0118
v 0.071045 0.022949 -0.182373 0.0039 0.0039 0.0039
v 0.072998 0.026855 -0.187256 0.0118 0.0118 0.0157
v 0.085205 0.016602 -0.182373 0.0000 0.0000 0.0000
v 0.086670 0.020508 -0.187256 0.0039 0.0078 0.0078
v 0.081787 0.041992 -0.179932 0.8353 0.8392 0.8431
v 0.079834 0.038574 -0.187256 0.7960 0.7960 0.7960
v 0.091553 0.033203 -0.187256 0.8039 0.8039 0.8039
v 0.093018 0.037109 -0.179932 0.8353 0.8431 0.8470
v 0.069580 0.045898 -0.187256 0.7921 0.7921 0.7921
v 0.063721 0.057617 -0.179932 0.7960 0.8039 0.8000
v 0.072021 0.048828 -0.179932 0.8157 0.8235 0.8196
v 0.100342 0.012207 -0.125732 0.0118 0.0157 0.0157
v 0.100342 0.012207 -0.182373 0.0000 0.0039 0.0039
v 0.101318 0.016602 -0.187256 0.0078 0.0078 0.0118
v 0.104248 0.034180 -0.179932 0.8470 0.8549 0.8509
v 0.103760 0.029785 -0.187256 0.8274 0.8274 0.8274
v 0.116455 0.015625 -0.187256 0.0078 0.0078 0.0118
v 0.116455 0.033203 -0.179932 0.8627 0.8706 0.8666
v 0.116455 0.028809 -0.187256 0.8235 0.8235 0.8235
v 0.101318 0.074219 -0.179443 0.0471 0.0471 0.0471
v 0.111084 0.070801 -0.179443 0.0549 0.0627 0.0588
v 0.120850 0.071289 -0.179443 0.0549 0.0627 0.0588
v 0.087158 0.082031 -0.179932 0.0667 0.0706 0.0745
v 0.091553 0.081543 -0.179932 0.0549 0.0588 0.0667
v 0.084229 0.113770 -0.179932 0.0157 0.0157 0.0157
v 0.088135 0.114746 -0.179443 0.0118 0.0157 0.0196
v 0.090576 0.117188 -0.179443 0.0157 0.0157 0.0157
v 0.093994 0.079590 -0.179443 0.0549 0.0549 0.0627
v 0.095459 0.123047 -0.179443 0.0196 0.0235 0.0275
v 0.103760 0.128418 -0.179443 0.0275 0.0275 0.0275
v 0.113525 0.130371 -0.179443 0.0314 0.0392 0.0353
v 0.123291 0.129395 -0.179443 0.0275 0.0353 0.0314
v 0.101318 0.074219 -0.199463 0.0118 0.0118 0.0118
v 0.111084 0.070801 -0.199463 0.0039 0.0039 0.0039
v 0.120850 0.071289 -0.199463 0.0078 0.0078 0.0078
v 0.087158 0.081055 -0.199463 0.0314 0.0314 0.0353
v 0.091553 0.080566 -0.199463 0.0510 0.0510 0.0627
v 0.093506 0.079590 -0.199463 0.0431 0.0471 0.0510
v 0.086670 0.085449 -0.203369 0.3843 0.3843 0.4039
v 0.090576 0.085449 -0.203369 0.3568 0.3568 0.3765
v 0.093506 0.086914 -0.203369 0.8117 0.8117 0.8196
v 0.086670 0.097168 -0.203369 0.8706 0.8706 0.8706
v 0.084229 0.115234 -0.199463 0.7725 0.7686 0.7804
v 0.088135 0.115723 -0.199463 0.7764 0.7725 0.7882
v 0.090088 0.116699 -0.199463 0.7764 0.7686 0.7843
v 0.084229 0.110840 -0.203369 0.8000 0.8000 0.8000
v 0.088135 0.110840 -0.203369 0.8078 0.8078 0.8078
v 0.091553 0.109863 -0.203369 0.8078 0.8078 0.8078
v 0.105225 0.097656 -0.189697 0.5608 0.5764 0.5961
v 0.107666 0.092773 -0.189697 0.6157 0.6236 0.6706
v 0.104736 0.103516 -0.189697 0.1176 0.1373 0.1608
v 0.106689 0.093262 -0.197510 0.8196 0.8196 0.8196
v 0.107666 0.093750 -0.198975 0.7137 0.7137 0.7098
v 0.109131 0.095215 -0.199951 0.0118 0.0118 0.0118
v 0.104248 0.099609 -0.197510 0.2863 0.2863 0.2980
v 0.105225 0.099609 -0.198975 0.0824 0.0863 0.0902
v 0.106689 0.105469 -0.198975 0.1059 0.1098 0.1255
v 0.107666 0.099609 -0.199951 0.0314 0.0314 0.0314
v 0.108643 0.104492 -0.199951 0.1098 0.1137 0.1216
v 0.097412 0.082031 -0.203369 0.2627 0.2627 0.2823
v 0.103271 0.077637 -0.203369 0.1373 0.1373 0.1569
v 0.109131 0.088379 -0.203369 0.8235 0.8235 0.8235
v 0.105225 0.091309 -0.203369 0.8039 0.8039 0.8039
v 0.102783 0.095215 -0.203369 0.7804 0.7804 0.7804
v 0.101807 0.099609 -0.203369 0.7804 0.7804 0.7804
v 0.102295 0.104492 -0.203369 0.8000 0.8000 0.8039
v 0.113525 0.089355 -0.189697 0.6589 0.6628 0.6824
v 0.112549 0.089355 -0.197510 0.8431 0.8431 0.8431
v 0.119873 0.089355 -0.189697 0.4589 0.4784 0.4980
v 0.119873 0.088867 -0.197510 0.8039 0.8039 0.8039
v 0.112549 0.090332 -0.198975 0.6706 0.6706 0.6706
v 0.113525 0.092285 -0.199951 0.0000 0.0000 0.0000
v 0.116455 0.100586 -0.201416 0.0863 0.0902 0.0980
v 0.118896 0.092285 -0.200439 0.0039 0.0039 0.0039
v 0.119385 0.090332 -0.199463 0.2745 0.2745 0.2745
v 0.124268 0.093262 -0.199463 0.0039 0.0039 0.0039
v 0.122803 0.094727 -0.200439 0.0039 0.0039 0.0039
v 0.124756 0.104004 -0.200439 0.1725 0.1765 0.1843
v 0.111572 0.074707 -0.203369 0.1137 0.1176 0.1294
v 0.113525 0.086914 -0.203369 0.8313 0.8313 0.8313
v 0.120361 0.075195 -0.203369 0.3529 0.3568 0.3765
v 0.117920 0.086914 -0.203369 0.8392 0.8392 0.8392
v 0.122803 0.088379 -0.203369 0.8353 0.8353 0.8313
v 0.107178 0.107910 -0.189697 0.0549 0.0667 0.0902
v 0.105713 0.105957 -0.197510 0.1020 0.1137 0.1333
v 0.095459 0.123047 -0.199463 0.0941 0.1059 0.1176
v 0.103760 0.128418 -0.199463 0.0471 0.0627 0.0745
v 0.093994 0.115723 -0.203369 0.8627 0.8666 0.8706
v 0.097900 0.120117 -0.203369 0.8862 0.8941 0.8941
v 0.103760 0.108887 -0.203369 0.8157 0.8157 0.8157
v 0.106201 0.111328 -0.203369 0.5961 0.5961 0.6000
v 0.105225 0.124512 -0.203369 0.8706 0.8745 0.8823
v 0.111572 0.111328 -0.189697 0.2823 0.2902 0.3176
v 0.110107 0.110840 -0.197510 0.2706 0.2823 0.3019
v 0.110596 0.109863 -0.198975 0.3961 0.4039 0.4196
v 0.111572 0.108398 -0.199951 0.2078 0.2078 0.2196
v 0.116943 0.112793 -0.197510 0.4550 0.4667 0.4941
v 0.116455 0.109375 -0.200439 0.1804 0.1843 0.1922
v 0.116943 0.111328 -0.199463 0.4039 0.4118 0.4275
v 0.117432 0.111816 -0.189697 0.3568 0.3725 0.4196
v 0.123779 0.109375 -0.189697 0.3372 0.3647 0.4000
v 0.123291 0.110352 -0.197510 0.3608 0.3647 0.3804
v 0.121338 0.107910 -0.200439 0.2078 0.2078 0.2157
v 0.122803 0.109375 -0.199463 0.2275 0.2314 0.2392
v 0.113525 0.130859 -0.199463 0.0902 0.0941 0.1098
v 0.123779 0.129883 -0.199463 0.0745 0.0784 0.0941
v 0.110107 0.113770 -0.203369 0.1333 0.1412 0.1451
v 0.114502 0.114746 -0.203369 0.0235 0.0314 0.0392
v 0.123779 0.112305 -0.203369 0.1412 0.1490 0.1530
v 0.119385 0.114258 -0.203369 0.0588 0.0667 0.0667
v 0.114014 0.126465 -0.203369 0.8784 0.8823 0.8902
v 0.122314 0.125977 -0.203369 0.8431 0.8470 0.8509
v 0.128662 0.032715 -0.109131 0.0314 0.0392 0.0392
v 0.140381 0.035645 -0.109131 0.0314 0.0392 0.0353
v 0.151611 0.041016 -0.109131 0.0314 0.0353 0.0392
v 0.161377 0.047852 -0.109131 0.0275 0.0353 0.0314
v 0.170166 0.056641 -0.109131 0.0275 0.0314 0.0314
v 0.177002 0.066895 -0.109131 0.0235 0.0314 0.0275
v 0.182373 0.077637 -0.109131 0.0235 0.0275 0.0275
v 0.185303 0.089355 -0.109131 0.0196 0.0196 0.0196
v 0.186279 0.100586 -0.108643 0.0118 0.0118 0.0118
v 0.200439 0.100098 -0.115479 0.0118 0.0118 0.0118
v 0.206787 0.100586 -0.124268 0.0118 0.0118 0.0118
v 0.132080 0.012207 -0.125732 0.0118 0.0118 0.0118
v 0.147217 0.016602 -0.125732 0.0157 0.0157 0.0157
v 0.132080 0.012207 -0.182373 0.0039 0.0039 0.0039
v 0.131104 0.016602 -0.187256 0.0078 0.0078 0.0118
v 0.128174 0.034180 -0.179932 0.8588 0.8666 0.8627
v 0.128662 0.029785 -0.187256 0.8313 0.8313 0.8313
v 0.139893 0.037109 -0.179932 0.8039 0.8117 0.8078
v 0.147217 0.016602 -0.182373 0.0039 0.0078 0.0039
v 0.145752 0.020508 -0.187256 0.0157 0.0157 0.0196
v 0.141357 0.033203 -0.187256 0.8274 0.8274 0.8313
v 0.150635 0.041992 -0.179932 0.7333 0.7372 0.7372
v 0.152588 0.038574 -0.187256 0.8392 0.8392 0.8392
v 0.161377 0.022949 -0.125732 0.0157 0.0157 0.0157
v 0.174561 0.032227 -0.125732 0.0157 0.0157 0.0157
v 0.185791 0.043457 -0.125732 0.0157 0.0157 0.0157
v 0.159424 0.026855 -0.187256 0.1059 0.1059 0.1098
v 0.161377 0.022949 -0.182373 0.0039 0.0078 0.0078
v 0.171631 0.035645 -0.187256 0.2745 0.2784 0.2902
v 0.174561 0.032227 -0.182373 0.0275 0.0314 0.0392
v 0.160400 0.048828 -0.179932 0.0588 0.0588 0.0588
v 0.162842 0.045898 -0.187256 0.8980 0.8980 0.8980
v 0.168701 0.057617 -0.179932 0.0039 0.0039 0.0039
v 0.172119 0.054688 -0.187256 0.9215 0.9294 0.9255
v 0.182373 0.046387 -0.187256 0.2902 0.2902 0.3176
v 0.185791 0.043457 -0.182373 0.0235 0.0275 0.0353
v 0.179443 0.065430 -0.187256 0.9568 0.9607 0.9647
v 0.175537 0.067383 -0.179932 0.0078 0.0078 0.0078
v 0.130615 0.074707 -0.179443 0.0588 0.0667 0.0627
v 0.137939 0.081055 -0.179443 0.0588 0.0667 0.0627
v 0.143311 0.089844 -0.179443 0.0588 0.0627 0.0706
v 0.145264 0.099609 -0.179443 0.0392 0.0471 0.0431
v 0.139893 0.118164 -0.179443 0.0275 0.0353 0.0275
v 0.132568 0.125488 -0.179443 0.0118 0.0157 0.0157
v 0.144287 0.109375 -0.179443 0.0275 0.0314 0.0392
v 0.180908 0.078125 -0.179932 0.0275 0.0275 0.0275
v 0.184814 0.076660 -0.187256 0.9764 0.9804 0.9764
v 0.183838 0.089844 -0.179932 0.1059 0.1059 0.1059
v 0.184814 0.101562 -0.179932 0.1294 0.1294 0.1294
v 0.183838 0.113281 -0.179932 0.1451 0.1451 0.1451
v 0.175537 0.135742 -0.179932 0.1608 0.1686 0.1647
v 0.180908 0.125000 -0.179932 0.1569 0.1569 0.1569
v 0.184814 0.126465 -0.187256 0.0863 0.0863 0.0863
v 0.130615 0.074707 -0.199463 0.0588 0.0627 0.0706
v 0.138428 0.081055 -0.199463 0.0353 0.0353 0.0431
v 0.125732 0.094238 -0.189697 0.1098 0.1176 0.1333
v 0.127686 0.099609 -0.189697 0.0588 0.0627 0.0706
v 0.126709 0.104980 -0.189697 0.1098 0.1216 0.1412
v 0.125244 0.092285 -0.197510 0.0667 0.0627 0.0706
v 0.128174 0.098633 -0.197510 0.0510 0.0510 0.0510
v 0.127686 0.104980 -0.197510 0.1961 0.1922 0.1922
v 0.125244 0.099121 -0.200439 0.1098 0.1098 0.1098
v 0.127197 0.098633 -0.199463 0.0667 0.0627 0.0627
v 0.126221 0.104980 -0.199463 0.1804 0.1804 0.1882
v 0.128662 0.078125 -0.203369 0.3059 0.3137 0.3333
v 0.135010 0.083496 -0.203369 0.3451 0.3451 0.3647
v 0.126221 0.091309 -0.203369 0.8823 0.8823 0.8784
v 0.128662 0.095703 -0.203369 0.5764 0.5764 0.5764
v 0.129639 0.100098 -0.203369 0.0314 0.0314 0.0314
v 0.129150 0.104980 -0.203369 0.0588 0.0588 0.0588
v 0.139893 0.091309 -0.203369 0.6276 0.6354 0.6589
v 0.143311 0.089844 -0.199463 0.0196 0.0235 0.0235
v 0.145752 0.099609 -0.199463 0.0078 0.0078 0.0118
v 0.141357 0.099609 -0.203369 0.7529 0.7490 0.7490
v 0.139893 0.118652 -0.199463 0.0039 0.0039 0.0078
v 0.132568 0.125488 -0.199463 0.0275 0.0353 0.0471
v 0.127197 0.108887 -0.203369 0.1216 0.1216 0.1255
v 0.140381 0.108398 -0.203369 0.7882 0.7843 0.7882
v 0.136475 0.116211 -0.203369 0.7882 0.7882 0.7882
v 0.130127 0.122070 -0.203369 0.8039 0.8039 0.8117
v 0.144287 0.109375 -0.199463 0.0039 0.0039 0.0078
v 0.194580 0.056152 -0.125732 0.0118 0.0196 0.0157
v 0.201416 0.070801 -0.125732 0.0157 0.0157 0.0157
v 0.190674 0.058594 -0.187256 0.3176 0.3216 0.3372
v 0.194580 0.056152 -0.182373 0.0196 0.0235 0.0314
v 0.197021 0.072266 -0.187256 0.6667 0.6706 0.6706
v 0.201416 0.070801 -0.182373 0.0471 0.0510 0.0588
v 0.205322 0.085938 -0.125732 0.0118 0.0118 0.0118
v 0.206787 0.101562 -0.125732 0.0118 0.0118 0.0118
v 0.206787 0.103027 -0.144287 0.0118 0.0157 0.0118
v 0.206787 0.104492 -0.152100 0.0196 0.0275 0.0235
v 0.187744 0.088867 -0.187256 0.5490 0.5530 0.5530
v 0.200928 0.086426 -0.187256 0.7764 0.7764 0.7804
v 0.189209 0.101562 -0.187256 0.1804 0.1804 0.1804
v 0.202393 0.101562 -0.187256 0.7608 0.7608 0.7608
v 0.205322 0.085938 -0.182373 0.0157 0.0157 0.0235
v 0.206787 0.101562 -0.182373 0.0392 0.0431 0.0510
v 0.201904 0.132812 -0.156494 0.0157 0.0235 0.0196
v 0.187744 0.114258 -0.187256 0.0784 0.0784 0.0784
v 0.200928 0.116699 -0.187256 0.7255 0.7255 0.7255
v 0.197021 0.130859 -0.187256 0.7608 0.7647 0.7647
v 0.201416 0.132812 -0.182373 0.0549 0.0549 0.0549
v 0.206299 0.111816 -0.156982 0.0157 0.0235 0.0275
v 0.205811 0.117676 -0.156494 0.0235 0.0275 0.0275
v 0.205322 0.117188 -0.182373 0.1373 0.1373 0.1373
v 0.037354 0.146973 -0.156494 0.0510 0.0588 0.0627
v 0.046631 0.160156 -0.156494 0.0353 0.0392 0.0471
v 0.037842 0.146973 -0.182373 0.0392 0.0431 0.0510
v 0.041748 0.144531 -0.187256 0.9411 0.9411 0.9411
v 0.046631 0.159668 -0.182373 0.0471 0.0510 0.0588
v 0.052979 0.138184 -0.187256 0.8706 0.8666 0.8666
v 0.060303 0.148438 -0.187256 0.8706 0.8706 0.8666
v 0.050049 0.156738 -0.187256 0.6510 0.6510 0.6510
v 0.060791 0.167480 -0.187256 0.9058 0.9098 0.9098
v 0.057861 0.171387 -0.156494 0.0275 0.0275 0.0275
v 0.057861 0.170898 -0.182373 0.0471 0.0510 0.0588
v 0.063721 0.145508 -0.179932 0.0235 0.0235 0.0275
v 0.069580 0.157227 -0.187256 0.8353 0.8353 0.8392
v 0.072021 0.154297 -0.179932 0.0196 0.0196 0.0235
v 0.081787 0.161133 -0.179932 0.0196 0.0235 0.0275
v 0.079834 0.164551 -0.187256 0.7725 0.7686 0.7764
v 0.093018 0.166016 -0.179932 0.0510 0.0510 0.0510
v 0.070557 0.180664 -0.156494 0.0235 0.0353 0.0353
v 0.071045 0.180176 -0.182373 0.0392 0.0431 0.0471
v 0.072998 0.176270 -0.187256 0.9019 0.9019 0.9058
v 0.091553 0.188477 -0.156494 0.0235 0.0314 0.0275
v 0.091553 0.169922 -0.187256 0.4510 0.4510 0.4706
v 0.086670 0.182617 -0.187256 0.9019 0.9019 0.9019
v 0.085205 0.187012 -0.182373 0.0196 0.0275 0.0275
v 0.104248 0.168945 -0.179932 0.0706 0.0706 0.0745
v 0.103760 0.173340 -0.187256 0.4589 0.4589 0.4823
v 0.100342 0.190918 -0.177002 0.0235 0.0235 0.0235
v 0.100342 0.190918 -0.182373 0.0196 0.0275 0.0196
v 0.101318 0.186523 -0.187256 0.8862 0.8902 0.8862
v 0.116455 0.169922 -0.179932 0.0980 0.0980 0.1020
v 0.116455 0.174316 -0.187256 0.4589 0.4628 0.4784
v 0.116455 0.192383 -0.177002 0.0235 0.0235 0.0235
v 0.116455 0.187500 -0.187256 0.7764 0.7764 0.7882
v 0.116455 0.192383 -0.182373 0.0235 0.0235 0.0275
v 0.049561 0.305664 -0.134521 0.1020 0.1098 0.1176
v 0.052979 0.305664 -0.139893 0.1059 0.1098 0.1176
v 0.060303 0.305664 -0.142334 0.0824 0.0863 0.0941
v 0.009033 0.263672 -0.220459 0.0824 0.0824 0.0824
v 0.009521 0.264648 -0.234619 0.4235 0.4432 0.4589
v 0.009521 0.266602 -0.236572 0.6000 0.6039 0.6236
v 0.009521 0.292480 -0.236572 0.8000 0.8000 0.8078
v 0.009521 0.295410 -0.220459 0.0431 0.0431 0.0431
v 0.009521 0.294922 -0.234619 0.1176 0.1216 0.1294
v 0.047119 0.376953 -0.215088 0.2471 0.2510 0.2588
v 0.056396 0.372070 -0.215088 0.2471 0.2471 0.2549
v 0.032959 0.382812 -0.226807 0.1020 0.1020 0.1137
v 0.040283 0.376953 -0.220459 0.1216 0.1216 0.1216
v 0.041748 0.374023 -0.226807 0.1098 0.1137 0.1216
v 0.044189 0.377441 -0.235596 0.4745 0.4784 0.5098
v 0.051514 0.369629 -0.220459 0.1333 0.1373 0.1451
v 0.053467 0.367188 -0.226807 0.1059 0.1098 0.1176
v 0.053955 0.372070 -0.235596 0.4941 0.4980 0.5216
v 0.080322 0.386719 -0.172119 0.1020 0.1098 0.1059
v 0.124756 0.386719 -0.172119 0.0902 0.0980 0.0941
v 0.067139 0.369141 -0.215088 0.2235 0.2314 0.2471
v 0.066162 0.366211 -0.220459 0.1686 0.1765 0.1922
v 0.064697 0.364746 -0.226807 0.0980 0.1020 0.1059
v 0.064697 0.370117 -0.235596 0.5333 0.5412 0.5608
v 0.065186 0.386230 -0.235596 0.8392 0.8431 0.8431
v 0.076904 0.384766 -0.235596 0.8588 0.8627 0.8627
v 0.080811 0.386719 -0.226807 0.7804 0.7843 0.7921
v 0.139893 0.166016 -0.179932 0.1176 0.1176 0.1176
v 0.150635 0.161133 -0.179932 0.1255 0.1333 0.1373
v 0.152588 0.164551 -0.187256 0.2588 0.2588 0.2706
v 0.128174 0.168945 -0.179932 0.1020 0.1098 0.1098
v 0.128662 0.173340 -0.187256 0.4432 0.4471 0.4628
v 0.132080 0.190918 -0.177002 0.0157 0.0157 0.0157
v 0.132080 0.190918 -0.182373 0.0196 0.0196 0.0196
v 0.131104 0.186523 -0.187256 0.7882 0.7921 0.7882
v 0.140869 0.188477 -0.156494 0.0157 0.0275 0.0235
v 0.141357 0.169922 -0.187256 0.4196 0.4235 0.4392
v 0.145752 0.182617 -0.187256 0.7451 0.7451 0.7451
v 0.147217 0.187012 -0.182373 0.0667 0.0706 0.0667
v 0.168701 0.145508 -0.179932 0.1608 0.1686 0.1686
v 0.160400 0.154297 -0.179932 0.1490 0.1490 0.1490
v 0.162842 0.157227 -0.187256 0.1333 0.1373 0.1451
v 0.171631 0.167480 -0.187256 0.7020 0.7020 0.7020
v 0.185791 0.160156 -0.156494 0.0157 0.0196 0.0196
v 0.179443 0.138184 -0.187256 0.1059 0.1059 0.1098
v 0.172119 0.148438 -0.187256 0.1216 0.1255 0.1255
v 0.182373 0.156738 -0.187256 0.7725 0.7725 0.7725
v 0.185791 0.159668 -0.182373 0.0549 0.0549 0.0549
v 0.161865 0.180664 -0.156494 0.0157 0.0235 0.0196
v 0.159424 0.176270 -0.187256 0.7608 0.7608 0.7608
v 0.161377 0.180176 -0.182373 0.0118 0.0196 0.0157
v 0.174561 0.171387 -0.156494 0.0196 0.0196 0.0196
v 0.174561 0.170898 -0.182373 0.0941 0.1020 0.0980
v 0.195068 0.146973 -0.156494 0.0196 0.0196 0.0196
v 0.190674 0.144531 -0.187256 0.7921 0.7921 0.7921
v 0.194580 0.146973 -0.182373 0.0314 0.0314 0.0314
v 0.221436 0.188477 -0.156982 0.0157 0.0157 0.0196
v 0.216553 0.208008 -0.154541 0.0392 0.0431 0.0471
v 0.224365 0.214355 -0.156982 0.1176 0.1294 0.1373
v 0.222412 0.216309 -0.156982 0.0588 0.0667 0.0706
v 0.224854 0.216309 -0.162842 0.0275 0.0314 0.0314
v 0.226318 0.219727 -0.160400 0.0196 0.0275 0.0314
v 0.226318 0.223145 -0.158936 0.1294 0.1412 0.1490
v 0.226318 0.218262 -0.164307 0.0275 0.0275 0.0314
v 0.224365 0.224121 -0.165771 0.0157 0.0196 0.0235
v 0.226807 0.216309 -0.162842 0.0275 0.0392 0.0392
v 0.230713 0.218262 -0.158936 0.0275 0.0314 0.0353
v 0.230713 0.222656 -0.156982 0.1059 0.1216 0.1255
v 0.230713 0.216309 -0.163818 0.0353 0.0392 0.0431
v 0.226318 0.239258 -0.158936 0.4118 0.4235 0.4471
v 0.226318 0.242676 -0.160400 0.4039 0.4157 0.4392
v 0.224854 0.237793 -0.165283 0.0235 0.0275 0.0353
v 0.226318 0.244141 -0.164307 0.2823 0.2941 0.3098
v 0.230713 0.239746 -0.156982 0.4314 0.4432 0.4667
v 0.230713 0.244141 -0.158936 0.4784 0.4902 0.5137
v 0.230713 0.246582 -0.163818 0.5608 0.5647 0.5804
v 0.221436 0.188477 -0.213623 0.0078 0.0078 0.0078
v 0.221436 0.191895 -0.221436 0.0118 0.0118 0.0157
v 0.221436 0.199219 -0.224854 0.0627 0.0667 0.0745
v 0.216553 0.216309 -0.220459 0.3098 0.3098 0.3176
v 0.222412 0.216309 -0.218018 0.0706 0.0745 0.0784
v 0.224854 0.216309 -0.212158 0.0196 0.0196 0.0196
v 0.224854 0.223633 -0.218506 0.0275 0.0353 0.0314
v 0.226807 0.216309 -0.217529 0.0275 0.0314 0.0353
v 0.224854 0.238770 -0.218506 0.0863 0.0902 0.0980
v 0.221436 0.210449 -0.224854 0.1059 0.1098 0.1176
v 0.218994 0.214844 -0.223389 0.3255 0.3255 0.3333
v 0.224365 0.214844 -0.223389 0.2823 0.2941 0.3098
v 0.223877 0.216309 -0.218994 0.1686 0.1725 0.1804
v 0.226318 0.218262 -0.220459 0.0745 0.0784 0.0784
v 0.226318 0.220215 -0.223877 0.0941 0.0980 0.1059
v 0.226318 0.223633 -0.225342 0.3804 0.3882 0.3961
v 0.230713 0.216309 -0.221436 0.1255 0.1294 0.1294
v 0.230713 0.218750 -0.225342 0.1569 0.1608 0.1647
v 0.230713 0.223633 -0.227295 0.5647 0.5725 0.5882
v 0.226318 0.244141 -0.219971 0.3451 0.3451 0.3412
v 0.226318 0.239258 -0.225342 0.6000 0.5961 0.5882
v 0.226318 0.242676 -0.223877 0.5216 0.5176 0.5059
v 0.230713 0.244141 -0.225342 0.7608 0.7608 0.7568
v 0.230713 0.239746 -0.227295 0.8235 0.8235 0.8313
v 0.230713 0.246582 -0.220459 0.6785 0.6863 0.6785
v 0.156006 0.305664 -0.134521 0.1216 0.1255 0.1255
v 0.153564 0.305664 -0.139893 0.1098 0.1137 0.1255
v 0.147217 0.305664 -0.142334 0.1020 0.1059 0.1137
v 0.165283 0.313965 -0.152588 0.0549 0.0549 0.0549
v 0.162842 0.316406 -0.158447 0.0588 0.0627 0.0667
v 0.160889 0.320312 -0.160889 0.0667 0.0706 0.0784
v 0.141846 0.369141 -0.215088 0.2392 0.2432 0.2510
v 0.152588 0.372070 -0.215088 0.2314 0.2353 0.2510
v 0.125732 0.386719 -0.226807 0.8157 0.8196 0.8274
v 0.130127 0.384766 -0.235596 0.8784 0.8823 0.8823
v 0.148193 0.367188 -0.220459 0.0667 0.0745 0.0824
v 0.144287 0.364746 -0.226807 0.0745 0.0784 0.0784
v 0.155518 0.367188 -0.226807 0.0745 0.0784 0.0863
v 0.144287 0.370117 -0.235596 0.5843 0.5804 0.6079
v 0.141846 0.386230 -0.235596 0.8941 0.8941 0.8980
v 0.155029 0.372070 -0.235596 0.5176 0.5216 0.5451
v 0.162354 0.376953 -0.215088 0.2314 0.2353 0.2432
v 0.160889 0.372070 -0.220459 0.1333 0.1373 0.1451
v 0.171143 0.379395 -0.220459 0.1412 0.1569 0.1608
v 0.167236 0.373535 -0.226807 0.0824 0.0824 0.0824
v 0.164795 0.377441 -0.235596 0.4863 0.4863 0.5019
v 0.175537 0.381836 -0.226807 0.0784 0.0784 0.0824
v 0.223877 0.362793 -0.185791 0.0784 0.0824 0.0902
v 0.223389 0.365234 -0.184814 0.0471 0.0510 0.0627
v 0.226807 0.362305 -0.184814 0.1216 0.1255 0.1412
v 0.226807 0.365234 -0.182373 0.1608 0.1725 0.1922
v 0.223389 0.382812 -0.184814 0.1176 0.1216 0.1333
v 0.223877 0.385254 -0.185791 0.1216 0.1294 0.1412
v 0.226807 0.382812 -0.182373 0.4550 0.4667 0.4863
v 0.226807 0.385742 -0.184814 0.5843 0.6000 0.6079
v 0.215576 0.263672 -0.220459 0.0902 0.0941 0.1059
v 0.216553 0.264648 -0.234619 0.4353 0.4432 0.4628
v 0.216553 0.266602 -0.236572 0.5490 0.5490 0.5608
v 0.216553 0.292480 -0.236572 0.7960 0.7960 0.7960
v 0.216553 0.295410 -0.220459 0.0824 0.0824 0.0863
v 0.216553 0.294922 -0.234619 0.2314 0.2471 0.2549
v 0.221924 0.263672 -0.218506 0.1961 0.2000 0.2078
v 0.224854 0.263672 -0.212158 0.0980 0.1020 0.1098
v 0.221924 0.295410 -0.218506 0.7098 0.7137 0.7137
v 0.224854 0.295410 -0.212158 0.0824 0.0863 0.0941
v 0.221924 0.266602 -0.220459 0.3961 0.4000 0.4157
v 0.219971 0.264648 -0.229736 0.5961 0.6000 0.6157
v 0.221924 0.266602 -0.230713 0.6628 0.6628 0.6745
v 0.221924 0.292480 -0.220459 0.4863 0.4823 0.5019
v 0.221924 0.292480 -0.230713 0.7608 0.7647 0.7647
v 0.219971 0.294922 -0.229736 0.6276 0.6315 0.6432
v 0.223389 0.362305 -0.190186 0.0824 0.0863 0.0941
v 0.221924 0.365234 -0.190186 0.0588 0.0627 0.0706
v 0.223389 0.362305 -0.200928 0.0902 0.0941 0.1020
v 0.221924 0.365234 -0.200928 0.0627 0.0667 0.0745
v 0.226807 0.360840 -0.190186 0.1020 0.1059 0.1137
v 0.226807 0.360840 -0.200928 0.1216 0.1255 0.1333
v 0.221924 0.382812 -0.190186 0.0392 0.0431 0.0588
v 0.223389 0.385742 -0.190186 0.0314 0.0353 0.0471
v 0.221924 0.382812 -0.200928 0.0784 0.0824 0.0902
v 0.223389 0.385742 -0.200928 0.0745 0.0863 0.0980
v 0.223877 0.362793 -0.205322 0.0824 0.0824 0.0902
v 0.223389 0.365234 -0.206299 0.0784 0.0784 0.0863
v 0.226807 0.362305 -0.206299 0.1020 0.1098 0.1176
v 0.226807 0.365234 -0.208740 0.0667 0.0745 0.0863
v 0.223389 0.382812 -0.206299 0.1176 0.1216 0.1294
v 0.223877 0.385254 -0.205322 0.0941 0.1020 0.1098
v 0.226807 0.385742 -0.206299 0.6236 0.6354 0.6471
v 0.226807 0.382812 -0.208740 0.6393 0.6393 0.6471
v 0.357178 0.100586 -0.105225 0.0118 0.0196 0.0157
v 0.366943 0.100586 -0.102295 0.0157 0.0157 0.0157
v 0.373779 0.100586 -0.094482 0.0118 0.0118 0.0118
v 0.376709 0.100586 -0.083740 0.0078 0.0078 0.0078
v 0.386475 0.103027 -0.128662 0.0196 0.0235 0.0275
v 0.380615 0.103027 -0.144287 0.0000 0.0039 0.0000
v 0.384521 0.103027 -0.140869 0.0196 0.0235 0.0314
v 0.389404 0.104980 -0.140869 0.0588 0.0627 0.0706
v 0.387451 0.104980 -0.148193 0.0510 0.0588 0.0667
v 0.383057 0.104980 -0.150635 0.0196 0.0235 0.0314
v 0.384521 0.109863 -0.155029 0.0510 0.0549 0.0627
v 0.389893 0.109863 -0.153076 0.0745 0.0902 0.0980
v 0.390381 0.116211 -0.154541 0.1059 0.1216 0.1333
v 0.391846 0.109863 -0.147217 0.1333 0.1451 0.1725
v 0.392822 0.116211 -0.149658 0.1137 0.1255 0.1451
v 0.385498 0.116211 -0.156982 0.0980 0.1020 0.1098
v 0.347900 0.208984 -0.000244 0.3372 0.3490 0.3608
v 0.350342 0.214355 -0.000244 0.5961 0.6157 0.6315
v 0.351318 0.218262 -0.001709 0.5176 0.5412 0.5647
v 0.349365 0.222656 -0.001709 0.7255 0.7568 0.7843
v 0.355225 0.216309 -0.000244 0.1412 0.1412 0.1412
v 0.356201 0.216309 -0.001709 0.1098 0.1137 0.1137
v 0.349365 0.239746 -0.001709 0.8157 0.8235 0.8117
v 0.351318 0.244141 -0.001709 0.8274 0.8313 0.8235
v 0.356201 0.246582 -0.001709 0.8196 0.8196 0.8078
v 0.364014 0.243164 -0.006592 0.2314 0.2510 0.2549
v 0.369385 0.243164 -0.011963 0.2196 0.2392 0.2432
v 0.364014 0.243164 -0.091064 0.6157 0.6197 0.6276
v 0.369385 0.243164 -0.086182 0.2275 0.2353 0.2353
v 0.364014 0.243164 -0.102295 0.2941 0.3019 0.2980
v 0.369385 0.243164 -0.107666 0.4078 0.4118 0.4078
v 0.358154 0.365234 -0.001709 0.2392 0.2471 0.2549
v 0.358154 0.382812 -0.001709 0.7686 0.7686 0.7686
v 0.360596 0.362305 -0.001709 0.1020 0.1059 0.1137
v 0.364014 0.364746 -0.006592 0.0745 0.0784 0.0941
v 0.367432 0.360840 -0.001709 0.0078 0.0078 0.0078
v 0.369385 0.364746 -0.011963 0.0824 0.0863 0.0980
v 0.360596 0.385742 -0.001709 0.7960 0.7960 0.7882
v 0.364014 0.364746 -0.091064 0.0941 0.0980 0.1059
v 0.369385 0.364746 -0.086182 0.0353 0.0392 0.0471
v 0.358154 0.365234 -0.094482 0.2471 0.2627 0.2667
v 0.358154 0.382812 -0.094482 0.7608 0.7608 0.7529
v 0.360596 0.362305 -0.094482 0.1647 0.1765 0.1804
v 0.364014 0.364746 -0.102295 0.0941 0.0980 0.1059
v 0.367432 0.360840 -0.094482 0.0353 0.0392 0.0471
v 0.369385 0.364746 -0.107666 0.0235 0.0275 0.0314
v 0.360596 0.385742 -0.094482 0.7960 0.8000 0.7843
v 0.260498 0.243164 -0.186768 0.3176 0.3372 0.3529
v 0.269775 0.243164 -0.186768 0.3176 0.3255 0.3451
v 0.256104 0.243164 -0.191162 0.2510 0.2706 0.2902
v 0.256103 0.243164 -0.199951 0.1647 0.1725 0.1922
v 0.260498 0.243164 -0.203857 0.1882 0.2039 0.2196
v 0.274170 0.243164 -0.191162 0.3255 0.3490 0.3725
v 0.274170 0.243164 -0.199951 0.2980 0.3176 0.3412
v 0.269775 0.243164 -0.203857 0.2314 0.2510 0.2745
v 0.308838 0.243164 -0.191162 0.1373 0.1412 0.1490
v 0.308838 0.243164 -0.199951 0.0745 0.0784 0.0863
v 0.312744 0.243164 -0.186768 0.2588 0.2667 0.2863
v 0.322510 0.243164 -0.186768 0.2667 0.2784 0.2941
v 0.340576 0.239746 -0.156982 0.7725 0.7686 0.7647
v 0.342529 0.244141 -0.158936 0.8039 0.8039 0.7960
v 0.345459 0.209473 -0.154541 0.2432 0.2471 0.2627
v 0.347412 0.209473 -0.153076 0.2471 0.2510 0.2667
v 0.349854 0.214355 -0.155518 0.4353 0.4510 0.4628
v 0.346924 0.222656 -0.154541 0.6706 0.6863 0.7059
v 0.349365 0.239746 -0.148193 0.7843 0.7804 0.7725
v 0.346924 0.239746 -0.154541 0.7804 0.7804 0.7725
v 0.351318 0.244141 -0.150147 0.8313 0.8313 0.8274
v 0.356201 0.246582 -0.155029 0.8509 0.8470 0.8392
v 0.347900 0.214355 -0.156982 0.3412 0.3568 0.3686
v 0.350342 0.218262 -0.157471 0.3372 0.3451 0.3608
v 0.355225 0.216309 -0.161377 0.0196 0.0235 0.0275
v 0.353760 0.216309 -0.162842 0.0118 0.0196 0.0235
v 0.356689 0.216309 -0.163818 0.0235 0.0235 0.0235
v 0.348877 0.244141 -0.156494 0.8117 0.8117 0.8039
v 0.347412 0.246582 -0.163818 0.8431 0.8392 0.8313
v 0.353271 0.246582 -0.161377 0.8431 0.8431 0.8353
v 0.373291 0.245605 -0.181397 0.5843 0.5882 0.5961
v 0.372314 0.245605 -0.183838 0.4784 0.4941 0.4980
v 0.374756 0.246582 -0.182861 0.3333 0.3490 0.3568
v 0.326904 0.243164 -0.191162 0.2118 0.2235 0.2432
v 0.326904 0.243164 -0.199951 0.1373 0.1412 0.1530
v 0.312744 0.243164 -0.203857 0.0980 0.1059 0.1098
v 0.322510 0.243164 -0.203857 0.1020 0.1020 0.1098
v 0.372803 0.246094 -0.189209 0.5176 0.5176 0.5176
v 0.372314 0.245605 -0.208252 0.1686 0.1843 0.1882
v 0.373291 0.245605 -0.210693 0.2823 0.2941 0.3059
v 0.260498 0.364746 -0.186768 0.2196 0.2275 0.2432
v 0.269775 0.364746 -0.186768 0.2314 0.2432 0.2588
v 0.256104 0.364746 -0.191162 0.0902 0.0941 0.1020
v 0.256103 0.364746 -0.199951 0.1137 0.1176 0.1255
v 0.260498 0.364746 -0.203857 0.1922 0.1961 0.2157
v 0.274170 0.364746 -0.191162 0.2314 0.2471 0.2588
v 0.274170 0.364746 -0.199951 0.2549 0.2706 0.2863
v 0.269775 0.364746 -0.203857 0.2275 0.2392 0.2588
v 0.308838 0.364746 -0.191162 0.1569 0.1686 0.1765
v 0.308838 0.364746 -0.199951 0.2157 0.2275 0.2471
v 0.312744 0.364746 -0.186768 0.2432 0.2588 0.2706
v 0.322510 0.364746 -0.186768 0.2353 0.2510 0.2627
v 0.360596 0.362305 -0.187256 0.1216 0.1333 0.1451
v 0.364990 0.362305 -0.184814 0.1098 0.1137 0.1216
v 0.364990 0.365234 -0.182373 0.1608 0.1647 0.1725
v 0.367920 0.362793 -0.185791 0.1059 0.1098 0.1176
v 0.368408 0.365234 -0.184814 0.0863 0.0902 0.0980
v 0.360596 0.385742 -0.187256 0.7451 0.7529 0.7451
v 0.364990 0.382812 -0.182373 0.2980 0.3059 0.3019
v 0.364990 0.385742 -0.184814 0.6039 0.6157 0.6118
v 0.368408 0.382812 -0.184814 0.0824 0.0824 0.0824
v 0.367920 0.385254 -0.185791 0.1686 0.1725 0.1725
v 0.326904 0.364746 -0.191162 0.2235 0.2392 0.2510
v 0.326904 0.364746 -0.199951 0.2588 0.2667 0.2863
v 0.312744 0.364746 -0.203857 0.2235 0.2353 0.2471
v 0.322510 0.364746 -0.203857 0.2235 0.2314 0.2510
v 0.358154 0.365234 -0.187744 0.1765 0.1922 0.2039
v 0.358154 0.382812 -0.187744 0.6706 0.6785 0.6706
v 0.364990 0.360840 -0.190186 0.0941 0.0980 0.1059
v 0.363525 0.363281 -0.190186 0.1569 0.1725 0.1843
v 0.361572 0.365234 -0.190186 0.1961 0.2118 0.2235
v 0.364990 0.360840 -0.200928 0.1294 0.1451 0.1569
v 0.367432 0.360840 -0.187744 0.0824 0.0863 0.0941
v 0.368408 0.362305 -0.190186 0.1098 0.1137 0.1216
v 0.369873 0.365234 -0.190186 0.1333 0.1490 0.1530
v 0.368408 0.362305 -0.200928 0.1804 0.1961 0.2078
v 0.369873 0.365234 -0.200928 0.2000 0.2157 0.2275
v 0.361572 0.382812 -0.190186 0.4706 0.4784 0.4823
v 0.363525 0.384766 -0.190186 0.5255 0.5333 0.5294
v 0.369873 0.382812 -0.190186 0.0941 0.1020 0.0980
v 0.367920 0.385742 -0.190186 0.2941 0.2980 0.2980
v 0.368408 0.385742 -0.190186 0.1569 0.1647 0.1608
v 0.369873 0.382812 -0.200928 0.1020 0.1059 0.1137
v 0.368408 0.385742 -0.200928 0.2549 0.2588 0.2588
v 0.364990 0.362305 -0.206299 0.1451 0.1451 0.1530
v 0.364990 0.365234 -0.208740 0.1294 0.1333 0.1451
v 0.367920 0.362793 -0.205322 0.1686 0.1686 0.1765
v 0.368408 0.365234 -0.206299 0.1804 0.1804 0.1922
v 0.364990 0.385742 -0.206299 0.7176 0.7255 0.7216
v 0.364990 0.382812 -0.208740 0.7255 0.7255 0.7255
v 0.368408 0.382812 -0.206299 0.3568 0.3529 0.3529
v 0.367920 0.385254 -0.205322 0.5255 0.5255 0.5216
v 0.414307 0.188477 -0.000244 0.0000 0.0000 0.0000
v 0.422119 0.191895 -0.000244 0.0118 0.0157 0.0235
v 0.381592 0.243164 -0.011963 0.2196 0.2314 0.2392
v 0.386963 0.243164 -0.006592 0.1412 0.1490 0.1490
v 0.420166 0.216309 -0.000244 0.0510 0.0549 0.0627
v 0.421143 0.216309 -0.001709 0.0471 0.0471 0.0549
v 0.425537 0.199707 -0.000244 0.0510 0.0549 0.0627
v 0.425537 0.210449 -0.000244 0.0706 0.0745 0.0824
v 0.424072 0.214844 -0.000244 0.0941 0.0980 0.1098
v 0.425049 0.218750 -0.001709 0.0588 0.0588 0.0627
v 0.427002 0.223633 -0.001709 0.4078 0.4039 0.4235
v 0.420166 0.246582 -0.001709 0.8078 0.8117 0.8196
v 0.425049 0.244141 -0.001709 0.8078 0.8078 0.8000
v 0.427002 0.239746 -0.001709 0.5725 0.5725 0.5804
v 0.385986 0.180664 -0.086182 0.0157 0.0235 0.0196
v 0.385986 0.192383 -0.078857 0.0157 0.0235 0.0196
v 0.385986 0.173828 -0.097412 0.0157 0.0235 0.0196
v 0.385986 0.170410 -0.110596 0.0157 0.0235 0.0196
v 0.385986 0.173828 -0.123779 0.0196 0.0275 0.0235
v 0.385986 0.205566 -0.075439 0.0275 0.0353 0.0314
v 0.385986 0.218750 -0.078857 0.0314 0.0353 0.0392
v 0.385986 0.230469 -0.086182 0.0863 0.0902 0.0980
v 0.381592 0.243164 -0.086182 0.2471 0.2588 0.2549
v 0.386963 0.243164 -0.091064 0.5490 0.5569 0.5530
v 0.381592 0.243164 -0.107666 0.5764 0.5843 0.5804
v 0.385986 0.237305 -0.097412 0.7020 0.7059 0.7176
v 0.386963 0.243164 -0.102295 0.6157 0.6236 0.6236
v 0.385986 0.240723 -0.110596 0.7412 0.7490 0.7412
v 0.385986 0.237305 -0.123779 0.7216 0.7294 0.7333
v 0.460693 0.189453 -0.058838 0.1216 0.1294 0.1412
v 0.469482 0.187500 -0.054932 0.6354 0.6471 0.6471
v 0.481201 0.188477 -0.058838 0.6471 0.6432 0.6510
v 0.460693 0.205566 -0.056397 0.1569 0.1725 0.1843
v 0.460693 0.221680 -0.058838 0.2510 0.2627 0.2784
v 0.469482 0.205566 -0.052002 0.8549 0.8549 0.8549
v 0.481201 0.205566 -0.056397 0.8235 0.8196 0.8196
v 0.482666 0.205566 -0.061279 0.6157 0.6157 0.6197
v 0.469482 0.223633 -0.054932 0.9215 0.9215 0.9176
v 0.481201 0.222168 -0.058838 0.9333 0.9255 0.9294
v 0.460693 0.162598 -0.078857 0.0471 0.0510 0.0588
v 0.438721 0.199219 -0.074951 0.0353 0.0392 0.0471
v 0.438721 0.177734 -0.087158 0.0196 0.0235 0.0235
v 0.443604 0.179199 -0.088623 0.0235 0.0235 0.0314
v 0.446045 0.183594 -0.092529 0.0275 0.0314 0.0353
v 0.438721 0.187012 -0.078857 0.0235 0.0314 0.0353
v 0.443604 0.188477 -0.081299 0.0314 0.0353 0.0431
v 0.446045 0.191406 -0.086182 0.0353 0.0431 0.0471
v 0.460693 0.174805 -0.066650 0.0941 0.1020 0.0980
v 0.461182 0.190430 -0.086182 0.0392 0.0431 0.0510
v 0.460693 0.154297 -0.093994 0.0627 0.0667 0.0745
v 0.460693 0.151367 -0.110596 0.1098 0.1216 0.1294
v 0.438721 0.171387 -0.098389 0.0392 0.0431 0.0510
v 0.443604 0.173340 -0.098877 0.0314 0.0392 0.0353
v 0.446045 0.178711 -0.100830 0.0039 0.0039 0.0039
v 0.438721 0.168945 -0.110596 0.0863 0.0902 0.0980
v 0.443604 0.171387 -0.110596 0.0275 0.0275 0.0314
v 0.438721 0.171387 -0.123291 0.0627 0.0667 0.0745
v 0.443604 0.173340 -0.122314 0.0275 0.0314 0.0392
v 0.446045 0.177246 -0.110596 0.0000 0.0000 0.0000
v 0.446045 0.178711 -0.120361 0.0039 0.0039 0.0039
v 0.461182 0.180176 -0.095947 0.0353 0.0431 0.0392
v 0.461182 0.176758 -0.110596 0.0314 0.0392 0.0353
v 0.469482 0.158203 -0.076416 0.2275 0.2392 0.2667
v 0.469482 0.149902 -0.092529 0.3333 0.3490 0.3843
v 0.481201 0.161621 -0.078857 0.3255 0.3372 0.3647
v 0.482666 0.164551 -0.082275 0.3843 0.3961 0.4235
v 0.469482 0.170898 -0.063232 0.2667 0.2706 0.2902
v 0.481201 0.173340 -0.066650 0.4078 0.4196 0.4432
v 0.482666 0.177246 -0.071045 0.3216 0.3255 0.3451
v 0.482666 0.190430 -0.063721 0.4039 0.4000 0.4196
v 0.488525 0.193848 -0.074951 0.5608 0.5608 0.5686
v 0.488525 0.174316 -0.089111 0.3529 0.3568 0.3765
v 0.488525 0.184082 -0.080811 0.4118 0.4078 0.4314
v 0.491455 0.197266 -0.085693 0.5098 0.5059 0.5255
v 0.491455 0.190430 -0.089600 0.4902 0.4863 0.5059
v 0.481201 0.153809 -0.093994 0.3686 0.3804 0.4039
v 0.482666 0.158691 -0.095459 0.3804 0.3921 0.4275
v 0.469482 0.146973 -0.111084 0.3294 0.3412 0.3765
v 0.481201 0.150879 -0.111084 0.3608 0.3725 0.3961
v 0.482666 0.156250 -0.111084 0.3921 0.4039 0.4392
v 0.488525 0.167969 -0.111084 0.3216 0.3333 0.3608
v 0.488525 0.169922 -0.099365 0.3333 0.3412 0.3647
v 0.491455 0.183594 -0.095459 0.4706 0.4745 0.4902
v 0.491455 0.180176 -0.102783 0.4589 0.4628 0.4823
v 0.491455 0.179199 -0.111084 0.4589 0.4628 0.4823
v 0.488525 0.169922 -0.122314 0.3216 0.3333 0.3529
v 0.491455 0.180176 -0.118897 0.4706 0.4745 0.4863
v 0.443604 0.199707 -0.076904 0.0353 0.0392 0.0510
v 0.438721 0.211914 -0.074951 0.0431 0.0510 0.0471
v 0.443604 0.211426 -0.076904 0.0431 0.0510 0.0471
v 0.446045 0.200684 -0.082764 0.0431 0.0471 0.0549
v 0.446045 0.210449 -0.082764 0.0431 0.0510 0.0510
v 0.443604 0.222656 -0.081299 0.0471 0.0510 0.0510
v 0.438721 0.223633 -0.078857 0.0510 0.0588 0.0588
v 0.446045 0.219727 -0.086182 0.0431 0.0549 0.0510
v 0.446045 0.227539 -0.092529 0.0471 0.0549 0.0510
v 0.461182 0.200195 -0.082275 0.0471 0.0471 0.0549
v 0.461182 0.210938 -0.082275 0.0510 0.0510 0.0549
v 0.461182 0.220703 -0.086182 0.0471 0.0549 0.0588
v 0.438721 0.233398 -0.087158 0.0667 0.0706 0.0784
v 0.443604 0.231445 -0.088623 0.0627 0.0667 0.0745
v 0.460693 0.236328 -0.066650 0.2000 0.2118 0.2275
v 0.460693 0.248535 -0.078857 0.2549 0.2706 0.2823
v 0.443604 0.237305 -0.098877 0.0392 0.0471 0.0431
v 0.438721 0.239746 -0.098389 0.0431 0.0510 0.0471
v 0.446045 0.232422 -0.100830 0.0510 0.0588 0.0588
v 0.438721 0.242188 -0.110596 0.0431 0.0510 0.0471
v 0.443604 0.239746 -0.110596 0.0431 0.0471 0.0431
v 0.443604 0.237305 -0.122314 0.0431 0.0510 0.0471
v 0.438721 0.239746 -0.123291 0.0471 0.0549 0.0510
v 0.446045 0.233887 -0.110596 0.0471 0.0549 0.0549
v 0.446045 0.232422 -0.120361 0.0549 0.0588 0.0667
v 0.461182 0.230957 -0.095947 0.0353 0.0431 0.0471
v 0.460693 0.256836 -0.093994 0.4078 0.4235 0.4353
v 0.461182 0.233887 -0.109619 0.0471 0.0510 0.0588
v 0.461182 0.232910 -0.119873 0.0549 0.0588 0.0667
v 0.460693 0.259766 -0.110596 0.3255 0.3451 0.3568
v 0.482666 0.220703 -0.063721 0.7882 0.7843 0.7843
v 0.488525 0.205566 -0.073486 0.7216 0.7137 0.7137
v 0.488525 0.217285 -0.074951 0.8039 0.7960 0.7921
v 0.491455 0.205566 -0.084229 0.5608 0.5608 0.5686
v 0.491455 0.213379 -0.085693 0.6157 0.6118 0.6157
v 0.488525 0.227051 -0.080811 0.8235 0.8196 0.8078
v 0.491455 0.220703 -0.089600 0.6236 0.6157 0.6197
v 0.469482 0.240234 -0.063232 0.9804 0.9804 0.9804
v 0.481201 0.237305 -0.066650 0.8862 0.8862 0.8862
v 0.482666 0.233887 -0.071045 0.8078 0.8117 0.8157
v 0.469482 0.252930 -0.076416 0.9215 0.9215 0.9176
v 0.469482 0.261230 -0.092529 0.8470 0.8470 0.8470
v 0.481201 0.249512 -0.078857 0.6667 0.6667 0.6706
v 0.482666 0.246582 -0.082275 0.4392 0.4353 0.4510
v 0.488525 0.236816 -0.089111 0.8431 0.8392 0.8353
v 0.491455 0.227539 -0.095459 0.6118 0.6039 0.6079
v 0.491455 0.230469 -0.102783 0.6157 0.6079 0.6118
v 0.492920 0.205566 -0.111084 0.5333 0.5333 0.5412
v 0.491455 0.230469 -0.118897 0.6236 0.6236 0.6236
v 0.482666 0.252441 -0.095459 0.6667 0.6667 0.6706
v 0.481201 0.257324 -0.093994 0.4392 0.4392 0.4471
v 0.482666 0.254883 -0.111084 0.5451 0.5451 0.5451
v 0.481201 0.259766 -0.111084 0.4314 0.4314 0.4314
v 0.488525 0.241211 -0.099365 0.8353 0.8313 0.8235
v 0.491455 0.231934 -0.111084 0.6236 0.6236 0.6236
v 0.488525 0.243164 -0.111084 0.8353 0.8313 0.8235
v 0.488525 0.241211 -0.122314 0.8235 0.8196 0.8117
v 0.380615 0.360840 -0.001709 0.1922 0.1882 0.2078
v 0.381592 0.364746 -0.011963 0.2784 0.2863 0.3059
v 0.387451 0.362305 -0.001709 0.2314 0.2275 0.2471
v 0.389893 0.365234 -0.001709 0.1412 0.1373 0.1530
v 0.386963 0.364746 -0.006592 0.2902 0.2902 0.3176
v 0.380615 0.386230 -0.001709 0.7882 0.7960 0.7921
v 0.389893 0.378418 -0.001709 0.5490 0.5451 0.5647
v 0.387451 0.383301 -0.001709 0.8196 0.8196 0.8196
v 0.381592 0.364746 -0.086182 0.1530 0.1569 0.1765
v 0.386963 0.364746 -0.091064 0.1569 0.1569 0.1765
v 0.380615 0.360840 -0.094482 0.2902 0.2941 0.3098
v 0.381592 0.364746 -0.107666 0.2353 0.2510 0.2667
v 0.387451 0.362305 -0.094482 0.1725 0.1725 0.1922
v 0.389893 0.365234 -0.094482 0.2118 0.2078 0.2235
v 0.386963 0.364746 -0.102295 0.1647 0.1686 0.1843
v 0.380615 0.386230 -0.094482 0.7804 0.7804 0.7804
v 0.389893 0.378418 -0.094482 0.5490 0.5451 0.5647
v 0.387451 0.383301 -0.094482 0.8274 0.8274 0.8274
v 0.469482 0.264160 -0.111084 0.8157 0.8157 0.8157
v 0.385986 0.180664 -0.135498 0.0157 0.0157 0.0157
v 0.385986 0.192383 -0.142334 0.0157 0.0196 0.0196
v 0.390381 0.188477 -0.154541 0.0157 0.0157 0.0118
v 0.392822 0.188477 -0.149658 0.0196 0.0196 0.0196
v 0.385498 0.188477 -0.156982 0.0157 0.0157 0.0157
v 0.385986 0.230469 -0.135498 0.0980 0.1098 0.1098
v 0.385986 0.205566 -0.145752 0.0275 0.0353 0.0314
v 0.385986 0.218750 -0.142334 0.0314 0.0392 0.0353
v 0.375732 0.245605 -0.180420 0.7294 0.7372 0.7372
v 0.381592 0.246094 -0.181885 0.8235 0.8274 0.8274
v 0.395752 0.245605 -0.180420 0.8078 0.8078 0.8078
v 0.398193 0.245605 -0.181397 0.7882 0.7882 0.7882
v 0.399170 0.245605 -0.183838 0.7764 0.7764 0.7725
v 0.406494 0.188477 -0.213623 0.0000 0.0000 0.0000
v 0.411865 0.188477 -0.211182 0.0118 0.0118 0.0196
v 0.414307 0.188477 -0.205322 0.0235 0.0275 0.0353
v 0.417725 0.191895 -0.217041 0.0353 0.0392 0.0471
v 0.422119 0.191895 -0.207275 0.0078 0.0118 0.0196
v 0.407959 0.191895 -0.221436 0.0078 0.0078 0.0078
v 0.408447 0.199219 -0.224854 0.0549 0.0588 0.0667
v 0.375732 0.245605 -0.211670 0.5647 0.5686 0.5764
v 0.398193 0.245605 -0.210693 0.7412 0.7412 0.7412
v 0.395752 0.245605 -0.211670 0.7059 0.7059 0.7059
v 0.399170 0.245605 -0.208252 0.7960 0.7960 0.7960
v 0.396728 0.216309 -0.221436 0.3216 0.3255 0.3333
v 0.400635 0.218750 -0.225342 0.0471 0.0549 0.0510
v 0.402588 0.223633 -0.227295 0.4589 0.4589 0.4784
v 0.400146 0.244141 -0.225342 0.8549 0.8549 0.8509
v 0.402588 0.239746 -0.227295 0.7764 0.7764 0.7764
v 0.395752 0.246582 -0.220459 0.8392 0.8392 0.8392
v 0.421143 0.216309 -0.197510 0.0706 0.0745 0.0824
v 0.419189 0.214844 -0.218506 0.1843 0.1961 0.2039
v 0.408936 0.216309 -0.218018 0.1451 0.1451 0.1530
v 0.417725 0.216309 -0.209229 0.0980 0.1020 0.1098
v 0.420166 0.216309 -0.206787 0.0784 0.0824 0.0902
v 0.416260 0.216309 -0.215576 0.1137 0.1176 0.1255
v 0.425049 0.218750 -0.201416 0.0549 0.0627 0.0627
v 0.425537 0.199707 -0.207764 0.0510 0.0549 0.0706
v 0.425537 0.210449 -0.207764 0.1020 0.1059 0.1216
v 0.424072 0.214844 -0.207275 0.1412 0.1451 0.1569
v 0.427002 0.223633 -0.203369 0.3961 0.4000 0.4196
v 0.422119 0.218750 -0.213623 0.0745 0.0745 0.0824
v 0.423584 0.223633 -0.215576 0.5098 0.5059 0.5255
v 0.420166 0.246582 -0.196045 0.8196 0.8274 0.8235
v 0.421631 0.244141 -0.213135 0.8313 0.8353 0.8353
v 0.407959 0.246582 -0.217041 0.8431 0.8470 0.8470
v 0.416748 0.246582 -0.208252 0.8353 0.8431 0.8392
v 0.425049 0.244141 -0.200928 0.8274 0.8274 0.8274
v 0.427002 0.239746 -0.203369 0.5686 0.5686 0.5843
v 0.423584 0.239746 -0.215576 0.6785 0.6824 0.6863
v 0.408447 0.210449 -0.224854 0.1020 0.1059 0.1137
v 0.407959 0.214844 -0.223389 0.3216 0.3216 0.3412
v 0.420654 0.199707 -0.219971 0.0353 0.0392 0.0471
v 0.420654 0.210449 -0.219971 0.0784 0.0824 0.0902
v 0.407471 0.216309 -0.218994 0.1020 0.1020 0.1098
v 0.412842 0.218750 -0.222412 0.0471 0.0549 0.0471
v 0.414795 0.223633 -0.224365 0.4823 0.4823 0.5019
v 0.412353 0.244141 -0.221924 0.8549 0.8549 0.8470
v 0.414795 0.239746 -0.224365 0.7372 0.7372 0.7451
v 0.460693 0.154297 -0.127686 0.0706 0.0706 0.0784
v 0.460693 0.162109 -0.142822 0.0392 0.0471 0.0431
v 0.443604 0.179199 -0.132568 0.0157 0.0157 0.0157
v 0.438721 0.177734 -0.134033 0.0000 0.0000 0.0000
v 0.446045 0.183594 -0.129150 0.0000 0.0000 0.0000
v 0.443604 0.188477 -0.140381 0.0431 0.0431 0.0431
v 0.446045 0.191406 -0.135498 0.0118 0.0118 0.0118
v 0.438721 0.187012 -0.142334 0.0314 0.0314 0.0314
v 0.438721 0.199219 -0.146729 0.0471 0.0549 0.0510
v 0.461182 0.180176 -0.125244 0.0275 0.0314 0.0353
v 0.461182 0.190430 -0.135010 0.0353 0.0392 0.0471
v 0.460693 0.174805 -0.155029 0.0706 0.0784 0.0745
v 0.460693 0.188965 -0.162842 0.0824 0.0863 0.0902
v 0.469482 0.149902 -0.129150 0.3568 0.3725 0.4039
v 0.481201 0.153809 -0.127686 0.3725 0.3882 0.4157
v 0.482666 0.158691 -0.126221 0.3843 0.3961 0.4314
v 0.482666 0.164551 -0.139893 0.3882 0.4000 0.4275
v 0.469482 0.158203 -0.145264 0.2902 0.3019 0.3412
v 0.481201 0.161621 -0.142822 0.3647 0.3765 0.4039
v 0.481201 0.173340 -0.155029 0.4550 0.4589 0.4784
v 0.482666 0.177246 -0.150635 0.3255 0.3372 0.3647
v 0.491455 0.183594 -0.126221 0.4823 0.4863 0.5019
v 0.488525 0.174316 -0.133057 0.3490 0.3490 0.3725
v 0.491455 0.190430 -0.132080 0.4863 0.4902 0.5059
v 0.491455 0.197266 -0.135986 0.5059 0.5019 0.5216
v 0.488525 0.184082 -0.141357 0.4275 0.4314 0.4510
v 0.488525 0.193848 -0.146729 0.5294 0.5294 0.5412
v 0.469482 0.170898 -0.158447 0.3451 0.3568 0.3804
v 0.469482 0.187500 -0.166748 0.6236 0.6197 0.6393
v 0.482666 0.190430 -0.157959 0.5333 0.5373 0.5569
v 0.481201 0.188477 -0.162842 0.6039 0.5961 0.6157
v 0.446045 0.200684 -0.138916 0.0235 0.0235 0.0235
v 0.446045 0.210449 -0.138916 0.0275 0.0353 0.0353
v 0.443604 0.222656 -0.140381 0.0941 0.0980 0.1059
v 0.446045 0.227539 -0.129150 0.0235 0.0314 0.0275
v 0.446045 0.219727 -0.135498 0.0314 0.0353 0.0392
v 0.443604 0.199707 -0.144287 0.0627 0.0667 0.0745
v 0.438721 0.211914 -0.146729 0.0706 0.0745 0.0824
v 0.443604 0.211426 -0.144287 0.0824 0.0863 0.0980
v 0.438721 0.223633 -0.142334 0.0706 0.0706 0.0745
v 0.461182 0.200195 -0.139404 0.0745 0.0824 0.0784
v 0.461182 0.210449 -0.139404 0.0745 0.0784 0.0824
v 0.461182 0.228027 -0.128662 0.0549 0.0588 0.0627
v 0.461182 0.220215 -0.135498 0.0667 0.0706 0.0745
v 0.443604 0.231445 -0.132568 0.0980 0.1020 0.1098
v 0.438721 0.233398 -0.134033 0.0627 0.0627 0.0627
v 0.460693 0.256836 -0.127686 0.3333 0.3490 0.3608
v 0.460693 0.236328 -0.155029 0.1530 0.1686 0.1765
v 0.460693 0.249023 -0.142822 0.2078 0.2235 0.2392
v 0.460693 0.205566 -0.165283 0.0941 0.1020 0.1098
v 0.460693 0.222168 -0.162842 0.1176 0.1216 0.1294
v 0.491455 0.205566 -0.137451 0.5686 0.5686 0.5764
v 0.491455 0.213379 -0.135986 0.6393 0.6315 0.6354
v 0.491455 0.220703 -0.132080 0.6550 0.6550 0.6550
v 0.491455 0.227539 -0.126221 0.6550 0.6471 0.6510
v 0.488525 0.205566 -0.148682 0.6667 0.6589 0.6628
v 0.488525 0.217285 -0.146729 0.7647 0.7568 0.7608
v 0.488525 0.227051 -0.141357 0.7960 0.7921 0.7882
v 0.469482 0.261230 -0.129150 0.7882 0.7843 0.7882
v 0.482666 0.252441 -0.126221 0.6628 0.6628 0.6667
v 0.481201 0.257324 -0.127686 0.4118 0.4118 0.4157
v 0.482666 0.246582 -0.139893 0.5255 0.5255 0.5333
v 0.482666 0.233887 -0.150635 0.8117 0.8117 0.8196
v 0.481201 0.237305 -0.155029 0.7764 0.7764 0.7764
v 0.469482 0.252930 -0.145264 0.9294 0.9294 0.9294
v 0.481201 0.249512 -0.142822 0.6039 0.6039 0.6039
v 0.488525 0.236816 -0.133057 0.8157 0.8157 0.8157
v 0.469482 0.205566 -0.169678 0.8706 0.8706 0.8706
v 0.482666 0.205566 -0.160400 0.5137 0.5098 0.5294
v 0.481201 0.205566 -0.165283 0.7372 0.7372 0.7451
v 0.469482 0.223633 -0.166748 0.9921 0.9960 0.9921
v 0.482666 0.220703 -0.157959 0.6667 0.6667 0.6745
v 0.481201 0.222168 -0.162842 0.8078 0.8078 0.8078
v 0.469482 0.240234 -0.158447 0.9921 0.9921 0.9921
v 0.387451 0.362305 -0.187256 0.5216 0.5373 0.5490
v 0.387451 0.383301 -0.187256 0.5843 0.5961 0.6039
v 0.380615 0.360840 -0.187744 0.5530 0.5608 0.5725
v 0.380127 0.362305 -0.190186 0.5490 0.5608 0.5725
v 0.384521 0.363281 -0.190186 0.5490 0.5451 0.5647
v 0.386475 0.365234 -0.190186 0.5451 0.5490 0.5647
v 0.389893 0.365234 -0.187744 0.5373 0.5412 0.5530
v 0.380615 0.386230 -0.187744 0.6079 0.6236 0.6276
v 0.379639 0.384766 -0.190186 0.6079 0.6118 0.6197
v 0.386475 0.378418 -0.190186 0.5843 0.5882 0.5961
v 0.389893 0.378418 -0.187744 0.5882 0.5882 0.5921
v 0.384521 0.382812 -0.190186 0.6000 0.6039 0.6118
v 0.057861 0.437012 -0.001709 0.1216 0.1216 0.1176
v 0.020752 0.499512 -0.002686 0.1255 0.1333 0.1294
v 0.028076 0.497559 -0.002686 0.1216 0.1294 0.1255
v 0.033447 0.492188 -0.002686 0.1255 0.1333 0.1294
v 0.072021 0.432129 -0.001709 0.1294 0.1294 0.1294
v 0.082764 0.436523 -0.001709 0.1255 0.1333 0.1294
v 0.057861 0.437012 -0.132080 0.1216 0.1216 0.1216
v 0.056885 0.434082 -0.139404 0.1176 0.1216 0.1255
v 0.054443 0.426758 -0.142334 0.1020 0.1098 0.1059
v 0.050537 0.398926 -0.172119 0.0824 0.0863 0.0941
v 0.058838 0.390625 -0.172119 0.0863 0.0902 0.0941
v 0.047607 0.408203 -0.172119 0.0863 0.0902 0.0980
v 0.046631 0.419434 -0.172119 0.0980 0.1020 0.1098
v 0.000244 0.487305 -0.141357 0.0824 0.0902 0.0863
v 0.031006 0.491699 -0.138428 0.1176 0.1255 0.1216
v 0.027588 0.496094 -0.136963 0.1255 0.1294 0.1333
v 0.020752 0.499512 -0.131104 0.1216 0.1294 0.1255
v 0.021729 0.496582 -0.138428 0.1176 0.1255 0.1216
v 0.028076 0.497559 -0.131104 0.1216 0.1255 0.1294
v 0.024658 0.490723 -0.141357 0.0863 0.0941 0.0902
v 0.033447 0.492188 -0.131104 0.1255 0.1294 0.1373
v 0.029541 0.408203 -0.215088 0.2432 0.2471 0.2549
v 0.031006 0.389160 -0.220459 0.1608 0.1647 0.1804
v 0.026611 0.401367 -0.220459 0.1765 0.1804 0.1961
v 0.027100 0.393555 -0.226807 0.0863 0.0902 0.0980
v 0.024170 0.405762 -0.226807 0.0941 0.0980 0.1059
v 0.031006 0.395996 -0.235596 0.5804 0.5804 0.5961
v 0.028564 0.406738 -0.235596 0.6315 0.6315 0.6393
v 0.036377 0.387207 -0.215088 0.2667 0.2706 0.2863
v 0.031982 0.396484 -0.215088 0.2784 0.2823 0.2980
v 0.034912 0.387207 -0.235596 0.3843 0.3882 0.4039
v 0.045654 0.404297 -0.235596 0.8000 0.8000 0.8117
v 0.044189 0.415039 -0.235596 0.8078 0.8078 0.8078
v 0.051025 0.398926 -0.226807 0.7608 0.7647 0.7764
v 0.059326 0.390625 -0.226807 0.7490 0.7529 0.7568
v 0.048096 0.408203 -0.226807 0.5412 0.5451 0.5530
v 0.048584 0.395996 -0.235596 0.8000 0.8000 0.8039
v 0.056396 0.388672 -0.235596 0.7960 0.8039 0.8078
v 0.046631 0.418945 -0.226807 0.7568 0.7529 0.7725
v 0.072021 0.432129 -0.132080 0.1216 0.1216 0.1216
v 0.071045 0.429199 -0.139404 0.1216 0.1216 0.1255
v 0.069092 0.421875 -0.142334 0.1137 0.1137 0.1137
v 0.081787 0.433105 -0.139404 0.1216 0.1255 0.1255
v 0.082764 0.436523 -0.132080 0.1216 0.1294 0.1255
v 0.079834 0.425781 -0.142334 0.1137 0.1216 0.1176
v 0.068604 0.388184 -0.172119 0.0902 0.0941 0.1020
v 0.069092 0.388184 -0.226807 0.7412 0.7451 0.7529
v 0.046631 0.545410 -0.172119 0.0902 0.0941 0.1020
v 0.047607 0.555664 -0.172119 0.0784 0.0863 0.0824
v 0.050537 0.564453 -0.172119 0.0784 0.0824 0.0863
v 0.058350 0.572266 -0.172119 0.0784 0.0863 0.0863
v 0.029541 0.555664 -0.215088 0.2549 0.2549 0.2588
v 0.024170 0.558105 -0.226807 0.0549 0.0588 0.0667
v 0.026611 0.562500 -0.220459 0.0706 0.0745 0.0824
v 0.030029 0.572754 -0.220459 0.0627 0.0667 0.0745
v 0.027588 0.570312 -0.226807 0.0431 0.0471 0.0510
v 0.028564 0.557129 -0.235596 0.7921 0.7921 0.7921
v 0.031006 0.567871 -0.235596 0.9529 0.9490 0.9490
v 0.031982 0.567383 -0.215088 0.2549 0.2706 0.2745
v 0.046631 0.544922 -0.226807 0.7098 0.7137 0.7294
v 0.044189 0.548828 -0.235596 0.8157 0.8078 0.8078
v 0.045166 0.558594 -0.235596 0.8157 0.8196 0.8196
v 0.047607 0.555176 -0.226807 0.4823 0.4863 0.5059
v 0.050537 0.564453 -0.226807 0.3255 0.3333 0.3451
v 0.058350 0.572266 -0.226807 0.1255 0.1294 0.1373
v 0.048096 0.566895 -0.235596 0.8274 0.8196 0.8274
v 0.055420 0.574219 -0.235596 0.5725 0.5725 0.5921
v 0.007568 0.606445 -0.220459 0.0275 0.0275 0.0275
v 0.036377 0.576660 -0.215088 0.2510 0.2588 0.2588
v 0.047119 0.586914 -0.215088 0.2510 0.2549 0.2627
v 0.056396 0.592285 -0.215088 0.2510 0.2549 0.2706
v 0.036865 0.583984 -0.220459 0.0314 0.0353 0.0431
v 0.033936 0.582031 -0.226807 0.0392 0.0392 0.0471
v 0.041748 0.590332 -0.226807 0.0196 0.0235 0.0353
v 0.034912 0.576660 -0.235596 0.9764 0.9764 0.9804
v 0.044189 0.586426 -0.235596 0.9215 0.9255 0.9255
v 0.050537 0.594238 -0.220459 0.0314 0.0353 0.0510
v 0.053467 0.596680 -0.226807 0.0980 0.1020 0.1255
v 0.053955 0.591797 -0.235596 0.8862 0.8902 0.8862
v 0.067627 0.575195 -0.172119 0.0941 0.1020 0.0980
v 0.079346 0.576660 -0.172119 0.0980 0.1020 0.1098
v 0.117920 0.604492 -0.152588 0.1098 0.1137 0.1216
v 0.118896 0.596191 -0.160889 0.0275 0.0275 0.0275
v 0.117432 0.602051 -0.158447 0.1255 0.1333 0.1373
v 0.124756 0.576660 -0.172119 0.1059 0.1098 0.1176
v 0.067139 0.594727 -0.215088 0.2510 0.2549 0.2627
v 0.067627 0.575195 -0.226807 0.0745 0.0784 0.0863
v 0.066162 0.598633 -0.220459 0.0275 0.0275 0.0353
v 0.064697 0.599121 -0.226807 0.3451 0.3490 0.3608
v 0.063721 0.576660 -0.235596 0.4000 0.4118 0.4353
v 0.074951 0.578613 -0.235596 0.2706 0.2784 0.2902
v 0.064697 0.593750 -0.235596 0.8627 0.8627 0.8627
v 0.079346 0.576660 -0.226807 0.0941 0.0941 0.0941
v 0.124756 0.576660 -0.226807 0.1255 0.1294 0.1373
v 0.131104 0.439453 -0.001709 0.1255 0.1333 0.1294
v 0.149170 0.427246 -0.001709 0.1216 0.1216 0.1216
v 0.142334 0.435059 -0.001709 0.1176 0.1255 0.1216
v 0.131104 0.439453 -0.132080 0.1216 0.1294 0.1255
v 0.133057 0.436523 -0.139404 0.1216 0.1255 0.1255
v 0.137939 0.429688 -0.142334 0.1098 0.1098 0.1137
v 0.145752 0.428711 -0.139404 0.1216 0.1255 0.1216
v 0.149170 0.427246 -0.132080 0.1216 0.1294 0.1255
v 0.142334 0.435059 -0.132080 0.1255 0.1255 0.1294
v 0.141357 0.434570 -0.138428 0.1216 0.1255 0.1255
v 0.136475 0.388184 -0.172119 0.0902 0.0941 0.1020
v 0.145752 0.390625 -0.172119 0.0863 0.0902 0.0980
v 0.154053 0.398926 -0.172119 0.0824 0.0863 0.0941
v 0.156982 0.408203 -0.172119 0.0941 0.1020 0.0980
v 0.157959 0.419434 -0.172119 0.0980 0.0980 0.0980
v 0.137451 0.388184 -0.226807 0.6745 0.6785 0.6863
v 0.146729 0.390625 -0.226807 0.6941 0.6980 0.7059
v 0.154541 0.398926 -0.226807 0.0784 0.0824 0.0941
v 0.150146 0.388672 -0.235596 0.9098 0.9098 0.9137
v 0.172607 0.387207 -0.215088 0.2275 0.2314 0.2392
v 0.177002 0.396484 -0.215088 0.2235 0.2275 0.2353
v 0.179932 0.408203 -0.215088 0.2157 0.2196 0.2275
v 0.156982 0.408203 -0.226807 0.1098 0.1216 0.1412
v 0.157471 0.396484 -0.235596 0.9764 0.9764 0.9843
v 0.159912 0.404785 -0.235596 0.8078 0.8078 0.8078
v 0.160889 0.415527 -0.235596 0.1451 0.1451 0.1490
v 0.177979 0.389160 -0.220459 0.1333 0.1373 0.1451
v 0.182373 0.401367 -0.220459 0.0902 0.0941 0.1020
v 0.181885 0.393555 -0.226807 0.0588 0.0627 0.0667
v 0.184814 0.405762 -0.226807 0.0431 0.0471 0.0549
v 0.174072 0.387207 -0.235596 0.6393 0.6393 0.6550
v 0.178467 0.395996 -0.235596 0.7098 0.7020 0.7216
v 0.180420 0.406738 -0.235596 0.7451 0.7451 0.7529
v 0.157959 0.419434 -0.226807 0.1333 0.1373 0.1451
v 0.226807 0.387207 -0.190186 0.6118 0.6157 0.6315
v 0.226807 0.387207 -0.200928 0.6393 0.6432 0.6589
v 0.146240 0.572754 -0.172119 0.1020 0.1098 0.1137
v 0.154053 0.564453 -0.172119 0.0980 0.1059 0.1059
v 0.165283 0.550293 -0.152588 0.0667 0.0745 0.0706
v 0.161865 0.569824 -0.152588 0.0667 0.0745 0.0706
v 0.162842 0.550293 -0.158447 0.0941 0.0980 0.1059
v 0.160889 0.549805 -0.160889 0.0549 0.0588 0.0627
v 0.159424 0.568848 -0.158447 0.0863 0.0902 0.0980
v 0.156494 0.566895 -0.160889 0.0196 0.0275 0.0235
v 0.157959 0.544434 -0.172119 0.1020 0.1059 0.1137
v 0.156982 0.555176 -0.172119 0.1020 0.1059 0.1137
v 0.136475 0.599121 -0.152588 0.1059 0.1098 0.1137
v 0.152100 0.586914 -0.152588 0.0784 0.0824 0.0902
v 0.135498 0.596680 -0.158447 0.0980 0.1020 0.1020
v 0.135498 0.591309 -0.160889 0.0314 0.0353 0.0314
v 0.136475 0.575195 -0.172119 0.1137 0.1176 0.1255
v 0.148193 0.581055 -0.160889 0.0314 0.0353 0.0314
v 0.150146 0.584961 -0.158447 0.0902 0.0941 0.1020
v 0.146240 0.572754 -0.226807 0.1451 0.1530 0.1608
v 0.179932 0.555664 -0.215088 0.2235 0.2275 0.2353
v 0.177002 0.567383 -0.215088 0.2157 0.2196 0.2275
v 0.157959 0.544922 -0.226807 0.1608 0.1765 0.1882
v 0.156982 0.555664 -0.226807 0.1765 0.1804 0.1961
v 0.160889 0.548828 -0.235596 0.1059 0.1059 0.1098
v 0.159912 0.559082 -0.235596 0.1255 0.1294 0.1294
v 0.157959 0.567383 -0.235596 0.4314 0.4314 0.4471
v 0.184814 0.558105 -0.226807 0.0039 0.0078 0.0157
v 0.179443 0.572754 -0.220459 0.0667 0.0667 0.0745
v 0.182373 0.562500 -0.220459 0.1020 0.1020 0.1020
v 0.181885 0.570312 -0.226807 0.0745 0.0745 0.0824
v 0.180420 0.557129 -0.235596 0.7333 0.7333 0.7333
v 0.178467 0.567871 -0.235596 0.6980 0.6980 0.6980
v 0.141846 0.594727 -0.215088 0.2510 0.2510 0.2588
v 0.152588 0.592285 -0.215088 0.2510 0.2510 0.2588
v 0.136475 0.575195 -0.226807 0.1765 0.1804 0.1882
v 0.129639 0.578613 -0.235596 0.1530 0.1530 0.1725
v 0.148193 0.597656 -0.220459 0.1020 0.1020 0.1059
v 0.144287 0.599121 -0.226807 0.3804 0.3921 0.4078
v 0.156006 0.596680 -0.226807 0.2314 0.2392 0.2549
v 0.141357 0.577148 -0.235596 0.1490 0.1490 0.1569
v 0.150146 0.574707 -0.235596 0.2196 0.2235 0.2353
v 0.144287 0.593750 -0.235596 0.8196 0.8196 0.8196
v 0.155029 0.591797 -0.235596 0.7686 0.7686 0.7686
v 0.162354 0.586914 -0.215088 0.2392 0.2392 0.2471
v 0.172607 0.576660 -0.215088 0.2353 0.2392 0.2471
v 0.167725 0.589844 -0.226807 0.1137 0.1137 0.1176
v 0.160889 0.593262 -0.220459 0.1137 0.1255 0.1333
v 0.164795 0.586426 -0.235596 0.6941 0.6941 0.6941
v 0.172607 0.583984 -0.220459 0.0667 0.0706 0.0784
v 0.176025 0.581055 -0.226807 0.0824 0.0824 0.0863
v 0.174072 0.576660 -0.235596 0.6863 0.6863 0.6863
v 0.216553 0.589844 -0.154541 0.0039 0.0039 0.0039
v 0.218506 0.604492 -0.154541 0.0078 0.0078 0.0078
v 0.224365 0.618164 -0.154541 0.0078 0.0078 0.0078
v 0.233643 0.630371 -0.154541 0.0118 0.0118 0.0118
v 0.222412 0.589844 -0.156982 0.0157 0.0157 0.0157
v 0.224854 0.589355 -0.162842 0.0314 0.0353 0.0431
v 0.224365 0.603027 -0.156982 0.0118 0.0118 0.0118
v 0.226807 0.602539 -0.162842 0.0275 0.0314 0.0392
v 0.229736 0.615723 -0.156982 0.0118 0.0118 0.0118
v 0.231689 0.614258 -0.162842 0.0235 0.0275 0.0353
v 0.238037 0.625977 -0.156982 0.0118 0.0118 0.0118
v 0.239502 0.624512 -0.162842 0.0196 0.0275 0.0235
v 0.248779 0.634277 -0.156982 0.0118 0.0118 0.0118
v 0.249756 0.632324 -0.162842 0.0196 0.0196 0.0196
v 0.216553 0.589844 -0.220459 0.0784 0.0863 0.0824
v 0.218506 0.604492 -0.220459 0.0510 0.0588 0.0549
v 0.222412 0.589844 -0.218018 0.1216 0.1294 0.1412
v 0.224854 0.589355 -0.212158 0.0706 0.0706 0.0784
v 0.224365 0.603027 -0.218018 0.0784 0.0824 0.0902
v 0.226807 0.602539 -0.212158 0.0431 0.0471 0.0549
v 0.229736 0.615723 -0.218018 0.0275 0.0353 0.0431
v 0.231689 0.614258 -0.212158 0.0157 0.0196 0.0275
v 0.238037 0.625977 -0.218018 0.0118 0.0157 0.0196
v 0.239502 0.624512 -0.212158 0.0078 0.0157 0.0118
v 0.249756 0.632324 -0.212158 0.0078 0.0118 0.0118
v 0.248779 0.634277 -0.218018 0.0118 0.0157 0.0118
v 0.224365 0.618164 -0.220459 0.0392 0.0431 0.0510
v 0.233643 0.630371 -0.220459 0.0118 0.0118 0.0118
v 0.245850 0.639648 -0.220459 0.0510 0.0667 0.0784
v 0.367432 0.387207 -0.001709 0.8274 0.8274 0.8196
v 0.367432 0.387207 -0.094482 0.8235 0.8235 0.8157
v 0.364990 0.387207 -0.190186 0.6354 0.6393 0.6393
v 0.364990 0.387207 -0.200928 0.6902 0.6902 0.6902
v 0.367432 0.387207 -0.187744 0.5019 0.5019 0.4980
v 0.373291 0.635742 -0.181397 0.1882 0.1922 0.2000
v 0.372314 0.635742 -0.183838 0.1137 0.1216 0.1176
v 0.372314 0.635742 -0.208252 0.1333 0.1412 0.1373
v 0.373291 0.635742 -0.210693 0.1569 0.1647 0.1608
v 0.375732 0.635742 -0.180420 0.2275 0.2314 0.2353
v 0.395752 0.635742 -0.180420 0.2588 0.2627 0.2667
v 0.398193 0.635742 -0.181397 0.2157 0.2196 0.2275
v 0.399170 0.635742 -0.183838 0.2118 0.2157 0.2196
v 0.375732 0.635742 -0.211670 0.1961 0.2000 0.2078
v 0.398193 0.635742 -0.210693 0.1922 0.1961 0.2000
v 0.395752 0.635742 -0.211670 0.1922 0.1961 0.1961
v 0.399170 0.635742 -0.208252 0.2157 0.2196 0.2275
v 0.398682 0.636719 -0.216064 0.1294 0.1255 0.1176
v 0.398193 0.629883 -0.224365 0.0235 0.0314 0.0314
v 0.405518 0.634766 -0.221436 0.0275 0.0314 0.0353
v 0.441162 0.634766 -0.221436 0.0980 0.1020 0.1098
v 0.441162 0.629883 -0.224365 0.0431 0.0431 0.0431
v 0.441162 0.627441 -0.229248 0.0078 0.0078 0.0157
v 0.446533 0.632324 -0.226318 0.2392 0.2432 0.2588
v 0.447021 0.635742 -0.224365 0.2823 0.2863 0.3019
v 0.447021 0.630371 -0.229736 0.2196 0.2275 0.2432
v 0.252197 0.642578 -0.154541 0.0157 0.0157 0.0118
v 0.274170 0.643555 -0.153564 0.0118 0.0118 0.0118
v 0.260986 0.639648 -0.156982 0.0118 0.0118 0.0118
v 0.261475 0.637207 -0.162842 0.0118 0.0118 0.0118
v 0.274170 0.642090 -0.156982 0.0118 0.0118 0.0078
v 0.274658 0.639160 -0.162842 0.0118 0.0118 0.0118
v 0.261475 0.637207 -0.212158 0.0157 0.0157 0.0157
v 0.260986 0.639648 -0.218018 0.0078 0.0157 0.0118
v 0.274658 0.639160 -0.212158 0.0118 0.0118 0.0118
v 0.255127 0.644043 -0.220459 0.1255 0.1373 0.1569
v 0.274658 0.639160 -0.220459 0.0157 0.0235 0.0196
v 0.370850 0.643555 -0.154053 0.0157 0.0157 0.0157
v 0.370850 0.642090 -0.156494 0.0157 0.0157 0.0157
v 0.371338 0.639160 -0.160889 0.0157 0.0157 0.0157
v 0.371338 0.638672 -0.179443 0.1530 0.1569 0.1686
v 0.371338 0.638672 -0.212647 0.0588 0.0588 0.0588
v 0.401611 0.733398 -0.000244 0.0588 0.0588 0.0588
v 0.405518 0.736816 -0.000244 0.0588 0.0627 0.0627
v 0.401611 0.731445 -0.043701 0.0588 0.0588 0.0588
v 0.405518 0.734863 -0.044189 0.0627 0.0627 0.0627
v 0.401611 0.727051 -0.085693 0.0510 0.0510 0.0510
v 0.405518 0.730469 -0.086670 0.0588 0.0588 0.0588
v 0.401611 0.717285 -0.124756 0.0549 0.0588 0.0588
v 0.441162 0.736816 -0.000244 0.0000 0.0000 0.0000
v 0.447510 0.739258 -0.000244 0.1961 0.1961 0.2039
v 0.451416 0.744141 -0.000244 0.3255 0.3255 0.3412
v 0.441162 0.734863 -0.044189 0.0000 0.0000 0.0000
v 0.447510 0.736816 -0.044678 0.1686 0.1725 0.1804
v 0.451416 0.741699 -0.045654 0.3176 0.3216 0.3372
v 0.441162 0.730469 -0.086670 0.0275 0.0275 0.0275
v 0.447510 0.732422 -0.087647 0.1922 0.1961 0.2118
v 0.451416 0.737305 -0.089600 0.3961 0.3961 0.4157
v 0.451416 0.758789 -0.097900 0.6197 0.6118 0.6236
v 0.441162 0.773926 -0.000244 0.0039 0.0039 0.0039
v 0.451416 0.767090 -0.000244 0.6039 0.6000 0.6039
v 0.447510 0.771973 -0.000244 0.8313 0.8313 0.8353
v 0.441162 0.771484 -0.051514 0.0000 0.0000 0.0000
v 0.447510 0.769531 -0.051025 0.8196 0.8196 0.8235
v 0.451416 0.764648 -0.050049 0.6276 0.6197 0.6276
v 0.441162 0.765137 -0.100830 0.0118 0.0157 0.0235
v 0.447510 0.763184 -0.099854 0.8823 0.8784 0.8862
v 0.383545 0.643555 -0.140381 0.0157 0.0157 0.0157
v 0.381592 0.643555 -0.147705 0.0157 0.0157 0.0157
v 0.377197 0.643555 -0.152100 0.0157 0.0157 0.0157
v 0.378662 0.642090 -0.154541 0.0157 0.0157 0.0157
v 0.386475 0.642090 -0.140869 0.0157 0.0157 0.0157
v 0.390381 0.639160 -0.141357 0.0235 0.0235 0.0235
v 0.384033 0.642090 -0.149170 0.0157 0.0157 0.0157
v 0.387451 0.639160 -0.151123 0.0157 0.0157 0.0157
v 0.380615 0.639160 -0.158447 0.0157 0.0157 0.0157
v 0.400146 0.638672 -0.179443 0.0824 0.0824 0.0824
v 0.401611 0.684570 -0.186279 0.0392 0.0431 0.0431
v 0.405518 0.720703 -0.126221 0.0667 0.0667 0.0667
v 0.401611 0.701660 -0.159424 0.0549 0.0588 0.0549
v 0.405518 0.704590 -0.161377 0.0588 0.0627 0.0588
v 0.390381 0.639160 -0.212158 0.0118 0.0196 0.0157
v 0.400146 0.638672 -0.212647 0.0667 0.0667 0.0667
v 0.401611 0.639160 -0.215576 0.0118 0.0157 0.0118
v 0.401611 0.663086 -0.205811 0.0314 0.0314 0.0314
v 0.405518 0.665039 -0.209229 0.0314 0.0314 0.0314
v 0.405518 0.687500 -0.188721 0.0471 0.0471 0.0471
v 0.390381 0.639160 -0.220459 0.0118 0.0196 0.0157
v 0.441162 0.720703 -0.126221 0.0431 0.0431 0.0431
v 0.447510 0.722656 -0.127197 0.1294 0.1333 0.1412
v 0.451416 0.727051 -0.130127 0.4628 0.4589 0.4823
v 0.441162 0.753906 -0.146729 0.0118 0.0118 0.0118
v 0.447510 0.751953 -0.145264 0.8509 0.8509 0.8588
v 0.451416 0.747559 -0.142334 0.6118 0.6079 0.6157
v 0.441162 0.704590 -0.161377 0.0078 0.0118 0.0118
v 0.447510 0.706543 -0.162842 0.1765 0.1804 0.1882
v 0.451416 0.710938 -0.166260 0.4823 0.4823 0.5019
v 0.451416 0.730469 -0.182373 0.5882 0.5843 0.5882
v 0.441162 0.736328 -0.187256 0.0980 0.1020 0.1098
v 0.447510 0.734375 -0.185791 0.7372 0.7372 0.7372
v 0.441162 0.647949 -0.218018 0.0510 0.0549 0.0549
v 0.441162 0.665039 -0.209229 0.0392 0.0431 0.0431
v 0.447021 0.666504 -0.211182 0.2353 0.2392 0.2471
v 0.441162 0.687500 -0.188721 0.0353 0.0353 0.0353
v 0.447021 0.688965 -0.190674 0.2432 0.2471 0.2588
v 0.450439 0.692383 -0.195557 0.5961 0.5961 0.6039
v 0.450439 0.670410 -0.216553 0.6197 0.6118 0.6236
v 0.447021 0.648438 -0.221436 0.3294 0.3333 0.3372
v 0.449463 0.637207 -0.230225 0.6197 0.6197 0.6276
v 0.450439 0.652344 -0.226807 0.6039 0.6039 0.6118
v 0.451416 0.690430 -0.244873 0.6236 0.6236 0.6276
v 0.451416 0.711426 -0.218506 0.6197 0.6157 0.6236
v 0.441162 0.716797 -0.225342 0.1451 0.1490 0.1530
v 0.447510 0.715332 -0.223389 0.8549 0.8549 0.8549
v 0.441162 0.623535 -0.264893 0.1216 0.1216 0.1255
v 0.447021 0.626953 -0.264893 0.1608 0.1647 0.1843
v 0.450439 0.632812 -0.264893 0.3882 0.3882 0.4196
v 0.441162 0.625488 -0.272217 0.1647 0.1843 0.2196
v 0.441162 0.632812 -0.276611 0.3921 0.3961 0.4235
v 0.447021 0.628418 -0.271729 0.3490 0.3765 0.4000
v 0.447021 0.632812 -0.273193 0.5294 0.5373 0.5569
v 0.451416 0.659180 -0.261963 0.6157 0.6157 0.6197
v 0.451416 0.663086 -0.260498 0.6393 0.6393 0.6393
v 0.441162 0.662109 -0.272705 0.9019 0.9019 0.9019
v 0.441162 0.665039 -0.269775 0.0078 0.0078 0.0078
v 0.441162 0.656738 -0.277100 0.8784 0.8784 0.8784
v 0.441162 0.659668 -0.276611 0.8823 0.8823 0.8823
v 0.449951 0.657715 -0.265869 0.7725 0.7725 0.7725
v 0.447510 0.663086 -0.267334 0.8549 0.8549 0.8549
v 0.447510 0.666992 -0.265869 0.8706 0.8666 0.8666
v 0.447021 0.660645 -0.270264 0.8431 0.8431 0.8509
v 0.447021 0.657715 -0.273682 0.8470 0.8470 0.8431
v 0.441162 0.680176 -0.263916 0.3765 0.3765 0.3765
v 0.451416 0.674805 -0.256104 0.7098 0.7098 0.7098
v 0.447510 0.678711 -0.261475 0.9137 0.9137 0.9137
v 0.441162 0.695801 -0.252197 0.2823 0.2823 0.2823
v 0.447510 0.694336 -0.250244 0.9176 0.9176 0.9176
v 0.441162 0.668945 -0.267822 0.1804 0.1804 0.1804
s 1
f 4 5 54
f 5 6 54
f 54 15 4
f 40 39 15
f 52 40 15
f 15 51 52
f 54 51 15
f 54 52 51
f 54 53 52
f 53 54 59
f 632 59 54
f 2932 632 54
f 3177 2932 54
f 3179 3177 54
f 3192 3179 54
f 1423 1424 1434
f 13 36 42
f 13 42 353
f 30 34 36
f 42 36 34
f 30 36 43
f 355 352 329
f 329 354 355
f 30 38 39
f 43 38 30
f 39 40 41
f 57 41 40
f 41 57 58
f 592 27 26
f 594 45 27
f 27 592 594
f 26 497 590
f 26 590 592
f 568 497 495
f 497 568 590
f 604 47 45
f 45 594 604
f 578 579 585
f 627 585 579
f 613 48 47
f 615 50 48
f 48 613 615
f 59 57 53
f 59 58 57
f 47 604 605
f 47 605 613
f 804 358 50
f 50 615 804
f 806 360 358
f 358 804 806
f 632 631 59
f 2932 2823 632
f 1424 1425 1434
f 1443 1434 1425
f 1434 1435 1436
f 1434 1436 1437
f 1434 1437 1442
f 1434 1442 1963
f 1443 1435 1434
f 1434 1963 4427
f 1434 4427 4428
f 1434 4428 4429
f 1434 4429 4430
f 2931 2932 2933
f 3177 2933 2932
f 2923 2933 3177
f 3179 3178 3177
f 3192 3186 3179
f 78 102 115
f 80 79 77
f 242 73 72
f 72 98 242
f 242 188 73
f 242 189 188
f 98 99 242
f 99 101 242
f 101 240 242
f 242 190 189
f 242 192 190
f 242 205 192
f 242 207 205
f 242 208 207
f 208 242 258
f 240 241 242
f 250 242 241
f 242 243 261
f 250 243 242
f 259 258 242
f 260 259 242
f 261 260 242
f 156 121 85
f 126 125 106
f 284 281 255
f 334 332 134
f 1599 334 134
f 129 143 146
f 129 146 1596
f 143 144 146
f 144 145 146
f 1705 1695 1596
f 334 333 332
f 356 335 334
f 334 1599 1740
f 1599 1700 1767
f 1767 1740 1599
f 148 145 136
f 341 339 338
f 338 340 341
f 339 341 342
f 167 644 647
f 167 647 744
f 344 342 341
f 173 174 176
f 174 178 1612
f 165 176 177
f 164 165 177
f 180 170 169
f 180 179 170
f 179 178 175
f 647 650 744
f 650 690 744
f 690 692 744
f 2971 744 692
f 1723 1718 1612
f 1087 922 921
f 922 1087 1091
f 922 1091 1093
f 922 1093 2208
f 198 218 228
f 214 229 233
f 265 307 315
f 239 296 326
f 269 300 301
f 343 340 337
f 340 343 345
f 344 341 340
f 345 344 340
f 805 364 360
f 806 805 360
f 808 654 364
f 364 805 808
f 702 662 654
f 808 702 654
f 370 373 949
f 380 379 375
f 2375 1121 389
f 389 1784 2375
f 1116 1118 1119
f 3107 3660 3764
f 2387 2375 1784
f 401 393 391
f 393 401 402
f 393 402 962
f 965 913 393
f 393 962 964
f 393 964 968
f 967 965 393
f 968 967 393
f 406 402 401
f 407 406 401
f 402 403 962
f 971 962 403
f 971 964 962
f 394 959 961
f 960 959 394
f 958 959 960
f 955 958 960
f 973 405 404
f 973 740 405
f 729 730 734
f 735 734 730
f 740 973 1147
f 740 1147 1149
f 1061 974 410
f 1063 1062 1061
f 1041 1033 417
f 417 1033 1034
f 437 1041 1069
f 1044 428 421
f 421 936 1047
f 1055 1044 421
f 421 1047 1050
f 421 1050 1055
f 426 428 430
f 426 430 434
f 1027 1026 963
f 1062 1063 1064
f 437 1069 1072
f 583 581 580
f 584 583 580
f 584 580 578
f 583 582 581
f 585 584 578
f 477 472 471
f 477 474 472
f 490 475 474
f 474 477 490
f 464 466 469
f 465 510 514
f 479 482 521
f 522 521 482
f 642 639 485
f 521 481 479
f 521 484 481
f 521 486 484
f 486 521 524
f 521 522 523
f 521 523 530
f 525 524 521
f 533 525 521
f 521 530 533
f 495 500 566
f 495 566 568
f 500 502 564
f 500 564 566
f 502 562 564
f 518 516 512
f 529 532 540
f 547 545 519
f 529 545 550
f 542 537 536
f 558 555 553
f 679 543 535
f 682 678 640
f 2710 2711 2713
f 2711 2712 2713
f 2718 2717 2713
f 2719 2718 2713
f 625 612 611
f 611 620 625
f 622 620 611
f 623 622 611
f 619 618 612
f 625 619 612
f 2689 625 620
f 622 623 624
f 633 624 623
f 618 619 626
f 2682 2684 2686
f 2687 2686 2684
f 2682 2686 2689
f 2681 2682 2689
f 2681 2689 2691
f 2691 2690 2681
f 2690 2691 2692
f 2690 2692 2822
f 719 663 662
f 662 702 719
f 716 672 663
f 719 716 663
f 705 703 672
f 716 705 672
f 692 696 2971
f 696 793 2971
f 790 791 2971
f 3042 2971 791
f 2971 793 790
f 2971 3042 3120
f 734 735 736
f 732 733 1136
f 1147 1148 1149
f 3631 1421 1218
f 747 748 1164
f 749 1162 1163
f 861 765 763
f 765 837 1181
f 861 837 765
f 1182 1156 765
f 765 1181 1187
f 1184 1182 765
f 1185 1184 765
f 1187 1185 765
f 861 841 837
f 861 842 841
f 837 838 1181
f 1188 1181 838
f 1188 1187 1181
f 766 1175 1178
f 766 1178 1179
f 1173 1175 1176
f 1178 1175 1173
f 779 783 879
f 780 877 1390
f 1390 1285 780
f 780 1285 1286
f 1302 867 783
f 783 867 879
f 783 1279 1292
f 783 1292 1297
f 783 1297 1300
f 783 1300 1302
f 867 870 879
f 870 871 879
f 1408 1390 877
f 873 1390 1395
f 784 786 788
f 830 787 786
f 786 787 788
f 786 803 830
f 789 788 787
f 797 798 803
f 3041 789 787
f 787 2134 3041
f 803 798 795
f 2134 2162 4338
f 4566 3041 2134
f 2134 4338 4566
f 4566 3307 3041
f 796 791 790
f 791 796 799
f 791 799 800
f 798 796 795
f 796 798 799
f 801 799 798
f 801 800 799
f 3042 3044 3047
f 3042 3047 3059
f 3045 3044 3043
f 3044 3045 3047
f 823 2937 2938
f 824 2944 2953
f 862 1323 1324
f 862 1324 1327
f 1307 1306 844
f 1397 1307 844
f 1383 1382 1306
f 1399 1398 1397
f 855 856 1311
f 859 1319 1320
f 1324 1325 1327
f 873 1395 1406
f 1398 1399 1400
f 886 893 894
f 886 894 1076
f 893 897 898
f 894 895 1077
f 1077 1076 894
f 1076 916 914
f 915 916 1076
f 897 901 902
f 917 918 3859
f 917 3859 3868
f 895 896 1077
f 3836 3833 3832
f 919 1087 3860
f 3869 3868 3859
f 3890 3864 3860
f 3860 3864 3893
f 3915 3870 3860
f 1093 1097 2208
f 1097 1101 2208
f 1101 1107 2208
f 1107 1110 2208
f 2334 2208 1110
f 2368 2218 2208
f 2208 2334 2336
f 2208 2336 2337
f 2208 2337 2358
f 2208 2358 2362
f 2208 2362 2368
f 958 955 954
f 989 981 980
f 990 988 985
f 981 989 993
f 989 992 993
f 1013 1012 1011
f 1012 1013 1014
f 1012 1014 1015
f 1226 1220 1023
f 1222 1221 1220
f 1226 1222 1220
f 1421 3780 3781
f 1421 3781 3782
f 1421 3782 3824
f 1421 3824 3874
f 1118 1120 2377
f 2376 1122 1117
f 2376 1123 1122
f 2376 1126 1123
f 2376 1127 1126
f 2376 1129 1127
f 2376 1131 1129
f 1131 2376 2378
f 2380 2378 2376
f 2382 2380 2376
f 2384 2382 2376
f 2386 2384 2376
f 2389 2386 2376
f 2376 2388 2389
f 2392 2388 2376
f 1120 1124 2377
f 1124 1125 2377
f 1125 1128 2377
f 1128 1130 2377
f 1130 1132 2377
f 2379 2377 1132
f 2377 2379 2381
f 2377 2381 2383
f 2377 2383 2385
f 2377 2385 2396
f 2377 2390 2395
f 2396 2390 2377
f 2395 2393 2377
f 4955 3662 2377
f 3775 3758 3660
f 3660 3758 3764
f 3660 3772 3775
f 1176 1174 1173
f 1195 1211 1212
f 1217 1214 1213
f 1213 1214 1216
f 1216 1215 1213
f 1244 1232 1231
f 1232 1244 1246
f 1243 1242 1235
f 1244 1245 1246
f 1261 1259 1258
f 1259 1261 1262
f 1259 1262 1263
f 3605 3604 2985
f 1380 1377 1374
f 1368 1367 1347
f 3681 3008 1419
f 3671 3680 3681
f 3678 3010 3008
f 3683 3678 3008
f 3008 3681 3683
f 3876 3875 3874
f 1443 1436 1435
f 1436 1443 1460
f 1461 1460 1443
f 1742 1464 1446
f 1446 1464 1470
f 1437 1440 1442
f 1440 1441 1442
f 1962 1442 1441
f 1442 1962 1963
f 1963 3958 4131
f 1963 4131 4427
f 4131 4132 4427
f 4132 4133 4427
f 4432 4427 4133
f 4431 4430 4429
f 1440 1460 1463
f 1460 1461 1463
f 1463 1441 1440
f 1439 1811 1958
f 1439 1958 1959
f 1441 1961 1962
f 1817 1811 1810
f 1811 1817 1958
f 1461 1462 1466
f 1462 1465 1466
f 1470 1466 1465
f 1471 1470 1464
f 1466 1470 1471
f 1745 1743 1741
f 1750 1745 1741
f 1458 1459 1973
f 1459 1475 1975
f 1975 1973 1459
f 1970 1839 1458
f 1973 1970 1458
f 1837 1839 1896
f 1970 1896 1839
f 1475 1477 1982
f 1982 1975 1475
f 1477 1478 1998
f 1478 1480 2000
f 2000 1998 1478
f 1984 1982 1477
f 1998 1984 1477
f 1480 1754 2135
f 2135 2000 1480
f 1754 1756 2137
f 2137 2135 1754
f 1546 1489 1483
f 1517 1519 1528
f 1559 1502 1501
f 1501 1542 1559
f 1559 1512 1502
f 1559 1513 1512
f 1542 1543 1559
f 1559 1514 1513
f 1559 1516 1514
f 1516 1559 1619
f 1543 1545 1559
f 1545 1557 1559
f 1557 1558 1559
f 1564 1559 1558
f 1559 1560 1647
f 1564 1560 1559
f 1621 1619 1559
f 1622 1621 1559
f 1644 1622 1559
f 1645 1644 1559
f 1646 1645 1559
f 1647 1646 1559
f 1530 1521 1517
f 1532 1627 1635
f 1627 1633 1634
f 1605 1578 1523
f 1569 1575 1585
f 1586 1582 1569
f 1705 1702 1695
f 1705 1703 1702
f 1705 1704 1703
f 1700 1766 1767
f 1744 1767 1771
f 1768 1767 1766
f 1718 1719 1721
f 1720 1723 1724
f 1685 1651 1643
f 1642 1678 1693
f 1704 1707 1711
f 1728 1722 1721
f 1722 1728 1729
f 1777 1778 1780
f 1780 1779 1777
f 1781 1780 1778
f 2044 2041 1731
f 2115 2044 1731
f 1775 1780 1781
f 1724 1725 1736
f 2370 2219 2218
f 2218 2366 2370
f 2368 2366 2218
f 1737 1736 1725
f 2115 2046 2044
f 2115 2091 2046
f 2115 2093 2091
f 1756 1759 2136
f 1756 2136 2137
f 1759 2006 2139
f 2139 2136 1759
f 2006 2018 2052
f 2006 2052 2139
f 1779 1774 1773
f 1773 1776 1779
f 1779 1775 1774
f 1775 1779 1780
f 1787 2239 2244
f 1787 2244 2245
f 4956 2394 1786
f 1786 4368 4956
f 2394 2393 2391
f 5009 4956 4368
f 4956 5009 5011
f 4956 5011 5019
f 5019 5017 4956
f 1789 1791 1793
f 2256 1791 1789
f 1789 1793 1795
f 1792 1791 1790
f 1791 1792 1793
f 1791 2256 2257
f 1797 1793 1792
f 1798 1795 1793
f 1793 1797 1798
f 1798 1796 1795
f 2257 2256 2254
f 2259 2257 2254
f 1799 1798 1797
f 2102 2100 1806
f 2103 2102 1807
f 2100 2102 2107
f 2102 2103 2107
f 2107 2101 2100
f 2109 2107 2103
f 1810 1812 1816
f 1810 1816 1817
f 1812 1813 1815
f 1812 1815 1816
f 1813 1814 1815
f 1893 1841 1837
f 1896 1893 1837
f 1892 1843 1841
f 1893 1892 1841
f 1892 1890 1843
f 1868 1870 1871
f 1868 1871 1873
f 1868 1873 1876
f 1873 1874 1876
f 1866 1864 1860
f 1865 1907 1911
f 1919 1883 1880
f 1883 1919 1920
f 2036 2033 1886
f 1880 1882 1919
f 1882 1885 1919
f 1885 1887 1919
f 1922 1919 1887
f 1921 1920 1919
f 1933 1921 1919
f 1919 1922 1923
f 1919 1923 1936
f 1936 1933 1919
f 1945 1941 1917
f 1948 1952 1954
f 1916 1913 1908
f 1935 1932 1925
f 1932 1935 1949
f 1949 1945 1932
f 1928 1939 1940
f 1952 1949 1935
f 2081 1938 1929
f 2080 2076 2037
f 4052 4050 4049
f 4052 4051 4050
f 4051 4052 4075
f 4052 4056 4057
f 4052 4057 4058
f 1964 1986 1987
f 1996 1987 1986
f 3960 3958 3957
f 4132 4131 4130
f 1996 1988 1987
f 3984 3956 1987
f 1996 1989 1988
f 1989 1996 1997
f 3984 3983 3956
f 3983 3984 3985
f 1989 1997 2002
f 3983 3985 3987
f 3985 3986 3987
f 2004 2002 1997
f 1990 2002 2004
f 3988 3987 3986
f 3990 3988 3986
f 3990 3991 3993
f 3988 3990 3993
f 2018 2019 2071
f 2071 2052 2018
f 2019 2026 2068
f 2019 2068 2071
f 2026 2057 2059
f 2026 2059 2068
f 4265 2174 2096
f 2171 2174 4265
f 4265 2172 2171
f 2172 4265 4341
f 4393 4341 4265
f 2101 2107 2108
f 2101 2108 2442
f 2109 2108 2107
f 2108 2109 2110
f 2454 2442 2108
f 2454 2452 2442
f 2452 2454 2456
f 2114 2462 2465
f 2114 2465 2581
f 2533 2663 4941
f 2121 2122 2482
f 2123 2122 2121
f 2121 2482 2484
f 2122 2123 2127
f 2122 2124 2479
f 2127 2124 2122
f 2122 2479 2482
f 2128 2127 2123
f 2483 2482 2478
f 2482 2479 2478
f 2482 2483 2484
f 2484 2483 2481
f 2127 2125 2124
f 2125 2127 2131
f 2127 2128 2131
f 2132 2131 2128
f 2131 2126 2125
f 2194 2192 2191
f 2192 2194 2198
f 2194 2195 2197
f 2194 2197 2198
f 2163 2162 2161
f 2162 2163 2164
f 2162 2164 2165
f 2162 2165 4338
f 4742 4566 4338
f 4566 3310 3307
f 4566 4742 4744
f 4229 4228 2146
f 4245 4237 2147
f 2175 2163 2161
f 2169 2170 2177
f 2177 2175 2169
f 2166 2164 2163
f 2177 2176 2175
f 2170 2171 2172
f 2170 2172 2178
f 2178 2177 2170
f 2177 2178 2180
f 2179 2178 2172
f 2178 2179 2180
f 4341 4342 4350
f 4350 4348 4341
f 4347 4348 4349
f 4350 4349 4348
f 2198 2193 2192
f 2193 2198 2201
f 2193 2201 2610
f 2202 2198 2197
f 2202 2201 2198
f 2201 2202 2203
f 2613 2610 2201
f 2613 2611 2610
f 2613 2612 2611
f 5102 2370 2224
f 2369 2353 2221
f 2353 2354 2404
f 2369 2354 2353
f 2404 2397 2353
f 2225 2226 5101
f 5105 5101 2226
f 5170 5102 5100
f 5100 5102 5166
f 5102 5103 5183
f 5105 5104 5101
f 2254 2255 2259
f 2287 2288 2291
f 2304 2291 2288
f 2288 2302 2304
f 2302 2303 2307
f 2307 2304 2302
f 2305 2307 2308
f 2309 2307 2303
f 2311 2309 2303
f 2309 2308 2307
f 2308 2309 2313
f 2309 2311 2314
f 2314 2313 2309
f 2311 2312 2314
f 2313 2314 2315
f 2521 2519 2327
f 2327 2520 2521
f 2516 2517 2520
f 2526 2520 2517
f 2528 2521 2520
f 2528 2525 2521
f 2407 2354 2352
f 2352 2355 2407
f 2405 2404 2354
f 2407 2405 2354
f 2397 2404 2406
f 5080 5069 2663
f 5081 5080 2663
f 5082 5081 2663
f 5118 5082 2663
f 2406 2410 2411
f 2415 2414 2411
f 5208 5209 5214
f 2456 2453 2452
f 2512 2510 2509
f 2510 2512 2531
f 2513 2512 2511
f 2512 2513 2531
f 2478 2480 2483
f 2539 2540 2542
f 2541 2542 2543
f 2556 2542 2540
f 2556 2543 2542
f 2531 2518 2510
f 2517 2518 2526
f 2531 2526 2518
f 2532 2531 2513
f 2526 2531 2532
f 2532 2527 2526
f 2525 2528 2529
f 2529 2528 2527
f 2540 2555 2556
f 2558 2556 2555
f 2561 2558 2555
f 2543 2556 2557
f 2558 2557 2556
f 2557 2558 2559
f 2564 2559 2558
f 2558 2561 2564
f 2561 2562 2564
f 2559 2564 2565
f 2568 2564 2562
f 2568 2565 2564
f 2565 2568 2569
f 2562 2563 2568
f 2646 2648 2649
f 2654 2649 2648
f 2653 2650 2649
f 2654 2653 2649
f 2611 2612 2639
f 2644 2639 2612
f 2644 2640 2639
f 2640 2644 2660
f 2645 2644 2643
f 2644 2645 2660
f 2660 2657 2640
f 2647 2657 2658
f 2660 2658 2657
f 2661 2660 2645
f 2658 2660 2661
f 2661 2659 2658
f 2654 2648 2647
f 2658 2654 2647
f 2653 2654 2659
f 2654 2658 2659
f 5116 5118 5119
f 2924 2830 2829
f 2677 2795 2881
f 2795 2796 2876
f 2795 2876 2881
f 2892 2697 2677
f 2677 2881 2892
f 2894 2698 2697
f 2697 2892 2894
f 2826 2828 2926
f 2927 2926 2828
f 2895 2699 2698
f 2698 2894 2895
f 2895 2703 2699
f 2703 2895 2896
f 2898 2705 2703
f 2703 2896 2898
f 2897 2706 2705
f 2898 2897 2705
f 2706 2897 3025
f 3025 2945 2706
f 3027 2947 2945
f 2945 3025 3027
f 2712 2716 2723
f 2738 2727 2726
f 2757 2722 2719
f 2739 2729 2728
f 2725 2741 2746
f 2763 2760 2759
f 2751 2735 2731
f 2731 2750 2751
f 2751 2737 2735
f 2752 2751 2750
f 2737 2751 2772
f 2751 2752 2755
f 2751 2755 2841
f 2841 2756 2751
f 2751 2756 2779
f 2775 2772 2751
f 2779 2775 2751
f 2760 2763 2778
f 2743 2744 2748
f 2833 2834 2846
f 2778 2766 2760
f 2782 2769 2767
f 2768 2783 2851
f 2835 2836 2847
f 2791 2793 2866
f 2875 2796 2791
f 2791 2866 2875
f 2793 2802 2862
f 2793 2862 2866
f 2796 2875 2876
f 2802 2805 2861
f 2802 2861 2862
f 2925 2827 2826
f 2926 2925 2826
f 2924 2829 2827
f 2925 2924 2827
f 2922 2931 2933
f 2933 2923 2922
f 2918 2917 2911
f 2920 2918 2911
f 2917 2918 2919
f 3067 3066 2916
f 3350 3067 2916
f 3033 3066 3067
f 3024 3036 3067
f 3067 3038 3033
f 3036 3038 3067
f 3014 2949 2947
f 3027 3014 2947
f 3013 2950 2949
f 3014 3013 2949
f 3017 2959 2950
f 2950 3013 3017
f 3017 2964 2959
f 3119 3120 3123
f 3129 3123 3120
f 3128 3122 3121
f 3122 3128 3131
f 2974 2976 3591
f 2975 2976 2977
f 2978 3585 3586
f 2975 2977 2981
f 2981 2980 2975
f 3105 2985 2984
f 2985 2996 3615
f 3105 2996 2985
f 3609 3605 2985
f 2985 3607 3611
f 3615 3607 2985
f 3611 3609 2985
f 2996 3105 3112
f 3113 3112 3105
f 2996 2997 3615
f 3615 3608 3607
f 2997 3608 3615
f 2993 3600 3601
f 2993 3601 3614
f 3601 3600 3599
f 3004 3164 3695
f 3689 3667 3004
f 3695 3689 3004
f 3819 3695 3164
f 3173 3695 3816
f 3170 3168 3010
f 3168 3170 3171
f 3808 3716 3115
f 3687 3685 3616
f 3310 3308 3307
f 3325 3062 3047
f 3061 3048 3046
f 3046 3049 3061
f 3216 3325 3332
f 3070 3071 3074
f 3053 3054 3063
f 3054 3055 3063
f 3220 3086 3058
f 3317 3220 3058
f 3080 3081 3082
f 3317 3224 3220
f 3224 3317 3344
f 3060 3073 3130
f 3125 3129 3130
f 3132 3130 3073
f 3796 3132 3073
f 3075 3074 3071
f 3080 3082 3083
f 3072 3069 3068
f 3068 3227 4443
f 4443 4319 3068
f 3227 3228 4443
f 4319 4320 4321
f 4319 4443 4488
f 4489 4488 4443
f 3132 3131 3127
f 3796 3784 3132
f 3231 3230 3212
f 3230 3231 3233
f 3097 3102 3700
f 3103 3708 3709
f 3714 3715 3717
f 3812 3809 3808
f 3812 3811 3809
f 3173 3816 3817
f 3885 3853 3852
f 3852 3854 3885
f 3234 3355 4577
f 4577 4451 3234
f 3886 3856 3855
f 3886 3857 3856
f 4577 3355 3346
f 4577 4495 4451
f 4495 4577 4738
f 4772 4738 4577
f 3861 3862 3892
f 3862 3863 3892
f 3359 3362 3384
f 3865 3866 3898
f 3898 3867 3865
f 3390 3385 3363
f 3480 3375 3373
f 3408 3405 3383
f 3397 3409 3528
f 3531 3536 3538
f 3517 3462 3439
f 3449 3450 3456
f 3464 3518 3523
f 3482 3470 3469
f 3470 3482 3491
f 3482 3484 3491
f 3495 3491 3484
f 3484 3493 3495
f 3496 3495 3493
f 3569 3555 3501
f 3515 3514 3507
f 3552 3545 3534
f 3556 3552 3534
f 3545 3552 3553
f 3635 3622 3620
f 3633 3632 3626
f 3622 3635 3637
f 3635 3636 3637
f 3646 3647 3648
f 3657 3648 3647
f 3657 3656 3648
f 3638 3640 3641
f 3753 3749 3729
f 3763 3757 3756
f 3755 3752 3750
f 3750 3754 3755
f 3752 3751 3750
f 3883 3880 3804
f 3841 3837 3831
f 3911 3841 3831
f 3836 3837 3838
f 3912 3842 3841
f 3841 3911 3912
f 3912 3846 3842
f 3864 3890 3891
f 3864 3891 3906
f 3897 3891 3888
f 3891 3897 3904
f 3891 3904 3906
f 5100 5155 5164
f 5100 5164 5170
f 5111 5109 5066
f 5155 5157 5164
f 5129 3939 3937
f 5131 5129 3937
f 5129 3940 3939
f 5129 5127 3940
f 5127 5125 3940
f 4125 3963 3961
f 3963 4125 4126
f 4210 4132 4130
f 3961 3962 4124
f 3961 4124 4125
f 3962 3964 4123
f 3962 4123 4124
f 3964 3965 4123
f 4155 4020 3982
f 4153 4021 4020
f 4155 4153 4020
f 3982 3999 4160
f 4160 4155 3982
f 3999 4000 4168
f 4168 4160 3999
f 4000 4001 4170
f 4170 4168 4000
f 4001 4005 4171
f 4171 4170 4001
f 4005 4007 4174
f 4172 4171 4005
f 4174 4172 4005
f 4007 4008 4173
f 4007 4173 4174
f 4301 4173 4008
f 4008 4239 4301
f 4239 4241 4302
f 4302 4301 4239
f 4140 4018 4015
f 4015 4021 4144
f 4144 4140 4015
f 4138 4025 4018
f 4140 4138 4018
f 4153 4144 4021
f 4138 4028 4025
f 4098 4058 4055
f 4048 4051 4070
f 4075 4074 4051
f 4059 4074 4075
f 4075 4061 4059
f 4061 4075 4076
f 4072 4077 4090
f 4094 4100 4101
f 4064 4068 4083
f 4083 4082 4064
f 4068 4069 4083
f 4082 4083 4084
f 4106 4083 4069
f 4087 4084 4083
f 4184 4087 4083
f 4113 4088 4083
f 4083 4088 4184
f 4083 4106 4108
f 4083 4108 4113
f 4093 4092 4079
f 4178 4179 4190
f 4190 4189 4178
f 4110 4118 4120
f 4111 4119 4199
f 4199 4180 4111
f 4199 4192 4180
f 4210 4133 4132
f 4133 4210 4218
f 4218 4211 4133
f 4133 4211 4432
f 4218 4212 4211
f 4211 4212 4432
f 4212 4218 4219
f 4191 4190 4179
f 4219 4213 4212
f 4213 4219 4225
f 4220 4315 4318
f 4220 4318 4733
f 4318 4315 4305
f 4318 4310 4297
f 4305 4313 4318
f 4318 4313 4310
f 4241 4242 4302
f 4242 4290 4302
f 4242 4244 4290
f 4244 4252 4289
f 4244 4289 4290
f 4252 4257 4292
f 4292 4289 4252
f 4264 4882 4915
f 4264 4915 4918
f 4393 4394 4404
f 4404 4399 4393
f 4408 4398 4397
f 4397 4401 4408
f 4902 4274 4271
f 4275 4274 4273
f 4273 4274 4896
f 4902 4896 4274
f 4896 4902 4903
f 4273 4896 4898
f 4903 4897 4896
f 4896 4897 4898
f 4899 4898 4897
f 4373 4370 4369
f 4370 4373 4380
f 4373 4374 4375
f 4373 4375 4380
f 4322 4343 4400
f 4322 4400 4402
f 4322 4402 5059
f 4342 4343 4350
f 4343 4345 4350
f 4403 4400 4399
f 4401 4402 4406
f 5071 5059 4402
f 4323 4324 4326
f 4326 4325 4323
f 4331 4332 4333
f 4352 4351 4344
f 4334 4333 4332
f 4353 4352 4344
f 4783 4350 4345
f 4499 4764 4783
f 4486 4491 4493
f 4491 4492 4493
f 4346 4357 4359
f 4359 4358 4346
f 4502 4362 4337
f 4362 4502 4758
f 4502 4511 4758
f 4742 4743 4744
f 4774 4758 4511
f 4380 4379 4370
f 4379 4380 4381
f 4379 4381 4987
f 4382 4380 4375
f 4382 4381 4380
f 4381 4382 4384
f 4994 4987 4381
f 4994 4988 4987
f 4988 4994 4995
f 4996 4995 4994
f 4995 4996 4997
f 4506 4738 4775
f 4738 4772 4775
f 4774 4511 4506
f 4775 4774 4506
f 5123 5089 5088
f 5088 5092 5123
f 5124 5091 5090
f 5124 5096 5091
f 4585 4606 4654
f 4595 4598 4662
f 4626 4615 4605
f 4609 4619 4626
f 4797 4789 4788
f 4625 4792 4797
f 4639 4640 4700
f 4700 4686 4639
f 4640 4648 4700
f 4648 4649 4700
f 4700 4687 4686
f 4649 4650 4700
f 4650 4652 4700
f 4809 4700 4652
f 4700 4689 4687
f 4700 4698 4689
f 4700 4699 4698
f 4699 4700 4707
f 4842 4701 4700
f 4700 4701 4707
f 4700 4809 4811
f 4700 4811 4812
f 4700 4812 4839
f 4700 4839 4840
f 4700 4840 4841
f 4700 4841 4842
f 4678 4671 4661
f 4679 4678 4668
f 4825 4796 4735
f 5093 5094 5159
f 5094 5095 5159
f 5097 5098 5165
f 5165 5099 5097
f 4800 4828 4837
f 4895 4897 4903
f 4932 4927 4925
f 4932 4928 4927
f 4928 4932 4942
f 4928 4942 4945
f 4942 4943 4945
f 4950 4945 4943
f 4947 4946 4945
f 4950 4947 4945
f 4943 4944 4950
f 4947 4950 4951
f 5035 5036 5039
f 5049 5039 5036
f 5041 5040 5039
f 5049 5041 5039
f 4995 4989 4988
f 5031 5023 5022
f 5031 5030 5023
f 5021 5005 5004
f 5025 5013 5005
f 5005 5021 5028
f 5028 5025 5005
f 5043 5028 5021
f 5028 5027 5025
f 5023 5030 5047
f 5051 5047 5030
f 5046 5047 5051
f 5051 5049 5046
f 5036 5046 5049
f 5049 5048 5041
f 5164 5158 5122
f 5157 5158 5164
f 5204 5192 5191
f 5191 5199 5204
f 5192 5204 5205
f 5192 5205 5216
f 5210 5204 5199
f 5214 5213 5210
f 4 2 1 5
f 1 3 6 5
f 1 2 11 9
f 12 3 1 9
f 2 4 15 14
f 16 11 2 14
f 1423 6 3 1422
f 3 12 1429 1422
f 1434 54 6 1423
f 7 12 9 10
f 7 10 151 153
f 1429 12 7 1428
f 7 153 1688 1428
f 8 10 9 11
f 8 11 16 13
f 151 10 8 155
f 8 13 329 155
f 13 16 43 36
f 354 329 13 353
f 14 15 39 38
f 43 16 14 38
f 23 18 17 20
f 17 19 28 20
f 17 18 33 32
f 41 19 17 32
f 18 23 25 24
f 18 24 44 33
f 56 28 19 55
f 19 41 58 55
f 20 21 22 23
f 29 21 20 28
f 493 22 21 492
f 21 29 498 492
f 25 23 22 496
f 22 493 494 496
f 24 25 26 27
f 24 27 45 44
f 25 496 497 26
f 579 29 28 56
f 578 498 29 579
f 30 32 33 31
f 30 31 35 34
f 30 39 41 32
f 37 35 31 46
f 31 33 44 46
f 34 35 347 346
f 353 42 34 346
f 35 37 49 347
f 37 46 47 48
f 37 48 50 49
f 40 52 53 57
f 44 45 47 46
f 349 347 49 357
f 49 50 358 357
f 54 1434 4430 3192
f 628 56 55 629
f 55 58 630 629
f 627 579 56 628
f 58 59 631 630
f 67 66 60 69
f 74 61 60 66
f 91 69 60 90
f 60 61 93 90
f 61 74 80 78
f 61 78 115 93
f 65 64 62 181
f 62 66 67 63
f 74 66 62 64
f 62 63 182 181
f 63 67 70 71
f 63 71 187 182
f 80 74 64 79
f 64 65 217 79
f 65 181 183 186
f 65 186 218 217
f 67 69 68 70
f 73 70 68 72
f 68 69 91 95
f 98 72 68 95
f 188 71 70 73
f 189 187 71 188
f 75 76 83 82
f 75 82 117 103
f 81 83 76 193
f 78 80 77 102
f 77 79 217 195
f 88 83 81 86
f 81 193 194 220
f 223 86 81 220
f 82 83 88 84
f 82 84 120 117
f 89 85 84 88
f 84 85 121 120
f 85 89 154 156
f 89 88 86 87
f 224 87 86 223
f 154 89 87 152
f 317 152 87 224
f 94 92 90 93
f 97 91 90 92
f 96 95 91 97
f 108 97 92 107
f 92 94 112 107
f 116 94 93 115
f 125 112 94 116
f 95 96 99 98
f 101 99 96 100
f 96 97 108 100
f 100 108 110 109
f 240 101 100 109
f 116 115 102 104
f 118 105 103 117
f 125 116 104 106
f 105 118 119 244
f 281 126 106 255
f 110 108 107 111
f 113 111 107 112
f 241 240 109 247
f 109 110 248 247
f 110 111 249 248
f 111 113 114 249
f 112 125 126 113
f 113 126 281 114
f 254 249 114 328
f 114 281 284 328
f 122 118 117 120
f 124 119 118 122
f 245 244 119 280
f 119 124 285 280
f 120 121 123 122
f 157 123 121 156
f 122 123 127 124
f 158 127 123 157
f 124 127 286 285
f 127 158 322 286
f 128 131 132 134
f 135 131 128 139
f 128 134 332 330
f 336 139 128 330
f 129 133 130 143
f 1598 133 129 1596
f 132 131 130 133
f 130 131 135 147
f 144 143 130 147
f 132 133 1598 1597
f 1599 134 132 1597
f 136 147 135 137
f 135 139 140 137
f 136 137 138 148
f 144 147 136 145
f 141 138 137 140
f 138 141 142 150
f 149 148 138 150
f 338 140 139 336
f 339 141 140 338
f 342 142 141 339
f 177 150 142 167
f 644 167 142 342
f 149 146 145 148
f 146 149 176 174
f 146 174 1612 1596
f 149 150 177 176
f 164 163 159 165
f 168 160 159 163
f 159 160 175 173
f 159 173 176 165
f 160 168 169 170
f 160 170 179 175
f 161 163 164 166
f 168 163 161 162
f 742 162 161 741
f 161 166 743 741
f 169 168 162 171
f 745 171 162 742
f 167 166 164 177
f 166 167 744 743
f 169 171 172 180
f 746 172 171 745
f 923 180 172 920
f 172 746 1218 920
f 178 174 173 175
f 178 179 921 922
f 178 922 2208 1612
f 179 180 923 921
f 181 182 185 183
f 184 185 182 187
f 183 185 200 199
f 203 186 183 199
f 184 187 189 190
f 184 190 192 191
f 200 185 184 191
f 186 203 228 218
f 201 200 191 206
f 191 192 205 206
f 221 220 194 196
f 195 217 218 198
f 196 197 222 221
f 197 213 230 222
f 229 214 198 228
f 199 200 201 202
f 199 202 204 203
f 201 206 209 211
f 210 202 201 211
f 305 204 202 210
f 203 204 229 228
f 233 229 204 305
f 209 206 205 207
f 207 208 212 209
f 262 212 208 258
f 303 211 209 212
f 210 211 303 304
f 210 304 306 305
f 212 262 308 303
f 213 215 231 230
f 214 233 307 265
f 215 216 232 231
f 291 232 216 266
f 219 224 223 225
f 219 225 226 227
f 317 224 219 318
f 219 227 319 318
f 220 221 225 223
f 221 222 226 225
f 234 226 222 230
f 235 227 226 234
f 227 235 320 319
f 230 231 236 234
f 231 232 238 236
f 295 238 232 291
f 233 305 306 307
f 237 235 234 236
f 235 237 321 320
f 239 237 236 238
f 237 239 326 321
f 296 239 238 295
f 241 247 251 250
f 243 250 251 252
f 243 252 271 261
f 245 280 282 256
f 246 256 282 283
f 292 268 246 283
f 247 248 253 251
f 248 249 254 253
f 273 252 251 253
f 272 271 252 273
f 253 254 274 273
f 254 328 278 274
f 255 257 299 284
f 257 269 301 299
f 258 259 263 262
f 259 260 264 263
f 260 261 271 264
f 262 263 310 308
f 263 264 275 310
f 264 271 272 275
f 316 267 265 315
f 266 270 293 291
f 300 269 267 316
f 293 270 268 292
f 272 273 274 277
f 276 275 272 277
f 279 277 274 278
f 311 310 275 276
f 276 277 279 314
f 313 311 276 314
f 278 328 284 299
f 278 299 301 279
f 279 301 300 314
f 287 282 280 285
f 289 283 282 287
f 283 289 294 292
f 285 286 288 287
f 323 288 286 322
f 287 288 290 289
f 324 290 288 323
f 289 290 302 294
f 325 302 290 324
f 291 293 297 295
f 297 293 292 294
f 298 297 294 302
f 298 296 295 297
f 296 298 327 326
f 298 302 325 327
f 300 316 313 314
f 309 304 303 308
f 312 306 304 309
f 315 307 306 312
f 308 310 311 309
f 309 311 313 312
f 316 315 312 313
f 333 331 330 332
f 330 331 337 336
f 331 333 334 335
f 331 335 343 337
f 367 343 335 356
f 336 337 340 338
f 342 344 645 644
f 369 345 343 367
f 344 345 648 645
f 345 369 668 648
f 346 347 349 348
f 354 353 346 348
f 348 349 351 350
f 355 354 348 350
f 349 357 359 351
f 352 355 350 362
f 350 351 361 362
f 351 359 363 361
f 352 362 365 368
f 357 358 360 359
f 359 360 364 363
f 365 362 361 366
f 361 363 655 366
f 363 364 654 655
f 365 366 660 661
f 667 368 365 661
f 366 655 659 660
f 370 371 376 373
f 941 371 370 939
f 945 939 370 949
f 371 372 377 376
f 942 372 371 941
f 375 374 373 376
f 373 374 950 949
f 374 375 379 378
f 374 378 383 950
f 375 376 377 380
f 378 379 381 382
f 378 382 384 383
f 379 380 385 381
f 381 385 399 728
f 726 382 381 728
f 397 384 382 726
f 383 384 386 953
f 952 950 383 953
f 400 386 384 397
f 404 395 386 400
f 961 953 386 395
f 1119 388 387 1116
f 387 389 1121 1116
f 387 388 3107 3106
f 3108 389 387 3106
f 388 1119 3660 3107
f 4366 1784 389 3108
f 390 391 393 392
f 390 392 412 411
f 392 393 913 910
f 924 412 392 910
f 394 961 395 396
f 405 396 395 404
f 397 726 727 398
f 397 398 972 400
f 398 727 731 1133
f 1134 972 398 1133
f 729 728 399 730
f 973 404 400 972
f 408 407 401 739
f 409 403 402 406
f 403 409 424 422
f 403 422 1032 971
f 406 407 408 409
f 424 409 408 423
f 408 739 767 423
f 963 422 410 974
f 410 425 1063 1061
f 411 412 419 413
f 927 419 412 924
f 420 414 413 419
f 421 418 414 420
f 415 417 937 933
f 2205 416 415 933
f 2210 1782 416 2205
f 1048 937 417 1034
f 417 769 1071 1041
f 418 421 428 426
f 930 420 419 927
f 936 421 420 930
f 422 424 432 427
f 422 427 1057 1032
f 432 424 423 431
f 768 431 423 767
f 425 433 1067 1063
f 426 434 435 770
f 436 429 427 432
f 427 429 1058 1057
f 428 429 436 430
f 1058 429 428 1044
f 435 434 430 436
f 436 432 431 435
f 770 435 431 768
f 433 437 1072 1067
f 438 439 441 442
f 438 493 492 439
f 494 493 438 499
f 438 442 501 499
f 439 440 443 441
f 439 492 498 440
f 440 498 578 580
f 581 443 440 580
f 445 442 441 444
f 441 443 448 444
f 442 445 561 501
f 582 448 443 581
f 446 445 444 447
f 449 447 444 448
f 445 446 563 561
f 446 447 451 450
f 446 450 565 563
f 447 449 452 451
f 583 449 448 582
f 584 452 449 583
f 569 565 450 567
f 450 451 586 567
f 451 452 596 586
f 452 584 585 596
f 454 456 453 458
f 459 458 453 460
f 453 456 504 503
f 506 460 453 503
f 457 456 454 455
f 454 458 471 472
f 474 455 454 472
f 475 473 455 474
f 634 457 455 473
f 456 457 505 504
f 653 505 457 634
f 458 459 464 471
f 459 460 461 462
f 459 462 466 464
f 507 461 460 506
f 463 462 461 468
f 508 468 461 507
f 462 463 465 466
f 510 465 463 509
f 463 468 513 509
f 477 471 464 469
f 469 466 465 514
f 479 478 467 482
f 488 470 467 478
f 467 470 515 511
f 522 482 467 511
f 468 508 570 513
f 473 475 485 635
f 636 634 473 635
f 642 485 475 490
f 476 488 478 480
f 476 480 483 489
f 478 479 481 480
f 480 481 484 483
f 483 484 486 487
f 491 489 483 487
f 638 635 485 639
f 677 487 486 524
f 681 491 487 677
f 497 496 494 495
f 494 499 500 495
f 502 500 499 501
f 562 502 501 561
f 512 510 509 517
f 509 513 520 517
f 510 512 516 514
f 523 522 511 528
f 511 515 538 528
f 512 517 519 518
f 571 520 513 570
f 516 518 529 540
f 547 519 517 520
f 518 519 545 529
f 572 547 520 571
f 523 528 531 530
f 524 525 526 677
f 534 526 525 533
f 541 527 526 534
f 681 677 526 527
f 539 531 528 538
f 553 532 529 550
f 534 533 530 531
f 541 534 531 539
f 542 540 532 537
f 555 537 532 553
f 542 536 535 543
f 535 536 556 685
f 684 679 535 685
f 536 537 555 556
f 543 679 678 682
f 544 545 547 548
f 549 546 544 548
f 550 545 544 551
f 544 546 552 551
f 2713 552 546 2710
f 546 549 2714 2710
f 573 548 547 572
f 574 549 548 573
f 549 574 2810 2714
f 550 551 554 553
f 551 552 559 554
f 2717 559 552 2713
f 553 554 557 558
f 560 557 554 559
f 688 556 555 558
f 687 685 556 688
f 575 558 557 576
f 557 560 577 576
f 558 575 701 688
f 2720 560 559 2717
f 2812 577 560 2720
f 561 563 564 562
f 563 565 566 564
f 568 566 565 569
f 567 586 588 587
f 589 569 567 587
f 589 590 568 569
f 597 596 585 627
f 597 588 586 596
f 591 589 587 593
f 587 588 598 593
f 588 597 601 598
f 592 590 589 591
f 594 592 591 595
f 591 593 599 595
f 593 598 600 599
f 594 595 603 604
f 595 599 607 603
f 597 627 628 601
f 602 600 598 601
f 599 600 608 607
f 600 602 621 608
f 601 628 629 602
f 602 629 630 621
f 605 604 603 606
f 609 606 603 607
f 605 606 614 613
f 606 609 610 614
f 607 608 611 609
f 623 611 608 621
f 612 610 609 611
f 616 614 610 617
f 610 612 618 617
f 613 614 616 615
f 615 616 814 804
f 616 617 815 814
f 617 618 816 815
f 618 626 822 816
f 2687 626 619 2686
f 619 625 2689 2686
f 620 622 2691 2689
f 621 630 631 623
f 622 624 2692 2691
f 623 631 632 633
f 624 633 2822 2692
f 2688 822 626 2687
f 2822 633 632 2823
f 634 636 656 653
f 637 636 635 638
f 636 637 657 656
f 637 638 641 643
f 637 643 658 657
f 638 639 640 641
f 639 642 682 640
f 680 641 640 678
f 683 643 641 680
f 698 658 643 683
f 644 645 646 647
f 649 646 645 648
f 650 647 646 651
f 646 649 652 651
f 670 649 648 668
f 676 652 649 670
f 650 651 689 690
f 651 652 693 689
f 652 676 712 693
f 659 655 654 662
f 659 662 663 664
f 665 660 659 664
f 666 661 660 665
f 661 666 669 667
f 671 664 663 672
f 674 665 664 671
f 673 666 665 674
f 675 669 666 673
f 671 672 703 704
f 707 674 671 704
f 673 674 707 708
f 711 675 673 708
f 678 679 684 680
f 686 683 680 684
f 683 686 699 698
f 684 685 687 686
f 686 687 700 699
f 687 688 701 700
f 692 690 689 691
f 694 691 689 693
f 696 692 691 695
f 691 694 697 695
f 714 694 693 712
f 725 697 694 714
f 793 696 695 792
f 695 697 794 792
f 697 725 827 794
f 718 719 702 809
f 702 808 810 809
f 706 704 703 705
f 704 706 709 707
f 705 716 715 706
f 717 709 706 715
f 710 708 707 709
f 708 710 713 711
f 722 710 709 717
f 724 713 710 722
f 715 716 719 718
f 720 717 715 718
f 717 720 721 722
f 718 809 825 720
f 826 721 720 825
f 724 722 721 723
f 828 723 721 826
f 726 728 729 727
f 727 729 734 731
f 736 732 731 734
f 1136 1133 731 732
f 737 733 732 736
f 1137 1136 733 1141
f 733 737 1143 1141
f 737 736 735 738
f 737 738 1144 1143
f 2969 742 741 2968
f 741 743 2970 2968
f 2972 745 742 2969
f 743 744 2971 2970
f 2973 746 745 2972
f 3631 1218 746 2973
f 750 748 747 749
f 1162 749 747 1160
f 1165 1160 747 1164
f 748 750 754 753
f 748 753 1169 1164
f 751 750 749 1163
f 750 751 755 754
f 752 753 754 756
f 752 756 760 758
f 752 758 831 759
f 1169 753 752 759
f 754 755 757 756
f 756 757 761 760
f 833 831 758 845
f 758 760 848 845
f 759 831 832 1171
f 1170 1169 759 1171
f 760 761 847 848
f 762 763 765 764
f 762 764 774 773
f 764 765 1156 1154
f 1266 774 764 1154
f 835 836 766 1179
f 769 771 1073 1071
f 771 772 2421 1073
f 772 2098 2430 2421
f 773 774 781 775
f 1269 781 774 1266
f 782 776 775 781
f 783 779 776 782
f 777 778 1275 2422
f 2435 2112 777 2422
f 778 780 1278 1275
f 1293 1278 780 1286
f 1272 782 781 1269
f 1279 783 782 1272
f 789 785 784 788
f 784 785 802 797
f 803 786 784 797
f 3039 802 785 3040
f 785 789 3041 3040
f 790 793 792 796
f 791 800 3044 3042
f 792 794 795 796
f 829 795 794 827
f 830 803 795 829
f 801 798 797 802
f 800 801 3043 3044
f 801 802 3039 3043
f 807 806 804 814
f 805 806 807 811
f 810 808 805 811
f 807 814 815 817
f 819 811 807 817
f 809 810 812 825
f 810 811 819 812
f 820 813 812 819
f 826 825 812 813
f 813 820 824 821
f 828 826 813 821
f 815 816 818 817
f 823 818 816 822
f 820 819 817 818
f 824 820 818 823
f 821 824 2953 2957
f 2937 823 822 2688
f 2944 824 823 2938
f 834 832 831 833
f 832 834 839 835
f 1179 1171 832 835
f 833 845 849 846
f 1309 834 833 846
f 1323 839 834 1309
f 840 836 835 839
f 843 838 837 841
f 838 843 865 864
f 838 864 1283 1188
f 862 840 839 1323
f 841 842 863 843
f 842 861 860 863
f 843 863 875 865
f 844 876 1399 1397
f 845 848 851 849
f 846 849 850 1308
f 846 1308 1310 1309
f 851 848 847 852
f 853 850 849 851
f 850 853 857 855
f 1311 1308 850 855
f 851 852 854 853
f 853 854 858 857
f 859 856 855 857
f 1312 1311 856 1317
f 856 859 1320 1317
f 857 858 1319 859
f 875 863 860 874
f 864 865 869 866
f 864 866 1301 1283
f 883 869 865 875
f 872 868 866 869
f 866 868 1303 1301
f 867 868 872 870
f 1303 868 867 1302
f 885 872 869 883
f 885 871 870 872
f 878 879 871 885
f 1404 884 873 1406
f 883 875 874 880
f 876 884 1404 1399
f 877 881 1409 1408
f 883 880 878 885
f 881 882 2574 1409
f 882 2189 2584 2574
f 888 887 886 891
f 886 887 897 893
f 914 891 886 1076
f 887 888 890 889
f 887 889 901 897
f 888 891 892 890
f 889 890 3826 3825
f 3832 901 889 3825
f 890 892 3829 3826
f 917 892 891 914
f 892 917 3868 3829
f 899 894 893 898
f 900 895 894 899
f 906 896 895 900
f 896 906 908 1078
f 1079 1077 896 1078
f 903 898 897 902
f 904 899 898 903
f 905 900 899 904
f 900 905 907 906
f 3833 902 901 3832
f 3834 903 902 3833
f 3835 904 903 3834
f 3843 905 904 3835
f 3844 907 905 3843
f 906 907 909 908
f 3847 909 907 3844
f 1081 1078 908 1094
f 908 909 1095 1094
f 3922 1095 909 3847
f 912 911 910 913
f 910 911 925 924
f 911 912 926 925
f 912 913 965 966
f 1029 926 912 966
f 914 916 918 917
f 918 916 915 919
f 915 1076 1077 1086
f 1087 919 915 1086
f 918 919 3860 3859
f 1088 923 920 1089
f 1421 1089 920 1218
f 921 923 1088 1087
f 924 925 928 927
f 925 926 929 928
f 1045 929 926 1029
f 927 928 931 930
f 928 929 932 931
f 1046 932 929 1045
f 930 931 932 936
f 1047 936 932 1046
f 935 934 933 937
f 933 934 2204 2205
f 934 935 2206 2204
f 935 937 1048 938
f 935 938 2207 2206
f 938 1048 1051 1049
f 938 1049 2232 2207
f 939 940 943 941
f 946 940 939 945
f 978 943 940 976
f 940 946 982 976
f 944 942 941 943
f 979 944 943 978
f 948 946 945 947
f 945 949 951 947
f 946 948 975 982
f 957 948 947 954
f 947 951 958 954
f 948 957 1007 975
f 949 950 952 951
f 959 958 951 952
f 952 953 961 959
f 954 955 956 957
f 1007 957 956 1009
f 963 974 1059 1027
f 970 968 964 971
f 969 966 965 967
f 966 969 1030 1029
f 967 968 970 969
f 969 970 1031 1030
f 970 971 1032 1031
f 1147 973 972 1134
f 1062 1059 974 1061
f 983 982 975 984
f 1008 984 975 1007
f 976 977 980 978
f 983 977 976 982
f 977 983 985 988
f 989 980 977 988
f 981 979 978 980
f 983 984 986 985
f 1011 986 984 1008
f 985 986 987 996
f 991 990 985 996
f 1012 987 986 1011
f 1001 996 987 1004
f 1015 1004 987 1012
f 992 989 988 990
f 990 991 994 992
f 998 994 991 997
f 991 996 1001 997
f 995 993 992 994
f 999 995 994 998
f 1000 998 997 1003
f 997 1001 1002 1003
f 1006 999 998 1000
f 1021 1006 1000 1207
f 1000 1003 1205 1207
f 1001 1004 1005 1002
f 1002 1005 1019 1018
f 1205 1003 1002 1018
f 1016 1005 1004 1015
f 1005 1016 1022 1019
f 1007 1009 1010 1008
f 1008 1010 1013 1011
f 1016 1015 1014 1017
f 1016 1017 1024 1022
f 1018 1019 1020 1203
f 1018 1203 1206 1205
f 1023 1020 1019 1022
f 1204 1203 1020 1191
f 1020 1023 1220 1191
f 1021 1207 1208 1209
f 1226 1023 1022 1024
f 1025 1026 1027 1028
f 1025 1028 1038 1036
f 1060 1028 1027 1059
f 1065 1038 1028 1060
f 1029 1030 1052 1045
f 1030 1031 1053 1052
f 1031 1032 1057 1053
f 1035 1034 1033 1039
f 1043 1039 1033 1041
f 1034 1035 1051 1048
f 1035 1039 2229 2228
f 2231 1051 1035 2228
f 1042 1037 1036 1038
f 1037 1042 1041 1040
f 1066 1042 1038 1065
f 1039 1043 2230 2229
f 1041 1042 1066 1069
f 1074 1043 1041 1071
f 1043 1074 2233 2230
f 1044 1055 1056 1058
f 1054 1046 1045 1052
f 1050 1047 1046 1054
f 1049 1051 2231 2232
f 1050 1054 1056 1055
f 1052 1053 1056 1054
f 1053 1057 1058 1056
f 1064 1060 1059 1062
f 1060 1064 1068 1065
f 1068 1064 1063 1067
f 1070 1066 1065 1068
f 1072 1069 1066 1070
f 1070 1068 1067 1072
f 1071 1073 1075 1074
f 2234 1075 1073 2421
f 1074 1075 2234 2233
f 1077 1079 1090 1086
f 1080 1079 1078 1081
f 1079 1080 1092 1090
f 1080 1081 1082 1083
f 1080 1083 1096 1092
f 1081 1094 1098 1082
f 1084 1083 1082 1085
f 1102 1085 1082 1098
f 1083 1084 1100 1096
f 1084 1085 1104 1105
f 1108 1100 1084 1105
f 1085 1102 1112 1104
f 1091 1087 1086 1090
f 1093 1091 1090 1092
f 1097 1093 1092 1096
f 1094 1095 1099 1098
f 3929 1099 1095 3922
f 1101 1097 1096 1100
f 1098 1099 1103 1102
f 3934 1103 1099 3929
f 1107 1101 1100 1108
f 1102 1103 1113 1112
f 3949 1113 1103 3934
f 1106 1105 1104 1111
f 1114 1111 1104 1112
f 1105 1106 1109 1108
f 2333 1109 1106 2329
f 1106 1111 2339 2329
f 1107 1108 1109 1110
f 2334 1110 1109 2333
f 1111 1114 2341 2339
f 1112 1113 1115 1114
f 3951 1115 1113 3949
f 1114 1115 2342 2341
f 5142 2342 1115 3951
f 1117 1118 1116 1121
f 1120 1118 1117 1122
f 1117 1121 2375 2376
f 3660 1119 1118 3661
f 1118 2377 3662 3661
f 1120 1122 1123 1124
f 1125 1124 1123 1126
f 1125 1126 1127 1128
f 1130 1128 1127 1129
f 1132 1130 1129 1131
f 2379 1132 1131 2378
f 1135 1134 1133 1136
f 1148 1147 1134 1135
f 1135 1136 1137 1139
f 1135 1139 1150 1148
f 1140 1139 1137 1138
f 1137 1141 1142 1138
f 1190 1140 1138 1193
f 1138 1142 1197 1193
f 1139 1140 1153 1150
f 1219 1153 1140 1190
f 1146 1142 1141 1143
f 1142 1146 1200 1197
f 1143 1144 1145 1146
f 1200 1146 1145 1199
f 1151 1149 1148 1150
f 1152 1151 1150 1153
f 1152 1153 1219 1224
f 1157 1155 1154 1156
f 1154 1155 1267 1266
f 1155 1157 1268 1267
f 1183 1157 1156 1182
f 1157 1183 1281 1268
f 1158 1162 1160 1161
f 1163 1162 1158 1159
f 1228 1159 1158 1227
f 1158 1161 1229 1227
f 1166 1161 1160 1165
f 1161 1166 1233 1229
f 1168 1165 1164 1167
f 1170 1167 1164 1169
f 1172 1166 1165 1168
f 1166 1172 1237 1233
f 1174 1168 1167 1173
f 1167 1170 1178 1173
f 1180 1172 1168 1174
f 1170 1171 1179 1178
f 1172 1180 1257 1237
f 1174 1176 1177 1180
f 1257 1180 1177 1260
f 1186 1183 1182 1184
f 1183 1186 1282 1281
f 1184 1185 1189 1186
f 1185 1187 1188 1189
f 1186 1189 1284 1282
f 1284 1189 1188 1283
f 1190 1193 1194 1196
f 1190 1196 1223 1219
f 1191 1192 1195 1204
f 1221 1192 1191 1220
f 1192 1196 1194 1195
f 1223 1196 1192 1221
f 1198 1194 1193 1197
f 1211 1195 1194 1198
f 1210 1204 1195 1212
f 1201 1198 1197 1200
f 1198 1201 1217 1211
f 1201 1200 1199 1202
f 1201 1202 1214 1217
f 1203 1204 1210 1206
f 1208 1207 1205 1206
f 1215 1208 1206 1210
f 1216 1209 1208 1215
f 1210 1212 1213 1215
f 1213 1212 1211 1217
f 1225 1224 1219 1223
f 1221 1222 1225 1223
f 1227 1229 1230 1231
f 1232 1228 1227 1231
f 1234 1230 1229 1233
f 1230 1234 1235 1242
f 1244 1231 1230 1242
f 1238 1234 1233 1237
f 1239 1235 1234 1238
f 1240 1236 1235 1239
f 1235 1236 1247 1243
f 1236 1240 1241 1253
f 1248 1247 1236 1253
f 1258 1238 1237 1257
f 1259 1239 1238 1258
f 1263 1240 1239 1259
f 1264 1241 1240 1263
f 1334 1253 1241 1335
f 1241 1264 1338 1335
f 1242 1243 1245 1244
f 1249 1245 1243 1247
f 1250 1246 1245 1249
f 1247 1248 1251 1249
f 1255 1251 1248 1254
f 1248 1253 1334 1254
f 1252 1250 1249 1251
f 1256 1252 1251 1255
f 1254 1334 1336 1358
f 1360 1255 1254 1358
f 1359 1256 1255 1360
f 1257 1260 1261 1258
f 1264 1263 1262 1265
f 1264 1265 1339 1338
f 1266 1267 1270 1269
f 1267 1268 1271 1270
f 1290 1271 1268 1281
f 1269 1270 1273 1272
f 1270 1271 1274 1273
f 1291 1274 1271 1290
f 1272 1273 1274 1279
f 1292 1279 1274 1291
f 1277 1276 1275 1278
f 2423 2422 1275 1276
f 1276 1277 2424 2423
f 1277 1278 1293 1295
f 1277 1295 2427 2424
f 1280 1382 1383 1384
f 1388 1288 1280 1384
f 1281 1282 1296 1290
f 1282 1284 1304 1296
f 1304 1284 1283 1301
f 1287 1286 1285 1289
f 1392 1289 1285 1390
f 1286 1287 1298 1293
f 1287 1289 2426 2425
f 2429 1298 1287 2425
f 1391 1387 1288 1388
f 1289 1392 2572 2426
f 1299 1291 1290 1296
f 1297 1292 1291 1299
f 1294 1295 1293 1298
f 2427 1295 1294 2428
f 1294 1298 2429 2428
f 1305 1299 1296 1304
f 1297 1299 1305 1300
f 1303 1302 1300 1305
f 1301 1303 1305 1304
f 1306 1307 1385 1383
f 1398 1385 1307 1397
f 1314 1310 1308 1311
f 1324 1323 1309 1310
f 1325 1324 1310 1314
f 1311 1312 1315 1314
f 1312 1313 1316 1315
f 1312 1317 1318 1313
f 1348 1316 1313 1344
f 1313 1318 1351 1344
f 1314 1315 1326 1325
f 1315 1316 1330 1326
f 1375 1330 1316 1348
f 1321 1318 1317 1320
f 1318 1321 1354 1351
f 1321 1320 1319 1322
f 1321 1322 1355 1354
f 1328 1327 1325 1326
f 1329 1328 1326 1330
f 1329 1330 1375 1378
f 1333 1332 1331 3604
f 1331 1332 1402 1401
f 1331 2986 2985 3604
f 1331 1401 2999 2986
f 1332 1333 1403 1402
f 1333 3604 3605 3606
f 3663 1403 1333 3606
f 1334 1335 1337 1336
f 1340 1337 1335 1338
f 1336 1337 1342 1357
f 1362 1358 1336 1357
f 1337 1340 1373 1342
f 1338 1339 1341 1340
f 1340 1341 1381 1373
f 1346 1357 1342 1343
f 1374 1343 1342 1373
f 1347 1346 1343 1350
f 1377 1350 1343 1374
f 1344 1345 1349 1348
f 1352 1345 1344 1351
f 1345 1347 1350 1349
f 1368 1347 1345 1352
f 1362 1357 1346 1361
f 1346 1347 1367 1361
f 1348 1349 1376 1375
f 1349 1350 1377 1376
f 1356 1352 1351 1354
f 1352 1356 1371 1368
f 1354 1355 1353 1356
f 1371 1356 1353 1372
f 1363 1360 1358 1362
f 1359 1360 1363 1364
f 1363 1362 1361 1365
f 1369 1365 1361 1367
f 1366 1364 1363 1365
f 1370 1366 1365 1369
f 1367 1368 1371 1369
f 1369 1371 1372 1370
f 1380 1374 1373 1381
f 1379 1378 1375 1376
f 1376 1377 1380 1379
f 1386 1384 1383 1385
f 1384 1386 1393 1388
f 1400 1386 1385 1398
f 1405 1393 1386 1400
f 1390 1389 1387 1391
f 1394 1391 1388 1393
f 1390 1391 1394 1395
f 1396 1392 1390 1408
f 1392 1396 2573 2572
f 1407 1394 1393 1405
f 1406 1395 1394 1407
f 1396 1408 1409 1410
f 1396 1410 2575 2573
f 1405 1400 1399 1404
f 1401 1402 1412 1411
f 1401 1411 3006 2999
f 1402 1403 1413 1412
f 3670 1413 1403 3663
f 1404 1406 1407 1405
f 2575 1410 1409 2574
f 1411 1412 1416 1415
f 1411 1415 3007 3006
f 1412 1413 1417 1416
f 3671 1417 1413 3670
f 2576 1418 1414 2577
f 1414 1420 2578 2577
f 1414 1418 3669 1420
f 1415 1416 1417 1419
f 1415 1419 3008 3007
f 3681 1419 1417 3671
f 1418 2576 3002 3003
f 1418 3003 3004 3669
f 1420 3669 3672 3675
f 4875 2578 1420 3675
f 1421 3631 3779 3780
f 1424 1423 1422 1426
f 1430 1426 1422 1429
f 1424 1426 1427 1425
f 1425 1427 1444 1443
f 1433 1427 1426 1430
f 1427 1433 1445 1444
f 1430 1429 1428 1431
f 1689 1431 1428 1688
f 1430 1431 1432 1433
f 1691 1432 1431 1689
f 1445 1433 1432 1446
f 1741 1446 1432 1691
f 1440 1437 1436 1460
f 1450 1439 1438 1447
f 1438 1441 1463 1447
f 1438 1439 1959 1960
f 1961 1441 1438 1960
f 1439 1450 1451 1811
f 1443 1444 1462 1461
f 1444 1445 1465 1462
f 1445 1446 1470 1465
f 1446 1741 1743 1742
f 1447 1448 1452 1450
f 1468 1448 1447 1463
f 1448 1449 1455 1452
f 1469 1449 1448 1468
f 1457 1455 1449 1456
f 1474 1456 1449 1469
f 1453 1451 1450 1452
f 1810 1811 1451 1833
f 1451 1453 1834 1833
f 1454 1453 1452 1455
f 1453 1454 1835 1834
f 1454 1455 1457 1838
f 1836 1835 1454 1838
f 1458 1457 1456 1459
f 1475 1459 1456 1474
f 1839 1838 1457 1458
f 1468 1463 1461 1466
f 1746 1471 1464 1742
f 1469 1468 1466 1467
f 1472 1467 1466 1471
f 1467 1472 1473 1476
f 1474 1469 1467 1476
f 1747 1472 1471 1746
f 1479 1473 1472 1747
f 1477 1476 1473 1478
f 1480 1478 1473 1479
f 1477 1475 1474 1476
f 1479 1747 1749 1753
f 1754 1480 1479 1753
f 1481 1484 1485 1498
f 1481 1482 1487 1484
f 1496 1495 1481 1498
f 1503 1482 1481 1495
f 1482 1483 1489 1487
f 1520 1483 1482 1503
f 1483 1520 1504 1546
f 1488 1486 1484 1487
f 1541 1485 1484 1486
f 1497 1498 1485 1539
f 1540 1539 1485 1541
f 1550 1541 1486 1549
f 1486 1488 1554 1549
f 1490 1488 1487 1489
f 1488 1490 1581 1554
f 1547 1490 1489 1546
f 1490 1547 1548 1581
f 1494 1493 1491 1505
f 1491 1495 1496 1492
f 1503 1495 1491 1493
f 1491 1492 1506 1505
f 1492 1496 1500 1499
f 1492 1499 1511 1506
f 1520 1503 1493 1519
f 1493 1494 1528 1519
f 1494 1505 1507 1510
f 1494 1510 1529 1528
f 1496 1498 1497 1500
f 1502 1500 1497 1501
f 1497 1539 1542 1501
f 1499 1500 1502 1512
f 1513 1511 1499 1512
f 1504 1520 1519 1517
f 1504 1517 1521 1522
f 1572 1546 1504 1522
f 1505 1506 1509 1507
f 1508 1509 1506 1511
f 1507 1509 1614 1613
f 1617 1510 1507 1613
f 1508 1511 1513 1514
f 1508 1514 1516 1515
f 1614 1509 1508 1515
f 1633 1529 1510 1617
f 1615 1614 1515 1620
f 1515 1516 1619 1620
f 1517 1528 1529 1518
f 1517 1518 1531 1530
f 1532 1531 1518 1627
f 1518 1529 1633 1627
f 1526 1522 1521 1524
f 1533 1524 1521 1530
f 1522 1526 1576 1572
f 1526 1527 1523 1576
f 1577 1576 1523 1578
f 1523 1527 1601 1605
f 1527 1526 1524 1525
f 1534 1525 1524 1533
f 1601 1527 1525 1600
f 1525 1534 1602 1600
f 1530 1531 1535 1533
f 1531 1532 1537 1535
f 1638 1537 1532 1635
f 1536 1534 1533 1535
f 1534 1536 1603 1602
f 1538 1536 1535 1537
f 1536 1538 1604 1603
f 1639 1538 1537 1638
f 1687 1604 1538 1639
f 1539 1540 1543 1542
f 1545 1543 1540 1544
f 1540 1541 1550 1544
f 1544 1550 1553 1551
f 1557 1545 1544 1551
f 1573 1547 1546 1572
f 1574 1548 1547 1573
f 1575 1569 1548 1574
f 1582 1581 1548 1569
f 1553 1550 1549 1552
f 1555 1552 1549 1554
f 1558 1557 1551 1561
f 1551 1553 1562 1561
f 1552 1555 1556 1563
f 1562 1553 1552 1563
f 1582 1555 1554 1581
f 1586 1556 1555 1582
f 1568 1563 1556 1611
f 1556 1586 1589 1611
f 1558 1561 1565 1564
f 1560 1564 1565 1566
f 1560 1566 1655 1647
f 1561 1562 1567 1565
f 1562 1563 1568 1567
f 1656 1566 1565 1567
f 1658 1655 1566 1656
f 1567 1568 1657 1656
f 1568 1611 1662 1657
f 1587 1570 1569 1585
f 1569 1570 1589 1586
f 1588 1571 1570 1587
f 1570 1571 1680 1589
f 1571 1588 1673 1653
f 1571 1653 1682 1680
f 1577 1573 1572 1576
f 1579 1574 1573 1577
f 1583 1575 1574 1579
f 1575 1583 1590 1585
f 1577 1578 1580 1579
f 1606 1580 1578 1605
f 1579 1580 1584 1583
f 1607 1584 1580 1606
f 1583 1584 1591 1590
f 1608 1591 1584 1607
f 1592 1587 1585 1590
f 1594 1588 1587 1592
f 1588 1594 1683 1673
f 1662 1611 1589 1680
f 1590 1591 1593 1592
f 1609 1593 1591 1608
f 1592 1593 1595 1594
f 1610 1595 1593 1609
f 1594 1595 1684 1683
f 1595 1610 1692 1684
f 1697 1598 1596 1695
f 1596 1612 1718 1705
f 1597 1598 1697 1696
f 1700 1599 1597 1696
f 2218 1723 1612 2208
f 1613 1614 1615 1616
f 1613 1616 1618 1617
f 1623 1616 1615 1624
f 1615 1620 1625 1624
f 1631 1618 1616 1623
f 1617 1618 1634 1633
f 1618 1631 1637 1634
f 1625 1620 1619 1621
f 1621 1622 1626 1625
f 1648 1626 1622 1644
f 1623 1624 1629 1630
f 1623 1630 1632 1631
f 1624 1625 1626 1629
f 1664 1629 1626 1648
f 1627 1628 1636 1635
f 1637 1628 1627 1634
f 1628 1637 1643 1651
f 1671 1636 1628 1651
f 1665 1630 1629 1664
f 1668 1632 1630 1665
f 1631 1632 1643 1637
f 1685 1643 1632 1668
f 1635 1636 1640 1638
f 1676 1640 1636 1671
f 1641 1639 1638 1640
f 1639 1641 1690 1687
f 1642 1641 1640 1676
f 1641 1642 1693 1690
f 1642 1676 1677 1678
f 1644 1645 1649 1648
f 1645 1646 1650 1649
f 1646 1647 1655 1650
f 1648 1649 1666 1664
f 1649 1650 1659 1666
f 1650 1655 1658 1659
f 1651 1652 1672 1671
f 1686 1652 1651 1685
f 1652 1654 1674 1672
f 1681 1654 1652 1686
f 1674 1654 1653 1673
f 1653 1654 1681 1682
f 1656 1657 1661 1658
f 1663 1661 1657 1662
f 1660 1659 1658 1661
f 1667 1666 1659 1660
f 1660 1661 1663 1670
f 1669 1667 1660 1670
f 1662 1680 1682 1663
f 1663 1682 1681 1670
f 1667 1665 1664 1666
f 1665 1667 1669 1668
f 1686 1685 1668 1669
f 1681 1686 1669 1670
f 1671 1672 1677 1676
f 1672 1674 1675 1677
f 1675 1674 1673 1683
f 1678 1677 1675 1679
f 1675 1683 1684 1679
f 1678 1679 1694 1693
f 1679 1684 1692 1694
f 1698 1697 1695 1702
f 1696 1697 1698 1699
f 1696 1699 1701 1700
f 1698 1702 1703 1706
f 1710 1699 1698 1706
f 1714 1701 1699 1710
f 1700 1701 1769 1766
f 1701 1714 1772 1769
f 1711 1706 1703 1704
f 1704 1705 1708 1707
f 1721 1708 1705 1718
f 1713 1710 1706 1711
f 1707 1708 1709 1712
f 1713 1711 1707 1712
f 1722 1709 1708 1721
f 1716 1712 1709 1717
f 1731 1717 1709 1722
f 1710 1713 1715 1714
f 1715 1713 1712 1716
f 1714 1715 1777 1772
f 1715 1716 1778 1777
f 1716 1717 1781 1778
f 1717 1731 2041 1781
f 1720 1719 1718 1723
f 1719 1720 1727 1726
f 1728 1721 1719 1726
f 1720 1724 1736 1727
f 1722 1729 1732 1731
f 2219 1724 1723 2218
f 2220 1725 1724 2219
f 1739 1737 1725 1738
f 2227 1738 1725 2220
f 1729 1728 1726 1730
f 1726 1727 1733 1730
f 1727 1736 1737 1733
f 1729 1730 1734 1732
f 1730 1733 1735 1734
f 1731 1732 2116 2115
f 1732 1734 2117 2116
f 1733 1737 1739 1735
f 1734 1735 2118 2117
f 1735 1739 2120 2118
f 2120 1739 1738 2119
f 2533 2119 1738 2227
f 1742 1743 1748 1746
f 1743 1745 1751 1748
f 1773 1761 1744 1771
f 1745 1750 1757 1751
f 1749 1747 1746 1748
f 1752 1749 1748 1751
f 1755 1753 1749 1752
f 1764 1757 1750 1763
f 1758 1752 1751 1757
f 1760 1755 1752 1758
f 1756 1754 1753 1755
f 1759 1756 1755 1760
f 1765 1758 1757 1764
f 2007 1760 1758 1765
f 1759 1760 2007 2006
f 1774 1762 1761 1773
f 1762 1774 2039 2011
f 2017 1764 1763 2012
f 2016 1765 1764 2017
f 2015 2007 1765 2016
f 1770 1768 1766 1769
f 1767 1768 1770 1771
f 1776 1770 1769 1772
f 1773 1771 1770 1776
f 1779 1776 1772 1777
f 1774 1775 2042 2039
f 1775 1781 2041 2042
f 2211 1783 1782 2210
f 2215 1787 1783 2211
f 1784 1785 2391 2387
f 4367 1785 1784 4366
f 1785 1786 2394 2391
f 4368 1786 1785 4367
f 1787 2215 2253 2239
f 2278 2099 1787 2245
f 1808 1803 1788 1805
f 1788 1803 2272 2248
f 1794 1792 1790 2261
f 1790 1791 2257 2258
f 1790 2258 2262 2261
f 1792 1794 1801 1797
f 1802 1801 1794 2271
f 1794 2261 2265 2271
f 1796 1798 2102 1806
f 1800 1799 1797 1801
f 1798 1799 1807 2102
f 1799 1800 2104 1807
f 1800 1801 1802 1804
f 1800 1804 1809 2104
f 1803 1804 1802 2272
f 1802 2271 2270 2272
f 1809 1804 1803 1808
f 2280 1808 1805 2279
f 2106 2103 1807 2104
f 2105 1809 1808 2280
f 2106 2104 1809 2105
f 1810 1833 1818 1812
f 1821 1813 1812 1818
f 1824 1814 1813 1821
f 1825 1815 1814 1824
f 1830 1816 1815 1825
f 1965 1817 1816 1830
f 1966 1958 1817 1965
f 1818 1819 1822 1821
f 1818 1833 1834 1819
f 1819 1820 1823 1822
f 1819 1834 1835 1820
f 1820 1835 1836 1840
f 1842 1823 1820 1840
f 1821 1822 1826 1824
f 1822 1823 1827 1826
f 1889 1827 1823 1842
f 1829 1825 1824 1826
f 1825 1829 1832 1830
f 1826 1827 1828 1829
f 1891 1828 1827 1889
f 1832 1829 1828 1831
f 1894 1831 1828 1891
f 1830 1832 1967 1965
f 1831 1894 1897 1895
f 1967 1832 1831 1895
f 1836 1838 1839 1837
f 1841 1840 1836 1837
f 1840 1841 1843 1842
f 1842 1843 1890 1889
f 1844 1845 1851 1850
f 1855 1847 1844 1850
f 1845 1846 1852 1851
f 2029 1852 1846 2005
f 1856 1848 1847 1855
f 1859 1849 1848 1856
f 1849 1859 1906 1898
f 1850 1851 1853 1857
f 1858 1855 1850 1857
f 1851 1852 1854 1853
f 1872 1854 1852 2029
f 1870 1857 1853 1871
f 1853 1854 1873 1871
f 1854 1872 1874 1873
f 1862 1856 1855 1858
f 1863 1859 1856 1862
f 1864 1858 1857 1870
f 1866 1862 1858 1864
f 1859 1863 1910 1906
f 1865 1866 1860 1907
f 1860 1864 1870 1868
f 1879 1867 1861 1875
f 1861 1867 1912 1909
f 1865 1863 1862 1866
f 1863 1865 1911 1910
f 1867 1879 1880 1883
f 1867 1883 1920 1912
f 1879 1875 1869 1881
f 1869 1877 1884 1881
f 1886 1874 1872 2032
f 1872 2029 2030 2032
f 2033 1876 1874 1886
f 1877 1878 1888 1884
f 2079 1888 1878 2077
f 1882 1880 1879 1881
f 1885 1882 1881 1884
f 1887 1885 1884 1888
f 1886 2032 2035 2036
f 1887 1888 2079 1922
f 1892 1891 1889 1890
f 1893 1894 1891 1892
f 1897 1894 1893 1896
f 1969 1967 1895 1968
f 1895 1897 1971 1968
f 1896 1970 1971 1897
f 1914 1899 1898 1906
f 1941 1900 1899 1914
f 1942 1901 1900 1941
f 1943 1902 1901 1942
f 1902 1943 4046 4033
f 1903 1904 1947 1948
f 1903 1948 2087 2051
f 1904 1905 1956 1947
f 4053 1956 1905 4035
f 1906 1910 1915 1914
f 1907 1908 1913 1911
f 1932 1916 1908 1925
f 1909 1912 1931 1926
f 1910 1911 1913 1915
f 1912 1920 1921 1931
f 1917 1915 1913 1916
f 1914 1915 1917 1941
f 1945 1917 1916 1932
f 1937 1924 1918 1930
f 2079 2077 1918 1924
f 1934 1931 1921 1933
f 1922 2079 1924 1923
f 1923 1924 1937 1936
f 1925 1928 1940 1935
f 1934 1927 1926 1931
f 1937 1930 1927 1934
f 1928 1929 1938 1939
f 1929 2076 2080 2081
f 1933 1936 1937 1934
f 1935 1940 1954 1952
f 1955 1939 1938 2085
f 1938 2081 2084 2085
f 1954 1940 1939 1955
f 1944 1942 1941 1945
f 1946 1943 1942 1944
f 1943 1946 4049 4046
f 1944 1945 1949 1950
f 1951 1946 1944 1950
f 1946 1951 4052 4049
f 1952 1948 1947 1953
f 1957 1953 1947 1956
f 1948 1954 1955 2087
f 1953 1950 1949 1952
f 1957 1951 1950 1953
f 1951 1957 4056 4052
f 1955 2085 2086 2087
f 4056 1957 1956 4053
f 1977 1959 1958 1966
f 1978 1960 1959 1977
f 1985 1961 1960 1978
f 1986 1962 1961 1985
f 1964 1963 1962 1986
f 1963 1964 3957 3958
f 1964 1987 3956 3957
f 1969 1966 1965 1967
f 1966 1969 1979 1977
f 1968 1971 1972 1974
f 1979 1969 1968 1974
f 1972 1971 1970 1973
f 1972 1973 1975 1976
f 1980 1974 1972 1976
f 1981 1979 1974 1980
f 1983 1976 1975 1982
f 1992 1980 1976 1983
f 1981 1978 1977 1979
f 1978 1981 1993 1985
f 1993 1981 1980 1992
f 1991 1983 1982 1984
f 1983 1991 1994 1992
f 1999 1991 1984 1998
f 1996 1986 1985 1993
f 1987 1988 3985 3984
f 1988 1989 3986 3985
f 1989 2002 3990 3986
f 1990 2004 2150 2145
f 3990 2002 1990 3991
f 1990 2145 3992 3991
f 1995 1994 1991 1999
f 1996 1993 1992 1994
f 1997 1996 1994 1995
f 1995 1999 2001 2003
f 2004 1997 1995 2003
f 2001 1999 1998 2000
f 2148 2001 2000 2135
f 2149 2003 2001 2148
f 2150 2004 2003 2149
f 2005 2008 2030 2029
f 2006 2007 2015 2018
f 2008 2009 2031 2030
f 2009 2010 2034 2031
f 2078 2034 2010 2048
f 2040 2013 2011 2039
f 2012 2014 2022 2017
f 2045 2024 2013 2040
f 2027 2022 2014 2023
f 2019 2018 2015 2020
f 2015 2016 2021 2020
f 2016 2017 2022 2021
f 2019 2020 2025 2026
f 2020 2021 2028 2025
f 2021 2022 2027 2028
f 2062 2027 2023 2054
f 2024 2045 2088 2053
f 2057 2026 2025 2058
f 2025 2028 2061 2058
f 2061 2028 2027 2062
f 2035 2032 2030 2031
f 2031 2034 2038 2035
f 2033 2036 2037 2076
f 2082 2038 2034 2078
f 2037 2036 2035 2038
f 2037 2038 2082 2080
f 2043 2040 2039 2042
f 2040 2043 2047 2045
f 2043 2042 2041 2044
f 2043 2044 2046 2047
f 2045 2047 2090 2088
f 2090 2047 2046 2091
f 2048 2049 2083 2078
f 2049 2050 2086 2083
f 2050 2051 2087 2086
f 2052 2071 2072 2140
f 2141 2139 2052 2140
f 2089 2055 2053 2088
f 2054 2056 2063 2062
f 2094 2067 2055 2089
f 2075 2063 2056 2066
f 2057 2058 2060 2059
f 2064 2060 2058 2061
f 2069 2068 2059 2060
f 2060 2064 2070 2069
f 2061 2062 2063 2064
f 2070 2064 2063 2075
f 2075 2066 2065 2074
f 2160 2074 2065 2158
f 2067 2094 2168 2156
f 2072 2071 2068 2069
f 2069 2070 2073 2072
f 2070 2075 2074 2073
f 2159 2140 2072 2073
f 2073 2074 2160 2159
f 2084 2082 2078 2083
f 2084 2081 2080 2082
f 2085 2084 2083 2086
f 2092 2089 2088 2090
f 2089 2092 2095 2094
f 2090 2091 2093 2092
f 2092 2093 2096 2095
f 2093 2115 4265 2096
f 2094 2095 2173 2168
f 2095 2096 2174 2173
f 2097 2099 2278 2274
f 2430 2098 2097 2274
f 2103 2106 2111 2109
f 2111 2106 2105 2445
f 2105 2280 2443 2445
f 2108 2110 2455 2454
f 2448 2110 2109 2111
f 2110 2448 2458 2455
f 2111 2445 2447 2448
f 2437 2113 2112 2435
f 2441 2114 2113 2437
f 2114 2441 2475 2462
f 2588 2188 2114 2581
f 2115 2116 4266 4265
f 2116 2117 4267 4266
f 2117 2118 4268 4267
f 2118 2120 4270 4268
f 4270 2120 2119 4269
f 2119 2533 4941 4269
f 2129 2123 2121 2486
f 2121 2484 2485 2486
f 2130 2128 2123 2129
f 2126 2131 2194 2191
f 2128 2130 2133 2132
f 2129 2486 2491 2490
f 2496 2130 2129 2490
f 2185 2133 2130 2496
f 2131 2132 2195 2194
f 2132 2133 2196 2195
f 2133 2185 2187 2196
f 2135 2137 2138 2148
f 2138 2137 2136 2142
f 2136 2139 2141 2142
f 2149 2148 2138 2151
f 2138 2142 2154 2151
f 2143 2141 2140 2159
f 2154 2142 2141 2143
f 2143 2144 2155 2154
f 2143 2159 2160 2144
f 2144 2153 2147 2155
f 2144 2160 2158 2153
f 2152 2146 2145 2150
f 2145 2146 4228 3992
f 2155 2147 2146 2152
f 2146 2147 4237 4229
f 2147 2153 4248 4245
f 2152 2150 2149 2151
f 2151 2154 2155 2152
f 2169 2157 2156 2168
f 2175 2161 2157 2169
f 2176 2166 2163 2175
f 2167 2165 2164 2166
f 4339 4338 2165 2167
f 2181 2167 2166 2176
f 2167 2181 4340 4339
f 2170 2169 2168 2173
f 2170 2173 2174 2171
f 4348 2179 2172 4341
f 2176 2177 2180 2181
f 4347 2180 2179 4348
f 4340 2181 2180 4347
f 2182 2183 2186 2184
f 2182 2184 2495 2469
f 2600 2186 2183 2589
f 2187 2185 2184 2186
f 2184 2185 2496 2495
f 2602 2187 2186 2600
f 2199 2196 2187 2602
f 2585 2190 2188 2588
f 2189 2190 2585 2584
f 2195 2196 2199 2197
f 2197 2199 2200 2202
f 2199 2602 2605 2200
f 2203 2202 2200 2614
f 2200 2605 2606 2614
f 2201 2203 2617 2613
f 2203 2614 2615 2617
f 2210 2205 2204 2209
f 2204 2206 2214 2209
f 2206 2207 2216 2214
f 2252 2216 2207 2232
f 2211 2210 2209 2212
f 2213 2212 2209 2214
f 2211 2212 2213 2215
f 2213 2214 2216 2217
f 2253 2215 2213 2217
f 2249 2217 2216 2252
f 2217 2249 2251 2253
f 2371 2220 2219 2370
f 2372 2227 2220 2371
f 2223 2222 2221 2353
f 2221 2222 2225 2224
f 2370 2369 2221 2224
f 2222 2223 2226 2225
f 2223 2353 2397 2398
f 2399 2226 2223 2398
f 2224 2225 5101 5102
f 2226 2399 5197 5105
f 2227 2372 2663 2533
f 2228 2229 2240 2237
f 2250 2231 2228 2237
f 2229 2230 2243 2240
f 2230 2233 2273 2243
f 2252 2232 2231 2250
f 2233 2234 2276 2273
f 2234 2421 2430 2276
f 2268 2236 2235 2264
f 2235 2246 2269 2264
f 2236 2268 2289 2281
f 2241 2238 2237 2240
f 2237 2238 2251 2250
f 2244 2239 2238 2241
f 2238 2239 2253 2251
f 2242 2241 2240 2243
f 2245 2244 2241 2242
f 2242 2243 2273 2275
f 2278 2245 2242 2275
f 2246 2247 2270 2269
f 2247 2248 2272 2270
f 2249 2252 2250 2251
f 2291 2259 2255 2287
f 2260 2258 2257 2259
f 2258 2260 2263 2262
f 2290 2260 2259 2291
f 2293 2263 2260 2290
f 2261 2262 2266 2265
f 2262 2263 2267 2266
f 2296 2267 2263 2293
f 2264 2269 2265 2266
f 2264 2266 2267 2268
f 2270 2271 2265 2269
f 2289 2268 2267 2296
f 2277 2275 2273 2276
f 2274 2278 2275 2277
f 2276 2430 2274 2277
f 2443 2280 2279 2431
f 2295 2282 2281 2289
f 2299 2283 2282 2295
f 2300 2284 2283 2299
f 2319 2285 2284 2300
f 2320 2286 2285 2319
f 2286 2320 2325 2322
f 2289 2296 2297 2295
f 2290 2292 2294 2293
f 2290 2291 2304 2292
f 2306 2294 2292 2305
f 2292 2304 2307 2305
f 2293 2294 2297 2296
f 2298 2297 2294 2306
f 2295 2297 2298 2299
f 2300 2299 2298 2301
f 2298 2306 2310 2301
f 2300 2301 2316 2319
f 2301 2310 2317 2316
f 2310 2306 2305 2308
f 2317 2310 2308 2313
f 2327 2314 2312 2324
f 2313 2315 2318 2317
f 2519 2315 2314 2327
f 2524 2318 2315 2519
f 2316 2317 2318 2321
f 2320 2319 2316 2321
f 2328 2321 2318 2524
f 2320 2321 2328 2325
f 2326 2323 2322 2325
f 2323 2326 2503 2499
f 2520 2327 2324 2516
f 2522 2326 2325 2328
f 2523 2503 2326 2522
f 2328 2524 2525 2522
f 2329 2330 2335 2333
f 2340 2330 2329 2339
f 2332 2331 2330 2340
f 2330 2331 2338 2335
f 2331 2332 2348 2347
f 2357 2338 2331 2347
f 2332 2340 2343 2345
f 2332 2345 2359 2348
f 2336 2334 2333 2335
f 2337 2336 2335 2338
f 2337 2338 2357 2358
f 2343 2340 2339 2341
f 2341 2342 2344 2343
f 5145 2344 2342 5142
f 2346 2345 2343 2344
f 5148 2346 2344 5145
f 2345 2346 2360 2359
f 5174 2360 2346 5148
f 2347 2348 2350 2349
f 2347 2349 2361 2357
f 2363 2350 2348 2359
f 2349 2350 2356 2351
f 2349 2351 2367 2361
f 2373 2356 2350 2363
f 2355 2352 2351 2356
f 2351 2352 2365 2367
f 2352 2354 2369 2365
f 2355 2356 2373 2418
f 2416 2407 2355 2418
f 2362 2358 2357 2361
f 2359 2360 2364 2363
f 5181 2364 2360 5174
f 2368 2362 2361 2367
f 2363 2364 2374 2373
f 5195 2374 2364 5181
f 2365 2366 2368 2367
f 2370 2366 2365 2369
f 2419 2418 2373 2374
f 5218 2419 2374 5195
f 2392 2376 2375 2387
f 2377 2393 4957 4955
f 2381 2379 2378 2380
f 2383 2381 2380 2382
f 2385 2383 2382 2384
f 2396 2385 2384 2386
f 2386 2389 2390 2396
f 2387 2391 2393 2392
f 2390 2389 2388 2395
f 2388 2392 2393 2395
f 2393 2394 4956 4957
f 2400 2398 2397 2401
f 2411 2401 2397 2406
f 2402 2399 2398 2400
f 2399 2402 5200 5197
f 2400 2401 2403 2402
f 2414 2403 2401 2411
f 2402 2403 5201 5200
f 2403 2414 5208 5201
f 2404 2405 2409 2408
f 2410 2406 2404 2408
f 2405 2407 2416 2409
f 2412 2410 2408 2413
f 2408 2409 2420 2413
f 2409 2416 2417 2420
f 2415 2411 2410 2412
f 2412 2413 5207 5206
f 5209 2415 2412 5206
f 2413 2420 5220 5207
f 2414 2415 5209 5208
f 2416 2418 2419 2417
f 2417 2419 5218 5215
f 5220 2420 2417 5215
f 2422 2423 2436 2435
f 2423 2424 2440 2436
f 2424 2427 2472 2440
f 2425 2426 2463 2460
f 2476 2429 2425 2460
f 2580 2463 2426 2572
f 2427 2428 2473 2472
f 2428 2429 2476 2473
f 2431 2432 2444 2443
f 2432 2433 2446 2444
f 2433 2434 2451 2446
f 2502 2451 2434 2498
f 2435 2436 2438 2437
f 2439 2438 2436 2440
f 2437 2438 2439 2441
f 2439 2440 2472 2474
f 2475 2441 2439 2474
f 2447 2445 2443 2444
f 2444 2446 2449 2447
f 2450 2449 2446 2451
f 2458 2448 2447 2449
f 2449 2450 2459 2458
f 2450 2451 2502 2506
f 2514 2459 2450 2506
f 2453 2456 2512 2509
f 2454 2455 2457 2456
f 2455 2458 2459 2457
f 2456 2457 2511 2512
f 2457 2459 2514 2511
f 2464 2461 2460 2463
f 2460 2461 2477 2476
f 2465 2462 2461 2464
f 2461 2462 2475 2477
f 2579 2464 2463 2580
f 2581 2465 2464 2579
f 2489 2467 2466 2488
f 2466 2468 2494 2488
f 2497 2470 2467 2489
f 2468 2469 2495 2494
f 2470 2497 2546 2534
f 2472 2473 2471 2474
f 2475 2474 2471 2477
f 2471 2473 2476 2477
f 2542 2483 2480 2539
f 2485 2484 2481 2487
f 2481 2483 2542 2541
f 2544 2487 2481 2541
f 2491 2486 2485 2492
f 2485 2487 2493 2492
f 2549 2493 2487 2544
f 2490 2491 2488 2494
f 2492 2489 2488 2491
f 2489 2492 2493 2497
f 2495 2496 2490 2494
f 2546 2497 2493 2549
f 2498 2501 2505 2502
f 2504 2500 2499 2503
f 2505 2501 2500 2504
f 2507 2506 2502 2505
f 2508 2504 2503 2523
f 2507 2505 2504 2508
f 2506 2507 2515 2514
f 2507 2508 2530 2515
f 2508 2523 2529 2530
f 2511 2514 2515 2513
f 2513 2515 2530 2532
f 2519 2521 2525 2524
f 2520 2526 2527 2528
f 2529 2523 2522 2525
f 2530 2529 2527 2532
f 2547 2535 2534 2546
f 2548 2536 2535 2547
f 2553 2537 2536 2548
f 2554 2538 2537 2553
f 2538 2554 2621 2619
f 2541 2543 2545 2544
f 2560 2545 2543 2557
f 2544 2545 2550 2549
f 2551 2550 2545 2560
f 2546 2549 2550 2547
f 2551 2548 2547 2550
f 2548 2551 2552 2553
f 2551 2560 2566 2552
f 2554 2553 2552 2570
f 2552 2566 2567 2570
f 2554 2570 2622 2621
f 2566 2560 2557 2559
f 2567 2566 2559 2565
f 2649 2568 2563 2646
f 2571 2567 2565 2569
f 2622 2570 2567 2571
f 2650 2569 2568 2649
f 2652 2571 2569 2650
f 2624 2622 2571 2652
f 2572 2573 2582 2580
f 2573 2575 2586 2582
f 2586 2575 2574 2584
f 2576 2577 2595 2594
f 2576 2594 4262 3002
f 2577 2578 2599 2595
f 4890 2599 2578 4875
f 2579 2580 2582 2583
f 2588 2581 2579 2583
f 2587 2583 2582 2586
f 2585 2588 2583 2587
f 2584 2585 2587 2586
f 2589 2590 2601 2600
f 2590 2591 2603 2601
f 2591 2592 2604 2603
f 2592 2593 2609 2604
f 2632 2609 2593 2627
f 2594 2595 2596 2597
f 2594 2597 4263 4262
f 2598 2596 2595 2599
f 4887 2597 2596 2598
f 4264 4263 2597 4887
f 2598 2599 4890 4891
f 4893 4887 2598 4891
f 2605 2602 2600 2601
f 2606 2605 2601 2603
f 2603 2604 2607 2606
f 2608 2607 2604 2609
f 2615 2614 2606 2607
f 2607 2608 2616 2615
f 2608 2609 2632 2635
f 2641 2616 2608 2635
f 2612 2613 2617 2618
f 2612 2618 2643 2644
f 2618 2617 2615 2616
f 2643 2618 2616 2641
f 2623 2620 2619 2621
f 2620 2623 2630 2625
f 2621 2622 2624 2623
f 2623 2624 2651 2630
f 2624 2652 2656 2651
f 2631 2626 2625 2630
f 2634 2629 2626 2631
f 2627 2628 2633 2632
f 2628 2629 2634 2633
f 2637 2631 2630 2651
f 2638 2634 2631 2637
f 2636 2635 2632 2633
f 2633 2634 2638 2636
f 2635 2636 2642 2641
f 2636 2638 2662 2642
f 2637 2651 2656 2655
f 2662 2638 2637 2655
f 2641 2642 2645 2643
f 2661 2645 2642 2662
f 2656 2652 2650 2653
f 2653 2659 2655 2656
f 2661 2662 2655 2659
f 5068 4941 2663 5069
f 2799 2800 2664 2803
f 2809 2665 2664 2800
f 2858 2803 2664 2859
f 2664 2665 2868 2859
f 2665 2809 2829 2830
f 2665 2830 2924 2868
f 2666 2670 2672 2673
f 2666 2667 2679 2670
f 2690 2667 2666 2681
f 2666 2673 2693 2681
f 2821 2679 2667 2824
f 2667 2690 2825 2824
f 2668 2669 2674 2671
f 2668 2671 2680 2678
f 2786 2669 2668 2787
f 2668 2678 2797 2787
f 2675 2674 2669 2794
f 2669 2786 2790 2794
f 2670 2671 2674 2672
f 2680 2671 2670 2679
f 2672 2674 2675 2676
f 2696 2673 2672 2676
f 2694 2693 2673 2696
f 2677 2676 2675 2795
f 2675 2794 2796 2795
f 2676 2677 2697 2696
f 2678 2680 2820 2828
f 2826 2797 2678 2828
f 2820 2680 2679 2821
f 2683 2682 2681 2693
f 2682 2683 2700 2684
f 2683 2693 2694 2695
f 2683 2695 2701 2700
f 2688 2687 2684 2685
f 2702 2685 2684 2700
f 2685 2702 2935 2934
f 2937 2688 2685 2934
f 2690 2822 2823 2825
f 2694 2696 2697 2698
f 2699 2695 2694 2698
f 2695 2699 2703 2701
f 2700 2701 2704 2702
f 2701 2703 2705 2704
f 2702 2704 2939 2935
f 2704 2705 2706 2939
f 2940 2939 2706 2945
f 2723 2716 2707 2724
f 2707 2708 2740 2724
f 2807 2708 2707 2806
f 2707 2716 2815 2806
f 2708 2709 2742 2740
f 2808 2709 2708 2807
f 2831 2742 2709 2838
f 2709 2808 2885 2838
f 2715 2711 2710 2714
f 2711 2715 2716 2712
f 2712 2723 2726 2727
f 2728 2713 2712 2727
f 2729 2719 2713 2728
f 2811 2715 2714 2810
f 2815 2716 2715 2811
f 2717 2718 2721 2720
f 2718 2719 2722 2721
f 2719 2729 2759 2757
f 2720 2721 2813 2812
f 2721 2722 2814 2813
f 2722 2757 2758 2764
f 2722 2764 2816 2814
f 2723 2724 2725 2726
f 2741 2725 2724 2740
f 2738 2726 2725 2746
f 2739 2728 2727 2738
f 2729 2739 2763 2759
f 2734 2732 2730 2733
f 2730 2731 2735 2733
f 2730 2732 2745 2749
f 2750 2731 2730 2749
f 2733 2735 2737 2736
f 2762 2734 2733 2736
f 2736 2737 2772 2773
f 2774 2762 2736 2773
f 2743 2741 2740 2742
f 2741 2743 2748 2746
f 2744 2743 2742 2831
f 2744 2831 2832 2833
f 2846 2748 2744 2833
f 2753 2749 2745 2747
f 2754 2753 2747 2840
f 2752 2750 2749 2753
f 2752 2753 2754 2755
f 2841 2755 2754 2842
f 2754 2840 2844 2842
f 2780 2779 2756 2843
f 2756 2841 2842 2843
f 2760 2758 2757 2759
f 2765 2764 2758 2761
f 2758 2760 2766 2761
f 2761 2766 2767 2770
f 2784 2765 2761 2770
f 2764 2765 2817 2816
f 2765 2784 2818 2817
f 2782 2767 2766 2778
f 2771 2770 2767 2769
f 2771 2769 2768 2854
f 2768 2769 2782 2783
f 2768 2851 2853 2854
f 2770 2771 2785 2784
f 2771 2854 2856 2785
f 2776 2773 2772 2775
f 2777 2774 2773 2776
f 2780 2776 2775 2779
f 2781 2777 2776 2780
f 2780 2843 2845 2781
f 2783 2847 2836 2851
f 2784 2785 2819 2818
f 2890 2819 2785 2856
f 2786 2787 2788 2789
f 2786 2789 2792 2790
f 2798 2788 2787 2797
f 2788 2800 2799 2789
f 2809 2800 2788 2798
f 2801 2792 2789 2799
f 2793 2791 2790 2792
f 2796 2794 2790 2791
f 2802 2793 2792 2801
f 2827 2798 2797 2826
f 2829 2809 2798 2827
f 2799 2803 2804 2801
f 2805 2802 2801 2804
f 2860 2804 2803 2858
f 2861 2805 2804 2860
f 2927 2828 2820 2928
f 2820 2821 2929 2928
f 2821 2824 2930 2929
f 2823 2932 2931 2825
f 2824 2825 2931 2930
f 2831 2838 2839 2832
f 2834 2833 2832 2837
f 2849 2837 2832 2839
f 2847 2846 2834 2835
f 2834 2837 2848 2835
f 2852 2836 2835 2848
f 2853 2851 2836 2852
f 2850 2848 2837 2849
f 2886 2839 2838 2885
f 2887 2849 2839 2886
f 2845 2843 2842 2844
f 2848 2850 2857 2852
f 2888 2850 2849 2887
f 2891 2857 2850 2888
f 2855 2853 2852 2857
f 2856 2854 2853 2855
f 2890 2856 2855 2889
f 2855 2857 2891 2889
f 2858 2859 2863 2864
f 2865 2860 2858 2864
f 2869 2863 2859 2868
f 2862 2861 2860 2865
f 2867 2866 2862 2865
f 2870 2864 2863 2871
f 2863 2869 2882 2871
f 2867 2865 2864 2870
f 2866 2867 2874 2875
f 2867 2870 2872 2874
f 2868 2924 2925 2869
f 2869 2925 2926 2882
f 2870 2871 2873 2872
f 2883 2873 2871 2882
f 2877 2874 2872 2878
f 2872 2873 2879 2878
f 2884 2879 2873 2883
f 2876 2875 2874 2877
f 2880 2881 2876 2877
f 2877 2878 2900 2880
f 2878 2879 2901 2900
f 2879 2884 2904 2901
f 2892 2881 2880 2893
f 2902 2893 2880 2900
f 2882 2926 2927 2883
f 2883 2927 2928 2884
f 2884 2928 2929 2904
f 2892 2893 2906 2894
f 2893 2902 2907 2906
f 2908 2895 2894 2906
f 2912 2896 2895 2908
f 2899 2898 2896 2912
f 2897 2898 2899 3029
f 3030 3025 2897 3029
f 2899 2912 2913 2914
f 3064 3029 2899 2914
f 2900 2901 2903 2902
f 2905 2903 2901 2904
f 2902 2903 2910 2907
f 2903 2905 2922 2910
f 2904 2929 2930 2905
f 2905 2930 2931 2922
f 2906 2907 2909 2908
f 2911 2909 2907 2910
f 2908 2909 2913 2912
f 2909 2911 2917 2913
f 2920 2911 2910 2921
f 2923 2921 2910 2922
f 2915 2914 2913 2917
f 2914 2915 3065 3064
f 2915 2917 2919 2916
f 2915 2916 3066 3065
f 2916 2919 3180 3350
f 3180 2919 2918 3187
f 2918 2920 3182 3187
f 2920 2921 3181 3182
f 2921 2923 3177 3181
f 2938 2937 2934 2936
f 2934 2935 2941 2936
f 2935 2939 2940 2941
f 2936 2941 2942 2943
f 2944 2938 2936 2943
f 2942 2941 2940 2946
f 2940 2945 2947 2946
f 2942 2946 2948 2951
f 2952 2943 2942 2951
f 2953 2944 2943 2952
f 2946 2947 2949 2948
f 2948 2949 2950 2954
f 2955 2951 2948 2954
f 2958 2954 2950 2959
f 2956 2952 2951 2955
f 2957 2953 2952 2956
f 2960 2955 2954 2958
f 2961 2956 2955 2960
f 2962 2957 2956 2961
f 2958 2959 2964 2963
f 2965 2960 2958 2963
f 2966 2961 2960 2965
f 2967 2962 2961 2966
f 2963 2964 3017 3016
f 3018 2965 2963 3016
f 3019 2966 2965 3018
f 3020 2967 2966 3019
f 3118 2969 2968 3117
f 2968 2970 3119 3117
f 3121 2972 2969 3118
f 2970 2971 3120 3119
f 3122 2973 2972 3121
f 2973 3122 3779 3631
f 2977 2976 2974 2978
f 3585 2978 2974 3583
f 3589 3583 2974 3591
f 2975 2980 2988 3592
f 3591 2976 2975 3592
f 2977 2979 2982 2981
f 2977 2978 3586 2979
f 2980 2987 2989 2988
f 2980 2981 2990 2987
f 2981 2982 2991 2990
f 2985 2986 2983 2984
f 2983 2986 2999 2998
f 3087 2989 2987 3089
f 2987 2990 3092 3089
f 2988 2989 2992 3613
f 3594 3592 2988 3613
f 3088 2992 2989 3087
f 2990 2991 3093 3092
f 3109 2995 2992 3088
f 3614 3613 2992 2995
f 2995 2994 2993 3614
f 2994 2995 3109 3110
f 3114 2997 2996 3112
f 3160 3009 2997 3114
f 2997 3009 3664 3608
f 2998 2999 3006 3000
f 3000 3006 3007 3001
f 3001 3007 3008 3005
f 3672 3669 3004 3667
f 3005 3008 3010 3168
f 3169 3011 3009 3160
f 3009 3011 3676 3664
f 3009 3115 3716 3616
f 3010 3012 3172 3170
f 3677 3012 3010 3678
f 3172 3012 3011 3169
f 3011 3012 3677 3676
f 3013 3014 3015 3021
f 3016 3017 3013 3021
f 3014 3027 3026 3015
f 3022 3021 3015 3034
f 3015 3026 3028 3034
f 3022 3018 3016 3021
f 3023 3019 3018 3022
f 3024 3020 3019 3023
f 3022 3034 3035 3023
f 3036 3024 3023 3035
f 3026 3027 3025 3030
f 3031 3028 3026 3030
f 3028 3031 3032 3037
f 3035 3034 3028 3037
f 3031 3030 3029 3064
f 3031 3064 3065 3032
f 3038 3037 3032 3033
f 3032 3065 3066 3033
f 3038 3036 3035 3037
f 3039 3040 3306 3305
f 3321 3043 3039 3305
f 3040 3041 3307 3306
f 3042 3059 3129 3120
f 3322 3045 3043 3321
f 3325 3047 3045 3322
f 3050 3049 3046 3051
f 3046 3048 3052 3051
f 3060 3059 3047 3062
f 3048 3061 3071 3070
f 3077 3052 3048 3070
f 3049 3050 3056 3053
f 3049 3053 3063 3061
f 3050 3051 3314 3313
f 3315 3056 3050 3313
f 3051 3052 3312 3314
f 3057 3054 3053 3056
f 3058 3055 3054 3057
f 3080 3063 3055 3081
f 3055 3058 3086 3081
f 3316 3057 3056 3315
f 3317 3058 3057 3316
f 3059 3060 3130 3129
f 3060 3062 3076 3073
f 3216 3076 3062 3325
f 3068 3069 3214 3227
f 3795 3072 3068 3793
f 5054 3793 3068 4319
f 3073 3076 3069 3072
f 3069 3076 3216 3214
f 3070 3074 3078 3077
f 3083 3075 3071 3080
f 3796 3073 3072 3795
f 3074 3075 3079 3078
f 3084 3079 3075 3083
f 3077 3078 3215 3218
f 3078 3079 3230 3215
f 3079 3084 3212 3230
f 3085 3082 3081 3086
f 3084 3083 3082 3085
f 3084 3085 3213 3212
f 3085 3086 3220 3213
f 3087 3089 3090 3091
f 3698 3088 3087 3091
f 3713 3109 3088 3698
f 3094 3090 3089 3092
f 3090 3094 3098 3096
f 3699 3091 3090 3096
f 3701 3698 3091 3699
f 3092 3093 3095 3094
f 3094 3095 3099 3098
f 3100 3097 3096 3098
f 3096 3097 3700 3699
f 3097 3100 3103 3102
f 3098 3099 3101 3100
f 3100 3101 3708 3103
f 3703 3700 3102 3706
f 3102 3103 3709 3706
f 3113 3105 3104 3116
f 3161 3116 3104 3159
f 3106 3107 3764 3765
f 3767 3108 3106 3765
f 3108 3767 5006 4366
f 3111 3110 3109 3713
f 3111 3713 3714 3717
f 3116 3114 3112 3113
f 3114 3116 3161 3160
f 3115 3162 3812 3808
f 3117 3119 3123 3124
f 3126 3118 3117 3124
f 3128 3121 3118 3126
f 3122 3131 3783 3779
f 3123 3129 3125 3124
f 3124 3125 3127 3126
f 3125 3130 3132 3127
f 3131 3128 3126 3127
f 3131 3132 3784 3783
f 3134 3135 3133 3139
f 3133 3135 3137 3136
f 3140 3139 3133 3141
f 3133 3136 3143 3141
f 3134 3139 3140 3142
f 3250 3135 3134 3249
f 3134 3142 3255 3249
f 3252 3137 3135 3250
f 3136 3137 3138 3144
f 3145 3143 3136 3144
f 3253 3138 3137 3252
f 3145 3144 3138 3722
f 3138 3253 3849 3722
f 3140 3141 3148 3146
f 3150 3142 3140 3146
f 3141 3143 3153 3148
f 3142 3150 3267 3255
f 3143 3145 3154 3153
f 3145 3722 3723 3154
f 3149 3147 3146 3148
f 3146 3147 3151 3150
f 3147 3149 3152 3151
f 3155 3149 3148 3153
f 3158 3152 3149 3155
f 3150 3151 3269 3267
f 3151 3152 3271 3269
f 3152 3158 3282 3271
f 3153 3154 3156 3155
f 3157 3156 3154 3723
f 3155 3156 3157 3158
f 3282 3158 3157 3281
f 3157 3723 3850 3281
f 3174 3161 3159 3163
f 3160 3161 3174 3169
f 3162 3175 3821 3812
f 3163 3165 3176 3174
f 3164 3166 3822 3819
f 3165 3168 3171 3176
f 3166 3167 4969 3822
f 3167 4363 4975 4969
f 3176 3172 3169 3174
f 3170 3172 3176 3171
f 3821 3175 3173 3817
f 3177 3178 3183 3181
f 3178 3179 3186 3183
f 3180 3187 3188 3189
f 3351 3350 3180 3189
f 3184 3182 3181 3183
f 3188 3187 3182 3184
f 3185 3184 3183 3186
f 3184 3185 3191 3188
f 3185 3186 4431 4434
f 4440 3191 3185 4434
f 3186 3192 4430 4431
f 3190 3189 3188 3191
f 3189 3190 3352 3351
f 3190 3191 4440 4441
f 4732 3352 3190 4441
f 3236 3194 3193 3235
f 3193 3195 3237 3235
f 3243 3201 3194 3236
f 3195 3196 3238 3237
f 3196 3197 3239 3238
f 3197 3198 3240 3239
f 3198 3202 3244 3240
f 3242 3200 3199 3241
f 3199 3203 3245 3241
f 3262 3210 3200 3242
f 3244 3202 3201 3243
f 3203 3204 3246 3245
f 3204 3205 3247 3246
f 3205 3206 3248 3247
f 3206 3211 3263 3248
f 3853 3208 3207 3852
f 3207 3209 3854 3852
f 3855 3222 3208 3853
f 3209 3318 3861 3854
f 3263 3211 3210 3262
f 3212 3213 3219 3231
f 3213 3220 3221 3219
f 3214 3216 3217 3229
f 3228 3227 3214 3229
f 3215 3230 4446 4445
f 4448 3218 3215 4445
f 3334 3217 3216 3332
f 4444 3229 3217 4447
f 3217 3334 4570 4447
f 3233 3231 3219 3232
f 3219 3221 3234 3232
f 3226 3221 3220 3224
f 3221 3226 3355 3234
f 3856 3223 3222 3855
f 3857 3225 3223 3856
f 3345 3226 3224 3344
f 3866 3357 3225 3857
f 3226 3345 3346 3355
f 4444 4443 3228 3229
f 3230 3233 4449 4446
f 4449 3233 3232 4450
f 3232 3234 4451 4450
f 3251 3250 3249 3256
f 3249 3255 3257 3256
f 3250 3251 3254 3252
f 3251 3256 3257 3258
f 3260 3254 3251 3258
f 3259 3253 3252 3254
f 3253 3259 3261 3849
f 3261 3259 3254 3260
f 3273 3257 3255 3267
f 3276 3258 3257 3273
f 3283 3260 3258 3276
f 3285 3261 3260 3283
f 3850 3849 3261 3285
f 3264 3266 3268 3270
f 3278 3265 3264 3270
f 3264 3265 3297 3296
f 3298 3266 3264 3296
f 3265 3278 3280 3279
f 3265 3279 3302 3297
f 3272 3268 3266 3274
f 3300 3274 3266 3298
f 3267 3269 3275 3273
f 3269 3271 3277 3275
f 3286 3277 3271 3282
f 3272 3274 3417 3416
f 3273 3275 3277 3276
f 3274 3300 3573 3417
f 3276 3277 3286 3283
f 3279 3280 3284 3851
f 3858 3302 3279 3851
f 3281 3850 3285 3287
f 3286 3282 3281 3287
f 3287 3285 3283 3286
f 3423 3851 3284 3422
f 3288 3289 3295 3294
f 3299 3290 3288 3294
f 3571 3295 3289 3433
f 3301 3291 3290 3299
f 3291 3301 3574 3441
f 3292 3293 3304 3303
f 3292 3303 4461 4452
f 3581 3304 3293 3443
f 3296 3297 4459 4458
f 4460 3298 3296 4458
f 3297 3302 4464 4459
f 4462 3300 3298 4460
f 4710 3573 3300 4462
f 3302 3858 5083 4464
f 3305 3306 3309 3323
f 3324 3321 3305 3323
f 3306 3307 3308 3309
f 3311 3309 3308 3310
f 3336 3323 3309 3311
f 3310 4566 4567 3311
f 4572 3336 3311 4567
f 3326 3314 3312 3331
f 3313 3314 3326 3327
f 3329 3315 3313 3327
f 3328 3316 3315 3329
f 3344 3317 3316 3328
f 3318 3319 3862 3861
f 3319 3320 3863 3862
f 3320 3358 3867 3863
f 3330 3322 3321 3324
f 3332 3325 3322 3330
f 3337 3324 3323 3336
f 3338 3330 3324 3337
f 3326 3331 3333 3339
f 3340 3327 3326 3339
f 3347 3329 3327 3340
f 3345 3344 3328 3343
f 3328 3329 3347 3343
f 3334 3332 3330 3338
f 3342 3339 3333 3335
f 3334 3338 4574 4570
f 4575 3342 3335 4571
f 4573 3337 3336 4572
f 4574 3338 3337 4573
f 3341 3340 3339 3342
f 3340 3341 3348 3347
f 3341 3342 4575 4576
f 4579 3348 3341 4576
f 3346 3345 3343 3349
f 3343 3347 3348 3349
f 4578 4577 3346 3349
f 4578 3349 3348 4579
f 3366 3354 3353 3364
f 3446 3364 3353 3428
f 3362 3359 3354 3366
f 3356 3357 3866 3865
f 3867 3358 3356 3865
f 3386 3360 3359 3384
f 3394 3361 3360 3386
f 3361 3394 3510 3435
f 3362 3366 3367 3363
f 3362 3363 3385 3384
f 3363 3367 3369 3390
f 3367 3366 3364 3365
f 3447 3365 3364 3446
f 3369 3367 3365 3454
f 3365 3447 3452 3454
f 3368 3376 3398 3389
f 3479 3376 3368 3453
f 3373 3375 3370 3378
f 3370 3371 3379 3378
f 3370 3375 3468 3471
f 3472 3371 3370 3471
f 3371 3372 3380 3379
f 3473 3372 3371 3472
f 3412 3380 3372 3415
f 3541 3415 3372 3473
f 3373 3374 3377 3480
f 3373 3378 3381 3374
f 3399 3377 3374 3395
f 3374 3381 3403 3395
f 3478 3468 3375 3480
f 3378 3379 3382 3381
f 3379 3380 3383 3382
f 3408 3383 3380 3412
f 3381 3382 3404 3403
f 3382 3383 3405 3404
f 3384 3385 3387 3386
f 3392 3387 3385 3390
f 3386 3387 3388 3394
f 3502 3388 3387 3392
f 3388 3502 3505 3511
f 3510 3394 3388 3511
f 3400 3391 3389 3398
f 3402 3393 3391 3400
f 3393 3402 3529 3503
f 3395 3396 3401 3399
f 3406 3396 3395 3403
f 3410 3397 3396 3406
f 3396 3397 3528 3401
f 3413 3409 3397 3410
f 3403 3404 3407 3406
f 3404 3405 3408 3407
f 3406 3407 3411 3410
f 3407 3408 3412 3411
f 3531 3528 3409 3536
f 3409 3413 3539 3536
f 3410 3411 3414 3413
f 3411 3412 3415 3414
f 3413 3414 3540 3539
f 3414 3415 3541 3540
f 3416 3417 3419 3418
f 3575 3419 3417 3573
f 3418 3419 3421 3420
f 3576 3421 3419 3575
f 3420 3421 3425 3424
f 3579 3425 3421 3576
f 3427 3423 3422 3426
f 3423 3427 3580 3578
f 3858 3851 3423 3578
f 3424 3425 3427 3426
f 3580 3427 3425 3579
f 3428 3429 3445 3446
f 3429 3430 3448 3445
f 3430 3431 3459 3448
f 3431 3432 3461 3459
f 3432 3439 3462 3461
f 3433 3434 3572 3571
f 3434 3442 3577 3572
f 3512 3436 3435 3510
f 3513 3437 3436 3512
f 3527 3438 3437 3513
f 3519 3440 3438 3527
f 3439 3440 3519 3517
f 3577 3442 3441 3574
f 3443 3444 3582 3581
f 4714 3582 3444 4569
f 3447 3446 3445 3449
f 3445 3448 3450 3449
f 3447 3449 3456 3452
f 3460 3450 3448 3459
f 3458 3456 3450 3460
f 3479 3453 3451 3477
f 3451 3455 3481 3477
f 3455 3457 3483 3481
f 3457 3465 3492 3483
f 3458 3460 3463 3466
f 3463 3460 3459 3461
f 3461 3462 3464 3463
f 3518 3464 3462 3517
f 3523 3466 3463 3464
f 3465 3467 3494 3492
f 3546 3494 3467 3522
f 3474 3471 3468 3469
f 3482 3469 3468 3478
f 3469 3470 3485 3474
f 3486 3485 3470 3491
f 3475 3472 3471 3474
f 3476 3473 3472 3475
f 3473 3476 3544 3541
f 3487 3475 3474 3485
f 3488 3476 3475 3487
f 3476 3488 3562 3544
f 3485 3486 3489 3487
f 3486 3491 3495 3497
f 3499 3489 3486 3497
f 3490 3488 3487 3489
f 3488 3490 3559 3562
f 3498 3490 3489 3499
f 3490 3498 3564 3559
f 3551 3496 3493 3547
f 3495 3496 3500 3497
f 3567 3500 3496 3551
f 3566 3499 3497 3500
f 3498 3501 3555 3564
f 3498 3499 3566 3501
f 3568 3566 3500 3567
f 3501 3566 3568 3569
f 3530 3504 3503 3529
f 3532 3506 3504 3530
f 3514 3511 3505 3507
f 3535 3509 3506 3532
f 3507 3508 3516 3515
f 3520 3516 3508 3521
f 3550 3526 3509 3535
f 3510 3511 3514 3512
f 3515 3513 3512 3514
f 3513 3515 3516 3527
f 3519 3527 3516 3520
f 3520 3518 3517 3519
f 3521 3523 3518 3520
f 3522 3524 3548 3546
f 3524 3525 3549 3548
f 3525 3526 3550 3549
f 3537 3533 3531 3538
f 3556 3534 3533 3537
f 3542 3538 3536 3539
f 3537 3538 3542 3560
f 3557 3556 3537 3560
f 3539 3540 3543 3542
f 3540 3541 3544 3543
f 3561 3560 3542 3543
f 3543 3544 3562 3561
f 3551 3547 3545 3553
f 3551 3553 3554 3567
f 3554 3553 3552 3563
f 3552 3556 3557 3563
f 3554 3563 3565 3570
f 3568 3567 3554 3570
f 3565 3564 3555 3570
f 3555 3569 3568 3570
f 3557 3560 3561 3558
f 3565 3563 3557 3558
f 3562 3559 3558 3561
f 3558 3559 3564 3565
f 4712 3575 3573 4710
f 4713 3576 3575 4712
f 4716 3579 3576 4713
f 3578 3580 4717 4715
f 5083 3858 3578 4715
f 4717 3580 3579 4716
f 3583 3584 3587 3585
f 3590 3584 3583 3589
f 3619 3587 3584 3617
f 3584 3590 3623 3617
f 3588 3586 3585 3587
f 3621 3588 3587 3619
f 3589 3591 3593 3595
f 3596 3590 3589 3595
f 3590 3596 3625 3623
f 3591 3592 3594 3593
f 3593 3594 3601 3599
f 3602 3595 3593 3599
f 3594 3613 3614 3601
f 3603 3596 3595 3602
f 3596 3603 3642 3625
f 3599 3600 3597 3602
f 3603 3602 3597 3598
f 3642 3603 3598 3643
f 3610 3606 3605 3609
f 3606 3610 3665 3663
f 3607 3608 3612 3611
f 3666 3612 3608 3664
f 3612 3610 3609 3611
f 3610 3612 3666 3665
f 3807 3687 3616 3716
f 3617 3618 3620 3619
f 3624 3618 3617 3623
f 3618 3624 3626 3632
f 3635 3620 3618 3632
f 3619 3620 3622 3621
f 3628 3624 3623 3625
f 3629 3626 3624 3628
f 3645 3628 3625 3642
f 3630 3627 3626 3629
f 3626 3627 3634 3633
f 3639 3634 3627 3649
f 3627 3630 3652 3649
f 3646 3629 3628 3645
f 3648 3630 3629 3646
f 3630 3648 3656 3652
f 3632 3633 3636 3635
f 3633 3634 3638 3636
f 3640 3638 3634 3639
f 3641 3637 3636 3638
f 3639 3649 3650 3651
f 3653 3640 3639 3651
f 3654 3641 3640 3653
f 3642 3643 3644 3645
f 3646 3645 3644 3647
f 3655 3650 3649 3652
f 3650 3655 3739 3738
f 3742 3651 3650 3738
f 3744 3653 3651 3742
f 3659 3655 3652 3656
f 3745 3654 3653 3744
f 3655 3659 3769 3739
f 3656 3657 3658 3659
f 3769 3659 3658 3770
f 3660 3661 3773 3772
f 3661 3662 3777 3773
f 5014 3777 3662 4955
f 3663 3665 3679 3670
f 3684 3666 3664 3676
f 3665 3666 3684 3679
f 3667 3668 3673 3672
f 3693 3668 3667 3689
f 4877 3673 3668 4874
f 3668 3693 4878 4874
f 3680 3671 3670 3679
f 3674 3675 3672 3673
f 4876 3674 3673 4877
f 4875 3675 3674 4876
f 3676 3677 3682 3684
f 3677 3678 3683 3682
f 3682 3680 3679 3684
f 3683 3681 3680 3682
f 3688 3686 3685 3687
f 3686 3688 3694 3691
f 3810 3688 3687 3807
f 3813 3694 3688 3810
f 3697 3693 3689 3695
f 3690 3691 3694 3696
f 3695 3692 3690 3696
f 3693 3697 4879 4878
f 3814 3696 3694 3813
f 3695 3696 3814 3816
f 3820 3697 3695 3819
f 3697 3820 4968 4879
f 3698 3701 3714 3713
f 3699 3700 3702 3701
f 3705 3702 3700 3703
f 3701 3702 3715 3714
f 3702 3705 3718 3715
f 3703 3706 3707 3704
f 3703 3704 3712 3705
f 3730 3712 3704 3727
f 3704 3707 3732 3727
f 3705 3712 3721 3718
f 3710 3707 3706 3709
f 3707 3710 3734 3732
f 3710 3709 3708 3711
f 3710 3711 3737 3734
f 3759 3721 3712 3730
f 3719 3717 3715 3718
f 3809 3807 3716 3808
f 3720 3719 3718 3721
f 3720 3721 3759 3762
f 3850 3723 3722 3849
f 3724 3725 3726 3729
f 3740 3725 3724 3741
f 3743 3741 3724 3748
f 3724 3729 3749 3748
f 3757 3726 3725 3756
f 3725 3740 3771 3756
f 3728 3729 3726 3731
f 3760 3731 3726 3757
f 3731 3730 3727 3728
f 3733 3728 3727 3732
f 3753 3729 3728 3733
f 3730 3731 3760 3759
f 3736 3733 3732 3734
f 3733 3736 3754 3753
f 3735 3736 3734 3737
f 3754 3736 3735 3755
f 3738 3739 3740 3741
f 3738 3741 3743 3742
f 3771 3740 3739 3769
f 3742 3743 3746 3744
f 3743 3748 3751 3746
f 3747 3745 3744 3746
f 3752 3747 3746 3751
f 3748 3749 3750 3751
f 3749 3753 3754 3750
f 3774 3763 3756 3771
f 3761 3760 3757 3763
f 3765 3764 3758 3766
f 3776 3766 3758 3775
f 3761 3762 3759 3760
f 3765 3766 3768 3767
f 3778 3768 3766 3776
f 3767 3768 5007 5006
f 3768 3778 5015 5007
f 3769 3770 3774 3771
f 3772 3773 3776 3775
f 3778 3776 3773 3777
f 5015 3778 3777 5014
f 3785 3780 3779 3783
f 3787 3781 3780 3785
f 3789 3782 3781 3787
f 3782 3789 3791 3824
f 3783 3784 3786 3785
f 3784 3796 3798 3786
f 3785 3786 3788 3787
f 3800 3788 3786 3798
f 3787 3788 3790 3789
f 3802 3790 3788 3800
f 3789 3790 3792 3791
f 3803 3792 3790 3802
f 3874 3824 3791 3876
f 3791 3792 3877 3876
f 3792 3803 3879 3877
f 3793 3794 3797 3795
f 5055 3794 3793 5054
f 3799 3797 3794 3805
f 5056 3805 3794 5055
f 3798 3796 3795 3797
f 3800 3798 3797 3799
f 3802 3800 3799 3801
f 3799 3805 3806 3801
f 3803 3802 3801 3804
f 3883 3804 3801 3806
f 3803 3804 3880 3879
f 5057 3806 3805 5056
f 5109 3883 3806 5057
f 3807 3809 3811 3810
f 3810 3811 3815 3813
f 3811 3812 3821 3815
f 3818 3814 3813 3815
f 3817 3816 3814 3818
f 3815 3821 3817 3818
f 3823 3820 3819 3822
f 3820 3823 4970 4968
f 4970 3823 3822 4969
f 3825 3826 3827 3828
f 3825 3828 3836 3832
f 3830 3827 3826 3829
f 3831 3828 3827 3830
f 3828 3831 3837 3836
f 3871 3830 3829 3868
f 3911 3831 3830 3871
f 3838 3834 3833 3836
f 3839 3835 3834 3838
f 3835 3839 3840 3843
f 3839 3838 3837 3841
f 3839 3841 3842 3840
f 3844 3843 3840 3845
f 3840 3842 3846 3845
f 3844 3845 3848 3847
f 3845 3846 3914 3848
f 3846 3912 3918 3914
f 3847 3848 3923 3922
f 3848 3914 3924 3923
f 3886 3855 3853 3885
f 3854 3861 3892 3885
f 3898 3866 3857 3886
f 3859 3860 3870 3869
f 3860 3893 3894 3895
f 3860 3895 3916 3915
f 3863 3867 3898 3892
f 3864 3906 5155 5100
f 5166 3893 3864 5100
f 3868 3869 3872 3871
f 3869 3870 3873 3872
f 3913 3873 3870 3915
f 3871 3872 3873 3911
f 3912 3911 3873 3913
f 3875 3876 3877 3878
f 3891 3890 3875 3878
f 3881 3878 3877 3879
f 3888 3891 3878 3881
f 3879 3880 3882 3881
f 3884 3882 3880 3883
f 3881 3882 3887 3888
f 3882 3884 3889 3887
f 5110 3884 3883 5109
f 5120 3889 3884 5110
f 3897 3888 3887 3900
f 3887 3889 3901 3900
f 5152 3901 3889 5120
f 5167 3894 3893 5166
f 3896 3895 3894 3899
f 5160 3899 3894 5167
f 3895 3896 3919 3916
f 3896 3899 3908 3909
f 3896 3909 3926 3919
f 3897 3900 3903 3904
f 5162 3908 3899 5160
f 3900 3901 3902 3903
f 5151 3902 3901 5152
f 3905 3903 3902 3907
f 5150 3907 3902 5151
f 3906 3904 3903 3905
f 3905 3907 5150 5154
f 5155 3906 3905 5154
f 3910 3909 3908 3937
f 5131 3937 3908 5162
f 3909 3910 3931 3926
f 3910 3937 3939 3938
f 3943 3931 3910 3938
f 3912 3913 3917 3918
f 3913 3915 3916 3917
f 3914 3918 3920 3924
f 3921 3917 3916 3919
f 3920 3918 3917 3921
f 3928 3921 3919 3926
f 3925 3924 3920 3927
f 3920 3921 3928 3927
f 3922 3923 3930 3929
f 3923 3924 3925 3930
f 3925 3927 3933 3936
f 3935 3930 3925 3936
f 3932 3928 3926 3931
f 3927 3928 3932 3933
f 3929 3930 3935 3934
f 3944 3932 3931 3943
f 3945 3933 3932 3944
f 3942 3936 3933 3945
f 3934 3935 3950 3949
f 3935 3936 3942 3950
f 3938 3939 3940 3941
f 3938 3941 3946 3943
f 5126 3941 3940 5125
f 5132 3946 3941 5126
f 3942 3945 3948 3953
f 3952 3950 3942 3953
f 3947 3944 3943 3946
f 3948 3945 3944 3947
f 5133 3947 3946 5132
f 5134 3948 3947 5133
f 5143 3953 3948 5134
f 3949 3950 3952 3951
f 3951 3952 5144 5142
f 3952 3953 5143 5144
f 3970 3963 3954 3972
f 3954 3955 3971 3972
f 3954 3963 4126 4127
f 4128 3955 3954 4127
f 3955 3959 3968 3971
f 4129 3959 3955 4128
f 3960 3957 3956 3983
f 3958 3960 4130 4131
f 3983 3968 3959 3960
f 4130 3960 3959 4129
f 3961 3963 3970 4009
f 4010 3962 3961 4009
f 4022 3964 3962 4010
f 3966 3965 3964 4022
f 4134 4123 3965 3966
f 3966 4022 4023 3967
f 3966 3967 4136 4134
f 3967 4023 4024 4027
f 3967 4027 4137 4136
f 3975 3971 3968 3969
f 3968 3983 3987 3969
f 3977 3975 3969 3978
f 3995 3978 3969 3987
f 3970 3972 3976 3973
f 4011 4009 3970 3973
f 3976 3972 3971 3975
f 3979 3974 3973 3976
f 3973 3974 4012 4011
f 3974 3979 3980 4019
f 4016 4012 3974 4019
f 3979 3976 3975 3977
f 3980 3979 3977 3981
f 3977 3978 3998 3981
f 3978 3995 3996 3998
f 3980 3981 3982 4020
f 4021 4019 3980 4020
f 3999 3982 3981 3998
f 3987 3988 3989 3995
f 4002 3989 3988 3993
f 3996 3995 3989 3997
f 4003 3997 3989 4002
f 3991 3992 3994 3993
f 4230 3994 3992 4228
f 3993 3994 4004 4002
f 4231 4004 3994 4230
f 3999 3998 3996 4000
f 3996 3997 4001 4000
f 4005 4001 3997 4003
f 4006 4003 4002 4004
f 4007 4005 4003 4006
f 4233 4006 4004 4231
f 4008 4007 4006 4233
f 4008 4233 4234 4239
f 4013 4010 4009 4011
f 4023 4022 4010 4013
f 4011 4012 4014 4013
f 4017 4014 4012 4016
f 4024 4023 4013 4014
f 4014 4017 4026 4024
f 4017 4016 4015 4018
f 4015 4016 4019 4021
f 4017 4018 4025 4026
f 4029 4027 4024 4026
f 4029 4026 4025 4028
f 4027 4029 4139 4137
f 4028 4138 4139 4029
f 4044 4031 4030 4043
f 4030 4038 4048 4043
f 4045 4032 4031 4044
f 4032 4045 4176 4161
f 4047 4034 4033 4046
f 4048 4038 4034 4047
f 4035 4036 4054 4053
f 4036 4037 4055 4054
f 4037 4039 4096 4055
f 4039 4040 4097 4096
f 4040 4041 4115 4097
f 4041 4042 4116 4115
f 4198 4116 4042 4166
f 4043 4048 4070 4071
f 4089 4044 4043 4071
f 4091 4045 4044 4089
f 4045 4091 4187 4176
f 4050 4047 4046 4049
f 4051 4048 4047 4050
f 4073 4070 4051 4074
f 4052 4058 4076 4075
f 4053 4054 4057 4056
f 4054 4055 4058 4057
f 4055 4096 4099 4098
f 4100 4076 4058 4098
f 4073 4074 4059 4060
f 4072 4073 4060 4077
f 4061 4076 4100 4094
f 4066 4063 4062 4065
f 4062 4063 4081 4078
f 4068 4064 4063 4066
f 4063 4064 4082 4081
f 4067 4066 4065 4095
f 4066 4067 4069 4068
f 4067 4095 4104 4105
f 4106 4069 4067 4105
f 4072 4071 4070 4073
f 4071 4072 4090 4089
f 4077 4079 4092 4090
f 4085 4080 4078 4081
f 4189 4093 4079 4178
f 4080 4085 4086 4181
f 4081 4082 4084 4085
f 4086 4085 4084 4087
f 4182 4181 4086 4185
f 4086 4087 4184 4185
f 4088 4113 4114 4186
f 4185 4184 4088 4186
f 4089 4090 4092 4091
f 4091 4092 4093 4187
f 4188 4187 4093 4189
f 4094 4101 4117 4103
f 4096 4097 4102 4099
f 4121 4102 4097 4115
f 4101 4100 4098 4099
f 4117 4101 4099 4102
f 4118 4117 4102 4121
f 4118 4110 4103 4117
f 4109 4105 4104 4107
f 4108 4106 4105 4109
f 4114 4109 4107 4112
f 4108 4109 4114 4113
f 4119 4111 4110 4120
f 4186 4114 4112 4183
f 4115 4116 4122 4121
f 4202 4122 4116 4198
f 4118 4121 4122 4120
f 4119 4120 4122 4202
f 4201 4199 4119 4202
f 4135 4124 4123 4134
f 4146 4125 4124 4135
f 4147 4126 4125 4146
f 4148 4127 4126 4147
f 4204 4128 4127 4148
f 4205 4129 4128 4204
f 4210 4130 4129 4205
f 4141 4135 4134 4136
f 4135 4141 4150 4146
f 4136 4137 4142 4141
f 4137 4139 4143 4142
f 4138 4140 4143 4139
f 4145 4143 4140 4144
f 4141 4142 4149 4150
f 4142 4143 4145 4149
f 4154 4145 4144 4153
f 4151 4149 4145 4154
f 4152 4147 4146 4150
f 4158 4148 4147 4152
f 4148 4158 4207 4204
f 4152 4150 4149 4151
f 4151 4154 4156 4157
f 4158 4152 4151 4157
f 4153 4155 4156 4154
f 4159 4156 4155 4160
f 4206 4157 4156 4159
f 4207 4158 4157 4206
f 4159 4160 4168 4169
f 4159 4169 4208 4206
f 4177 4162 4161 4176
f 4194 4163 4162 4177
f 4195 4164 4163 4194
f 4203 4167 4164 4195
f 4198 4166 4165 4197
f 4165 4167 4203 4197
f 4214 4169 4168 4170
f 4215 4208 4169 4214
f 4170 4171 4216 4214
f 4171 4172 4221 4216
f 4172 4174 4175 4221
f 4175 4174 4173 4306
f 4173 4301 4307 4306
f 4222 4221 4175 4223
f 4175 4306 4316 4223
f 4188 4177 4176 4187
f 4177 4188 4193 4194
f 4179 4180 4192 4191
f 4182 4185 4186 4183
f 4188 4189 4190 4193
f 4190 4191 4196 4193
f 4191 4192 4200 4196
f 4192 4199 4201 4200
f 4195 4194 4193 4196
f 4195 4196 4200 4203
f 4197 4203 4200 4201
f 4202 4198 4197 4201
f 4209 4205 4204 4207
f 4218 4210 4205 4209
f 4209 4207 4206 4208
f 4218 4209 4208 4215
f 4436 4432 4212 4213
f 4213 4225 4437 4436
f 4217 4215 4214 4216
f 4219 4218 4215 4217
f 4222 4217 4216 4221
f 4227 4219 4217 4222
f 4226 4225 4219 4227
f 4220 4226 4227 4224
f 4220 4224 4317 4315
f 4442 4226 4220 4733
f 4222 4223 4224 4227
f 4317 4224 4223 4316
f 4225 4226 4442 4437
f 4228 4229 4232 4230
f 4238 4232 4229 4237
f 4235 4231 4230 4232
f 4234 4233 4231 4235
f 4236 4235 4232 4238
f 4234 4235 4236 4240
f 4241 4239 4234 4240
f 4243 4240 4236 4247
f 4236 4238 4246 4247
f 4246 4238 4237 4245
f 4242 4241 4240 4243
f 4242 4243 4249 4244
f 4243 4247 4250 4249
f 4244 4249 4253 4252
f 4251 4246 4245 4248
f 4250 4247 4246 4251
f 4255 4251 4248 4254
f 4249 4250 4256 4253
f 4250 4251 4255 4256
f 4252 4253 4258 4257
f 4253 4256 4260 4258
f 4261 4255 4254 4259
f 4260 4256 4255 4261
f 4257 4258 4293 4292
f 4258 4260 4296 4293
f 4295 4261 4259 4294
f 4260 4261 4295 4296
f 4264 4887 4893 4882
f 4973 4365 4264 4918
f 4265 4266 4394 4393
f 4266 4267 4395 4394
f 4267 4268 4396 4395
f 4268 4270 4398 4396
f 4398 4270 4269 4397
f 5068 4397 4269 4941
f 4277 4272 4271 4274
f 4272 4277 4283 4282
f 4276 4275 4273 4904
f 4273 4898 4900 4904
f 4274 4275 4278 4277
f 4275 4276 4279 4278
f 4286 4279 4276 4911
f 4276 4904 4910 4911
f 4277 4278 4284 4283
f 4278 4279 4285 4284
f 4287 4285 4279 4286
f 4280 4281 4371 4288
f 4280 4288 4920 4919
f 4983 4371 4281 4978
f 4282 4283 4373 4369
f 4283 4284 4374 4373
f 4284 4285 4376 4374
f 4285 4287 4372 4376
f 4288 4287 4286 4920
f 4286 4911 4908 4920
f 4287 4288 4371 4372
f 4291 4290 4289 4298
f 4289 4292 4293 4298
f 4303 4302 4290 4291
f 4291 4298 4299 4311
f 4304 4303 4291 4311
f 4293 4296 4299 4298
f 4300 4295 4294 4297
f 4299 4296 4295 4300
f 4312 4300 4297 4310
f 4312 4311 4299 4300
f 4301 4302 4303 4307
f 4303 4304 4308 4307
f 4309 4308 4304 4314
f 4304 4311 4312 4314
f 4314 4313 4305 4309
f 4305 4315 4317 4309
f 4306 4307 4308 4316
f 4317 4316 4308 4309
f 4314 4312 4310 4313
f 4496 4320 4319 4488
f 4319 4321 5058 5054
f 4322 4321 4320 4327
f 4499 4327 4320 4496
f 4321 4322 5059 5058
f 4322 4327 4345 4343
f 4329 4324 4323 4328
f 4323 4325 4330 4328
f 4333 4326 4324 4331
f 4324 4329 4335 4331
f 4325 4326 4344 4351
f 4354 4330 4325 4351
f 4783 4345 4327 4499
f 4491 4329 4328 4497
f 4328 4330 4500 4497
f 4486 4335 4329 4491
f 4336 4332 4331 4335
f 4337 4334 4332 4336
f 4333 4334 4357 4346
f 4334 4337 4362 4357
f 4487 4336 4335 4486
f 4502 4337 4336 4487
f 4338 4339 4747 4742
f 4339 4340 4748 4747
f 4340 4347 4779 4748
f 4399 4342 4341 4393
f 4400 4343 4342 4399
f 4344 4346 4358 4353
f 4347 4349 4780 4779
f 4349 4350 4783 4780
f 4351 4352 4355 4354
f 4352 4353 4356 4355
f 4361 4356 4353 4358
f 4354 4355 4754 4753
f 4355 4356 4755 4754
f 4356 4361 4757 4755
f 4360 4359 4357 4362
f 4358 4359 4360 4361
f 4757 4361 4360 4756
f 4360 4362 4758 4756
f 4363 4364 4974 4975
f 4364 4365 4973 4974
f 5008 4367 4366 5006
f 5009 4368 4367 5008
f 4377 4372 4371 4983
f 4378 4376 4372 4377
f 4378 4375 4374 4376
f 4375 4378 4383 4382
f 4383 4378 4377 4986
f 4377 4983 4984 4986
f 4381 4384 4996 4994
f 4382 4383 4998 4384
f 4383 4986 4991 4998
f 4999 4996 4384 4998
f 4388 4386 4385 4387
f 4385 4386 4410 4409
f 4413 4387 4385 4409
f 4386 4388 4391 4389
f 4386 4389 4415 4410
f 4528 4388 4387 4527
f 4387 4413 4542 4527
f 4532 4391 4388 4528
f 4392 4390 4389 4391
f 4389 4390 4416 4415
f 4390 4392 5002 4416
f 4533 4392 4391 4532
f 4392 4533 5085 5002
f 4394 4395 4405 4404
f 4395 4396 4407 4405
f 4396 4398 4408 4407
f 5070 4401 4397 5068
f 4399 4404 4405 4403
f 4406 4402 4400 4403
f 4401 4406 4407 4408
f 5071 4402 4401 5070
f 4403 4405 4407 4406
f 4409 4410 4412 4411
f 4409 4411 4414 4413
f 4417 4412 4410 4415
f 4411 4412 4420 4419
f 4421 4414 4411 4419
f 4412 4417 4423 4420
f 4413 4414 4545 4542
f 4414 4421 4558 4545
f 4415 4416 4418 4417
f 5003 4418 4416 5002
f 4417 4418 4424 4423
f 4425 4424 4418 5003
f 4419 4420 4422 4421
f 4426 4422 4420 4423
f 4421 4422 4559 4558
f 4422 4426 4563 4559
f 4423 4424 4425 4426
f 4563 4426 4425 4562
f 4425 5003 5086 4562
f 4433 4428 4427 4432
f 4431 4429 4428 4433
f 4435 4434 4431 4433
f 4435 4433 4432 4436
f 4434 4435 4438 4440
f 4435 4436 4437 4438
f 4439 4438 4437 4442
f 4441 4440 4438 4439
f 4732 4441 4439 4731
f 4439 4442 4733 4731
f 4443 4444 4490 4489
f 4444 4447 4498 4490
f 4445 4446 4491 4497
f 4500 4448 4445 4497
f 4446 4449 4492 4491
f 4763 4498 4447 4570
f 4449 4450 4494 4492
f 4450 4451 4495 4494
f 4463 4453 4452 4461
f 4453 4463 4711 4568
f 4454 4455 4466 4465
f 4470 4456 4454 4465
f 4718 4466 4455 4588
f 4472 4457 4456 4470
f 4457 4472 4721 4590
f 4458 4459 4468 4467
f 4469 4460 4458 4467
f 4459 4464 4473 4468
f 4471 4462 4460 4469
f 4462 4471 4720 4710
f 5084 4473 4464 5083
f 4526 4469 4467 4540
f 4467 4468 4541 4540
f 4468 4473 4531 4541
f 4546 4471 4469 4526
f 4471 4546 4864 4720
f 5087 4531 4473 5084
f 4474 4475 4515 4514
f 4516 4476 4474 4514
f 4475 4479 4519 4515
f 4517 4477 4476 4516
f 4518 4478 4477 4517
f 4521 4481 4478 4518
f 4479 4480 4520 4519
f 4480 4481 4521 4520
f 4523 4483 4482 4522
f 4482 4484 4524 4522
f 4538 4509 4483 4523
f 4484 4485 4525 4524
f 4485 4507 4536 4525
f 4501 4487 4486 4493
f 4487 4501 4503 4502
f 4488 4489 4490 4496
f 4499 4496 4490 4498
f 4501 4493 4492 4494
f 4494 4495 4503 4501
f 4506 4503 4495 4738
f 4764 4499 4498 4763
f 4502 4503 4506 4511
f 5089 4505 4504 5088
f 4504 4737 5092 5088
f 5090 4512 4505 5089
f 4507 4508 4537 4536
f 4508 4510 4539 4537
f 4539 4510 4509 4538
f 5091 4513 4512 5090
f 5096 4749 4513 5091
f 4526 4540 4544 4543
f 4526 4543 4547 4546
f 4530 4528 4527 4529
f 4547 4529 4527 4542
f 4528 4530 4534 4532
f 4548 4530 4529 4547
f 4553 4534 4530 4548
f 4551 4541 4531 4552
f 4554 4552 4531 5087
f 4535 4533 4532 4534
f 4533 4535 4555 5085
f 4555 4535 4534 4553
f 4540 4541 4551 4544
f 4542 4545 4549 4547
f 4560 4549 4545 4558
f 4546 4547 4865 4864
f 4550 4548 4547 4549
f 4548 4550 4556 4553
f 4561 4550 4549 4560
f 4564 4556 4550 4561
f 4557 4555 4553 4556
f 4554 5087 4869 4870
f 5086 5085 4555 4557
f 4565 4557 4556 4564
f 4557 4565 4562 5086
f 4558 4559 4561 4560
f 4564 4561 4559 4563
f 4564 4563 4562 4565
f 4746 4567 4566 4744
f 4766 4572 4567 4746
f 4714 4569 4568 4711
f 4570 4574 4768 4763
f 4765 4575 4571 4759
f 4767 4573 4572 4766
f 4768 4574 4573 4767
f 4769 4576 4575 4765
f 4777 4579 4576 4769
f 4577 4578 4776 4772
f 4578 4579 4777 4776
f 4610 4581 4580 4607
f 4580 4582 4617 4607
f 4606 4585 4581 4610
f 4582 4583 4620 4617
f 4583 4584 4622 4620
f 4791 4622 4584 4729
f 4659 4586 4585 4654
f 4665 4587 4586 4659
f 4670 4591 4587 4665
f 4588 4589 4719 4718
f 4589 4592 4724 4719
f 4724 4592 4590 4721
f 4672 4593 4591 4670
f 4675 4594 4593 4672
f 4594 4675 4833 4734
f 4595 4596 4600 4598
f 4614 4613 4595 4662
f 4632 4596 4595 4613
f 4596 4597 4601 4600
f 4633 4597 4596 4632
f 4602 4601 4597 4635
f 4597 4633 4634 4635
f 4603 4599 4598 4600
f 4598 4599 4663 4662
f 4664 4663 4599 4667
f 4599 4603 4690 4667
f 4600 4601 4604 4603
f 4601 4602 4683 4604
f 4602 4635 4636 4684
f 4685 4683 4602 4684
f 4603 4604 4691 4690
f 4604 4683 4692 4691
f 4605 4613 4614 4626
f 4605 4615 4629 4628
f 4632 4613 4605 4628
f 4606 4610 4611 4653
f 4606 4653 4655 4654
f 4607 4608 4611 4610
f 4618 4608 4607 4617
f 4608 4609 4612 4611
f 4619 4609 4608 4618
f 4609 4626 4614 4612
f 4656 4653 4611 4612
f 4612 4614 4662 4656
f 4627 4616 4615 4626
f 4615 4616 4643 4629
f 4616 4627 4797 4788
f 4801 4643 4616 4788
f 4621 4618 4617 4620
f 4624 4619 4618 4621
f 4627 4626 4619 4624
f 4623 4621 4620 4622
f 4621 4623 4625 4624
f 4790 4623 4622 4791
f 4792 4625 4623 4790
f 4797 4627 4624 4625
f 4633 4632 4628 4630
f 4628 4629 4641 4630
f 4644 4641 4629 4643
f 4634 4633 4630 4631
f 4642 4631 4630 4641
f 4638 4634 4631 4637
f 4647 4637 4631 4642
f 4636 4635 4634 4638
f 4636 4638 4640 4639
f 4686 4684 4636 4639
f 4640 4638 4637 4648
f 4637 4647 4649 4648
f 4645 4642 4641 4644
f 4642 4645 4646 4647
f 4802 4644 4643 4801
f 4803 4645 4644 4802
f 4651 4646 4645 4803
f 4649 4647 4646 4650
f 4652 4650 4646 4651
f 4651 4803 4804 4810
f 4809 4652 4651 4810
f 4657 4655 4653 4656
f 4654 4655 4658 4659
f 4655 4657 4660 4658
f 4656 4662 4663 4657
f 4657 4663 4664 4660
f 4658 4660 4661 4666
f 4665 4659 4658 4666
f 4678 4661 4660 4664
f 4669 4666 4661 4671
f 4664 4667 4668 4678
f 4665 4666 4669 4670
f 4693 4668 4667 4690
f 4694 4679 4668 4693
f 4672 4670 4669 4673
f 4669 4671 4676 4673
f 4680 4676 4671 4678
f 4672 4673 4674 4675
f 4677 4674 4673 4676
f 4674 4677 4822 4832
f 4833 4675 4674 4832
f 4681 4677 4676 4680
f 4677 4681 4830 4822
f 4678 4679 4682 4680
f 4728 4682 4679 4694
f 4834 4681 4680 4682
f 4836 4830 4681 4834
f 4682 4728 4846 4834
f 4683 4685 4688 4692
f 4687 4685 4684 4686
f 4685 4687 4689 4688
f 4696 4692 4688 4697
f 4688 4689 4698 4697
f 4690 4691 4695 4693
f 4691 4692 4696 4695
f 4703 4694 4693 4695
f 4694 4703 4705 4728
f 4695 4696 4702 4703
f 4696 4697 4706 4702
f 4697 4698 4699 4706
f 4708 4706 4699 4707
f 4708 4707 4701 4709
f 4854 4709 4701 4842
f 4705 4703 4702 4704
f 4708 4704 4702 4706
f 4704 4708 4709 4847
f 4848 4705 4704 4847
f 4846 4728 4705 4848
f 4849 4847 4709 4854
f 4722 4712 4710 4720
f 4723 4713 4712 4722
f 4726 4716 4713 4723
f 4715 4717 4727 4725
f 5084 5083 4715 4725
f 4727 4717 4716 4726
f 4862 4722 4720 4864
f 4868 4723 4722 4862
f 4872 4726 4723 4868
f 4725 4727 4863 4869
f 5087 5084 4725 4869
f 4863 4727 4726 4872
f 4729 4730 4795 4791
f 4730 4735 4796 4795
f 4827 4736 4734 4833
f 4735 4736 4827 4825
f 4737 4739 5093 5092
f 4739 4740 5094 5093
f 4740 4741 5095 5094
f 4741 4752 5099 5095
f 4745 4743 4742 4747
f 4746 4744 4743 4745
f 4745 4747 4748 4781
f 4766 4746 4745 4781
f 4748 4779 4782 4781
f 5098 4751 4749 5096
f 4750 4751 5098 5097
f 5099 4752 4750 5097
f 4753 4754 4784 4761
f 4754 4755 4785 4784
f 4755 4757 4787 4785
f 4756 4758 4774 4786
f 4787 4757 4756 4786
f 4759 4762 4770 4765
f 4760 4764 4763 4768
f 4760 4768 4767 4782
f 4779 4780 4760 4782
f 4783 4764 4760 4780
f 4770 4762 4761 4784
f 4771 4769 4765 4770
f 4782 4767 4766 4781
f 4769 4771 4778 4777
f 4770 4784 4785 4771
f 4771 4785 4787 4778
f 4773 4775 4772 4776
f 4774 4775 4773 4786
f 4773 4776 4777 4778
f 4787 4786 4773 4778
f 4788 4789 4805 4801
f 4789 4797 4798 4799
f 4789 4799 4815 4805
f 4794 4792 4790 4793
f 4790 4791 4795 4793
f 4792 4794 4798 4797
f 4793 4795 4796 4824
f 4819 4794 4793 4824
f 4828 4798 4794 4819
f 4826 4824 4796 4825
f 4800 4799 4798 4828
f 4799 4800 4816 4815
f 4855 4816 4800 4837
f 4806 4802 4801 4805
f 4804 4803 4802 4806
f 4804 4806 4807 4808
f 4813 4810 4804 4808
f 4807 4806 4805 4815
f 4807 4815 4816 4818
f 4817 4808 4807 4818
f 4814 4813 4808 4817
f 4809 4810 4813 4811
f 4814 4812 4811 4813
f 4812 4814 4843 4839
f 4814 4817 4856 4843
f 4857 4818 4816 4855
f 4817 4818 4857 4856
f 4819 4824 4826 4820
f 4819 4820 4829 4828
f 4821 4823 4820 4826
f 4820 4823 4831 4829
f 4821 4832 4822 4823
f 4821 4826 4825 4827
f 4833 4832 4821 4827
f 4831 4823 4822 4830
f 4828 4829 4838 4837
f 4829 4831 4835 4838
f 4835 4831 4830 4836
f 4852 4836 4834 4846
f 4835 4836 4852 4861
f 4858 4838 4835 4861
f 4837 4838 4858 4855
f 4844 4840 4839 4843
f 4845 4841 4840 4844
f 4854 4842 4841 4845
f 4859 4844 4843 4856
f 4850 4845 4844 4859
f 4849 4854 4845 4850
f 4846 4848 4853 4852
f 4853 4848 4847 4849
f 4849 4850 4851 4853
f 4850 4859 4860 4851
f 4851 4861 4852 4853
f 4858 4861 4851 4860
f 4860 4857 4855 4858
f 4856 4857 4860 4859
f 4862 4864 4865 4866
f 4862 4866 4867 4868
f 4870 4869 4863 4873
f 4863 4872 4871 4873
f 4872 4868 4867 4871
f 4894 4877 4874 4880
f 4874 4878 4913 4880
f 4875 4876 4892 4890
f 4876 4877 4894 4892
f 4878 4879 4917 4913
f 4971 4917 4879 4968
f 4880 4881 4888 4894
f 4914 4881 4880 4913
f 4881 4882 4893 4888
f 4915 4882 4881 4914
f 4883 4884 4908 4907
f 4909 4885 4883 4907
f 4884 4919 4920 4908
f 4912 4886 4885 4909
f 4886 4912 4933 4921
f 4891 4889 4888 4893
f 4892 4894 4888 4889
f 4889 4891 4890 4892
f 4927 4897 4895 4925
f 4926 4899 4897 4927
f 4898 4899 4901 4900
f 4930 4901 4899 4926
f 4900 4901 4906 4905
f 4910 4904 4900 4905
f 4934 4906 4901 4930
f 4905 4909 4907 4910
f 4912 4909 4905 4906
f 4933 4912 4906 4934
f 4907 4908 4911 4910
f 4916 4914 4913 4917
f 4918 4915 4914 4916
f 4916 4917 4971 4972
f 4973 4918 4916 4972
f 4936 4922 4921 4933
f 4937 4923 4922 4936
f 4938 4924 4923 4937
f 4924 4938 4960 4953
f 4926 4927 4928 4929
f 4926 4929 4931 4930
f 4946 4929 4928 4945
f 4948 4931 4929 4946
f 4930 4931 4935 4934
f 4939 4935 4931 4948
f 4933 4934 4935 4936
f 4937 4936 4935 4939
f 4940 4938 4937 4939
f 4938 4940 4963 4960
f 4939 4948 4949 4940
f 4940 4949 4952 4963
f 4961 4950 4944 4959
f 4949 4948 4946 4947
f 4952 4949 4947 4951
f 4962 4951 4950 4961
f 4965 4952 4951 4962
f 4964 4963 4952 4965
f 4966 4954 4953 4960
f 4967 4958 4954 4966
f 4955 4957 5016 5014
f 5016 4957 4956 5017
f 4958 4967 5037 5018
f 5039 4961 4959 5035
f 4960 4963 4964 4966
f 5040 4962 4961 5039
f 5044 4965 4962 5040
f 4967 4966 4964 5038
f 4964 4965 5044 5038
f 5042 5037 4967 5038
f 4968 4970 4976 4971
f 4976 4970 4969 4975
f 4977 4972 4971 4976
f 4974 4973 4972 4977
f 4976 4975 4974 4977
f 4978 4979 4984 4983
f 4979 4980 4985 4984
f 4980 4981 4990 4985
f 4981 4982 5001 4990
f 5024 5001 4982 5012
f 4991 4986 4984 4985
f 4985 4990 4992 4991
f 4989 4995 5031 5022
f 4993 4992 4990 5001
f 4999 4998 4991 4992
f 4992 4993 5000 4999
f 4993 5001 5024 5026
f 5033 5000 4993 5026
f 4995 4997 5029 5031
f 4996 4999 5000 4997
f 4997 5000 5033 5029
f 5086 5003 5002 5085
f 5004 5018 5037 5021
f 5006 5007 5010 5008
f 5020 5010 5007 5015
f 5011 5009 5008 5010
f 5019 5011 5010 5020
f 5012 5013 5025 5024
f 5020 5015 5014 5016
f 5016 5017 5019 5020
f 5021 5037 5042 5043
f 5027 5026 5024 5025
f 5026 5027 5034 5033
f 5027 5028 5053 5034
f 5028 5043 5050 5053
f 5030 5031 5029 5032
f 5029 5033 5034 5032
f 5030 5032 5052 5051
f 5032 5034 5053 5052
f 5045 5042 5038 5044
f 5040 5041 5045 5044
f 5050 5045 5041 5048
f 5050 5043 5042 5045
f 5048 5049 5051 5052
f 5048 5052 5053 5050
f 5060 5055 5054 5058
f 5062 5056 5055 5060
f 5064 5057 5056 5062
f 5057 5064 5066 5109
f 5058 5059 5061 5060
f 5073 5061 5059 5071
f 5060 5061 5063 5062
f 5075 5063 5061 5073
f 5062 5063 5065 5064
f 5077 5065 5063 5075
f 5064 5065 5067 5066
f 5078 5067 5065 5077
f 5066 5067 5112 5111
f 5067 5078 5115 5112
f 5068 5069 5072 5070
f 5074 5072 5069 5080
f 5073 5071 5070 5072
f 5075 5073 5072 5074
f 5077 5075 5074 5076
f 5074 5080 5081 5076
f 5078 5077 5076 5079
f 5076 5081 5082 5079
f 5078 5079 5116 5115
f 5079 5082 5118 5116
f 5124 5090 5089 5123
f 5092 5093 5159 5123
f 5095 5099 5165 5159
f 5165 5098 5096 5124
f 5103 5102 5101 5104
f 5167 5166 5102 5168
f 5184 5168 5102 5183
f 5103 5104 5106 5107
f 5103 5107 5190 5183
f 5104 5105 5108 5106
f 5198 5108 5105 5197
f 5191 5107 5106 5108
f 5192 5190 5107 5191
f 5199 5191 5108 5198
f 5113 5110 5109 5111
f 5110 5113 5121 5120
f 5111 5112 5114 5113
f 5117 5114 5112 5115
f 5113 5114 5122 5121
f 5164 5122 5114 5117
f 5115 5116 5119 5117
f 5170 5164 5117 5119
f 5120 5121 5153 5152
f 5121 5122 5158 5153
f 5128 5126 5125 5127
f 5126 5128 5135 5132
f 5127 5129 5130 5128
f 5128 5130 5138 5135
f 5161 5130 5129 5131
f 5171 5138 5130 5161
f 5131 5162 5163 5161
f 5136 5133 5132 5135
f 5137 5134 5133 5136
f 5134 5137 5147 5143
f 5139 5136 5135 5138
f 5140 5137 5136 5139
f 5137 5140 5141 5147
f 5172 5139 5138 5171
f 5173 5140 5139 5172
f 5176 5141 5140 5173
f 5146 5147 5141 5149
f 5175 5149 5141 5176
f 5142 5144 5146 5145
f 5146 5144 5143 5147
f 5149 5148 5145 5146
f 5148 5149 5175 5174
f 5150 5151 5156 5154
f 5151 5152 5153 5156
f 5157 5156 5153 5158
f 5157 5155 5154 5156
f 5163 5162 5160 5169
f 5160 5167 5168 5169
f 5161 5163 5177 5171
f 5163 5169 5186 5177
f 5186 5169 5168 5184
f 5178 5172 5171 5177
f 5179 5173 5172 5178
f 5180 5176 5173 5179
f 5174 5175 5182 5181
f 5175 5176 5180 5182
f 5187 5178 5177 5186
f 5188 5179 5178 5187
f 5194 5180 5179 5188
f 5196 5182 5180 5194
f 5181 5182 5196 5195
f 5185 5184 5183 5190
f 5187 5186 5184 5185
f 5188 5187 5185 5189
f 5185 5190 5192 5189
f 5188 5189 5193 5194
f 5189 5192 5216 5193
f 5196 5194 5193 5219
f 5193 5216 5217 5219
f 5195 5196 5219 5218
f 5202 5198 5197 5200
f 5203 5199 5198 5202
f 5199 5203 5214 5210
f 5200 5201 5203 5202
f 5214 5203 5201 5208
f 5212 5205 5204 5211
f 5204 5210 5213 5211
f 5205 5212 5217 5216
f 5206 5207 5211 5213
f 5214 5209 5206 5213
f 5212 5211 5207 5220
f 5212 5220 5215 5217
f 5215 5218 5219 5217
